2026-09-24 20:11:44,507 [INFO] fl_ids.data.pipeline: Loading 47/63 columns from data/raw/DNN-EdgeIIoT-dataset.csv (excluded 16)
2026-09-24 20:11:54,791 [INFO] fl_ids.data.pipeline: Loading 47/63 columns from data/processed/MITM_reextracted.csv (excluded 16)
2026-09-24 20:11:55,684 [INFO] fl_ids.data.repair: Repaired MITM: replaced 1214 dataset rows with 1229 re-extracted rows
2026-09-24 20:11:58,127 [INFO] fl_ids.data.pipeline: Cleaned dataframe: 2219216 -> 1909719 rows (dropped 0 NaN, 309497 duplicate)
2026-09-24 20:11:59,844 [INFO] fl_ids.models.boosting: Training boosting classifier: 95485 samples, 15 classes, 300 rounds
2026-09-24 20:12:12,798 [WARNING] fl_ids.data.pipeline: Client 5 has zero benign validation samples (heavy Dirichlet skew or too few benign samples in its shard)
2026-09-24 20:12:12,825 [INFO] fl_ids.eval.common: Evaluation setup: 95485 calibration, 60000 federated pool (subsampled), 8996 test rows across 10 clients
2026-09-24 20:12:12,826 [INFO] __main__: Ablation: poisoning_fraction=0.30 -> malicious clients=[0, 6, 9]
2026-09-24 20:12:17,334 [WARNING] fl_ids.fl.client: Client 5: no benign validation samples to evaluate on
2026-09-24 20:12:17,336 [INFO] fl_ids.eval.simulation: Round 1: mean_val_loss=0.2448, comm_bytes=583920
2026-09-24 20:12:21,274 [WARNING] fl_ids.fl.client: Client 5: no benign validation samples to evaluate on
2026-09-24 20:12:21,276 [INFO] fl_ids.eval.simulation: Round 2: mean_val_loss=0.0614, comm_bytes=583920
2026-09-24 20:12:21,332 [INFO] fl_ids.fl.client: Client 0 round 3: 1 of 119 boosting-passed rows flagged; surfacing 1
2026-09-24 20:12:21,474 [INFO] fl_ids.fl.client: Client 1 round 3: 12 of 699 boosting-passed rows flagged; surfacing 12
2026-09-24 20:12:21,610 [INFO] fl_ids.fl.client: Client 2 round 3: 20 of 313 boosting-passed rows flagged; surfacing 20
2026-09-24 20:12:22,044 [INFO] fl_ids.fl.client: Client 3 round 3: 215 of 5652 boosting-passed rows flagged; surfacing 50
2026-09-24 20:12:22,984 [INFO] fl_ids.fl.client: Client 4 round 3: 335 of 11387 boosting-passed rows flagged; surfacing 50
2026-09-24 20:12:23,839 [INFO] fl_ids.fl.client: Client 6 round 3: 106 of 2737 boosting-passed rows flagged; surfacing 50
2026-09-24 20:12:24,108 [INFO] fl_ids.fl.client: Client 7 round 3: 10 of 678 boosting-passed rows flagged; surfacing 10
2026-09-24 20:12:24,760 [INFO] fl_ids.fl.client: Client 8 round 3: 415 of 10212 boosting-passed rows flagged; surfacing 50
2026-09-24 20:12:25,380 [INFO] fl_ids.fl.client: Client 9 round 3: 55 of 985 boosting-passed rows flagged; surfacing 50
2026-09-24 20:12:38,492 [INFO] fl_ids.models.boosting: Continued boosting training: +50 trees on 95677 rows (now 350 trees)
2026-09-24 20:12:38,492 [INFO] fl_ids.models.boosting_update: Round 3: boosting v2 (continue) from 192 alerts ({'Normal': 189, 'Port_Scanning': 1, 'Uploading': 1, 'Vulnerability_scanner': 1}); 101 from excluded clients ignored
2026-09-24 20:12:38,625 [WARNING] fl_ids.fl.client: Client 5: no benign validation samples to evaluate on
2026-09-24 20:12:38,627 [INFO] fl_ids.eval.simulation: Round 3: mean_val_loss=0.0206, comm_bytes=583920
2026-09-24 20:12:43,156 [WARNING] fl_ids.fl.client: Client 5: no benign validation samples to evaluate on
2026-09-24 20:12:43,159 [INFO] fl_ids.eval.simulation: Round 4: mean_val_loss=0.0154, comm_bytes=583920
2026-09-24 20:12:48,239 [WARNING] fl_ids.fl.client: Client 5: no benign validation samples to evaluate on
2026-09-24 20:12:48,241 [INFO] fl_ids.eval.simulation: Round 5: mean_val_loss=0.0179, comm_bytes=583920
2026-09-24 20:12:48,308 [INFO] fl_ids.fl.client: Client 0 round 6: 1 of 120 boosting-passed rows flagged; surfacing 1
2026-09-24 20:12:48,489 [INFO] fl_ids.fl.client: Client 1 round 6: 7 of 695 boosting-passed rows flagged; surfacing 7
2026-09-24 20:12:48,647 [INFO] fl_ids.fl.client: Client 2 round 6: 22 of 314 boosting-passed rows flagged; surfacing 22
2026-09-24 20:12:49,192 [INFO] fl_ids.fl.client: Client 3 round 6: 211 of 5651 boosting-passed rows flagged; surfacing 50
2026-09-24 20:12:50,318 [INFO] fl_ids.fl.client: Client 4 round 6: 274 of 11386 boosting-passed rows flagged; surfacing 50
2026-09-24 20:12:51,281 [INFO] fl_ids.fl.client: Client 6 round 6: 103 of 2731 boosting-passed rows flagged; surfacing 50
2026-09-24 20:12:51,598 [INFO] fl_ids.fl.client: Client 7 round 6: 15 of 679 boosting-passed rows flagged; surfacing 15
2026-09-24 20:12:52,458 [INFO] fl_ids.fl.client: Client 8 round 6: 359 of 10212 boosting-passed rows flagged; surfacing 50
2026-09-24 20:12:53,162 [INFO] fl_ids.fl.client: Client 9 round 6: 59 of 978 boosting-passed rows flagged; surfacing 50
2026-09-24 20:13:10,174 [INFO] fl_ids.models.boosting: Continued boosting training: +50 trees on 95921 rows (now 400 trees)
2026-09-24 20:13:10,174 [INFO] fl_ids.models.boosting_update: Round 6: boosting v3 (continue) from 244 alerts ({'Backdoor': 3, 'Normal': 209, 'Port_Scanning': 20, 'Uploading': 7, 'Vulnerability_scanner': 3, 'XSS': 2}); 51 from excluded clients ignored
2026-09-24 20:13:10,348 [WARNING] fl_ids.fl.client: Client 5: no benign validation samples to evaluate on
2026-09-24 20:13:10,350 [INFO] fl_ids.eval.simulation: Round 6: mean_val_loss=0.0213, comm_bytes=583920
2026-09-24 20:13:16,888 [WARNING] fl_ids.fl.client: Client 5: no benign validation samples to evaluate on
2026-09-24 20:13:16,890 [INFO] fl_ids.eval.simulation: Round 7: mean_val_loss=0.0221, comm_bytes=583920
2026-09-24 20:13:22,905 [WARNING] fl_ids.fl.client: Client 5: no benign validation samples to evaluate on
2026-09-24 20:13:22,907 [INFO] fl_ids.eval.simulation: Round 8: mean_val_loss=0.0223, comm_bytes=583920
2026-09-24 20:13:22,991 [INFO] fl_ids.fl.client: Client 0 round 9: 1 of 119 boosting-passed rows flagged; surfacing 1
2026-09-24 20:13:23,217 [INFO] fl_ids.fl.client: Client 1 round 9: 6 of 696 boosting-passed rows flagged; surfacing 6
2026-09-24 20:13:23,413 [INFO] fl_ids.fl.client: Client 2 round 9: 14 of 304 boosting-passed rows flagged; surfacing 14
2026-09-24 20:13:24,123 [INFO] fl_ids.fl.client: Client 3 round 9: 200 of 5650 boosting-passed rows flagged; surfacing 50
2026-09-24 20:13:25,531 [INFO] fl_ids.fl.client: Client 4 round 9: 258 of 11386 boosting-passed rows flagged; surfacing 50
2026-09-24 20:13:26,745 [INFO] fl_ids.fl.client: Client 6 round 9: 123 of 2724 boosting-passed rows flagged; surfacing 50
2026-09-24 20:13:27,114 [INFO] fl_ids.fl.client: Client 7 round 9: 13 of 673 boosting-passed rows flagged; surfacing 13
2026-09-24 20:13:28,184 [INFO] fl_ids.fl.client: Client 8 round 9: 272 of 10208 boosting-passed rows flagged; surfacing 50
2026-09-24 20:13:28,973 [INFO] fl_ids.fl.client: Client 9 round 9: 53 of 973 boosting-passed rows flagged; surfacing 50
2026-09-24 20:13:49,613 [INFO] fl_ids.models.boosting: Continued boosting training: +50 trees on 96154 rows (now 450 trees)
2026-09-24 20:13:49,614 [INFO] fl_ids.models.boosting_update: Round 9: boosting v4 (continue) from 233 alerts ({'Backdoor': 2, 'Normal': 217, 'Port_Scanning': 6, 'Uploading': 4, 'Vulnerability_scanner': 1, 'XSS': 3}); 51 from excluded clients ignored
2026-09-24 20:13:49,808 [WARNING] fl_ids.fl.client: Client 5: no benign validation samples to evaluate on
2026-09-24 20:13:49,810 [INFO] fl_ids.eval.simulation: Round 9: mean_val_loss=0.0223, comm_bytes=583920
2026-09-24 20:13:59,403 [WARNING] fl_ids.fl.client: Client 5: no benign validation samples to evaluate on
2026-09-24 20:13:59,406 [INFO] fl_ids.eval.simulation: Round 10: mean_val_loss=0.0222, comm_bytes=583920
2026-09-24 20:14:07,368 [WARNING] fl_ids.fl.client: Client 5: no benign validation samples to evaluate on
2026-09-24 20:14:07,371 [INFO] fl_ids.eval.simulation: Round 11: mean_val_loss=0.0220, comm_bytes=583920
2026-09-24 20:14:07,476 [INFO] fl_ids.fl.client: Client 0 round 12: 1 of 120 boosting-passed rows flagged; surfacing 1
2026-09-24 20:14:07,752 [INFO] fl_ids.fl.client: Client 1 round 12: 11 of 697 boosting-passed rows flagged; surfacing 11
2026-09-24 20:14:07,992 [INFO] fl_ids.fl.client: Client 2 round 12: 14 of 299 boosting-passed rows flagged; surfacing 14
2026-09-24 20:14:08,861 [INFO] fl_ids.fl.client: Client 3 round 12: 157 of 5649 boosting-passed rows flagged; surfacing 50
2026-09-24 20:14:10,665 [INFO] fl_ids.fl.client: Client 4 round 12: 257 of 11387 boosting-passed rows flagged; surfacing 50
2026-09-24 20:14:12,129 [INFO] fl_ids.fl.client: Client 6 round 12: 143 of 2726 boosting-passed rows flagged; surfacing 50
2026-09-24 20:14:12,601 [INFO] fl_ids.fl.client: Client 7 round 12: 12 of 666 boosting-passed rows flagged; surfacing 12
2026-09-24 20:14:14,012 [INFO] fl_ids.fl.client: Client 8 round 12: 282 of 10210 boosting-passed rows flagged; surfacing 50
2026-09-24 20:14:14,946 [INFO] fl_ids.fl.client: Client 9 round 12: 30 of 968 boosting-passed rows flagged; surfacing 30
2026-09-24 20:14:39,689 [INFO] fl_ids.models.boosting: Continued boosting training: +50 trees on 96421 rows (now 500 trees)
2026-09-24 20:14:39,689 [INFO] fl_ids.models.boosting_update: Round 12: boosting v5 (continue) from 267 alerts ({'Backdoor': 2, 'Normal': 252, 'Port_Scanning': 5, 'Uploading': 7, 'XSS': 1}); 1 from excluded clients ignored
2026-09-24 20:14:39,901 [WARNING] fl_ids.fl.client: Client 5: no benign validation samples to evaluate on
2026-09-24 20:14:39,905 [INFO] fl_ids.eval.simulation: Round 12: mean_val_loss=0.0323, comm_bytes=583920
2026-09-24 20:14:48,417 [WARNING] fl_ids.fl.client: Client 5: no benign validation samples to evaluate on
2026-09-24 20:14:48,420 [INFO] fl_ids.eval.simulation: Round 13: mean_val_loss=0.0110, comm_bytes=583920
2026-09-24 20:14:58,509 [WARNING] fl_ids.fl.client: Client 5: no benign validation samples to evaluate on
2026-09-24 20:14:58,512 [INFO] fl_ids.eval.simulation: Round 14: mean_val_loss=0.0217, comm_bytes=583920
2026-09-24 20:14:58,632 [INFO] fl_ids.fl.client: Client 0 round 15: 1 of 120 boosting-passed rows flagged; surfacing 1
2026-09-24 20:14:58,938 [INFO] fl_ids.fl.client: Client 1 round 15: 10 of 697 boosting-passed rows flagged; surfacing 10
2026-09-24 20:14:59,201 [INFO] fl_ids.fl.client: Client 2 round 15: 14 of 297 boosting-passed rows flagged; surfacing 14
2026-09-24 20:15:00,232 [INFO] fl_ids.fl.client: Client 3 round 15: 128 of 5648 boosting-passed rows flagged; surfacing 50
2026-09-24 20:15:02,405 [INFO] fl_ids.fl.client: Client 4 round 15: 261 of 11388 boosting-passed rows flagged; surfacing 50
2026-09-24 20:15:05,630 [INFO] fl_ids.fl.client: Client 6 round 15: 96 of 2722 boosting-passed rows flagged; surfacing 50
2026-09-24 20:15:06,091 [INFO] fl_ids.fl.client: Client 7 round 15: 8 of 664 boosting-passed rows flagged; surfacing 8
2026-09-24 20:15:07,743 [INFO] fl_ids.fl.client: Client 8 round 15: 276 of 10206 boosting-passed rows flagged; surfacing 50
2026-09-24 20:15:08,794 [INFO] fl_ids.fl.client: Client 9 round 15: 36 of 963 boosting-passed rows flagged; surfacing 36
2026-09-24 20:15:36,231 [INFO] fl_ids.models.boosting: Continued boosting training: +50 trees on 96689 rows (now 550 trees)
2026-09-24 20:15:36,231 [INFO] fl_ids.models.boosting_update: Round 15: boosting v6 (continue) from 268 alerts ({'Backdoor': 2, 'Normal': 255, 'Port_Scanning': 4, 'Uploading': 6, 'XSS': 1}); 1 from excluded clients ignored
2026-09-24 20:15:36,453 [WARNING] fl_ids.fl.client: Client 5: no benign validation samples to evaluate on
2026-09-24 20:15:36,455 [INFO] fl_ids.eval.simulation: Round 15: mean_val_loss=0.0305, comm_bytes=583920
2026-09-24 20:15:47,849 [WARNING] fl_ids.fl.client: Client 5: no benign validation samples to evaluate on
2026-09-24 20:15:47,872 [INFO] fl_ids.eval.simulation: Round 16: mean_val_loss=0.0172, comm_bytes=583920
2026-09-24 20:16:07,915 [WARNING] fl_ids.fl.client: Client 5: no benign validation samples to evaluate on
2026-09-24 20:16:07,940 [INFO] fl_ids.eval.simulation: Round 17: mean_val_loss=0.0321, comm_bytes=583920
2026-09-24 20:16:08,140 [INFO] fl_ids.fl.client: Client 0 round 18: 1 of 119 boosting-passed rows flagged; surfacing 1
2026-09-24 20:16:08,649 [INFO] fl_ids.fl.client: Client 1 round 18: 5 of 696 boosting-passed rows flagged; surfacing 5
2026-09-24 20:16:09,233 [INFO] fl_ids.fl.client: Client 2 round 18: 31 of 294 boosting-passed rows flagged; surfacing 31
2026-09-24 20:16:10,949 [INFO] fl_ids.fl.client: Client 3 round 18: 142 of 5645 boosting-passed rows flagged; surfacing 50
2026-09-24 20:16:15,230 [INFO] fl_ids.fl.client: Client 4 round 18: 240 of 11389 boosting-passed rows flagged; surfacing 50
2026-09-24 20:16:19,350 [INFO] fl_ids.fl.client: Client 6 round 18: 123 of 2715 boosting-passed rows flagged; surfacing 50
2026-09-24 20:16:20,596 [INFO] fl_ids.fl.client: Client 7 round 18: 9 of 662 boosting-passed rows flagged; surfacing 9
2026-09-24 20:16:23,173 [INFO] fl_ids.fl.client: Client 8 round 18: 266 of 10204 boosting-passed rows flagged; surfacing 50
2026-09-24 20:16:26,371 [INFO] fl_ids.fl.client: Client 9 round 18: 33 of 961 boosting-passed rows flagged; surfacing 33
2026-09-24 20:17:23,397 [INFO] fl_ids.models.boosting: Continued boosting training: +50 trees on 96885 rows (now 600 trees)
2026-09-24 20:17:23,398 [INFO] fl_ids.models.boosting_update: Round 18: boosting v7 (continue) from 196 alerts ({'Backdoor': 1, 'DDoS_HTTP': 2, 'Fingerprinting': 1, 'Normal': 180, 'Port_Scanning': 12}); 83 from excluded clients ignored
2026-09-24 20:17:23,738 [WARNING] fl_ids.fl.client: Client 5: no benign validation samples to evaluate on
2026-09-24 20:17:23,751 [INFO] fl_ids.eval.simulation: Round 18: mean_val_loss=0.0109, comm_bytes=583920
2026-09-24 20:17:44,394 [WARNING] fl_ids.fl.client: Client 5: no benign validation samples to evaluate on
2026-09-24 20:17:44,427 [INFO] fl_ids.eval.simulation: Round 19: mean_val_loss=0.0258, comm_bytes=583920
2026-09-24 20:18:07,935 [WARNING] fl_ids.fl.client: Client 5: no benign validation samples to evaluate on
2026-09-24 20:18:07,951 [INFO] fl_ids.eval.simulation: Round 20: mean_val_loss=0.0212, comm_bytes=583920
2026-09-24 20:18:08,002 [WARNING] fl_ids.eval.common: Clients [5] have no benign validation rows (infinite threshold); 189 test rows can't be flagged by the autoencoder
2026-09-24 20:18:10,290 [INFO] __main__: variant=full_pipeline: attack_macro_recall=0.887 benign_fpr=0.0260 autoencoder_alone=0.421
2026-09-24 20:18:28,621 [WARNING] fl_ids.fl.client: Client 5: no benign validation samples to evaluate on
2026-09-24 20:18:28,664 [INFO] fl_ids.eval.simulation: Round 1: mean_val_loss=0.4001, comm_bytes=583920
2026-09-24 20:18:46,008 [WARNING] fl_ids.fl.client: Client 5: no benign validation samples to evaluate on
2026-09-24 20:18:46,022 [INFO] fl_ids.eval.simulation: Round 2: mean_val_loss=1.5455, comm_bytes=583920
2026-09-24 20:18:46,124 [INFO] fl_ids.fl.client: Client 0 round 3: 1 of 119 boosting-passed rows flagged; surfacing 1
2026-09-24 20:18:46,402 [INFO] fl_ids.fl.client: Client 1 round 3: 29 of 699 boosting-passed rows flagged; surfacing 29
2026-09-24 20:18:46,791 [INFO] fl_ids.fl.client: Client 2 round 3: 12 of 313 boosting-passed rows flagged; surfacing 12
2026-09-24 20:18:47,664 [INFO] fl_ids.fl.client: Client 3 round 3: 165 of 5652 boosting-passed rows flagged; surfacing 50
2026-09-24 20:18:50,453 [INFO] fl_ids.fl.client: Client 4 round 3: 309 of 11387 boosting-passed rows flagged; surfacing 50
2026-09-24 20:18:54,109 [INFO] fl_ids.fl.client: Client 6 round 3: 56 of 2737 boosting-passed rows flagged; surfacing 50
2026-09-24 20:18:55,175 [INFO] fl_ids.fl.client: Client 7 round 3: 2 of 678 boosting-passed rows flagged; surfacing 2
2026-09-24 20:18:56,671 [INFO] fl_ids.fl.client: Client 8 round 3: 323 of 10212 boosting-passed rows flagged; surfacing 50
2026-09-24 20:18:59,759 [INFO] fl_ids.fl.client: Client 9 round 3: 28 of 985 boosting-passed rows flagged; surfacing 28
2026-09-24 20:19:23,650 [INFO] fl_ids.models.boosting: Continued boosting training: +50 trees on 95757 rows (now 350 trees)
2026-09-24 20:19:23,654 [INFO] fl_ids.models.boosting_update: Round 3: boosting v2 (continue) from 272 alerts ({'Normal': 272}); 0 from excluded clients ignored
2026-09-24 20:19:24,101 [WARNING] fl_ids.fl.client: Client 5: no benign validation samples to evaluate on
2026-09-24 20:19:24,128 [INFO] fl_ids.eval.simulation: Round 3: mean_val_loss=43.9914, comm_bytes=583920
2026-09-24 20:19:41,926 [WARNING] fl_ids.fl.client: Client 5: no benign validation samples to evaluate on
2026-09-24 20:19:41,943 [INFO] fl_ids.eval.simulation: Round 4: mean_val_loss=2418.3785, comm_bytes=583920
2026-09-24 20:20:01,052 [WARNING] fl_ids.fl.client: Client 5: no benign validation samples to evaluate on
2026-09-24 20:20:01,074 [INFO] fl_ids.eval.simulation: Round 5: mean_val_loss=75808.0192, comm_bytes=583920
2026-09-24 20:20:01,217 [INFO] fl_ids.fl.client: Client 0 round 6: 1 of 119 boosting-passed rows flagged; surfacing 1
2026-09-24 20:20:01,882 [INFO] fl_ids.fl.client: Client 1 round 6: 29 of 696 boosting-passed rows flagged; surfacing 29
2026-09-24 20:20:02,860 [INFO] fl_ids.fl.client: Client 2 round 6: 40 of 315 boosting-passed rows flagged; surfacing 40
2026-09-24 20:20:03,856 [INFO] fl_ids.fl.client: Client 3 round 6: 152 of 5653 boosting-passed rows flagged; surfacing 50
2026-09-24 20:20:07,023 [INFO] fl_ids.fl.client: Client 4 round 6: 344 of 11387 boosting-passed rows flagged; surfacing 50
2026-09-24 20:20:11,085 [INFO] fl_ids.fl.client: Client 6 round 6: 55 of 2733 boosting-passed rows flagged; surfacing 50
2026-09-24 20:20:12,145 [INFO] fl_ids.fl.client: Client 7 round 6: 2 of 679 boosting-passed rows flagged; surfacing 2
2026-09-24 20:20:13,740 [INFO] fl_ids.fl.client: Client 8 round 6: 326 of 10210 boosting-passed rows flagged; surfacing 50
2026-09-24 20:20:17,135 [INFO] fl_ids.fl.client: Client 9 round 6: 22 of 981 boosting-passed rows flagged; surfacing 22
2026-09-24 20:20:46,918 [INFO] fl_ids.models.boosting: Continued boosting training: +50 trees on 96051 rows (now 400 trees)
2026-09-24 20:20:46,919 [INFO] fl_ids.models.boosting_update: Round 6: boosting v3 (continue) from 294 alerts ({'DDoS_HTTP': 13, 'Normal': 273, 'Password': 2, 'SQL_injection': 1, 'Vulnerability_scanner': 4, 'XSS': 1}); 0 from excluded clients ignored
2026-09-24 20:20:47,206 [WARNING] fl_ids.fl.client: Client 5: no benign validation samples to evaluate on
2026-09-24 20:20:47,222 [INFO] fl_ids.eval.simulation: Round 6: mean_val_loss=2015861.5922, comm_bytes=583920
2026-09-24 20:21:07,715 [WARNING] fl_ids.fl.client: Client 5: no benign validation samples to evaluate on
2026-09-24 20:21:07,732 [INFO] fl_ids.eval.simulation: Round 7: mean_val_loss=32638801.1503, comm_bytes=583920
2026-09-24 20:21:28,737 [WARNING] fl_ids.fl.client: Client 5: no benign validation samples to evaluate on
2026-09-24 20:21:28,753 [INFO] fl_ids.eval.simulation: Round 8: mean_val_loss=369637838.5849, comm_bytes=583920
2026-09-24 20:21:28,900 [INFO] fl_ids.fl.client: Client 0 round 9: 1 of 119 boosting-passed rows flagged; surfacing 1
2026-09-24 20:21:29,210 [INFO] fl_ids.fl.client: Client 1 round 9: 29 of 697 boosting-passed rows flagged; surfacing 29
2026-09-24 20:21:29,687 [INFO] fl_ids.fl.client: Client 2 round 9: 17 of 311 boosting-passed rows flagged; surfacing 17
2026-09-24 20:21:30,672 [INFO] fl_ids.fl.client: Client 3 round 9: 152 of 5652 boosting-passed rows flagged; surfacing 50
2026-09-24 20:21:34,423 [INFO] fl_ids.fl.client: Client 4 round 9: 324 of 11385 boosting-passed rows flagged; surfacing 50
2026-09-24 20:21:39,902 [INFO] fl_ids.fl.client: Client 6 round 9: 56 of 2730 boosting-passed rows flagged; surfacing 50
2026-09-24 20:21:41,426 [INFO] fl_ids.fl.client: Client 7 round 9: 2 of 676 boosting-passed rows flagged; surfacing 2
2026-09-24 20:21:43,394 [INFO] fl_ids.fl.client: Client 8 round 9: 347 of 10210 boosting-passed rows flagged; surfacing 50
2026-09-24 20:21:46,541 [INFO] fl_ids.fl.client: Client 9 round 9: 25 of 978 boosting-passed rows flagged; surfacing 25
2026-09-24 20:22:16,423 [INFO] fl_ids.models.boosting: Continued boosting training: +50 trees on 96325 rows (now 450 trees)
2026-09-24 20:22:16,423 [INFO] fl_ids.models.boosting_update: Round 9: boosting v4 (continue) from 274 alerts ({'Normal': 274}); 0 from excluded clients ignored
2026-09-24 20:22:16,689 [WARNING] fl_ids.fl.client: Client 5: no benign validation samples to evaluate on
2026-09-24 20:22:16,703 [INFO] fl_ids.eval.simulation: Round 9: mean_val_loss=3050609942.8764, comm_bytes=583920
2026-09-24 20:22:38,622 [WARNING] fl_ids.fl.client: Client 5: no benign validation samples to evaluate on
2026-09-24 20:22:38,668 [INFO] fl_ids.eval.simulation: Round 10: mean_val_loss=19244879339.4675, comm_bytes=583920
2026-09-24 20:23:00,949 [WARNING] fl_ids.fl.client: Client 5: no benign validation samples to evaluate on
2026-09-24 20:23:00,971 [INFO] fl_ids.eval.simulation: Round 11: mean_val_loss=97624168799.3965, comm_bytes=583920
2026-09-24 20:23:01,249 [INFO] fl_ids.fl.client: Client 0 round 12: 1 of 119 boosting-passed rows flagged; surfacing 1
2026-09-24 20:23:01,955 [INFO] fl_ids.fl.client: Client 1 round 12: 29 of 697 boosting-passed rows flagged; surfacing 29
2026-09-24 20:23:02,499 [INFO] fl_ids.fl.client: Client 2 round 12: 17 of 309 boosting-passed rows flagged; surfacing 17
2026-09-24 20:23:03,682 [INFO] fl_ids.fl.client: Client 3 round 12: 152 of 5651 boosting-passed rows flagged; surfacing 50
2026-09-24 20:23:07,706 [INFO] fl_ids.fl.client: Client 4 round 12: 324 of 11386 boosting-passed rows flagged; surfacing 50
2026-09-24 20:23:14,834 [INFO] fl_ids.fl.client: Client 6 round 12: 57 of 2727 boosting-passed rows flagged; surfacing 50
2026-09-24 20:23:16,109 [INFO] fl_ids.fl.client: Client 7 round 12: 2 of 666 boosting-passed rows flagged; surfacing 2
2026-09-24 20:23:17,927 [INFO] fl_ids.fl.client: Client 8 round 12: 345 of 10211 boosting-passed rows flagged; surfacing 50
2026-09-24 20:23:22,137 [INFO] fl_ids.fl.client: Client 9 round 12: 25 of 977 boosting-passed rows flagged; surfacing 25
2026-09-24 20:24:02,541 [INFO] fl_ids.models.boosting: Continued boosting training: +50 trees on 96599 rows (now 500 trees)
2026-09-24 20:24:02,541 [INFO] fl_ids.models.boosting_update: Round 12: boosting v5 (continue) from 274 alerts ({'Normal': 274}); 0 from excluded clients ignored
2026-09-24 20:24:02,840 [WARNING] fl_ids.fl.client: Client 5: no benign validation samples to evaluate on
2026-09-24 20:24:02,854 [INFO] fl_ids.eval.simulation: Round 12: mean_val_loss=421578272459.7312, comm_bytes=583920
2026-09-24 20:24:24,304 [WARNING] fl_ids.fl.client: Client 5: no benign validation samples to evaluate on
2026-09-24 20:24:24,321 [INFO] fl_ids.eval.simulation: Round 13: mean_val_loss=1566486674798.9600, comm_bytes=583920
2026-09-24 20:24:48,307 [WARNING] fl_ids.fl.client: Client 5: no benign validation samples to evaluate on
2026-09-24 20:24:48,323 [INFO] fl_ids.eval.simulation: Round 14: mean_val_loss=5131092947427.7793, comm_bytes=583920
2026-09-24 20:24:48,492 [INFO] fl_ids.fl.client: Client 0 round 15: 1 of 119 boosting-passed rows flagged; surfacing 1
2026-09-24 20:24:48,950 [INFO] fl_ids.fl.client: Client 1 round 15: 29 of 696 boosting-passed rows flagged; surfacing 29
2026-09-24 20:24:49,490 [INFO] fl_ids.fl.client: Client 2 round 15: 17 of 308 boosting-passed rows flagged; surfacing 17
2026-09-24 20:24:50,764 [INFO] fl_ids.fl.client: Client 3 round 15: 152 of 5651 boosting-passed rows flagged; surfacing 50
2026-09-24 20:24:55,468 [INFO] fl_ids.fl.client: Client 4 round 15: 324 of 11386 boosting-passed rows flagged; surfacing 50
2026-09-24 20:25:01,383 [INFO] fl_ids.fl.client: Client 6 round 15: 56 of 2724 boosting-passed rows flagged; surfacing 50
2026-09-24 20:25:02,636 [INFO] fl_ids.fl.client: Client 7 round 15: 2 of 665 boosting-passed rows flagged; surfacing 2
2026-09-24 20:25:04,712 [INFO] fl_ids.fl.client: Client 8 round 15: 347 of 10208 boosting-passed rows flagged; surfacing 50
2026-09-24 20:25:09,948 [INFO] fl_ids.fl.client: Client 9 round 15: 25 of 975 boosting-passed rows flagged; surfacing 25
2026-09-24 20:25:53,343 [INFO] fl_ids.models.boosting: Continued boosting training: +50 trees on 96873 rows (now 550 trees)
2026-09-24 20:25:53,344 [INFO] fl_ids.models.boosting_update: Round 15: boosting v6 (continue) from 274 alerts ({'Normal': 274}); 0 from excluded clients ignored
2026-09-24 20:25:53,650 [WARNING] fl_ids.fl.client: Client 5: no benign validation samples to evaluate on
2026-09-24 20:25:53,662 [INFO] fl_ids.eval.simulation: Round 15: mean_val_loss=14915206514008.0840, comm_bytes=583920
2026-09-24 20:26:12,852 [WARNING] fl_ids.fl.client: Client 5: no benign validation samples to evaluate on
2026-09-24 20:26:12,868 [INFO] fl_ids.eval.simulation: Round 16: mean_val_loss=39137446576743.0391, comm_bytes=583920
2026-09-24 20:26:34,581 [WARNING] fl_ids.fl.client: Client 5: no benign validation samples to evaluate on
2026-09-24 20:26:34,599 [INFO] fl_ids.eval.simulation: Round 17: mean_val_loss=94643601549056.6094, comm_bytes=583920
2026-09-24 20:26:34,749 [INFO] fl_ids.fl.client: Client 0 round 18: 1 of 119 boosting-passed rows flagged; surfacing 1
2026-09-24 20:26:35,177 [INFO] fl_ids.fl.client: Client 1 round 18: 29 of 696 boosting-passed rows flagged; surfacing 29
2026-09-24 20:26:35,706 [INFO] fl_ids.fl.client: Client 2 round 18: 17 of 305 boosting-passed rows flagged; surfacing 17
2026-09-24 20:26:37,112 [INFO] fl_ids.fl.client: Client 3 round 18: 152 of 5649 boosting-passed rows flagged; surfacing 50
2026-09-24 20:26:42,152 [INFO] fl_ids.fl.client: Client 4 round 18: 323 of 11385 boosting-passed rows flagged; surfacing 50
2026-09-24 20:26:48,197 [INFO] fl_ids.fl.client: Client 6 round 18: 56 of 2727 boosting-passed rows flagged; surfacing 50
2026-09-24 20:26:49,986 [INFO] fl_ids.fl.client: Client 7 round 18: 2 of 663 boosting-passed rows flagged; surfacing 2
2026-09-24 20:26:53,877 [INFO] fl_ids.fl.client: Client 8 round 18: 347 of 10208 boosting-passed rows flagged; surfacing 50
2026-09-24 20:26:59,213 [INFO] fl_ids.fl.client: Client 9 round 18: 25 of 976 boosting-passed rows flagged; surfacing 25
2026-09-24 20:27:59,155 [INFO] fl_ids.models.boosting: Continued boosting training: +50 trees on 97147 rows (now 600 trees)
2026-09-24 20:27:59,157 [INFO] fl_ids.models.boosting_update: Round 18: boosting v7 (continue) from 274 alerts ({'Normal': 274}); 0 from excluded clients ignored
2026-09-24 20:27:59,488 [WARNING] fl_ids.fl.client: Client 5: no benign validation samples to evaluate on
2026-09-24 20:27:59,501 [INFO] fl_ids.eval.simulation: Round 18: mean_val_loss=213107668190066.0625, comm_bytes=583920
2026-09-24 20:28:19,358 [WARNING] fl_ids.fl.client: Client 5: no benign validation samples to evaluate on
2026-09-24 20:28:19,373 [INFO] fl_ids.eval.simulation: Round 19: mean_val_loss=455421802058480.3125, comm_bytes=583920
2026-09-24 20:28:41,344 [WARNING] fl_ids.fl.client: Client 5: no benign validation samples to evaluate on
2026-09-24 20:28:41,361 [INFO] fl_ids.eval.simulation: Round 20: mean_val_loss=919931709815583.8750, comm_bytes=583920
2026-09-24 20:28:41,396 [WARNING] fl_ids.eval.common: Clients [5] have no benign validation rows (infinite threshold); 189 test rows can't be flagged by the autoencoder
2026-09-24 20:28:43,054 [INFO] __main__: variant=plain_fedavg: attack_macro_recall=0.879 benign_fpr=0.0309 autoencoder_alone=0.000
2026-09-24 20:29:01,102 [WARNING] fl_ids.fl.client: Client 5: no benign validation samples to evaluate on
2026-09-24 20:29:01,119 [INFO] fl_ids.eval.simulation: Round 1: mean_val_loss=0.3383, comm_bytes=583920
2026-09-24 20:29:18,294 [WARNING] fl_ids.fl.client: Client 5: no benign validation samples to evaluate on
2026-09-24 20:29:18,311 [INFO] fl_ids.eval.simulation: Round 2: mean_val_loss=0.3506, comm_bytes=583920
2026-09-24 20:29:18,400 [INFO] fl_ids.fl.client: Client 0 round 3: 1 of 119 boosting-passed rows flagged; surfacing 1
2026-09-24 20:29:18,635 [INFO] fl_ids.fl.client: Client 1 round 3: 25 of 699 boosting-passed rows flagged; surfacing 25
2026-09-24 20:29:19,002 [INFO] fl_ids.fl.client: Client 2 round 3: 12 of 313 boosting-passed rows flagged; surfacing 12
2026-09-24 20:29:19,685 [INFO] fl_ids.fl.client: Client 3 round 3: 196 of 5652 boosting-passed rows flagged; surfacing 50
2026-09-24 20:29:22,817 [INFO] fl_ids.fl.client: Client 4 round 3: 314 of 11387 boosting-passed rows flagged; surfacing 50
2026-09-24 20:29:26,329 [INFO] fl_ids.fl.client: Client 6 round 3: 59 of 2737 boosting-passed rows flagged; surfacing 50
2026-09-24 20:29:27,301 [INFO] fl_ids.fl.client: Client 7 round 3: 2 of 678 boosting-passed rows flagged; surfacing 2
2026-09-24 20:29:28,558 [INFO] fl_ids.fl.client: Client 8 round 3: 400 of 10212 boosting-passed rows flagged; surfacing 50
2026-09-24 20:29:31,446 [INFO] fl_ids.fl.client: Client 9 round 3: 40 of 985 boosting-passed rows flagged; surfacing 40
2026-09-24 20:29:50,552 [INFO] fl_ids.models.boosting: Continued boosting training: +50 trees on 95765 rows (now 350 trees)
2026-09-24 20:29:50,552 [INFO] fl_ids.models.boosting_update: Round 3: boosting v2 (continue) from 280 alerts ({'Normal': 279, 'XSS': 1}); 0 from excluded clients ignored
2026-09-24 20:29:50,743 [WARNING] fl_ids.fl.client: Client 5: no benign validation samples to evaluate on
2026-09-24 20:29:50,755 [INFO] fl_ids.eval.simulation: Round 3: mean_val_loss=0.3744, comm_bytes=583920
2026-09-24 20:30:09,091 [WARNING] fl_ids.fl.client: Client 5: no benign validation samples to evaluate on
2026-09-24 20:30:09,106 [INFO] fl_ids.eval.simulation: Round 4: mean_val_loss=0.4275, comm_bytes=583920
2026-09-24 20:30:26,782 [WARNING] fl_ids.fl.client: Client 5: no benign validation samples to evaluate on
2026-09-24 20:30:26,797 [INFO] fl_ids.eval.simulation: Round 5: mean_val_loss=0.5547, comm_bytes=583920
2026-09-24 20:30:26,901 [INFO] fl_ids.fl.client: Client 0 round 6: 1 of 119 boosting-passed rows flagged; surfacing 1
2026-09-24 20:30:27,172 [INFO] fl_ids.fl.client: Client 1 round 6: 25 of 697 boosting-passed rows flagged; surfacing 25
2026-09-24 20:30:27,576 [INFO] fl_ids.fl.client: Client 2 round 6: 12 of 308 boosting-passed rows flagged; surfacing 12
2026-09-24 20:30:28,536 [INFO] fl_ids.fl.client: Client 3 round 6: 178 of 5649 boosting-passed rows flagged; surfacing 50
2026-09-24 20:30:32,048 [INFO] fl_ids.fl.client: Client 4 round 6: 303 of 11387 boosting-passed rows flagged; surfacing 50
2026-09-24 20:30:37,285 [INFO] fl_ids.fl.client: Client 6 round 6: 64 of 2731 boosting-passed rows flagged; surfacing 50
2026-09-24 20:30:38,324 [INFO] fl_ids.fl.client: Client 7 round 6: 2 of 674 boosting-passed rows flagged; surfacing 2
2026-09-24 20:30:39,560 [INFO] fl_ids.fl.client: Client 8 round 6: 373 of 10212 boosting-passed rows flagged; surfacing 50
2026-09-24 20:30:44,296 [INFO] fl_ids.fl.client: Client 9 round 6: 38 of 980 boosting-passed rows flagged; surfacing 38
2026-09-24 20:31:12,199 [INFO] fl_ids.models.boosting: Continued boosting training: +50 trees on 96043 rows (now 400 trees)
2026-09-24 20:31:12,199 [INFO] fl_ids.models.boosting_update: Round 6: boosting v3 (continue) from 278 alerts ({'Normal': 278}); 0 from excluded clients ignored
2026-09-24 20:31:12,420 [WARNING] fl_ids.fl.client: Client 5: no benign validation samples to evaluate on
2026-09-24 20:31:12,433 [INFO] fl_ids.eval.simulation: Round 6: mean_val_loss=0.8610, comm_bytes=583920
2026-09-24 20:31:31,910 [WARNING] fl_ids.fl.client: Client 5: no benign validation samples to evaluate on
2026-09-24 20:31:31,926 [INFO] fl_ids.eval.simulation: Round 7: mean_val_loss=1.5123, comm_bytes=583920
2026-09-24 20:31:51,348 [WARNING] fl_ids.fl.client: Client 5: no benign validation samples to evaluate on
2026-09-24 20:31:51,395 [INFO] fl_ids.eval.simulation: Round 8: mean_val_loss=2.9855, comm_bytes=583920
2026-09-24 20:31:51,630 [INFO] fl_ids.fl.client: Client 0 round 9: 1 of 119 boosting-passed rows flagged; surfacing 1
2026-09-24 20:31:52,139 [INFO] fl_ids.fl.client: Client 1 round 9: 4 of 697 boosting-passed rows flagged; surfacing 4
2026-09-24 20:31:52,560 [INFO] fl_ids.fl.client: Client 2 round 9: 12 of 310 boosting-passed rows flagged; surfacing 12
2026-09-24 20:31:53,578 [INFO] fl_ids.fl.client: Client 3 round 9: 178 of 5651 boosting-passed rows flagged; surfacing 50
2026-09-24 20:31:56,729 [INFO] fl_ids.fl.client: Client 4 round 9: 282 of 11385 boosting-passed rows flagged; surfacing 50
2026-09-24 20:32:02,573 [INFO] fl_ids.fl.client: Client 6 round 9: 62 of 2725 boosting-passed rows flagged; surfacing 50
2026-09-24 20:32:04,475 [INFO] fl_ids.fl.client: Client 7 round 9: 2 of 673 boosting-passed rows flagged; surfacing 2
2026-09-24 20:32:06,005 [INFO] fl_ids.fl.client: Client 8 round 9: 358 of 10210 boosting-passed rows flagged; surfacing 50
2026-09-24 20:32:09,925 [INFO] fl_ids.fl.client: Client 9 round 9: 40 of 977 boosting-passed rows flagged; surfacing 40
2026-09-24 20:32:41,347 [INFO] fl_ids.models.boosting: Continued boosting training: +50 trees on 96302 rows (now 450 trees)
2026-09-24 20:32:41,347 [INFO] fl_ids.models.boosting_update: Round 9: boosting v4 (continue) from 259 alerts ({'Normal': 259}); 0 from excluded clients ignored
2026-09-24 20:32:41,604 [WARNING] fl_ids.fl.client: Client 5: no benign validation samples to evaluate on
2026-09-24 20:32:41,618 [INFO] fl_ids.eval.simulation: Round 9: mean_val_loss=6.2534, comm_bytes=583920
2026-09-24 20:32:58,066 [WARNING] fl_ids.fl.client: Client 5: no benign validation samples to evaluate on
2026-09-24 20:32:58,081 [INFO] fl_ids.eval.simulation: Round 10: mean_val_loss=13.2133, comm_bytes=583920
2026-09-24 20:33:19,415 [WARNING] fl_ids.fl.client: Client 5: no benign validation samples to evaluate on
2026-09-24 20:33:19,426 [INFO] fl_ids.eval.simulation: Round 11: mean_val_loss=27.2779, comm_bytes=583920
2026-09-24 20:33:19,555 [INFO] fl_ids.fl.client: Client 0 round 12: 7 of 118 boosting-passed rows flagged; surfacing 7
2026-09-24 20:33:19,986 [INFO] fl_ids.fl.client: Client 1 round 12: 2 of 697 boosting-passed rows flagged; surfacing 2
2026-09-24 20:33:20,518 [INFO] fl_ids.fl.client: Client 2 round 12: 9 of 311 boosting-passed rows flagged; surfacing 9
2026-09-24 20:33:21,609 [INFO] fl_ids.fl.client: Client 3 round 12: 188 of 5648 boosting-passed rows flagged; surfacing 50
2026-09-24 20:33:26,680 [INFO] fl_ids.fl.client: Client 4 round 12: 351 of 11384 boosting-passed rows flagged; surfacing 50
2026-09-24 20:33:32,223 [INFO] fl_ids.fl.client: Client 6 round 12: 82 of 2724 boosting-passed rows flagged; surfacing 50
2026-09-24 20:33:33,420 [INFO] fl_ids.fl.client: Client 7 round 12: 5 of 669 boosting-passed rows flagged; surfacing 5
2026-09-24 20:33:35,168 [INFO] fl_ids.fl.client: Client 8 round 12: 369 of 10210 boosting-passed rows flagged; surfacing 50
2026-09-24 20:33:39,376 [INFO] fl_ids.fl.client: Client 9 round 12: 41 of 978 boosting-passed rows flagged; surfacing 41
2026-09-24 20:34:25,174 [INFO] fl_ids.models.boosting: Continued boosting training: +50 trees on 96566 rows (now 500 trees)
2026-09-24 20:34:25,175 [INFO] fl_ids.models.boosting_update: Round 12: boosting v5 (continue) from 264 alerts ({'Normal': 263, 'Password': 1}); 0 from excluded clients ignored
2026-09-24 20:34:25,460 [WARNING] fl_ids.fl.client: Client 5: no benign validation samples to evaluate on
2026-09-24 20:34:25,474 [INFO] fl_ids.eval.simulation: Round 12: mean_val_loss=54.4900, comm_bytes=583920
2026-09-24 20:34:44,131 [WARNING] fl_ids.fl.client: Client 5: no benign validation samples to evaluate on
2026-09-24 20:34:44,146 [INFO] fl_ids.eval.simulation: Round 13: mean_val_loss=102.2476, comm_bytes=583920
2026-09-24 20:35:05,977 [WARNING] fl_ids.fl.client: Client 5: no benign validation samples to evaluate on
2026-09-24 20:35:06,001 [INFO] fl_ids.eval.simulation: Round 14: mean_val_loss=192.1440, comm_bytes=583920
2026-09-24 20:35:06,153 [INFO] fl_ids.fl.client: Client 0 round 15: 7 of 117 boosting-passed rows flagged; surfacing 7
2026-09-24 20:35:06,709 [INFO] fl_ids.fl.client: Client 1 round 15: 2 of 697 boosting-passed rows flagged; surfacing 2
2026-09-24 20:35:07,780 [INFO] fl_ids.fl.client: Client 2 round 15: 9 of 308 boosting-passed rows flagged; surfacing 9
2026-09-24 20:35:09,624 [INFO] fl_ids.fl.client: Client 3 round 15: 165 of 5650 boosting-passed rows flagged; surfacing 50
2026-09-24 20:35:14,760 [INFO] fl_ids.fl.client: Client 4 round 15: 382 of 11385 boosting-passed rows flagged; surfacing 50
2026-09-24 20:35:21,030 [INFO] fl_ids.fl.client: Client 6 round 15: 84 of 2727 boosting-passed rows flagged; surfacing 50
2026-09-24 20:35:22,349 [INFO] fl_ids.fl.client: Client 7 round 15: 4 of 667 boosting-passed rows flagged; surfacing 4
2026-09-24 20:35:24,810 [INFO] fl_ids.fl.client: Client 8 round 15: 348 of 10209 boosting-passed rows flagged; surfacing 50
2026-09-24 20:35:29,404 [INFO] fl_ids.fl.client: Client 9 round 15: 37 of 978 boosting-passed rows flagged; surfacing 37
2026-09-24 20:36:19,471 [INFO] fl_ids.models.boosting: Continued boosting training: +50 trees on 96825 rows (now 550 trees)
2026-09-24 20:36:19,471 [INFO] fl_ids.models.boosting_update: Round 15: boosting v6 (continue) from 259 alerts ({'Normal': 259}); 0 from excluded clients ignored
2026-09-24 20:36:19,782 [WARNING] fl_ids.fl.client: Client 5: no benign validation samples to evaluate on
2026-09-24 20:36:19,794 [INFO] fl_ids.eval.simulation: Round 15: mean_val_loss=350.2091, comm_bytes=583920
2026-09-24 20:36:37,927 [WARNING] fl_ids.fl.client: Client 5: no benign validation samples to evaluate on
2026-09-24 20:36:37,942 [INFO] fl_ids.eval.simulation: Round 16: mean_val_loss=620.1204, comm_bytes=583920
2026-09-24 20:36:56,236 [WARNING] fl_ids.fl.client: Client 5: no benign validation samples to evaluate on
2026-09-24 20:36:56,251 [INFO] fl_ids.eval.simulation: Round 17: mean_val_loss=1079.1147, comm_bytes=583920
2026-09-24 20:36:56,447 [INFO] fl_ids.fl.client: Client 0 round 18: 7 of 117 boosting-passed rows flagged; surfacing 7
2026-09-24 20:36:56,928 [INFO] fl_ids.fl.client: Client 1 round 18: 3 of 698 boosting-passed rows flagged; surfacing 3
2026-09-24 20:36:57,464 [INFO] fl_ids.fl.client: Client 2 round 18: 9 of 308 boosting-passed rows flagged; surfacing 9
2026-09-24 20:36:58,979 [INFO] fl_ids.fl.client: Client 3 round 18: 161 of 5650 boosting-passed rows flagged; surfacing 50
2026-09-24 20:37:02,974 [INFO] fl_ids.fl.client: Client 4 round 18: 388 of 11384 boosting-passed rows flagged; surfacing 50
2026-09-24 20:37:09,642 [INFO] fl_ids.fl.client: Client 6 round 18: 83 of 2726 boosting-passed rows flagged; surfacing 50
2026-09-24 20:37:11,185 [INFO] fl_ids.fl.client: Client 7 round 18: 3 of 665 boosting-passed rows flagged; surfacing 3
2026-09-24 20:37:13,242 [INFO] fl_ids.fl.client: Client 8 round 18: 362 of 10206 boosting-passed rows flagged; surfacing 50
2026-09-24 20:37:17,171 [INFO] fl_ids.fl.client: Client 9 round 18: 38 of 978 boosting-passed rows flagged; surfacing 38
2026-09-24 20:38:18,595 [INFO] fl_ids.models.boosting: Continued boosting training: +50 trees on 97085 rows (now 600 trees)
2026-09-24 20:38:18,595 [INFO] fl_ids.models.boosting_update: Round 18: boosting v7 (continue) from 260 alerts ({'Normal': 260}); 0 from excluded clients ignored
2026-09-24 20:38:19,015 [WARNING] fl_ids.fl.client: Client 5: no benign validation samples to evaluate on
2026-09-24 20:38:19,031 [INFO] fl_ids.eval.simulation: Round 18: mean_val_loss=1834.3264, comm_bytes=583920
2026-09-24 20:38:38,473 [WARNING] fl_ids.fl.client: Client 5: no benign validation samples to evaluate on
2026-09-24 20:38:38,486 [INFO] fl_ids.eval.simulation: Round 19: mean_val_loss=3043.3580, comm_bytes=583920
2026-09-24 20:38:57,127 [WARNING] fl_ids.fl.client: Client 5: no benign validation samples to evaluate on
2026-09-24 20:38:57,140 [INFO] fl_ids.eval.simulation: Round 20: mean_val_loss=4830.0624, comm_bytes=583920
2026-09-24 20:38:57,181 [WARNING] fl_ids.eval.common: Clients [5] have no benign validation rows (infinite threshold); 189 test rows can't be flagged by the autoencoder
2026-09-24 20:38:59,395 [INFO] __main__: variant=trimmed_mean_only: attack_macro_recall=0.878 benign_fpr=0.0330 autoencoder_alone=0.000
2026-09-24 20:39:16,545 [WARNING] fl_ids.fl.client: Client 5: no benign validation samples to evaluate on
2026-09-24 20:39:16,559 [INFO] fl_ids.eval.simulation: Round 1: mean_val_loss=0.2630, comm_bytes=583920
2026-09-24 20:39:32,569 [WARNING] fl_ids.fl.client: Client 5: no benign validation samples to evaluate on
2026-09-24 20:39:32,583 [INFO] fl_ids.eval.simulation: Round 2: mean_val_loss=0.0695, comm_bytes=583920
2026-09-24 20:39:32,628 [INFO] fl_ids.fl.client: Client 0 round 3: 55 of 801 boosting-passed rows flagged; surfacing 50
2026-09-24 20:39:32,963 [INFO] fl_ids.fl.client: Client 1 round 3: 15 of 2371 boosting-passed rows flagged; surfacing 15
2026-09-24 20:39:33,673 [INFO] fl_ids.fl.client: Client 2 round 3: 15 of 1508 boosting-passed rows flagged; surfacing 15
2026-09-24 20:39:34,171 [INFO] fl_ids.fl.client: Client 3 round 3: 518 of 7840 boosting-passed rows flagged; surfacing 50
2026-09-24 20:39:37,602 [INFO] fl_ids.fl.client: Client 4 round 3: 739 of 12415 boosting-passed rows flagged; surfacing 50
2026-09-24 20:39:41,582 [INFO] fl_ids.fl.client: Client 6 round 3: 278 of 3705 boosting-passed rows flagged; surfacing 50
2026-09-24 20:39:42,531 [INFO] fl_ids.fl.client: Client 7 round 3: 2 of 1931 boosting-passed rows flagged; surfacing 2
2026-09-24 20:39:43,075 [INFO] fl_ids.fl.client: Client 8 round 3: 445 of 12170 boosting-passed rows flagged; surfacing 50
2026-09-24 20:39:46,121 [INFO] fl_ids.fl.client: Client 9 round 3: 92 of 1725 boosting-passed rows flagged; surfacing 50
2026-09-24 20:40:04,263 [INFO] fl_ids.models.boosting: Continued boosting training: +50 trees on 95667 rows (now 350 trees)
2026-09-24 20:40:04,263 [INFO] fl_ids.models.boosting_update: Round 3: boosting v2 (continue) from 182 alerts ({'DDoS_ICMP': 8, 'DDoS_TCP': 23, 'DDoS_UDP': 31, 'Fingerprinting': 2, 'MITM': 2, 'Normal': 72, 'Password': 12, 'SQL_injection': 3, 'Uploading': 3, 'Vulnerability_scanner': 22, 'XSS': 4}); 150 from excluded clients ignored
2026-09-24 20:40:04,453 [WARNING] fl_ids.fl.client: Client 5: no benign validation samples to evaluate on
2026-09-24 20:40:04,465 [INFO] fl_ids.eval.simulation: Round 3: mean_val_loss=0.0377, comm_bytes=583920
2026-09-24 20:40:19,128 [WARNING] fl_ids.fl.client: Client 5: no benign validation samples to evaluate on
2026-09-24 20:40:19,141 [INFO] fl_ids.eval.simulation: Round 4: mean_val_loss=0.0306, comm_bytes=583920
2026-09-24 20:40:38,224 [WARNING] fl_ids.fl.client: Client 5: no benign validation samples to evaluate on
2026-09-24 20:40:38,239 [INFO] fl_ids.eval.simulation: Round 5: mean_val_loss=0.0293, comm_bytes=583920
2026-09-24 20:40:38,308 [INFO] fl_ids.fl.client: Client 0 round 6: 30 of 801 boosting-passed rows flagged; surfacing 30
2026-09-24 20:40:38,660 [INFO] fl_ids.fl.client: Client 1 round 6: 200 of 2371 boosting-passed rows flagged; surfacing 50
2026-09-24 20:40:39,497 [INFO] fl_ids.fl.client: Client 2 round 6: 81 of 1508 boosting-passed rows flagged; surfacing 50
2026-09-24 20:40:40,016 [INFO] fl_ids.fl.client: Client 3 round 6: 573 of 7840 boosting-passed rows flagged; surfacing 50
2026-09-24 20:40:43,589 [INFO] fl_ids.fl.client: Client 4 round 6: 528 of 12415 boosting-passed rows flagged; surfacing 50
2026-09-24 20:40:48,666 [INFO] fl_ids.fl.client: Client 6 round 6: 352 of 3705 boosting-passed rows flagged; surfacing 50
2026-09-24 20:40:49,764 [INFO] fl_ids.fl.client: Client 7 round 6: 48 of 1931 boosting-passed rows flagged; surfacing 48
2026-09-24 20:40:50,771 [INFO] fl_ids.fl.client: Client 8 round 6: 476 of 12170 boosting-passed rows flagged; surfacing 50
2026-09-24 20:40:55,537 [INFO] fl_ids.fl.client: Client 9 round 6: 107 of 1725 boosting-passed rows flagged; surfacing 50
2026-09-24 20:41:22,970 [INFO] fl_ids.models.boosting: Continued boosting training: +50 trees on 95965 rows (now 400 trees)
2026-09-24 20:41:22,971 [INFO] fl_ids.models.boosting_update: Round 6: boosting v3 (continue) from 298 alerts ({'Backdoor': 4, 'DDoS_HTTP': 8, 'DDoS_ICMP': 22, 'DDoS_UDP': 35, 'Fingerprinting': 3, 'MITM': 1, 'Normal': 112, 'Password': 32, 'Port_Scanning': 1, 'Ransomware': 1, 'SQL_injection': 17, 'Uploading': 17, 'Vulnerability_scanner': 41, 'XSS': 4}); 130 from excluded clients ignored
2026-09-24 20:41:23,203 [WARNING] fl_ids.fl.client: Client 5: no benign validation samples to evaluate on
2026-09-24 20:41:23,216 [INFO] fl_ids.eval.simulation: Round 6: mean_val_loss=0.0278, comm_bytes=583920
2026-09-24 20:41:39,937 [WARNING] fl_ids.fl.client: Client 5: no benign validation samples to evaluate on
2026-09-24 20:41:39,979 [INFO] fl_ids.eval.simulation: Round 7: mean_val_loss=0.0272, comm_bytes=583920
2026-09-24 20:41:58,804 [WARNING] fl_ids.fl.client: Client 5: no benign validation samples to evaluate on
2026-09-24 20:41:58,825 [INFO] fl_ids.eval.simulation: Round 8: mean_val_loss=0.0461, comm_bytes=583920
2026-09-24 20:41:58,910 [INFO] fl_ids.fl.client: Client 0 round 9: 29 of 801 boosting-passed rows flagged; surfacing 29
2026-09-24 20:41:59,327 [INFO] fl_ids.fl.client: Client 1 round 9: 173 of 2371 boosting-passed rows flagged; surfacing 50
2026-09-24 20:42:00,147 [INFO] fl_ids.fl.client: Client 2 round 9: 80 of 1508 boosting-passed rows flagged; surfacing 50
2026-09-24 20:42:00,770 [INFO] fl_ids.fl.client: Client 3 round 9: 686 of 7840 boosting-passed rows flagged; surfacing 50
2026-09-24 20:42:04,284 [INFO] fl_ids.fl.client: Client 4 round 9: 567 of 12415 boosting-passed rows flagged; surfacing 50
2026-09-24 20:42:09,439 [INFO] fl_ids.fl.client: Client 6 round 9: 397 of 3705 boosting-passed rows flagged; surfacing 50
2026-09-24 20:42:11,016 [INFO] fl_ids.fl.client: Client 7 round 9: 149 of 1931 boosting-passed rows flagged; surfacing 50
2026-09-24 20:42:11,678 [INFO] fl_ids.fl.client: Client 8 round 9: 405 of 12170 boosting-passed rows flagged; surfacing 50
2026-09-24 20:42:16,439 [INFO] fl_ids.fl.client: Client 9 round 9: 132 of 1725 boosting-passed rows flagged; surfacing 50
2026-09-24 20:42:44,863 [INFO] fl_ids.models.boosting: Continued boosting training: +50 trees on 96265 rows (now 450 trees)
2026-09-24 20:42:44,863 [INFO] fl_ids.models.boosting_update: Round 9: boosting v4 (continue) from 300 alerts ({'Backdoor': 6, 'DDoS_HTTP': 6, 'DDoS_ICMP': 21, 'DDoS_TCP': 1, 'DDoS_UDP': 24, 'Fingerprinting': 1, 'MITM': 1, 'Normal': 104, 'Password': 33, 'Port_Scanning': 2, 'Ransomware': 1, 'SQL_injection': 34, 'Uploading': 11, 'Vulnerability_scanner': 52, 'XSS': 3}); 129 from excluded clients ignored
2026-09-24 20:42:45,098 [WARNING] fl_ids.fl.client: Client 5: no benign validation samples to evaluate on
2026-09-24 20:42:45,110 [INFO] fl_ids.eval.simulation: Round 9: mean_val_loss=0.0260, comm_bytes=583920
2026-09-24 20:42:57,702 [WARNING] fl_ids.fl.client: Client 5: no benign validation samples to evaluate on
2026-09-24 20:42:57,716 [INFO] fl_ids.eval.simulation: Round 10: mean_val_loss=0.0318, comm_bytes=583920
2026-09-24 20:43:16,538 [WARNING] fl_ids.fl.client: Client 5: no benign validation samples to evaluate on
2026-09-24 20:43:16,554 [INFO] fl_ids.eval.simulation: Round 11: mean_val_loss=0.0213, comm_bytes=583920
2026-09-24 20:43:16,669 [INFO] fl_ids.fl.client: Client 0 round 12: 19 of 801 boosting-passed rows flagged; surfacing 19
2026-09-24 20:43:17,239 [INFO] fl_ids.fl.client: Client 1 round 12: 179 of 2371 boosting-passed rows flagged; surfacing 50
2026-09-24 20:43:19,019 [INFO] fl_ids.fl.client: Client 2 round 12: 133 of 1508 boosting-passed rows flagged; surfacing 50
2026-09-24 20:43:19,576 [INFO] fl_ids.fl.client: Client 3 round 12: 864 of 7840 boosting-passed rows flagged; surfacing 50
2026-09-24 20:43:22,995 [INFO] fl_ids.fl.client: Client 4 round 12: 525 of 12415 boosting-passed rows flagged; surfacing 50
2026-09-24 20:43:27,600 [INFO] fl_ids.fl.client: Client 6 round 12: 384 of 3705 boosting-passed rows flagged; surfacing 50
2026-09-24 20:43:29,481 [INFO] fl_ids.fl.client: Client 7 round 12: 23 of 1931 boosting-passed rows flagged; surfacing 23
2026-09-24 20:43:30,734 [INFO] fl_ids.fl.client: Client 8 round 12: 487 of 12170 boosting-passed rows flagged; surfacing 50
2026-09-24 20:43:34,691 [INFO] fl_ids.fl.client: Client 9 round 12: 185 of 1725 boosting-passed rows flagged; surfacing 50
2026-09-24 20:44:16,870 [INFO] fl_ids.models.boosting: Continued boosting training: +50 trees on 96638 rows (now 500 trees)
2026-09-24 20:44:16,870 [INFO] fl_ids.models.boosting_update: Round 12: boosting v5 (continue) from 373 alerts ({'Backdoor': 8, 'DDoS_HTTP': 10, 'DDoS_ICMP': 74, 'DDoS_TCP': 4, 'DDoS_UDP': 22, 'Fingerprinting': 3, 'MITM': 2, 'Normal': 117, 'Password': 33, 'Port_Scanning': 1, 'SQL_injection': 2, 'Uploading': 11, 'Vulnerability_scanner': 75, 'XSS': 11}); 19 from excluded clients ignored
2026-09-24 20:44:17,144 [WARNING] fl_ids.fl.client: Client 5: no benign validation samples to evaluate on
2026-09-24 20:44:17,157 [INFO] fl_ids.eval.simulation: Round 12: mean_val_loss=0.0363, comm_bytes=583920
2026-09-24 20:44:30,171 [WARNING] fl_ids.fl.client: Client 5: no benign validation samples to evaluate on
2026-09-24 20:44:30,185 [INFO] fl_ids.eval.simulation: Round 13: mean_val_loss=0.0240, comm_bytes=583920
2026-09-24 20:44:49,073 [WARNING] fl_ids.fl.client: Client 5: no benign validation samples to evaluate on
2026-09-24 20:44:49,089 [INFO] fl_ids.eval.simulation: Round 14: mean_val_loss=0.0331, comm_bytes=583920
2026-09-24 20:44:49,199 [INFO] fl_ids.fl.client: Client 0 round 15: 18 of 801 boosting-passed rows flagged; surfacing 18
2026-09-24 20:44:49,660 [INFO] fl_ids.fl.client: Client 1 round 15: 164 of 2371 boosting-passed rows flagged; surfacing 50
2026-09-24 20:44:50,595 [INFO] fl_ids.fl.client: Client 2 round 15: 53 of 1508 boosting-passed rows flagged; surfacing 50
2026-09-24 20:44:51,163 [INFO] fl_ids.fl.client: Client 3 round 15: 890 of 7840 boosting-passed rows flagged; surfacing 50
2026-09-24 20:44:54,303 [INFO] fl_ids.fl.client: Client 4 round 15: 619 of 12415 boosting-passed rows flagged; surfacing 50
2026-09-24 20:45:00,187 [INFO] fl_ids.fl.client: Client 6 round 15: 392 of 3705 boosting-passed rows flagged; surfacing 50
2026-09-24 20:45:01,487 [INFO] fl_ids.fl.client: Client 7 round 15: 28 of 1931 boosting-passed rows flagged; surfacing 28
2026-09-24 20:45:02,228 [INFO] fl_ids.fl.client: Client 8 round 15: 602 of 12170 boosting-passed rows flagged; surfacing 50
2026-09-24 20:45:07,304 [INFO] fl_ids.fl.client: Client 9 round 15: 153 of 1725 boosting-passed rows flagged; surfacing 50
2026-09-24 20:45:52,868 [INFO] fl_ids.models.boosting: Continued boosting training: +50 trees on 96916 rows (now 550 trees)
2026-09-24 20:45:52,868 [INFO] fl_ids.models.boosting_update: Round 15: boosting v6 (continue) from 278 alerts ({'Backdoor': 3, 'DDoS_HTTP': 10, 'DDoS_ICMP': 34, 'DDoS_TCP': 14, 'DDoS_UDP': 32, 'Fingerprinting': 4, 'MITM': 2, 'Normal': 96, 'Password': 30, 'Port_Scanning': 3, 'SQL_injection': 12, 'Uploading': 4, 'Vulnerability_scanner': 29, 'XSS': 5}); 118 from excluded clients ignored
2026-09-24 20:45:53,172 [WARNING] fl_ids.fl.client: Client 5: no benign validation samples to evaluate on
2026-09-24 20:45:53,184 [INFO] fl_ids.eval.simulation: Round 15: mean_val_loss=0.0196, comm_bytes=583920
2026-09-24 20:46:06,531 [WARNING] fl_ids.fl.client: Client 5: no benign validation samples to evaluate on
2026-09-24 20:46:06,546 [INFO] fl_ids.eval.simulation: Round 16: mean_val_loss=0.0321, comm_bytes=583920
2026-09-24 20:46:19,905 [WARNING] fl_ids.fl.client: Client 5: no benign validation samples to evaluate on
2026-09-24 20:46:19,919 [INFO] fl_ids.eval.simulation: Round 17: mean_val_loss=0.0213, comm_bytes=583920
2026-09-24 20:46:20,019 [INFO] fl_ids.fl.client: Client 0 round 18: 18 of 801 boosting-passed rows flagged; surfacing 18
2026-09-24 20:46:20,342 [INFO] fl_ids.fl.client: Client 1 round 18: 183 of 2371 boosting-passed rows flagged; surfacing 50
2026-09-24 20:46:21,085 [INFO] fl_ids.fl.client: Client 2 round 18: 59 of 1508 boosting-passed rows flagged; surfacing 50
2026-09-24 20:46:21,609 [INFO] fl_ids.fl.client: Client 3 round 18: 928 of 7840 boosting-passed rows flagged; surfacing 50
2026-09-24 20:46:23,876 [INFO] fl_ids.fl.client: Client 4 round 18: 656 of 12415 boosting-passed rows flagged; surfacing 50
2026-09-24 20:46:28,840 [INFO] fl_ids.fl.client: Client 6 round 18: 430 of 3705 boosting-passed rows flagged; surfacing 50
2026-09-24 20:46:30,692 [INFO] fl_ids.fl.client: Client 7 round 18: 18 of 1931 boosting-passed rows flagged; surfacing 18
2026-09-24 20:46:31,442 [INFO] fl_ids.fl.client: Client 8 round 18: 654 of 12170 boosting-passed rows flagged; surfacing 50
2026-09-24 20:46:36,559 [INFO] fl_ids.fl.client: Client 9 round 18: 206 of 1725 boosting-passed rows flagged; surfacing 50
2026-09-24 20:47:42,994 [INFO] fl_ids.models.boosting: Continued boosting training: +50 trees on 97284 rows (now 600 trees)
2026-09-24 20:47:42,995 [INFO] fl_ids.models.boosting_update: Round 18: boosting v7 (continue) from 368 alerts ({'Backdoor': 2, 'DDoS_HTTP': 10, 'DDoS_ICMP': 71, 'DDoS_TCP': 12, 'DDoS_UDP': 26, 'Fingerprinting': 4, 'MITM': 2, 'Normal': 118, 'Password': 35, 'Port_Scanning': 1, 'SQL_injection': 9, 'Uploading': 12, 'Vulnerability_scanner': 57, 'XSS': 9}); 18 from excluded clients ignored
2026-09-24 20:47:43,421 [WARNING] fl_ids.fl.client: Client 5: no benign validation samples to evaluate on
2026-09-24 20:47:43,445 [INFO] fl_ids.eval.simulation: Round 18: mean_val_loss=0.0300, comm_bytes=583920
2026-09-24 20:47:58,555 [WARNING] fl_ids.fl.client: Client 5: no benign validation samples to evaluate on
2026-09-24 20:47:58,568 [INFO] fl_ids.eval.simulation: Round 19: mean_val_loss=0.0199, comm_bytes=583920
2026-09-24 20:48:11,330 [WARNING] fl_ids.fl.client: Client 5: no benign validation samples to evaluate on
2026-09-24 20:48:11,344 [INFO] fl_ids.eval.simulation: Round 20: mean_val_loss=0.0295, comm_bytes=583920
2026-09-24 20:48:11,370 [WARNING] fl_ids.eval.common: Clients [5] have no benign validation rows (infinite threshold); 189 test rows can't be flagged by the autoencoder
2026-09-24 20:48:11,396 [INFO] __main__: variant=autoencoder_only: attack_macro_recall=0.191 benign_fpr=0.0348 autoencoder_alone=0.191
2026-09-24 20:48:12,068 [INFO] __main__: variant=boosting_only: attack_macro_recall=0.875 benign_fpr=0.0000 autoencoder_alone=nan
2026-09-24 20:48:14,350 [INFO] fl_ids.eval.common: Excluded classes ['Backdoor'] from training: removed 1201 calibration rows, 755 federated-pool rows
2026-09-24 20:48:14,353 [INFO] fl_ids.models.boosting: Training boosting classifier: 94284 samples, 15 classes, 300 rounds
2026-09-24 20:48:35,701 [WARNING] fl_ids.data.pipeline: Client 0 has zero benign validation samples (heavy Dirichlet skew or too few benign samples in its shard)
2026-09-24 20:48:35,763 [WARNING] fl_ids.data.pipeline: Client 3 has zero benign validation samples (heavy Dirichlet skew or too few benign samples in its shard)
2026-09-24 20:48:35,796 [INFO] fl_ids.eval.common: Evaluation setup: 94284 calibration, 59245 federated pool (subsampled), 8882 test rows across 10 clients
2026-09-24 20:48:52,597 [WARNING] fl_ids.fl.client: Client 0: no benign validation samples to evaluate on
2026-09-24 20:48:52,625 [WARNING] fl_ids.fl.client: Client 3: no benign validation samples to evaluate on
2026-09-24 20:48:52,680 [INFO] fl_ids.eval.simulation: Round 1: mean_val_loss=0.2926, comm_bytes=583920
2026-09-24 20:49:06,168 [WARNING] fl_ids.fl.client: Client 0: no benign validation samples to evaluate on
2026-09-24 20:49:06,178 [WARNING] fl_ids.fl.client: Client 3: no benign validation samples to evaluate on
2026-09-24 20:49:06,192 [INFO] fl_ids.eval.simulation: Round 2: mean_val_loss=0.2164, comm_bytes=583920
2026-09-24 20:49:08,195 [INFO] fl_ids.fl.client: Client 1 round 3: 709 of 23823 boosting-passed rows flagged; surfacing 50
2026-09-24 20:49:14,382 [INFO] fl_ids.fl.client: Client 2 round 3: 19 of 568 boosting-passed rows flagged; surfacing 19
2026-09-24 20:49:14,974 [INFO] fl_ids.fl.client: Client 4 round 3: 14 of 414 boosting-passed rows flagged; surfacing 14
2026-09-24 20:49:15,328 [INFO] fl_ids.fl.client: Client 5 round 3: 8 of 274 boosting-passed rows flagged; surfacing 8
2026-09-24 20:49:15,613 [INFO] fl_ids.fl.client: Client 6 round 3: 48 of 1131 boosting-passed rows flagged; surfacing 48
2026-09-24 20:49:16,139 [INFO] fl_ids.fl.client: Client 7 round 3: 42 of 802 boosting-passed rows flagged; surfacing 42
2026-09-24 20:49:16,966 [INFO] fl_ids.fl.client: Client 8 round 3: 125 of 4872 boosting-passed rows flagged; surfacing 50
2026-09-24 20:49:19,105 [INFO] fl_ids.fl.client: Client 9 round 3: 4 of 300 boosting-passed rows flagged; surfacing 4
2026-09-24 20:49:38,604 [INFO] fl_ids.models.boosting: Continued boosting training: +50 trees on 94467 rows (now 350 trees)
2026-09-24 20:49:38,604 [INFO] fl_ids.models.boosting_update: Round 3: boosting v2 (continue) from 183 alerts ({'Normal': 180, 'Vulnerability_scanner': 2, 'XSS': 1}); 52 from excluded clients ignored
2026-09-24 20:49:38,828 [WARNING] fl_ids.fl.client: Client 0: no benign validation samples to evaluate on
2026-09-24 20:49:38,844 [WARNING] fl_ids.fl.client: Client 3: no benign validation samples to evaluate on
2026-09-24 20:49:38,872 [INFO] fl_ids.eval.simulation: Round 3: mean_val_loss=0.1220, comm_bytes=583920
2026-09-24 20:49:56,839 [WARNING] fl_ids.fl.client: Client 0: no benign validation samples to evaluate on
2026-09-24 20:49:56,851 [WARNING] fl_ids.fl.client: Client 3: no benign validation samples to evaluate on
2026-09-24 20:49:56,880 [INFO] fl_ids.eval.simulation: Round 4: mean_val_loss=0.0710, comm_bytes=583920
2026-09-24 20:50:16,162 [WARNING] fl_ids.fl.client: Client 0: no benign validation samples to evaluate on
2026-09-24 20:50:16,175 [WARNING] fl_ids.fl.client: Client 3: no benign validation samples to evaluate on
2026-09-24 20:50:16,192 [INFO] fl_ids.eval.simulation: Round 5: mean_val_loss=0.0502, comm_bytes=583920
2026-09-24 20:50:19,594 [INFO] fl_ids.fl.client: Client 1 round 6: 684 of 23820 boosting-passed rows flagged; surfacing 50
2026-09-24 20:50:31,463 [INFO] fl_ids.fl.client: Client 2 round 6: 36 of 566 boosting-passed rows flagged; surfacing 36
2026-09-24 20:50:32,176 [INFO] fl_ids.fl.client: Client 4 round 6: 21 of 414 boosting-passed rows flagged; surfacing 21
2026-09-24 20:50:32,727 [INFO] fl_ids.fl.client: Client 5 round 6: 8 of 269 boosting-passed rows flagged; surfacing 8
2026-09-24 20:50:32,993 [INFO] fl_ids.fl.client: Client 6 round 6: 43 of 1131 boosting-passed rows flagged; surfacing 43
2026-09-24 20:50:34,029 [INFO] fl_ids.fl.client: Client 7 round 6: 8 of 804 boosting-passed rows flagged; surfacing 8
2026-09-24 20:50:35,401 [INFO] fl_ids.fl.client: Client 8 round 6: 129 of 4869 boosting-passed rows flagged; surfacing 50
2026-09-24 20:50:37,740 [INFO] fl_ids.fl.client: Client 9 round 6: 12 of 301 boosting-passed rows flagged; surfacing 12
2026-09-24 20:51:03,352 [INFO] fl_ids.models.boosting: Continued boosting training: +50 trees on 94640 rows (now 400 trees)
2026-09-24 20:51:03,353 [INFO] fl_ids.models.boosting_update: Round 6: boosting v3 (continue) from 173 alerts ({'DDoS_HTTP': 1, 'Fingerprinting': 2, 'Normal': 158, 'Port_Scanning': 2, 'SQL_injection': 4, 'Uploading': 3, 'Vulnerability_scanner': 2, 'XSS': 1}); 55 from excluded clients ignored
2026-09-24 20:51:03,554 [WARNING] fl_ids.fl.client: Client 0: no benign validation samples to evaluate on
2026-09-24 20:51:03,564 [WARNING] fl_ids.fl.client: Client 3: no benign validation samples to evaluate on
2026-09-24 20:51:03,579 [INFO] fl_ids.eval.simulation: Round 6: mean_val_loss=0.0454, comm_bytes=583920
2026-09-24 20:51:19,541 [WARNING] fl_ids.fl.client: Client 0: no benign validation samples to evaluate on
2026-09-24 20:51:19,551 [WARNING] fl_ids.fl.client: Client 3: no benign validation samples to evaluate on
2026-09-24 20:51:19,567 [INFO] fl_ids.eval.simulation: Round 7: mean_val_loss=0.0433, comm_bytes=583920
2026-09-24 20:51:40,373 [WARNING] fl_ids.fl.client: Client 0: no benign validation samples to evaluate on
2026-09-24 20:51:40,383 [WARNING] fl_ids.fl.client: Client 3: no benign validation samples to evaluate on
2026-09-24 20:51:40,399 [INFO] fl_ids.eval.simulation: Round 8: mean_val_loss=0.0406, comm_bytes=583920
2026-09-24 20:51:44,058 [INFO] fl_ids.fl.client: Client 1 round 9: 784 of 23820 boosting-passed rows flagged; surfacing 50
2026-09-24 20:51:54,121 [INFO] fl_ids.fl.client: Client 2 round 9: 34 of 561 boosting-passed rows flagged; surfacing 34
2026-09-24 20:51:55,171 [INFO] fl_ids.fl.client: Client 4 round 9: 20 of 414 boosting-passed rows flagged; surfacing 20
2026-09-24 20:51:55,582 [INFO] fl_ids.fl.client: Client 5 round 9: 10 of 266 boosting-passed rows flagged; surfacing 10
2026-09-24 20:51:55,885 [INFO] fl_ids.fl.client: Client 6 round 9: 33 of 1129 boosting-passed rows flagged; surfacing 33
2026-09-24 20:51:56,669 [INFO] fl_ids.fl.client: Client 7 round 9: 10 of 804 boosting-passed rows flagged; surfacing 10
2026-09-24 20:51:58,210 [INFO] fl_ids.fl.client: Client 8 round 9: 134 of 4864 boosting-passed rows flagged; surfacing 50
2026-09-24 20:52:00,487 [INFO] fl_ids.fl.client: Client 9 round 9: 21 of 300 boosting-passed rows flagged; surfacing 21
2026-09-24 20:52:31,661 [INFO] fl_ids.models.boosting: Continued boosting training: +50 trees on 94804 rows (now 450 trees)
2026-09-24 20:52:31,661 [INFO] fl_ids.models.boosting_update: Round 9: boosting v4 (continue) from 164 alerts ({'DDoS_HTTP': 2, 'Fingerprinting': 2, 'Normal': 156, 'Port_Scanning': 1, 'Uploading': 2, 'XSS': 1}); 64 from excluded clients ignored
2026-09-24 20:52:31,874 [WARNING] fl_ids.fl.client: Client 0: no benign validation samples to evaluate on
2026-09-24 20:52:31,883 [WARNING] fl_ids.fl.client: Client 3: no benign validation samples to evaluate on
2026-09-24 20:52:31,896 [INFO] fl_ids.eval.simulation: Round 9: mean_val_loss=0.0389, comm_bytes=583920
2026-09-24 20:52:47,402 [WARNING] fl_ids.fl.client: Client 0: no benign validation samples to evaluate on
2026-09-24 20:52:47,413 [WARNING] fl_ids.fl.client: Client 3: no benign validation samples to evaluate on
2026-09-24 20:52:47,429 [INFO] fl_ids.eval.simulation: Round 10: mean_val_loss=0.0359, comm_bytes=583920
2026-09-24 20:53:02,785 [WARNING] fl_ids.fl.client: Client 0: no benign validation samples to evaluate on
2026-09-24 20:53:02,795 [WARNING] fl_ids.fl.client: Client 3: no benign validation samples to evaluate on
2026-09-24 20:53:02,811 [INFO] fl_ids.eval.simulation: Round 11: mean_val_loss=0.0300, comm_bytes=583920
2026-09-24 20:53:06,417 [INFO] fl_ids.fl.client: Client 1 round 12: 774 of 23819 boosting-passed rows flagged; surfacing 50
2026-09-24 20:53:13,139 [INFO] fl_ids.fl.client: Client 2 round 12: 45 of 557 boosting-passed rows flagged; surfacing 45
2026-09-24 20:53:13,953 [INFO] fl_ids.fl.client: Client 4 round 12: 34 of 414 boosting-passed rows flagged; surfacing 34
2026-09-24 20:53:14,431 [INFO] fl_ids.fl.client: Client 5 round 12: 5 of 263 boosting-passed rows flagged; surfacing 5
2026-09-24 20:53:15,013 [INFO] fl_ids.fl.client: Client 6 round 12: 34 of 1127 boosting-passed rows flagged; surfacing 34
2026-09-24 20:53:15,991 [INFO] fl_ids.fl.client: Client 7 round 12: 9 of 803 boosting-passed rows flagged; surfacing 9
2026-09-24 20:53:17,730 [INFO] fl_ids.fl.client: Client 8 round 12: 116 of 4861 boosting-passed rows flagged; surfacing 50
2026-09-24 20:53:19,665 [INFO] fl_ids.fl.client: Client 9 round 12: 8 of 301 boosting-passed rows flagged; surfacing 8
2026-09-24 20:54:05,635 [INFO] fl_ids.models.boosting: Continued boosting training: +50 trees on 94997 rows (now 500 trees)
2026-09-24 20:54:05,635 [INFO] fl_ids.models.boosting_update: Round 12: boosting v5 (continue) from 193 alerts ({'Fingerprinting': 1, 'Normal': 191, 'XSS': 1}); 42 from excluded clients ignored
2026-09-24 20:54:05,958 [WARNING] fl_ids.fl.client: Client 0: no benign validation samples to evaluate on
2026-09-24 20:54:05,972 [WARNING] fl_ids.fl.client: Client 3: no benign validation samples to evaluate on
2026-09-24 20:54:05,989 [INFO] fl_ids.eval.simulation: Round 12: mean_val_loss=0.0284, comm_bytes=583920
2026-09-24 20:54:22,639 [WARNING] fl_ids.fl.client: Client 0: no benign validation samples to evaluate on
2026-09-24 20:54:22,650 [WARNING] fl_ids.fl.client: Client 3: no benign validation samples to evaluate on
2026-09-24 20:54:22,666 [INFO] fl_ids.eval.simulation: Round 13: mean_val_loss=0.0312, comm_bytes=583920
2026-09-24 20:54:39,521 [WARNING] fl_ids.fl.client: Client 0: no benign validation samples to evaluate on
2026-09-24 20:54:39,532 [WARNING] fl_ids.fl.client: Client 3: no benign validation samples to evaluate on
2026-09-24 20:54:39,548 [INFO] fl_ids.eval.simulation: Round 14: mean_val_loss=0.0403, comm_bytes=583920
2026-09-24 20:54:43,967 [INFO] fl_ids.fl.client: Client 1 round 15: 659 of 23819 boosting-passed rows flagged; surfacing 50
2026-09-24 20:54:50,792 [INFO] fl_ids.fl.client: Client 2 round 15: 40 of 557 boosting-passed rows flagged; surfacing 40
2026-09-24 20:54:51,752 [INFO] fl_ids.fl.client: Client 4 round 15: 14 of 414 boosting-passed rows flagged; surfacing 14
2026-09-24 20:54:52,233 [INFO] fl_ids.fl.client: Client 5 round 15: 4 of 264 boosting-passed rows flagged; surfacing 4
2026-09-24 20:54:52,663 [INFO] fl_ids.fl.client: Client 6 round 15: 44 of 1127 boosting-passed rows flagged; surfacing 44
2026-09-24 20:54:53,404 [INFO] fl_ids.fl.client: Client 7 round 15: 6 of 802 boosting-passed rows flagged; surfacing 6
2026-09-24 20:54:54,662 [INFO] fl_ids.fl.client: Client 8 round 15: 124 of 4859 boosting-passed rows flagged; surfacing 50
2026-09-24 20:54:56,259 [INFO] fl_ids.fl.client: Client 9 round 15: 7 of 302 boosting-passed rows flagged; surfacing 7
2026-09-24 20:55:43,009 [INFO] fl_ids.models.boosting: Continued boosting training: +50 trees on 95205 rows (now 550 trees)
2026-09-24 20:55:43,009 [INFO] fl_ids.models.boosting_update: Round 15: boosting v6 (continue) from 208 alerts ({'DDoS_HTTP': 1, 'Normal': 205, 'Vulnerability_scanner': 1, 'XSS': 1}); 7 from excluded clients ignored
2026-09-24 20:55:43,348 [WARNING] fl_ids.fl.client: Client 0: no benign validation samples to evaluate on
2026-09-24 20:55:43,368 [WARNING] fl_ids.fl.client: Client 3: no benign validation samples to evaluate on
2026-09-24 20:55:43,397 [INFO] fl_ids.eval.simulation: Round 15: mean_val_loss=0.0332, comm_bytes=583920
2026-09-24 20:56:07,378 [WARNING] fl_ids.fl.client: Client 0: no benign validation samples to evaluate on
2026-09-24 20:56:07,391 [WARNING] fl_ids.fl.client: Client 3: no benign validation samples to evaluate on
2026-09-24 20:56:07,416 [INFO] fl_ids.eval.simulation: Round 16: mean_val_loss=0.0556, comm_bytes=583920
2026-09-24 20:56:24,259 [WARNING] fl_ids.fl.client: Client 0: no benign validation samples to evaluate on
2026-09-24 20:56:24,269 [WARNING] fl_ids.fl.client: Client 3: no benign validation samples to evaluate on
2026-09-24 20:56:24,287 [INFO] fl_ids.eval.simulation: Round 17: mean_val_loss=0.0256, comm_bytes=583920
2026-09-24 20:56:29,133 [INFO] fl_ids.fl.client: Client 1 round 18: 760 of 23817 boosting-passed rows flagged; surfacing 50
2026-09-24 20:56:36,176 [INFO] fl_ids.fl.client: Client 2 round 18: 39 of 557 boosting-passed rows flagged; surfacing 39
2026-09-24 20:56:37,240 [INFO] fl_ids.fl.client: Client 4 round 18: 12 of 414 boosting-passed rows flagged; surfacing 12
2026-09-24 20:56:37,742 [INFO] fl_ids.fl.client: Client 5 round 18: 6 of 267 boosting-passed rows flagged; surfacing 6
2026-09-24 20:56:38,181 [INFO] fl_ids.fl.client: Client 6 round 18: 18 of 1126 boosting-passed rows flagged; surfacing 18
2026-09-24 20:56:38,919 [INFO] fl_ids.fl.client: Client 7 round 18: 10 of 801 boosting-passed rows flagged; surfacing 10
2026-09-24 20:56:40,254 [INFO] fl_ids.fl.client: Client 8 round 18: 124 of 4851 boosting-passed rows flagged; surfacing 50
2026-09-24 20:56:41,890 [INFO] fl_ids.fl.client: Client 9 round 18: 8 of 301 boosting-passed rows flagged; surfacing 8
2026-09-24 20:57:23,187 [INFO] fl_ids.models.boosting: Continued boosting training: +50 trees on 95388 rows (now 600 trees)
2026-09-24 20:57:23,187 [INFO] fl_ids.models.boosting_update: Round 18: boosting v7 (continue) from 183 alerts ({'DDoS_HTTP': 1, 'Fingerprinting': 1, 'Normal': 177, 'Port_Scanning': 2, 'Vulnerability_scanner': 2}); 10 from excluded clients ignored
2026-09-24 20:57:23,555 [WARNING] fl_ids.fl.client: Client 0: no benign validation samples to evaluate on
2026-09-24 20:57:23,580 [WARNING] fl_ids.fl.client: Client 3: no benign validation samples to evaluate on
2026-09-24 20:57:23,608 [INFO] fl_ids.eval.simulation: Round 18: mean_val_loss=0.0379, comm_bytes=583920
2026-09-24 20:57:47,455 [WARNING] fl_ids.fl.client: Client 0: no benign validation samples to evaluate on
2026-09-24 20:57:47,466 [WARNING] fl_ids.fl.client: Client 3: no benign validation samples to evaluate on
2026-09-24 20:57:47,484 [INFO] fl_ids.eval.simulation: Round 19: mean_val_loss=0.0248, comm_bytes=583920
2026-09-24 20:58:09,809 [WARNING] fl_ids.fl.client: Client 0: no benign validation samples to evaluate on
2026-09-24 20:58:09,820 [WARNING] fl_ids.fl.client: Client 3: no benign validation samples to evaluate on
2026-09-24 20:58:09,840 [INFO] fl_ids.eval.simulation: Round 20: mean_val_loss=0.0414, comm_bytes=583920
2026-09-24 20:58:09,866 [WARNING] fl_ids.eval.common: Clients [0, 3] have no benign validation rows (infinite threshold); 673 test rows can't be flagged by the autoencoder
2026-09-24 20:58:10,546 [INFO] fl_ids.eval.zero_day: zero-day holdout=Backdoor run=full_pipeline: detection_rate=0.806
2026-09-24 20:58:26,052 [WARNING] fl_ids.fl.client: Client 0: no benign validation samples to evaluate on
2026-09-24 20:58:26,063 [WARNING] fl_ids.fl.client: Client 3: no benign validation samples to evaluate on
2026-09-24 20:58:26,082 [INFO] fl_ids.eval.simulation: Round 1: mean_val_loss=0.4605, comm_bytes=583920
2026-09-24 20:58:40,948 [WARNING] fl_ids.fl.client: Client 0: no benign validation samples to evaluate on
2026-09-24 20:58:40,999 [WARNING] fl_ids.fl.client: Client 3: no benign validation samples to evaluate on
2026-09-24 20:58:41,073 [INFO] fl_ids.eval.simulation: Round 2: mean_val_loss=6.9716, comm_bytes=583920
2026-09-24 20:58:43,025 [INFO] fl_ids.fl.client: Client 1 round 3: 604 of 23823 boosting-passed rows flagged; surfacing 50
2026-09-24 20:58:51,078 [INFO] fl_ids.fl.client: Client 2 round 3: 16 of 568 boosting-passed rows flagged; surfacing 16
2026-09-24 20:58:51,592 [INFO] fl_ids.fl.client: Client 4 round 3: 14 of 414 boosting-passed rows flagged; surfacing 14
2026-09-24 20:58:52,011 [INFO] fl_ids.fl.client: Client 5 round 3: 74 of 274 boosting-passed rows flagged; surfacing 50
2026-09-24 20:58:52,250 [INFO] fl_ids.fl.client: Client 6 round 3: 68 of 1131 boosting-passed rows flagged; surfacing 50
2026-09-24 20:58:52,707 [INFO] fl_ids.fl.client: Client 7 round 3: 41 of 802 boosting-passed rows flagged; surfacing 41
2026-09-24 20:58:53,377 [INFO] fl_ids.fl.client: Client 8 round 3: 155 of 4872 boosting-passed rows flagged; surfacing 50
2026-09-24 20:58:54,745 [INFO] fl_ids.fl.client: Client 9 round 3: 6 of 300 boosting-passed rows flagged; surfacing 6
2026-09-24 20:59:13,079 [INFO] fl_ids.models.boosting: Continued boosting training: +50 trees on 94561 rows (now 350 trees)
2026-09-24 20:59:13,079 [INFO] fl_ids.models.boosting_update: Round 3: boosting v2 (continue) from 277 alerts ({'DDoS_HTTP': 1, 'Normal': 233, 'SQL_injection': 41, 'Uploading': 2}); 0 from excluded clients ignored
2026-09-24 20:59:13,272 [WARNING] fl_ids.fl.client: Client 0: no benign validation samples to evaluate on
2026-09-24 20:59:13,287 [WARNING] fl_ids.fl.client: Client 3: no benign validation samples to evaluate on
2026-09-24 20:59:13,309 [INFO] fl_ids.eval.simulation: Round 3: mean_val_loss=1110.9099, comm_bytes=583920
2026-09-24 20:59:29,100 [WARNING] fl_ids.fl.client: Client 0: no benign validation samples to evaluate on
2026-09-24 20:59:29,111 [WARNING] fl_ids.fl.client: Client 3: no benign validation samples to evaluate on
2026-09-24 20:59:29,130 [INFO] fl_ids.eval.simulation: Round 4: mean_val_loss=110865.5676, comm_bytes=583920
2026-09-24 20:59:44,783 [WARNING] fl_ids.fl.client: Client 0: no benign validation samples to evaluate on
2026-09-24 20:59:44,794 [WARNING] fl_ids.fl.client: Client 3: no benign validation samples to evaluate on
2026-09-24 20:59:44,811 [INFO] fl_ids.eval.simulation: Round 5: mean_val_loss=4926133.1169, comm_bytes=583920
2026-09-24 20:59:46,737 [INFO] fl_ids.fl.client: Client 1 round 6: 696 of 23821 boosting-passed rows flagged; surfacing 50
2026-09-24 20:59:55,398 [INFO] fl_ids.fl.client: Client 2 round 6: 17 of 563 boosting-passed rows flagged; surfacing 17
2026-09-24 20:59:56,031 [INFO] fl_ids.fl.client: Client 4 round 6: 10 of 414 boosting-passed rows flagged; surfacing 10
2026-09-24 20:59:56,337 [INFO] fl_ids.fl.client: Client 5 round 6: 13 of 272 boosting-passed rows flagged; surfacing 13
2026-09-24 20:59:56,602 [INFO] fl_ids.fl.client: Client 6 round 6: 65 of 1130 boosting-passed rows flagged; surfacing 50
2026-09-24 20:59:57,118 [INFO] fl_ids.fl.client: Client 7 round 6: 41 of 803 boosting-passed rows flagged; surfacing 41
2026-09-24 20:59:57,772 [INFO] fl_ids.fl.client: Client 8 round 6: 152 of 4870 boosting-passed rows flagged; surfacing 50
2026-09-24 20:59:59,398 [INFO] fl_ids.fl.client: Client 9 round 6: 5 of 300 boosting-passed rows flagged; surfacing 5
2026-09-24 21:00:19,624 [INFO] fl_ids.models.boosting: Continued boosting training: +50 trees on 94797 rows (now 400 trees)
2026-09-24 21:00:19,624 [INFO] fl_ids.models.boosting_update: Round 6: boosting v3 (continue) from 236 alerts ({'Normal': 230, 'SQL_injection': 6}); 0 from excluded clients ignored
2026-09-24 21:00:19,797 [WARNING] fl_ids.fl.client: Client 0: no benign validation samples to evaluate on
2026-09-24 21:00:19,805 [WARNING] fl_ids.fl.client: Client 3: no benign validation samples to evaluate on
2026-09-24 21:00:19,817 [INFO] fl_ids.eval.simulation: Round 6: mean_val_loss=90180262.5969, comm_bytes=583920
2026-09-24 21:00:34,709 [WARNING] fl_ids.fl.client: Client 0: no benign validation samples to evaluate on
2026-09-24 21:00:34,723 [WARNING] fl_ids.fl.client: Client 3: no benign validation samples to evaluate on
2026-09-24 21:00:34,738 [INFO] fl_ids.eval.simulation: Round 7: mean_val_loss=1155603631.6192, comm_bytes=583920
2026-09-24 21:00:51,369 [WARNING] fl_ids.fl.client: Client 0: no benign validation samples to evaluate on
2026-09-24 21:00:51,379 [WARNING] fl_ids.fl.client: Client 3: no benign validation samples to evaluate on
2026-09-24 21:00:51,394 [INFO] fl_ids.eval.simulation: Round 8: mean_val_loss=8895861353.5496, comm_bytes=583920
2026-09-24 21:00:53,805 [INFO] fl_ids.fl.client: Client 1 round 9: 645 of 23821 boosting-passed rows flagged; surfacing 50
2026-09-24 21:01:02,472 [INFO] fl_ids.fl.client: Client 2 round 9: 24 of 562 boosting-passed rows flagged; surfacing 24
2026-09-24 21:01:03,642 [INFO] fl_ids.fl.client: Client 4 round 9: 9 of 414 boosting-passed rows flagged; surfacing 9
2026-09-24 21:01:03,959 [INFO] fl_ids.fl.client: Client 5 round 9: 7 of 272 boosting-passed rows flagged; surfacing 7
2026-09-24 21:01:04,215 [INFO] fl_ids.fl.client: Client 6 round 9: 66 of 1129 boosting-passed rows flagged; surfacing 50
2026-09-24 21:01:04,739 [INFO] fl_ids.fl.client: Client 7 round 9: 41 of 801 boosting-passed rows flagged; surfacing 41
2026-09-24 21:01:05,467 [INFO] fl_ids.fl.client: Client 8 round 9: 140 of 4864 boosting-passed rows flagged; surfacing 50
2026-09-24 21:01:07,959 [INFO] fl_ids.fl.client: Client 9 round 9: 6 of 300 boosting-passed rows flagged; surfacing 6
2026-09-24 21:01:33,206 [INFO] fl_ids.models.boosting: Continued boosting training: +50 trees on 95034 rows (now 450 trees)
2026-09-24 21:01:33,206 [INFO] fl_ids.models.boosting_update: Round 9: boosting v4 (continue) from 237 alerts ({'Normal': 237}); 0 from excluded clients ignored
2026-09-24 21:01:33,403 [WARNING] fl_ids.fl.client: Client 0: no benign validation samples to evaluate on
2026-09-24 21:01:33,412 [WARNING] fl_ids.fl.client: Client 3: no benign validation samples to evaluate on
2026-09-24 21:01:33,425 [INFO] fl_ids.eval.simulation: Round 9: mean_val_loss=50293440622.9865, comm_bytes=583920
2026-09-24 21:01:47,600 [WARNING] fl_ids.fl.client: Client 0: no benign validation samples to evaluate on
2026-09-24 21:01:47,609 [WARNING] fl_ids.fl.client: Client 3: no benign validation samples to evaluate on
2026-09-24 21:01:47,623 [INFO] fl_ids.eval.simulation: Round 10: mean_val_loss=194557173157.0736, comm_bytes=583920
2026-09-24 21:02:05,365 [WARNING] fl_ids.fl.client: Client 0: no benign validation samples to evaluate on
2026-09-24 21:02:05,375 [WARNING] fl_ids.fl.client: Client 3: no benign validation samples to evaluate on
2026-09-24 21:02:05,391 [INFO] fl_ids.eval.simulation: Round 11: mean_val_loss=612678768015.3263, comm_bytes=583920
2026-09-24 21:02:08,734 [INFO] fl_ids.fl.client: Client 1 round 12: 629 of 23825 boosting-passed rows flagged; surfacing 50
2026-09-24 21:02:17,806 [INFO] fl_ids.fl.client: Client 2 round 12: 32 of 563 boosting-passed rows flagged; surfacing 32
2026-09-24 21:02:18,685 [INFO] fl_ids.fl.client: Client 4 round 12: 10 of 414 boosting-passed rows flagged; surfacing 10
2026-09-24 21:02:19,229 [INFO] fl_ids.fl.client: Client 5 round 12: 5 of 270 boosting-passed rows flagged; surfacing 5
2026-09-24 21:02:19,559 [INFO] fl_ids.fl.client: Client 6 round 12: 66 of 1130 boosting-passed rows flagged; surfacing 50
2026-09-24 21:02:20,743 [INFO] fl_ids.fl.client: Client 7 round 12: 41 of 801 boosting-passed rows flagged; surfacing 41
2026-09-24 21:02:21,868 [INFO] fl_ids.fl.client: Client 8 round 12: 140 of 4863 boosting-passed rows flagged; surfacing 50
2026-09-24 21:02:23,447 [INFO] fl_ids.fl.client: Client 9 round 12: 6 of 299 boosting-passed rows flagged; surfacing 6
2026-09-24 21:02:54,944 [INFO] fl_ids.models.boosting: Continued boosting training: +50 trees on 95278 rows (now 500 trees)
2026-09-24 21:02:54,944 [INFO] fl_ids.models.boosting_update: Round 12: boosting v5 (continue) from 244 alerts ({'Normal': 244}); 0 from excluded clients ignored
2026-09-24 21:02:55,156 [WARNING] fl_ids.fl.client: Client 0: no benign validation samples to evaluate on
2026-09-24 21:02:55,165 [WARNING] fl_ids.fl.client: Client 3: no benign validation samples to evaluate on
2026-09-24 21:02:55,177 [INFO] fl_ids.eval.simulation: Round 12: mean_val_loss=1829491480347.2778, comm_bytes=583920
2026-09-24 21:03:09,281 [WARNING] fl_ids.fl.client: Client 0: no benign validation samples to evaluate on
2026-09-24 21:03:09,290 [WARNING] fl_ids.fl.client: Client 3: no benign validation samples to evaluate on
2026-09-24 21:03:09,303 [INFO] fl_ids.eval.simulation: Round 13: mean_val_loss=5078300208514.5781, comm_bytes=583920
2026-09-24 21:03:25,217 [WARNING] fl_ids.fl.client: Client 0: no benign validation samples to evaluate on
2026-09-24 21:03:25,238 [WARNING] fl_ids.fl.client: Client 3: no benign validation samples to evaluate on
2026-09-24 21:03:25,260 [INFO] fl_ids.eval.simulation: Round 14: mean_val_loss=12395359346451.0293, comm_bytes=583920
2026-09-24 21:03:29,093 [INFO] fl_ids.fl.client: Client 1 round 15: 625 of 23817 boosting-passed rows flagged; surfacing 50
2026-09-24 21:03:37,678 [INFO] fl_ids.fl.client: Client 2 round 15: 32 of 562 boosting-passed rows flagged; surfacing 32
2026-09-24 21:03:38,814 [INFO] fl_ids.fl.client: Client 4 round 15: 10 of 414 boosting-passed rows flagged; surfacing 10
2026-09-24 21:03:39,545 [INFO] fl_ids.fl.client: Client 5 round 15: 4 of 266 boosting-passed rows flagged; surfacing 4
2026-09-24 21:03:40,205 [INFO] fl_ids.fl.client: Client 6 round 15: 66 of 1129 boosting-passed rows flagged; surfacing 50
2026-09-24 21:03:40,886 [INFO] fl_ids.fl.client: Client 7 round 15: 41 of 802 boosting-passed rows flagged; surfacing 41
2026-09-24 21:03:41,785 [INFO] fl_ids.fl.client: Client 8 round 15: 141 of 4862 boosting-passed rows flagged; surfacing 50
2026-09-24 21:03:44,358 [INFO] fl_ids.fl.client: Client 9 round 15: 6 of 301 boosting-passed rows flagged; surfacing 6
2026-09-24 21:04:21,548 [INFO] fl_ids.models.boosting: Continued boosting training: +50 trees on 95521 rows (now 550 trees)
2026-09-24 21:04:21,548 [INFO] fl_ids.models.boosting_update: Round 15: boosting v6 (continue) from 243 alerts ({'Normal': 243}); 0 from excluded clients ignored
2026-09-24 21:04:21,785 [WARNING] fl_ids.fl.client: Client 0: no benign validation samples to evaluate on
2026-09-24 21:04:21,790 [WARNING] fl_ids.fl.client: Client 3: no benign validation samples to evaluate on
2026-09-24 21:04:21,803 [INFO] fl_ids.eval.simulation: Round 15: mean_val_loss=27277995644435.3086, comm_bytes=583920
2026-09-24 21:04:37,087 [WARNING] fl_ids.fl.client: Client 0: no benign validation samples to evaluate on
2026-09-24 21:04:37,096 [WARNING] fl_ids.fl.client: Client 3: no benign validation samples to evaluate on
2026-09-24 21:04:37,110 [INFO] fl_ids.eval.simulation: Round 16: mean_val_loss=55378116353631.0547, comm_bytes=583920
2026-09-24 21:04:52,291 [WARNING] fl_ids.fl.client: Client 0: no benign validation samples to evaluate on
2026-09-24 21:04:52,300 [WARNING] fl_ids.fl.client: Client 3: no benign validation samples to evaluate on
2026-09-24 21:04:52,314 [INFO] fl_ids.eval.simulation: Round 17: mean_val_loss=104747134211633.3125, comm_bytes=583920
2026-09-24 21:04:56,138 [INFO] fl_ids.fl.client: Client 1 round 18: 622 of 23818 boosting-passed rows flagged; surfacing 50
2026-09-24 21:05:04,757 [INFO] fl_ids.fl.client: Client 2 round 18: 32 of 562 boosting-passed rows flagged; surfacing 32
2026-09-24 21:05:05,953 [INFO] fl_ids.fl.client: Client 4 round 18: 10 of 414 boosting-passed rows flagged; surfacing 10
2026-09-24 21:05:06,620 [INFO] fl_ids.fl.client: Client 5 round 18: 4 of 263 boosting-passed rows flagged; surfacing 4
2026-09-24 21:05:06,979 [INFO] fl_ids.fl.client: Client 6 round 18: 66 of 1129 boosting-passed rows flagged; surfacing 50
2026-09-24 21:05:07,575 [INFO] fl_ids.fl.client: Client 7 round 18: 41 of 802 boosting-passed rows flagged; surfacing 41
2026-09-24 21:05:09,080 [INFO] fl_ids.fl.client: Client 8 round 18: 141 of 4858 boosting-passed rows flagged; surfacing 50
2026-09-24 21:05:11,405 [INFO] fl_ids.fl.client: Client 9 round 18: 6 of 299 boosting-passed rows flagged; surfacing 6
2026-09-24 21:05:59,699 [INFO] fl_ids.models.boosting: Continued boosting training: +50 trees on 95764 rows (now 600 trees)
2026-09-24 21:05:59,700 [INFO] fl_ids.models.boosting_update: Round 18: boosting v7 (continue) from 243 alerts ({'Normal': 243}); 0 from excluded clients ignored
2026-09-24 21:05:59,976 [WARNING] fl_ids.fl.client: Client 0: no benign validation samples to evaluate on
2026-09-24 21:05:59,985 [WARNING] fl_ids.fl.client: Client 3: no benign validation samples to evaluate on
2026-09-24 21:05:59,998 [INFO] fl_ids.eval.simulation: Round 18: mean_val_loss=186610912169715.5312, comm_bytes=583920
2026-09-24 21:06:16,885 [WARNING] fl_ids.fl.client: Client 0: no benign validation samples to evaluate on
2026-09-24 21:06:16,894 [WARNING] fl_ids.fl.client: Client 3: no benign validation samples to evaluate on
2026-09-24 21:06:16,908 [INFO] fl_ids.eval.simulation: Round 19: mean_val_loss=316670571491482.5000, comm_bytes=583920
2026-09-24 21:06:33,803 [WARNING] fl_ids.fl.client: Client 0: no benign validation samples to evaluate on
2026-09-24 21:06:33,813 [WARNING] fl_ids.fl.client: Client 3: no benign validation samples to evaluate on
2026-09-24 21:06:33,827 [INFO] fl_ids.eval.simulation: Round 20: mean_val_loss=514263314239147.5625, comm_bytes=583920
2026-09-24 21:06:33,851 [WARNING] fl_ids.eval.common: Clients [0, 3] have no benign validation rows (infinite threshold); 673 test rows can't be flagged by the autoencoder
2026-09-24 21:06:34,660 [INFO] fl_ids.eval.zero_day: zero-day holdout=Backdoor run=plain_fedavg: detection_rate=0.796
2026-09-24 21:06:48,143 [WARNING] fl_ids.fl.client: Client 0: no benign validation samples to evaluate on
2026-09-24 21:06:48,152 [WARNING] fl_ids.fl.client: Client 3: no benign validation samples to evaluate on
2026-09-24 21:06:48,169 [INFO] fl_ids.eval.simulation: Round 1: mean_val_loss=0.3318, comm_bytes=583920
2026-09-24 21:07:04,752 [WARNING] fl_ids.fl.client: Client 0: no benign validation samples to evaluate on
2026-09-24 21:07:04,762 [WARNING] fl_ids.fl.client: Client 3: no benign validation samples to evaluate on
2026-09-24 21:07:04,777 [INFO] fl_ids.eval.simulation: Round 2: mean_val_loss=0.3619, comm_bytes=583920
2026-09-24 21:07:06,511 [INFO] fl_ids.fl.client: Client 1 round 3: 633 of 23823 boosting-passed rows flagged; surfacing 50
2026-09-24 21:07:16,148 [INFO] fl_ids.fl.client: Client 2 round 3: 42 of 568 boosting-passed rows flagged; surfacing 42
2026-09-24 21:07:16,797 [INFO] fl_ids.fl.client: Client 4 round 3: 14 of 414 boosting-passed rows flagged; surfacing 14
2026-09-24 21:07:17,209 [INFO] fl_ids.fl.client: Client 5 round 3: 4 of 274 boosting-passed rows flagged; surfacing 4
2026-09-24 21:07:17,720 [INFO] fl_ids.fl.client: Client 6 round 3: 53 of 1131 boosting-passed rows flagged; surfacing 50
2026-09-24 21:07:18,370 [INFO] fl_ids.fl.client: Client 7 round 3: 41 of 802 boosting-passed rows flagged; surfacing 41
2026-09-24 21:07:18,961 [INFO] fl_ids.fl.client: Client 8 round 3: 144 of 4872 boosting-passed rows flagged; surfacing 50
2026-09-24 21:07:21,819 [INFO] fl_ids.fl.client: Client 9 round 3: 8 of 300 boosting-passed rows flagged; surfacing 8
2026-09-24 21:07:40,586 [INFO] fl_ids.models.boosting: Continued boosting training: +50 trees on 94543 rows (now 350 trees)
2026-09-24 21:07:40,587 [INFO] fl_ids.models.boosting_update: Round 3: boosting v2 (continue) from 259 alerts ({'Normal': 258, 'XSS': 1}); 0 from excluded clients ignored
2026-09-24 21:07:40,744 [WARNING] fl_ids.fl.client: Client 0: no benign validation samples to evaluate on
2026-09-24 21:07:40,755 [WARNING] fl_ids.fl.client: Client 3: no benign validation samples to evaluate on
2026-09-24 21:07:40,767 [INFO] fl_ids.eval.simulation: Round 3: mean_val_loss=0.4599, comm_bytes=583920
2026-09-24 21:07:54,734 [WARNING] fl_ids.fl.client: Client 0: no benign validation samples to evaluate on
2026-09-24 21:07:54,746 [WARNING] fl_ids.fl.client: Client 3: no benign validation samples to evaluate on
2026-09-24 21:07:54,768 [INFO] fl_ids.eval.simulation: Round 4: mean_val_loss=0.8100, comm_bytes=583920
2026-09-24 21:08:09,814 [WARNING] fl_ids.fl.client: Client 0: no benign validation samples to evaluate on
2026-09-24 21:08:09,829 [WARNING] fl_ids.fl.client: Client 3: no benign validation samples to evaluate on
2026-09-24 21:08:09,845 [INFO] fl_ids.eval.simulation: Round 5: mean_val_loss=2.1160, comm_bytes=583920
2026-09-24 21:08:12,119 [INFO] fl_ids.fl.client: Client 1 round 6: 634 of 23822 boosting-passed rows flagged; surfacing 50
2026-09-24 21:08:20,165 [INFO] fl_ids.fl.client: Client 2 round 6: 41 of 566 boosting-passed rows flagged; surfacing 41
2026-09-24 21:08:20,703 [INFO] fl_ids.fl.client: Client 4 round 6: 18 of 414 boosting-passed rows flagged; surfacing 18
2026-09-24 21:08:21,028 [INFO] fl_ids.fl.client: Client 5 round 6: 4 of 268 boosting-passed rows flagged; surfacing 4
2026-09-24 21:08:21,280 [INFO] fl_ids.fl.client: Client 6 round 6: 37 of 1130 boosting-passed rows flagged; surfacing 37
2026-09-24 21:08:21,734 [INFO] fl_ids.fl.client: Client 7 round 6: 38 of 803 boosting-passed rows flagged; surfacing 38
2026-09-24 21:08:22,434 [INFO] fl_ids.fl.client: Client 8 round 6: 147 of 4872 boosting-passed rows flagged; surfacing 50
2026-09-24 21:08:23,989 [INFO] fl_ids.fl.client: Client 9 round 6: 14 of 300 boosting-passed rows flagged; surfacing 14
2026-09-24 21:08:46,395 [INFO] fl_ids.models.boosting: Continued boosting training: +50 trees on 94795 rows (now 400 trees)
2026-09-24 21:08:46,398 [INFO] fl_ids.models.boosting_update: Round 6: boosting v3 (continue) from 252 alerts ({'Normal': 252}); 0 from excluded clients ignored
2026-09-24 21:08:46,650 [WARNING] fl_ids.fl.client: Client 0: no benign validation samples to evaluate on
2026-09-24 21:08:46,711 [WARNING] fl_ids.fl.client: Client 3: no benign validation samples to evaluate on
2026-09-24 21:08:46,808 [INFO] fl_ids.eval.simulation: Round 6: mean_val_loss=5.7229, comm_bytes=583920
2026-09-24 21:09:02,748 [WARNING] fl_ids.fl.client: Client 0: no benign validation samples to evaluate on
2026-09-24 21:09:02,760 [WARNING] fl_ids.fl.client: Client 3: no benign validation samples to evaluate on
2026-09-24 21:09:02,795 [INFO] fl_ids.eval.simulation: Round 7: mean_val_loss=12.5574, comm_bytes=583920
2026-09-24 21:09:19,282 [WARNING] fl_ids.fl.client: Client 0: no benign validation samples to evaluate on
2026-09-24 21:09:19,291 [WARNING] fl_ids.fl.client: Client 3: no benign validation samples to evaluate on
2026-09-24 21:09:19,306 [INFO] fl_ids.eval.simulation: Round 8: mean_val_loss=25.4070, comm_bytes=583920
2026-09-24 21:09:22,456 [INFO] fl_ids.fl.client: Client 1 round 9: 634 of 23820 boosting-passed rows flagged; surfacing 50
2026-09-24 21:09:30,453 [INFO] fl_ids.fl.client: Client 2 round 9: 41 of 564 boosting-passed rows flagged; surfacing 41
2026-09-24 21:09:31,214 [INFO] fl_ids.fl.client: Client 4 round 9: 15 of 414 boosting-passed rows flagged; surfacing 15
2026-09-24 21:09:31,568 [INFO] fl_ids.fl.client: Client 5 round 9: 4 of 268 boosting-passed rows flagged; surfacing 4
2026-09-24 21:09:31,953 [INFO] fl_ids.fl.client: Client 6 round 9: 81 of 1128 boosting-passed rows flagged; surfacing 50
2026-09-24 21:09:32,613 [INFO] fl_ids.fl.client: Client 7 round 9: 41 of 802 boosting-passed rows flagged; surfacing 41
2026-09-24 21:09:33,506 [INFO] fl_ids.fl.client: Client 8 round 9: 137 of 4866 boosting-passed rows flagged; surfacing 50
2026-09-24 21:09:34,823 [INFO] fl_ids.fl.client: Client 9 round 9: 6 of 299 boosting-passed rows flagged; surfacing 6
2026-09-24 21:10:00,835 [INFO] fl_ids.models.boosting: Continued boosting training: +50 trees on 95052 rows (now 450 trees)
2026-09-24 21:10:00,835 [INFO] fl_ids.models.boosting_update: Round 9: boosting v4 (continue) from 257 alerts ({'Normal': 257}); 0 from excluded clients ignored
2026-09-24 21:10:01,081 [WARNING] fl_ids.fl.client: Client 0: no benign validation samples to evaluate on
2026-09-24 21:10:01,099 [WARNING] fl_ids.fl.client: Client 3: no benign validation samples to evaluate on
2026-09-24 21:10:01,122 [INFO] fl_ids.eval.simulation: Round 9: mean_val_loss=47.8542, comm_bytes=583920
2026-09-24 21:10:17,775 [WARNING] fl_ids.fl.client: Client 0: no benign validation samples to evaluate on
2026-09-24 21:10:17,784 [WARNING] fl_ids.fl.client: Client 3: no benign validation samples to evaluate on
2026-09-24 21:10:17,799 [INFO] fl_ids.eval.simulation: Round 10: mean_val_loss=85.1581, comm_bytes=583920
2026-09-24 21:10:34,900 [WARNING] fl_ids.fl.client: Client 0: no benign validation samples to evaluate on
2026-09-24 21:10:34,910 [WARNING] fl_ids.fl.client: Client 3: no benign validation samples to evaluate on
2026-09-24 21:10:34,929 [INFO] fl_ids.eval.simulation: Round 11: mean_val_loss=144.6045, comm_bytes=583920
2026-09-24 21:10:38,162 [INFO] fl_ids.fl.client: Client 1 round 12: 599 of 23819 boosting-passed rows flagged; surfacing 50
2026-09-24 21:10:45,390 [INFO] fl_ids.fl.client: Client 2 round 12: 41 of 564 boosting-passed rows flagged; surfacing 41
2026-09-24 21:10:46,186 [INFO] fl_ids.fl.client: Client 4 round 12: 11 of 414 boosting-passed rows flagged; surfacing 11
2026-09-24 21:10:46,582 [INFO] fl_ids.fl.client: Client 5 round 12: 4 of 268 boosting-passed rows flagged; surfacing 4
2026-09-24 21:10:46,926 [INFO] fl_ids.fl.client: Client 6 round 12: 66 of 1129 boosting-passed rows flagged; surfacing 50
2026-09-24 21:10:47,512 [INFO] fl_ids.fl.client: Client 7 round 12: 41 of 802 boosting-passed rows flagged; surfacing 41
2026-09-24 21:10:48,498 [INFO] fl_ids.fl.client: Client 8 round 12: 147 of 4864 boosting-passed rows flagged; surfacing 50
2026-09-24 21:10:49,866 [INFO] fl_ids.fl.client: Client 9 round 12: 5 of 299 boosting-passed rows flagged; surfacing 5
2026-09-24 21:11:26,783 [INFO] fl_ids.models.boosting: Continued boosting training: +50 trees on 95304 rows (now 500 trees)
2026-09-24 21:11:26,784 [INFO] fl_ids.models.boosting_update: Round 12: boosting v5 (continue) from 252 alerts ({'Normal': 252}); 0 from excluded clients ignored
2026-09-24 21:11:27,064 [WARNING] fl_ids.fl.client: Client 0: no benign validation samples to evaluate on
2026-09-24 21:11:27,082 [WARNING] fl_ids.fl.client: Client 3: no benign validation samples to evaluate on
2026-09-24 21:11:27,104 [INFO] fl_ids.eval.simulation: Round 12: mean_val_loss=237.7004, comm_bytes=583920
2026-09-24 21:11:46,797 [WARNING] fl_ids.fl.client: Client 0: no benign validation samples to evaluate on
2026-09-24 21:11:46,809 [WARNING] fl_ids.fl.client: Client 3: no benign validation samples to evaluate on
2026-09-24 21:11:46,830 [INFO] fl_ids.eval.simulation: Round 13: mean_val_loss=372.1374, comm_bytes=583920
2026-09-24 21:12:04,311 [WARNING] fl_ids.fl.client: Client 0: no benign validation samples to evaluate on
2026-09-24 21:12:04,321 [WARNING] fl_ids.fl.client: Client 3: no benign validation samples to evaluate on
2026-09-24 21:12:04,338 [INFO] fl_ids.eval.simulation: Round 14: mean_val_loss=565.2403, comm_bytes=583920
2026-09-24 21:12:08,125 [INFO] fl_ids.fl.client: Client 1 round 15: 606 of 23821 boosting-passed rows flagged; surfacing 50
2026-09-24 21:12:14,626 [INFO] fl_ids.fl.client: Client 2 round 15: 41 of 566 boosting-passed rows flagged; surfacing 41
2026-09-24 21:12:15,551 [INFO] fl_ids.fl.client: Client 4 round 15: 14 of 414 boosting-passed rows flagged; surfacing 14
2026-09-24 21:12:16,018 [INFO] fl_ids.fl.client: Client 5 round 15: 4 of 263 boosting-passed rows flagged; surfacing 4
2026-09-24 21:12:16,395 [INFO] fl_ids.fl.client: Client 6 round 15: 66 of 1128 boosting-passed rows flagged; surfacing 50
2026-09-24 21:12:17,037 [INFO] fl_ids.fl.client: Client 7 round 15: 41 of 801 boosting-passed rows flagged; surfacing 41
2026-09-24 21:12:18,115 [INFO] fl_ids.fl.client: Client 8 round 15: 145 of 4861 boosting-passed rows flagged; surfacing 50
2026-09-24 21:12:19,560 [INFO] fl_ids.fl.client: Client 9 round 15: 5 of 301 boosting-passed rows flagged; surfacing 5
2026-09-24 21:13:02,309 [INFO] fl_ids.models.boosting: Continued boosting training: +50 trees on 95559 rows (now 550 trees)
2026-09-24 21:13:02,310 [INFO] fl_ids.models.boosting_update: Round 15: boosting v6 (continue) from 255 alerts ({'Normal': 255}); 0 from excluded clients ignored
2026-09-24 21:13:02,641 [WARNING] fl_ids.fl.client: Client 0: no benign validation samples to evaluate on
2026-09-24 21:13:02,667 [WARNING] fl_ids.fl.client: Client 3: no benign validation samples to evaluate on
2026-09-24 21:13:02,713 [INFO] fl_ids.eval.simulation: Round 15: mean_val_loss=836.3631, comm_bytes=583920
2026-09-24 21:13:23,279 [WARNING] fl_ids.fl.client: Client 0: no benign validation samples to evaluate on
2026-09-24 21:13:23,291 [WARNING] fl_ids.fl.client: Client 3: no benign validation samples to evaluate on
2026-09-24 21:13:23,310 [INFO] fl_ids.eval.simulation: Round 16: mean_val_loss=1216.7270, comm_bytes=583920
2026-09-24 21:13:39,815 [WARNING] fl_ids.fl.client: Client 0: no benign validation samples to evaluate on
2026-09-24 21:13:39,825 [WARNING] fl_ids.fl.client: Client 3: no benign validation samples to evaluate on
2026-09-24 21:13:39,841 [INFO] fl_ids.eval.simulation: Round 17: mean_val_loss=1733.3077, comm_bytes=583920
2026-09-24 21:13:44,309 [INFO] fl_ids.fl.client: Client 1 round 18: 590 of 23820 boosting-passed rows flagged; surfacing 50
2026-09-24 21:13:50,831 [INFO] fl_ids.fl.client: Client 2 round 18: 37 of 562 boosting-passed rows flagged; surfacing 37
2026-09-24 21:13:51,834 [INFO] fl_ids.fl.client: Client 4 round 18: 14 of 414 boosting-passed rows flagged; surfacing 14
2026-09-24 21:13:52,333 [INFO] fl_ids.fl.client: Client 5 round 18: 4 of 267 boosting-passed rows flagged; surfacing 4
2026-09-24 21:13:52,758 [INFO] fl_ids.fl.client: Client 6 round 18: 62 of 1127 boosting-passed rows flagged; surfacing 50
2026-09-24 21:13:53,433 [INFO] fl_ids.fl.client: Client 7 round 18: 41 of 803 boosting-passed rows flagged; surfacing 41
2026-09-24 21:13:54,677 [INFO] fl_ids.fl.client: Client 8 round 18: 143 of 4865 boosting-passed rows flagged; surfacing 50
2026-09-24 21:13:56,276 [INFO] fl_ids.fl.client: Client 9 round 18: 6 of 299 boosting-passed rows flagged; surfacing 6
2026-09-24 21:15:07,390 [INFO] fl_ids.models.boosting: Continued boosting training: +50 trees on 95811 rows (now 600 trees)
2026-09-24 21:15:07,392 [INFO] fl_ids.models.boosting_update: Round 18: boosting v7 (continue) from 252 alerts ({'Normal': 252}); 0 from excluded clients ignored
2026-09-24 21:15:07,785 [WARNING] fl_ids.fl.client: Client 0: no benign validation samples to evaluate on
2026-09-24 21:15:07,803 [WARNING] fl_ids.fl.client: Client 3: no benign validation samples to evaluate on
2026-09-24 21:15:07,832 [INFO] fl_ids.eval.simulation: Round 18: mean_val_loss=2420.3278, comm_bytes=583920
2026-09-24 21:15:27,437 [WARNING] fl_ids.fl.client: Client 0: no benign validation samples to evaluate on
2026-09-24 21:15:27,449 [WARNING] fl_ids.fl.client: Client 3: no benign validation samples to evaluate on
2026-09-24 21:15:27,468 [INFO] fl_ids.eval.simulation: Round 19: mean_val_loss=3744.9487, comm_bytes=583920
2026-09-24 21:15:46,780 [WARNING] fl_ids.fl.client: Client 0: no benign validation samples to evaluate on
2026-09-24 21:15:46,789 [WARNING] fl_ids.fl.client: Client 3: no benign validation samples to evaluate on
2026-09-24 21:15:46,804 [INFO] fl_ids.eval.simulation: Round 20: mean_val_loss=5644.6657, comm_bytes=583920
2026-09-24 21:15:46,828 [WARNING] fl_ids.eval.common: Clients [0, 3] have no benign validation rows (infinite threshold); 673 test rows can't be flagged by the autoencoder
2026-09-24 21:15:47,710 [INFO] fl_ids.eval.zero_day: zero-day holdout=Backdoor run=trimmed_mean_only: detection_rate=0.804
2026-09-24 21:16:00,107 [WARNING] fl_ids.fl.client: Client 0: no benign validation samples to evaluate on
2026-09-24 21:16:00,117 [WARNING] fl_ids.fl.client: Client 3: no benign validation samples to evaluate on
2026-09-24 21:16:00,131 [INFO] fl_ids.eval.simulation: Round 1: mean_val_loss=0.2466, comm_bytes=583920
2026-09-24 21:16:15,524 [WARNING] fl_ids.fl.client: Client 0: no benign validation samples to evaluate on
2026-09-24 21:16:15,534 [WARNING] fl_ids.fl.client: Client 3: no benign validation samples to evaluate on
2026-09-24 21:16:15,550 [INFO] fl_ids.eval.simulation: Round 2: mean_val_loss=0.1440, comm_bytes=583920
2026-09-24 21:16:15,953 [INFO] fl_ids.fl.client: Client 1 round 3: 1385 of 25292 boosting-passed rows flagged; surfacing 50
2026-09-24 21:16:25,809 [INFO] fl_ids.fl.client: Client 2 round 3: 83 of 1928 boosting-passed rows flagged; surfacing 50
2026-09-24 21:16:29,757 [INFO] fl_ids.fl.client: Client 4 round 3: 24 of 1779 boosting-passed rows flagged; surfacing 24
2026-09-24 21:16:30,437 [INFO] fl_ids.fl.client: Client 5 round 3: 4 of 2176 boosting-passed rows flagged; surfacing 4
2026-09-24 21:16:31,125 [INFO] fl_ids.fl.client: Client 6 round 3: 63 of 1507 boosting-passed rows flagged; surfacing 50
2026-09-24 21:16:31,602 [INFO] fl_ids.fl.client: Client 7 round 3: 39 of 1700 boosting-passed rows flagged; surfacing 39
2026-09-24 21:16:32,147 [INFO] fl_ids.fl.client: Client 8 round 3: 195 of 5617 boosting-passed rows flagged; surfacing 50
2026-09-24 21:16:33,731 [INFO] fl_ids.fl.client: Client 9 round 3: 11 of 1079 boosting-passed rows flagged; surfacing 11
2026-09-24 21:16:58,715 [INFO] fl_ids.models.boosting: Continued boosting training: +50 trees on 94501 rows (now 350 trees)
2026-09-24 21:16:58,715 [INFO] fl_ids.models.boosting_update: Round 3: boosting v2 (continue) from 217 alerts ({'DDoS_TCP': 1, 'DDoS_UDP': 13, 'Fingerprinting': 1, 'MITM': 3, 'Normal': 122, 'Password': 39, 'Port_Scanning': 14, 'Vulnerability_scanner': 20, 'XSS': 4}); 61 from excluded clients ignored
2026-09-24 21:16:58,910 [WARNING] fl_ids.fl.client: Client 0: no benign validation samples to evaluate on
2026-09-24 21:16:58,925 [WARNING] fl_ids.fl.client: Client 3: no benign validation samples to evaluate on
2026-09-24 21:16:58,950 [INFO] fl_ids.eval.simulation: Round 3: mean_val_loss=0.0902, comm_bytes=583920
2026-09-24 21:17:15,021 [WARNING] fl_ids.fl.client: Client 0: no benign validation samples to evaluate on
2026-09-24 21:17:15,032 [WARNING] fl_ids.fl.client: Client 3: no benign validation samples to evaluate on
2026-09-24 21:17:15,053 [INFO] fl_ids.eval.simulation: Round 4: mean_val_loss=0.0740, comm_bytes=583920
2026-09-24 21:17:29,558 [WARNING] fl_ids.fl.client: Client 0: no benign validation samples to evaluate on
2026-09-24 21:17:29,570 [WARNING] fl_ids.fl.client: Client 3: no benign validation samples to evaluate on
2026-09-24 21:17:29,586 [INFO] fl_ids.eval.simulation: Round 5: mean_val_loss=0.0629, comm_bytes=583920
2026-09-24 21:17:30,093 [INFO] fl_ids.fl.client: Client 1 round 6: 1277 of 25292 boosting-passed rows flagged; surfacing 50
2026-09-24 21:17:37,913 [INFO] fl_ids.fl.client: Client 2 round 6: 185 of 1928 boosting-passed rows flagged; surfacing 50
2026-09-24 21:17:39,254 [INFO] fl_ids.fl.client: Client 4 round 6: 24 of 1779 boosting-passed rows flagged; surfacing 24
2026-09-24 21:17:39,757 [INFO] fl_ids.fl.client: Client 5 round 6: 49 of 2176 boosting-passed rows flagged; surfacing 49
2026-09-24 21:17:40,350 [INFO] fl_ids.fl.client: Client 6 round 6: 80 of 1507 boosting-passed rows flagged; surfacing 50
2026-09-24 21:17:40,799 [INFO] fl_ids.fl.client: Client 7 round 6: 121 of 1700 boosting-passed rows flagged; surfacing 50
2026-09-24 21:17:41,383 [INFO] fl_ids.fl.client: Client 8 round 6: 220 of 5617 boosting-passed rows flagged; surfacing 50
2026-09-24 21:17:42,914 [INFO] fl_ids.fl.client: Client 9 round 6: 23 of 1079 boosting-passed rows flagged; surfacing 23
2026-09-24 21:18:14,701 [INFO] fl_ids.models.boosting: Continued boosting training: +50 trees on 94774 rows (now 400 trees)
2026-09-24 21:18:14,701 [INFO] fl_ids.models.boosting_update: Round 6: boosting v3 (continue) from 273 alerts ({'DDoS_HTTP': 4, 'DDoS_ICMP': 6, 'DDoS_TCP': 14, 'DDoS_UDP': 22, 'Fingerprinting': 2, 'Normal': 97, 'Password': 49, 'Port_Scanning': 15, 'Ransomware': 1, 'SQL_injection': 30, 'Uploading': 11, 'Vulnerability_scanner': 18, 'XSS': 4}); 73 from excluded clients ignored
2026-09-24 21:18:15,030 [WARNING] fl_ids.fl.client: Client 0: no benign validation samples to evaluate on
2026-09-24 21:18:15,059 [WARNING] fl_ids.fl.client: Client 3: no benign validation samples to evaluate on
2026-09-24 21:18:15,091 [INFO] fl_ids.eval.simulation: Round 6: mean_val_loss=0.0538, comm_bytes=583920
2026-09-24 21:18:30,497 [WARNING] fl_ids.fl.client: Client 0: no benign validation samples to evaluate on
2026-09-24 21:18:30,508 [WARNING] fl_ids.fl.client: Client 3: no benign validation samples to evaluate on
2026-09-24 21:18:30,525 [INFO] fl_ids.eval.simulation: Round 7: mean_val_loss=0.0488, comm_bytes=583920
2026-09-24 21:18:55,954 [WARNING] fl_ids.fl.client: Client 0: no benign validation samples to evaluate on
2026-09-24 21:18:55,965 [WARNING] fl_ids.fl.client: Client 3: no benign validation samples to evaluate on
2026-09-24 21:18:55,981 [INFO] fl_ids.eval.simulation: Round 8: mean_val_loss=0.0461, comm_bytes=583920
2026-09-24 21:18:56,499 [INFO] fl_ids.fl.client: Client 1 round 9: 1354 of 25292 boosting-passed rows flagged; surfacing 50
2026-09-24 21:19:04,909 [INFO] fl_ids.fl.client: Client 2 round 9: 211 of 1928 boosting-passed rows flagged; surfacing 50
2026-09-24 21:19:06,591 [INFO] fl_ids.fl.client: Client 4 round 9: 25 of 1779 boosting-passed rows flagged; surfacing 25
2026-09-24 21:19:07,284 [INFO] fl_ids.fl.client: Client 5 round 9: 166 of 2176 boosting-passed rows flagged; surfacing 50
2026-09-24 21:19:08,131 [INFO] fl_ids.fl.client: Client 6 round 9: 67 of 1507 boosting-passed rows flagged; surfacing 50
2026-09-24 21:19:08,730 [INFO] fl_ids.fl.client: Client 7 round 9: 143 of 1700 boosting-passed rows flagged; surfacing 50
2026-09-24 21:19:09,431 [INFO] fl_ids.fl.client: Client 8 round 9: 234 of 5617 boosting-passed rows flagged; surfacing 50
2026-09-24 21:19:11,289 [INFO] fl_ids.fl.client: Client 9 round 9: 24 of 1079 boosting-passed rows flagged; surfacing 24
2026-09-24 21:19:48,197 [INFO] fl_ids.models.boosting: Continued boosting training: +50 trees on 95049 rows (now 450 trees)
2026-09-24 21:19:48,199 [INFO] fl_ids.models.boosting_update: Round 9: boosting v4 (continue) from 275 alerts ({'DDoS_HTTP': 6, 'DDoS_ICMP': 6, 'DDoS_TCP': 15, 'DDoS_UDP': 17, 'Fingerprinting': 1, 'MITM': 1, 'Normal': 96, 'Password': 54, 'Port_Scanning': 7, 'Ransomware': 2, 'SQL_injection': 31, 'Uploading': 9, 'Vulnerability_scanner': 25, 'XSS': 5}); 74 from excluded clients ignored
2026-09-24 21:19:48,465 [WARNING] fl_ids.fl.client: Client 0: no benign validation samples to evaluate on
2026-09-24 21:19:48,479 [WARNING] fl_ids.fl.client: Client 3: no benign validation samples to evaluate on
2026-09-24 21:19:48,496 [INFO] fl_ids.eval.simulation: Round 9: mean_val_loss=0.0443, comm_bytes=583920
2026-09-24 21:20:05,020 [WARNING] fl_ids.fl.client: Client 0: no benign validation samples to evaluate on
2026-09-24 21:20:05,032 [WARNING] fl_ids.fl.client: Client 3: no benign validation samples to evaluate on
2026-09-24 21:20:05,049 [INFO] fl_ids.eval.simulation: Round 10: mean_val_loss=0.0427, comm_bytes=583920
2026-09-24 21:20:21,100 [WARNING] fl_ids.fl.client: Client 0: no benign validation samples to evaluate on
2026-09-24 21:20:21,111 [WARNING] fl_ids.fl.client: Client 3: no benign validation samples to evaluate on
2026-09-24 21:20:21,131 [INFO] fl_ids.eval.simulation: Round 11: mean_val_loss=0.0454, comm_bytes=583920
2026-09-24 21:20:21,596 [INFO] fl_ids.fl.client: Client 1 round 12: 1077 of 25292 boosting-passed rows flagged; surfacing 50
2026-09-24 21:20:32,984 [INFO] fl_ids.fl.client: Client 2 round 12: 104 of 1928 boosting-passed rows flagged; surfacing 50
2026-09-24 21:20:34,990 [INFO] fl_ids.fl.client: Client 4 round 12: 25 of 1779 boosting-passed rows flagged; surfacing 25
2026-09-24 21:20:36,105 [INFO] fl_ids.fl.client: Client 5 round 12: 201 of 2176 boosting-passed rows flagged; surfacing 50
2026-09-24 21:20:37,936 [INFO] fl_ids.fl.client: Client 6 round 12: 64 of 1507 boosting-passed rows flagged; surfacing 50
2026-09-24 21:20:38,772 [INFO] fl_ids.fl.client: Client 7 round 12: 77 of 1700 boosting-passed rows flagged; surfacing 50
2026-09-24 21:20:39,981 [INFO] fl_ids.fl.client: Client 8 round 12: 199 of 5617 boosting-passed rows flagged; surfacing 50
2026-09-24 21:20:42,846 [INFO] fl_ids.fl.client: Client 9 round 12: 18 of 1079 boosting-passed rows flagged; surfacing 18
2026-09-24 21:21:28,008 [INFO] fl_ids.models.boosting: Continued boosting training: +50 trees on 95342 rows (now 500 trees)
2026-09-24 21:21:28,010 [INFO] fl_ids.models.boosting_update: Round 12: boosting v5 (continue) from 293 alerts ({'DDoS_HTTP': 2, 'DDoS_ICMP': 3, 'DDoS_TCP': 4, 'DDoS_UDP': 4, 'MITM': 2, 'Normal': 143, 'Password': 46, 'Port_Scanning': 6, 'Ransomware': 2, 'SQL_injection': 42, 'Uploading': 6, 'Vulnerability_scanner': 25, 'XSS': 8}); 50 from excluded clients ignored
2026-09-24 21:21:28,280 [WARNING] fl_ids.fl.client: Client 0: no benign validation samples to evaluate on
2026-09-24 21:21:28,295 [WARNING] fl_ids.fl.client: Client 3: no benign validation samples to evaluate on
2026-09-24 21:21:28,316 [INFO] fl_ids.eval.simulation: Round 12: mean_val_loss=0.0459, comm_bytes=583920
2026-09-24 21:21:43,386 [WARNING] fl_ids.fl.client: Client 0: no benign validation samples to evaluate on
2026-09-24 21:21:43,400 [WARNING] fl_ids.fl.client: Client 3: no benign validation samples to evaluate on
2026-09-24 21:21:43,419 [INFO] fl_ids.eval.simulation: Round 13: mean_val_loss=0.0578, comm_bytes=583920
2026-09-24 21:22:01,226 [WARNING] fl_ids.fl.client: Client 0: no benign validation samples to evaluate on
2026-09-24 21:22:01,239 [WARNING] fl_ids.fl.client: Client 3: no benign validation samples to evaluate on
2026-09-24 21:22:01,266 [INFO] fl_ids.eval.simulation: Round 14: mean_val_loss=0.0718, comm_bytes=583920
2026-09-24 21:22:01,900 [INFO] fl_ids.fl.client: Client 1 round 15: 1103 of 25292 boosting-passed rows flagged; surfacing 50
2026-09-24 21:22:14,268 [INFO] fl_ids.fl.client: Client 2 round 15: 105 of 1928 boosting-passed rows flagged; surfacing 50
2026-09-24 21:22:16,016 [INFO] fl_ids.fl.client: Client 4 round 15: 29 of 1779 boosting-passed rows flagged; surfacing 29
2026-09-24 21:22:16,746 [INFO] fl_ids.fl.client: Client 5 round 15: 84 of 2176 boosting-passed rows flagged; surfacing 50
2026-09-24 21:22:17,558 [INFO] fl_ids.fl.client: Client 6 round 15: 62 of 1507 boosting-passed rows flagged; surfacing 50
2026-09-24 21:22:18,148 [INFO] fl_ids.fl.client: Client 7 round 15: 63 of 1700 boosting-passed rows flagged; surfacing 50
2026-09-24 21:22:18,797 [INFO] fl_ids.fl.client: Client 8 round 15: 336 of 5617 boosting-passed rows flagged; surfacing 50
2026-09-24 21:22:20,672 [INFO] fl_ids.fl.client: Client 9 round 15: 7 of 1079 boosting-passed rows flagged; surfacing 7
2026-09-24 21:23:08,580 [INFO] fl_ids.models.boosting: Continued boosting training: +50 trees on 95621 rows (now 550 trees)
2026-09-24 21:23:08,581 [INFO] fl_ids.models.boosting_update: Round 15: boosting v6 (continue) from 279 alerts ({'DDoS_HTTP': 2, 'DDoS_ICMP': 1, 'Normal': 142, 'Password': 37, 'Port_Scanning': 12, 'SQL_injection': 52, 'Uploading': 2, 'Vulnerability_scanner': 25, 'XSS': 6}); 57 from excluded clients ignored
2026-09-24 21:23:08,920 [WARNING] fl_ids.fl.client: Client 0: no benign validation samples to evaluate on
2026-09-24 21:23:08,937 [WARNING] fl_ids.fl.client: Client 3: no benign validation samples to evaluate on
2026-09-24 21:23:08,958 [INFO] fl_ids.eval.simulation: Round 15: mean_val_loss=0.0450, comm_bytes=583920
2026-09-24 21:23:24,128 [WARNING] fl_ids.fl.client: Client 0: no benign validation samples to evaluate on
2026-09-24 21:23:24,137 [WARNING] fl_ids.fl.client: Client 3: no benign validation samples to evaluate on
2026-09-24 21:23:24,153 [INFO] fl_ids.eval.simulation: Round 16: mean_val_loss=0.0770, comm_bytes=583920
2026-09-24 21:23:46,320 [WARNING] fl_ids.fl.client: Client 0: no benign validation samples to evaluate on
2026-09-24 21:23:46,335 [WARNING] fl_ids.fl.client: Client 3: no benign validation samples to evaluate on
2026-09-24 21:23:46,359 [INFO] fl_ids.eval.simulation: Round 17: mean_val_loss=0.0403, comm_bytes=583920
2026-09-24 21:23:46,989 [INFO] fl_ids.fl.client: Client 1 round 18: 1110 of 25292 boosting-passed rows flagged; surfacing 50
2026-09-24 21:23:58,503 [INFO] fl_ids.fl.client: Client 2 round 18: 109 of 1928 boosting-passed rows flagged; surfacing 50
2026-09-24 21:24:00,391 [INFO] fl_ids.fl.client: Client 4 round 18: 24 of 1779 boosting-passed rows flagged; surfacing 24
2026-09-24 21:24:01,340 [INFO] fl_ids.fl.client: Client 5 round 18: 261 of 2176 boosting-passed rows flagged; surfacing 50
2026-09-24 21:24:02,628 [INFO] fl_ids.fl.client: Client 6 round 18: 40 of 1507 boosting-passed rows flagged; surfacing 40
2026-09-24 21:24:03,430 [INFO] fl_ids.fl.client: Client 7 round 18: 126 of 1700 boosting-passed rows flagged; surfacing 50
2026-09-24 21:24:04,682 [INFO] fl_ids.fl.client: Client 8 round 18: 303 of 5617 boosting-passed rows flagged; surfacing 50
2026-09-24 21:24:06,806 [INFO] fl_ids.fl.client: Client 9 round 18: 4 of 1079 boosting-passed rows flagged; surfacing 4
2026-09-24 21:24:58,535 [INFO] fl_ids.models.boosting: Continued boosting training: +50 trees on 95889 rows (now 600 trees)
2026-09-24 21:24:58,536 [INFO] fl_ids.models.boosting_update: Round 18: boosting v7 (continue) from 268 alerts ({'DDoS_HTTP': 4, 'DDoS_TCP': 21, 'DDoS_UDP': 3, 'MITM': 2, 'Normal': 126, 'Password': 31, 'Port_Scanning': 26, 'Ransomware': 3, 'SQL_injection': 24, 'Uploading': 2, 'Vulnerability_scanner': 20, 'XSS': 6}); 50 from excluded clients ignored
2026-09-24 21:24:58,837 [WARNING] fl_ids.fl.client: Client 0: no benign validation samples to evaluate on
2026-09-24 21:24:58,852 [WARNING] fl_ids.fl.client: Client 3: no benign validation samples to evaluate on
2026-09-24 21:24:58,870 [INFO] fl_ids.eval.simulation: Round 18: mean_val_loss=0.0631, comm_bytes=583920
2026-09-24 21:25:16,479 [WARNING] fl_ids.fl.client: Client 0: no benign validation samples to evaluate on
2026-09-24 21:25:16,492 [WARNING] fl_ids.fl.client: Client 3: no benign validation samples to evaluate on
2026-09-24 21:25:16,506 [INFO] fl_ids.eval.simulation: Round 19: mean_val_loss=0.0423, comm_bytes=583920
2026-09-24 21:25:35,990 [WARNING] fl_ids.fl.client: Client 0: no benign validation samples to evaluate on
2026-09-24 21:25:36,005 [WARNING] fl_ids.fl.client: Client 3: no benign validation samples to evaluate on
2026-09-24 21:25:36,022 [INFO] fl_ids.eval.simulation: Round 20: mean_val_loss=0.0710, comm_bytes=583920
2026-09-24 21:25:36,056 [WARNING] fl_ids.eval.common: Clients [0, 3] have no benign validation rows (infinite threshold); 673 test rows can't be flagged by the autoencoder
2026-09-24 21:25:36,076 [INFO] fl_ids.eval.zero_day: zero-day holdout=Backdoor run=autoencoder_only: detection_rate=0.004
2026-09-24 21:25:36,331 [INFO] fl_ids.eval.zero_day: zero-day holdout=Backdoor run=boosting_only: detection_rate=0.857
2026-09-24 21:25:40,549 [INFO] fl_ids.eval.common: Excluded classes ['DDoS_HTTP'] from training: removed 2427 calibration rows, 1525 federated-pool rows
2026-09-24 21:25:40,554 [INFO] fl_ids.models.boosting: Training boosting classifier: 93058 samples, 15 classes, 300 rounds
2026-09-24 21:26:02,209 [INFO] fl_ids.eval.common: Evaluation setup: 93058 calibration, 58475 federated pool (subsampled), 8766 test rows across 10 clients
2026-09-24 21:26:18,486 [INFO] fl_ids.eval.simulation: Round 1: mean_val_loss=0.2452, comm_bytes=583920
2026-09-24 21:26:31,872 [INFO] fl_ids.eval.simulation: Round 2: mean_val_loss=0.0867, comm_bytes=583920
2026-09-24 21:26:32,249 [INFO] fl_ids.fl.client: Client 0 round 3: 170 of 4240 boosting-passed rows flagged; surfacing 50
2026-09-24 21:26:33,668 [INFO] fl_ids.fl.client: Client 1 round 3: 5 of 159 boosting-passed rows flagged; surfacing 5
2026-09-24 21:26:34,588 [INFO] fl_ids.fl.client: Client 2 round 3: 423 of 7807 boosting-passed rows flagged; surfacing 50
2026-09-24 21:26:37,127 [INFO] fl_ids.fl.client: Client 3 round 3: 102 of 3353 boosting-passed rows flagged; surfacing 50
2026-09-24 21:26:38,279 [INFO] fl_ids.fl.client: Client 4 round 3: 13 of 827 boosting-passed rows flagged; surfacing 13
2026-09-24 21:26:38,682 [INFO] fl_ids.fl.client: Client 5 round 3: 55 of 1694 boosting-passed rows flagged; surfacing 50
2026-09-24 21:26:39,963 [INFO] fl_ids.fl.client: Client 6 round 3: 276 of 10419 boosting-passed rows flagged; surfacing 50
2026-09-24 21:26:42,716 [INFO] fl_ids.fl.client: Client 7 round 3: 14 of 63 boosting-passed rows flagged; surfacing 14
2026-09-24 21:26:43,063 [INFO] fl_ids.fl.client: Client 8 round 3: 126 of 3248 boosting-passed rows flagged; surfacing 50
2026-09-24 21:26:44,033 [INFO] fl_ids.fl.client: Client 9 round 3: 14 of 470 boosting-passed rows flagged; surfacing 14
2026-09-24 21:27:08,892 [INFO] fl_ids.models.boosting: Continued boosting training: +50 trees on 93290 rows (now 350 trees)
2026-09-24 21:27:08,893 [INFO] fl_ids.models.boosting_update: Round 3: boosting v2 (continue) from 232 alerts ({'Fingerprinting': 4, 'Normal': 176, 'Password': 7, 'SQL_injection': 15, 'Uploading': 18, 'Vulnerability_scanner': 4, 'XSS': 8}); 114 from excluded clients ignored
2026-09-24 21:27:09,186 [INFO] fl_ids.eval.simulation: Round 3: mean_val_loss=0.0440, comm_bytes=583920
2026-09-24 21:27:26,169 [INFO] fl_ids.eval.simulation: Round 4: mean_val_loss=0.0337, comm_bytes=583920
2026-09-24 21:27:41,449 [INFO] fl_ids.eval.simulation: Round 5: mean_val_loss=0.0289, comm_bytes=583920
2026-09-24 21:27:41,968 [INFO] fl_ids.fl.client: Client 0 round 6: 126 of 4240 boosting-passed rows flagged; surfacing 50
2026-09-24 21:27:43,249 [INFO] fl_ids.fl.client: Client 1 round 6: 2 of 154 boosting-passed rows flagged; surfacing 2
2026-09-24 21:27:44,151 [INFO] fl_ids.fl.client: Client 2 round 6: 258 of 7806 boosting-passed rows flagged; surfacing 50
2026-09-24 21:27:46,957 [INFO] fl_ids.fl.client: Client 3 round 6: 137 of 3354 boosting-passed rows flagged; surfacing 50
2026-09-24 21:27:48,326 [INFO] fl_ids.fl.client: Client 4 round 6: 27 of 827 boosting-passed rows flagged; surfacing 27
2026-09-24 21:27:48,856 [INFO] fl_ids.fl.client: Client 5 round 6: 76 of 1694 boosting-passed rows flagged; surfacing 50
2026-09-24 21:27:50,481 [INFO] fl_ids.fl.client: Client 6 round 6: 325 of 10419 boosting-passed rows flagged; surfacing 50
2026-09-24 21:27:53,581 [INFO] fl_ids.fl.client: Client 7 round 6: 15 of 62 boosting-passed rows flagged; surfacing 15
2026-09-24 21:27:54,070 [INFO] fl_ids.fl.client: Client 8 round 6: 141 of 3248 boosting-passed rows flagged; surfacing 50
2026-09-24 21:27:55,258 [INFO] fl_ids.fl.client: Client 9 round 6: 31 of 471 boosting-passed rows flagged; surfacing 31
2026-09-24 21:28:23,877 [INFO] fl_ids.models.boosting: Continued boosting training: +50 trees on 93534 rows (now 400 trees)
2026-09-24 21:28:23,878 [INFO] fl_ids.models.boosting_update: Round 6: boosting v3 (continue) from 244 alerts ({'DDoS_ICMP': 1, 'Fingerprinting': 2, 'Normal': 225, 'Port_Scanning': 2, 'Ransomware': 3, 'SQL_injection': 1, 'Uploading': 5, 'Vulnerability_scanner': 2, 'XSS': 3}); 131 from excluded clients ignored
2026-09-24 21:28:24,473 [INFO] fl_ids.eval.simulation: Round 6: mean_val_loss=0.0256, comm_bytes=583920
2026-09-24 21:28:40,987 [INFO] fl_ids.eval.simulation: Round 7: mean_val_loss=0.0233, comm_bytes=583920
2026-09-24 21:28:58,694 [INFO] fl_ids.eval.simulation: Round 8: mean_val_loss=0.0213, comm_bytes=583920
2026-09-24 21:28:59,200 [INFO] fl_ids.fl.client: Client 0 round 9: 127 of 4240 boosting-passed rows flagged; surfacing 50
2026-09-24 21:29:00,682 [INFO] fl_ids.fl.client: Client 1 round 9: 2 of 154 boosting-passed rows flagged; surfacing 2
2026-09-24 21:29:01,934 [INFO] fl_ids.fl.client: Client 2 round 9: 210 of 7805 boosting-passed rows flagged; surfacing 50
2026-09-24 21:29:04,743 [INFO] fl_ids.fl.client: Client 3 round 9: 153 of 3354 boosting-passed rows flagged; surfacing 50
2026-09-24 21:29:06,170 [INFO] fl_ids.fl.client: Client 4 round 9: 31 of 826 boosting-passed rows flagged; surfacing 31
2026-09-24 21:29:06,725 [INFO] fl_ids.fl.client: Client 5 round 9: 54 of 1693 boosting-passed rows flagged; surfacing 50
2026-09-24 21:29:08,526 [INFO] fl_ids.fl.client: Client 6 round 9: 320 of 10416 boosting-passed rows flagged; surfacing 50
2026-09-24 21:29:11,519 [INFO] fl_ids.fl.client: Client 7 round 9: 6 of 61 boosting-passed rows flagged; surfacing 6
2026-09-24 21:29:12,117 [INFO] fl_ids.fl.client: Client 8 round 9: 140 of 3248 boosting-passed rows flagged; surfacing 50
2026-09-24 21:29:13,362 [INFO] fl_ids.fl.client: Client 9 round 9: 25 of 473 boosting-passed rows flagged; surfacing 25
2026-09-24 21:29:44,105 [INFO] fl_ids.models.boosting: Continued boosting training: +50 trees on 93798 rows (now 450 trees)
2026-09-24 21:29:44,107 [INFO] fl_ids.models.boosting_update: Round 9: boosting v4 (continue) from 264 alerts ({'Backdoor': 1, 'Normal': 247, 'Port_Scanning': 2, 'Ransomware': 3, 'Uploading': 9, 'Vulnerability_scanner': 1, 'XSS': 1}); 100 from excluded clients ignored
2026-09-24 21:29:44,451 [INFO] fl_ids.eval.simulation: Round 9: mean_val_loss=0.0182, comm_bytes=583920
2026-09-24 21:30:04,647 [INFO] fl_ids.eval.simulation: Round 10: mean_val_loss=0.0191, comm_bytes=583920
2026-09-24 21:30:25,144 [INFO] fl_ids.eval.simulation: Round 11: mean_val_loss=0.0166, comm_bytes=583920
2026-09-24 21:30:26,021 [INFO] fl_ids.fl.client: Client 0 round 12: 126 of 4240 boosting-passed rows flagged; surfacing 50
2026-09-24 21:30:28,196 [INFO] fl_ids.fl.client: Client 1 round 12: 2 of 151 boosting-passed rows flagged; surfacing 2
2026-09-24 21:30:29,280 [INFO] fl_ids.fl.client: Client 2 round 12: 218 of 7805 boosting-passed rows flagged; surfacing 50
2026-09-24 21:30:32,234 [INFO] fl_ids.fl.client: Client 3 round 12: 182 of 3352 boosting-passed rows flagged; surfacing 50
2026-09-24 21:30:33,543 [INFO] fl_ids.fl.client: Client 4 round 12: 30 of 826 boosting-passed rows flagged; surfacing 30
2026-09-24 21:30:34,136 [INFO] fl_ids.fl.client: Client 5 round 12: 39 of 1693 boosting-passed rows flagged; surfacing 39
2026-09-24 21:30:36,216 [INFO] fl_ids.fl.client: Client 6 round 12: 329 of 10411 boosting-passed rows flagged; surfacing 50
2026-09-24 21:30:39,518 [INFO] fl_ids.fl.client: Client 7 round 12: 4 of 61 boosting-passed rows flagged; surfacing 4
2026-09-24 21:30:40,171 [INFO] fl_ids.fl.client: Client 8 round 12: 156 of 3248 boosting-passed rows flagged; surfacing 50
2026-09-24 21:30:41,590 [INFO] fl_ids.fl.client: Client 9 round 12: 19 of 468 boosting-passed rows flagged; surfacing 19
2026-09-24 21:31:20,177 [INFO] fl_ids.models.boosting: Continued boosting training: +50 trees on 94023 rows (now 500 trees)
2026-09-24 21:31:20,179 [INFO] fl_ids.models.boosting_update: Round 12: boosting v5 (continue) from 225 alerts ({'Backdoor': 1, 'Normal': 209, 'Port_Scanning': 3, 'Ransomware': 3, 'SQL_injection': 5, 'Uploading': 4}); 119 from excluded clients ignored
2026-09-24 21:31:20,585 [INFO] fl_ids.eval.simulation: Round 12: mean_val_loss=0.0179, comm_bytes=583920
2026-09-24 21:31:43,142 [INFO] fl_ids.eval.simulation: Round 13: mean_val_loss=0.0155, comm_bytes=583920
2026-09-24 21:32:04,676 [INFO] fl_ids.eval.simulation: Round 14: mean_val_loss=0.0169, comm_bytes=583920
2026-09-24 21:32:05,476 [INFO] fl_ids.fl.client: Client 0 round 15: 117 of 4240 boosting-passed rows flagged; surfacing 50
2026-09-24 21:32:07,836 [INFO] fl_ids.fl.client: Client 1 round 15: 2 of 154 boosting-passed rows flagged; surfacing 2
2026-09-24 21:32:09,234 [INFO] fl_ids.fl.client: Client 2 round 15: 244 of 7808 boosting-passed rows flagged; surfacing 50
2026-09-24 21:32:12,893 [INFO] fl_ids.fl.client: Client 3 round 15: 130 of 3349 boosting-passed rows flagged; surfacing 50
2026-09-24 21:32:14,273 [INFO] fl_ids.fl.client: Client 4 round 15: 34 of 824 boosting-passed rows flagged; surfacing 34
2026-09-24 21:32:14,896 [INFO] fl_ids.fl.client: Client 5 round 15: 30 of 1690 boosting-passed rows flagged; surfacing 30
2026-09-24 21:32:17,070 [INFO] fl_ids.fl.client: Client 6 round 15: 372 of 10411 boosting-passed rows flagged; surfacing 50
2026-09-24 21:32:20,105 [INFO] fl_ids.fl.client: Client 7 round 15: 4 of 61 boosting-passed rows flagged; surfacing 4
2026-09-24 21:32:20,763 [INFO] fl_ids.fl.client: Client 8 round 15: 100 of 3248 boosting-passed rows flagged; surfacing 50
2026-09-24 21:32:21,976 [INFO] fl_ids.fl.client: Client 9 round 15: 14 of 465 boosting-passed rows flagged; surfacing 14
2026-09-24 21:33:03,477 [INFO] fl_ids.models.boosting: Continued boosting training: +50 trees on 94257 rows (now 550 trees)
2026-09-24 21:33:03,479 [INFO] fl_ids.models.boosting_update: Round 15: boosting v6 (continue) from 234 alerts ({'Fingerprinting': 1, 'Normal': 221, 'Ransomware': 1, 'SQL_injection': 5, 'Uploading': 5, 'XSS': 1}); 100 from excluded clients ignored
2026-09-24 21:33:03,870 [INFO] fl_ids.eval.simulation: Round 15: mean_val_loss=0.0145, comm_bytes=583920
2026-09-24 21:33:26,048 [INFO] fl_ids.eval.simulation: Round 16: mean_val_loss=0.0158, comm_bytes=583920
2026-09-24 21:33:49,066 [INFO] fl_ids.eval.simulation: Round 17: mean_val_loss=0.0139, comm_bytes=583920
2026-09-24 21:33:50,194 [INFO] fl_ids.fl.client: Client 0 round 18: 117 of 4240 boosting-passed rows flagged; surfacing 50
2026-09-24 21:33:52,587 [INFO] fl_ids.fl.client: Client 1 round 18: 2 of 155 boosting-passed rows flagged; surfacing 2
2026-09-24 21:33:54,700 [INFO] fl_ids.fl.client: Client 2 round 18: 255 of 7801 boosting-passed rows flagged; surfacing 50
2026-09-24 21:33:58,104 [INFO] fl_ids.fl.client: Client 3 round 18: 168 of 3348 boosting-passed rows flagged; surfacing 50
2026-09-24 21:33:59,482 [INFO] fl_ids.fl.client: Client 4 round 18: 29 of 823 boosting-passed rows flagged; surfacing 29
2026-09-24 21:34:00,148 [INFO] fl_ids.fl.client: Client 5 round 18: 39 of 1689 boosting-passed rows flagged; surfacing 39
2026-09-24 21:34:02,621 [INFO] fl_ids.fl.client: Client 6 round 18: 342 of 10410 boosting-passed rows flagged; surfacing 50
2026-09-24 21:34:05,591 [INFO] fl_ids.fl.client: Client 7 round 18: 4 of 59 boosting-passed rows flagged; surfacing 4
2026-09-24 21:34:06,332 [INFO] fl_ids.fl.client: Client 8 round 18: 83 of 3248 boosting-passed rows flagged; surfacing 50
2026-09-24 21:34:07,524 [INFO] fl_ids.fl.client: Client 9 round 18: 17 of 465 boosting-passed rows flagged; surfacing 17
2026-09-24 21:34:51,778 [INFO] fl_ids.models.boosting: Continued boosting training: +50 trees on 94481 rows (now 600 trees)
2026-09-24 21:34:51,780 [INFO] fl_ids.models.boosting_update: Round 18: boosting v7 (continue) from 224 alerts ({'Fingerprinting': 1, 'Normal': 207, 'SQL_injection': 9, 'Uploading': 6, 'XSS': 1}); 117 from excluded clients ignored
2026-09-24 21:34:52,203 [INFO] fl_ids.eval.simulation: Round 18: mean_val_loss=0.0154, comm_bytes=583920
2026-09-24 21:35:15,127 [INFO] fl_ids.eval.simulation: Round 19: mean_val_loss=0.0134, comm_bytes=583920
2026-09-24 21:35:38,162 [INFO] fl_ids.eval.simulation: Round 20: mean_val_loss=0.0151, comm_bytes=583920
2026-09-24 21:35:39,081 [INFO] fl_ids.eval.zero_day: zero-day holdout=DDoS_HTTP run=full_pipeline: detection_rate=0.398
2026-09-24 21:35:54,540 [INFO] fl_ids.eval.simulation: Round 1: mean_val_loss=0.4581, comm_bytes=583920
2026-09-24 21:36:09,841 [INFO] fl_ids.eval.simulation: Round 2: mean_val_loss=2.8222, comm_bytes=583920
2026-09-24 21:36:10,199 [INFO] fl_ids.fl.client: Client 0 round 3: 88 of 4240 boosting-passed rows flagged; surfacing 50
2026-09-24 21:36:11,874 [INFO] fl_ids.fl.client: Client 1 round 3: 2 of 159 boosting-passed rows flagged; surfacing 2
2026-09-24 21:36:12,665 [INFO] fl_ids.fl.client: Client 2 round 3: 229 of 7807 boosting-passed rows flagged; surfacing 50
2026-09-24 21:36:15,870 [INFO] fl_ids.fl.client: Client 3 round 3: 79 of 3353 boosting-passed rows flagged; surfacing 50
2026-09-24 21:36:16,959 [INFO] fl_ids.fl.client: Client 4 round 3: 35 of 827 boosting-passed rows flagged; surfacing 35
2026-09-24 21:36:17,384 [INFO] fl_ids.fl.client: Client 5 round 3: 68 of 1694 boosting-passed rows flagged; surfacing 50
2026-09-24 21:36:18,769 [INFO] fl_ids.fl.client: Client 6 round 3: 271 of 10419 boosting-passed rows flagged; surfacing 50
2026-09-24 21:36:21,628 [INFO] fl_ids.fl.client: Client 7 round 3: 13 of 63 boosting-passed rows flagged; surfacing 13
2026-09-24 21:36:22,025 [INFO] fl_ids.fl.client: Client 8 round 3: 98 of 3248 boosting-passed rows flagged; surfacing 50
2026-09-24 21:36:23,033 [INFO] fl_ids.fl.client: Client 9 round 3: 4 of 470 boosting-passed rows flagged; surfacing 4
2026-09-24 21:36:46,735 [INFO] fl_ids.models.boosting: Continued boosting training: +50 trees on 93412 rows (now 350 trees)
2026-09-24 21:36:46,735 [INFO] fl_ids.models.boosting_update: Round 3: boosting v2 (continue) from 354 alerts ({'Normal': 346, 'Vulnerability_scanner': 2, 'XSS': 6}); 0 from excluded clients ignored
2026-09-24 21:36:47,046 [INFO] fl_ids.eval.simulation: Round 3: mean_val_loss=83.3834, comm_bytes=583920
2026-09-24 21:37:03,296 [INFO] fl_ids.eval.simulation: Round 4: mean_val_loss=22107.2303, comm_bytes=583920
2026-09-24 21:37:20,071 [INFO] fl_ids.eval.simulation: Round 5: mean_val_loss=9385706.9001, comm_bytes=583920
2026-09-24 21:37:20,670 [INFO] fl_ids.fl.client: Client 0 round 6: 169 of 4240 boosting-passed rows flagged; surfacing 50
2026-09-24 21:37:22,488 [INFO] fl_ids.fl.client: Client 1 round 6: 13 of 155 boosting-passed rows flagged; surfacing 13
2026-09-24 21:37:23,280 [INFO] fl_ids.fl.client: Client 2 round 6: 233 of 7806 boosting-passed rows flagged; surfacing 50
2026-09-24 21:37:26,157 [INFO] fl_ids.fl.client: Client 3 round 6: 121 of 3353 boosting-passed rows flagged; surfacing 50
2026-09-24 21:37:27,370 [INFO] fl_ids.fl.client: Client 4 round 6: 13 of 827 boosting-passed rows flagged; surfacing 13
2026-09-24 21:37:27,853 [INFO] fl_ids.fl.client: Client 5 round 6: 62 of 1694 boosting-passed rows flagged; surfacing 50
2026-09-24 21:37:29,390 [INFO] fl_ids.fl.client: Client 6 round 6: 316 of 10420 boosting-passed rows flagged; surfacing 50
2026-09-24 21:37:32,246 [INFO] fl_ids.fl.client: Client 7 round 6: 12 of 63 boosting-passed rows flagged; surfacing 12
2026-09-24 21:37:32,696 [INFO] fl_ids.fl.client: Client 8 round 6: 139 of 3248 boosting-passed rows flagged; surfacing 50
2026-09-24 21:37:33,754 [INFO] fl_ids.fl.client: Client 9 round 6: 9 of 470 boosting-passed rows flagged; surfacing 9
2026-09-24 21:38:00,773 [INFO] fl_ids.models.boosting: Continued boosting training: +50 trees on 93759 rows (now 400 trees)
2026-09-24 21:38:00,776 [INFO] fl_ids.models.boosting_update: Round 6: boosting v3 (continue) from 347 alerts ({'Normal': 335, 'Password': 2, 'Vulnerability_scanner': 4, 'XSS': 6}); 0 from excluded clients ignored
2026-09-24 21:38:01,187 [INFO] fl_ids.eval.simulation: Round 6: mean_val_loss=3169533158.9066, comm_bytes=583920
2026-09-24 21:38:17,196 [INFO] fl_ids.eval.simulation: Round 7: mean_val_loss=435564042003.6057, comm_bytes=583920
2026-09-24 21:38:35,421 [INFO] fl_ids.eval.simulation: Round 8: mean_val_loss=46047282910113.0703, comm_bytes=583920
2026-09-24 21:38:36,258 [INFO] fl_ids.fl.client: Client 0 round 9: 127 of 4240 boosting-passed rows flagged; surfacing 50
2026-09-24 21:38:38,829 [INFO] fl_ids.fl.client: Client 1 round 9: 2 of 153 boosting-passed rows flagged; surfacing 2
2026-09-24 21:38:39,941 [INFO] fl_ids.fl.client: Client 2 round 9: 241 of 7806 boosting-passed rows flagged; surfacing 50
2026-09-24 21:38:43,018 [INFO] fl_ids.fl.client: Client 3 round 9: 76 of 3351 boosting-passed rows flagged; surfacing 50
2026-09-24 21:38:44,265 [INFO] fl_ids.fl.client: Client 4 round 9: 32 of 827 boosting-passed rows flagged; surfacing 32
2026-09-24 21:38:44,813 [INFO] fl_ids.fl.client: Client 5 round 9: 82 of 1694 boosting-passed rows flagged; surfacing 50
2026-09-24 21:38:46,608 [INFO] fl_ids.fl.client: Client 6 round 9: 347 of 10414 boosting-passed rows flagged; surfacing 50
2026-09-24 21:38:49,606 [INFO] fl_ids.fl.client: Client 7 round 9: 3 of 63 boosting-passed rows flagged; surfacing 3
2026-09-24 21:38:50,141 [INFO] fl_ids.fl.client: Client 8 round 9: 102 of 3248 boosting-passed rows flagged; surfacing 50
2026-09-24 21:38:51,272 [INFO] fl_ids.fl.client: Client 9 round 9: 2 of 471 boosting-passed rows flagged; surfacing 2
2026-09-24 21:39:23,216 [INFO] fl_ids.models.boosting: Continued boosting training: +50 trees on 94098 rows (now 450 trees)
2026-09-24 21:39:23,217 [INFO] fl_ids.models.boosting_update: Round 9: boosting v4 (continue) from 339 alerts ({'Normal': 339}); 0 from excluded clients ignored
2026-09-24 21:39:23,712 [INFO] fl_ids.eval.simulation: Round 9: mean_val_loss=2148268709549207.2500, comm_bytes=583920
2026-09-24 21:39:42,863 [INFO] fl_ids.eval.simulation: Round 10: mean_val_loss=76612087093525616.0000, comm_bytes=583920
2026-09-24 21:40:02,347 [INFO] fl_ids.eval.simulation: Round 11: mean_val_loss=1572073276826752512.0000, comm_bytes=583920
2026-09-24 21:40:02,922 [INFO] fl_ids.fl.client: Client 0 round 12: 110 of 4240 boosting-passed rows flagged; surfacing 50
2026-09-24 21:40:04,690 [INFO] fl_ids.fl.client: Client 1 round 12: 2 of 151 boosting-passed rows flagged; surfacing 2
2026-09-24 21:40:05,744 [INFO] fl_ids.fl.client: Client 2 round 12: 237 of 7803 boosting-passed rows flagged; surfacing 50
2026-09-24 21:40:08,934 [INFO] fl_ids.fl.client: Client 3 round 12: 85 of 3352 boosting-passed rows flagged; surfacing 50
2026-09-24 21:40:10,275 [INFO] fl_ids.fl.client: Client 4 round 12: 32 of 826 boosting-passed rows flagged; surfacing 32
2026-09-24 21:40:10,819 [INFO] fl_ids.fl.client: Client 5 round 12: 78 of 1694 boosting-passed rows flagged; surfacing 50
2026-09-24 21:40:12,670 [INFO] fl_ids.fl.client: Client 6 round 12: 346 of 10416 boosting-passed rows flagged; surfacing 50
2026-09-24 21:40:15,788 [INFO] fl_ids.fl.client: Client 7 round 12: 4 of 63 boosting-passed rows flagged; surfacing 4
2026-09-24 21:40:16,420 [INFO] fl_ids.fl.client: Client 8 round 12: 98 of 3248 boosting-passed rows flagged; surfacing 50
2026-09-24 21:40:17,594 [INFO] fl_ids.fl.client: Client 9 round 12: 2 of 467 boosting-passed rows flagged; surfacing 2
2026-09-24 21:40:54,757 [INFO] fl_ids.models.boosting: Continued boosting training: +50 trees on 94438 rows (now 500 trees)
2026-09-24 21:40:54,758 [INFO] fl_ids.models.boosting_update: Round 12: boosting v5 (continue) from 340 alerts ({'Normal': 340}); 0 from excluded clients ignored
2026-09-24 21:40:55,097 [INFO] fl_ids.eval.simulation: Round 12: mean_val_loss=22935336912680382464.0000, comm_bytes=583920
2026-09-24 21:41:16,029 [INFO] fl_ids.eval.simulation: Round 13: mean_val_loss=237660066369997504512.0000, comm_bytes=583920
2026-09-24 21:41:35,642 [INFO] fl_ids.eval.simulation: Round 14: mean_val_loss=1850464109254557302784.0000, comm_bytes=583920
2026-09-24 21:41:36,426 [INFO] fl_ids.fl.client: Client 0 round 15: 107 of 4240 boosting-passed rows flagged; surfacing 50
2026-09-24 21:41:37,823 [INFO] fl_ids.fl.client: Client 1 round 15: 2 of 150 boosting-passed rows flagged; surfacing 2
2026-09-24 21:41:39,290 [INFO] fl_ids.fl.client: Client 2 round 15: 241 of 7803 boosting-passed rows flagged; surfacing 50
2026-09-24 21:41:42,173 [INFO] fl_ids.fl.client: Client 3 round 15: 86 of 3351 boosting-passed rows flagged; surfacing 50
2026-09-24 21:41:43,494 [INFO] fl_ids.fl.client: Client 4 round 15: 33 of 826 boosting-passed rows flagged; surfacing 33
2026-09-24 21:41:44,105 [INFO] fl_ids.fl.client: Client 5 round 15: 79 of 1693 boosting-passed rows flagged; surfacing 50
2026-09-24 21:41:46,253 [INFO] fl_ids.fl.client: Client 6 round 15: 349 of 10409 boosting-passed rows flagged; surfacing 50
2026-09-24 21:41:49,182 [INFO] fl_ids.fl.client: Client 7 round 15: 4 of 62 boosting-passed rows flagged; surfacing 4
2026-09-24 21:41:49,833 [INFO] fl_ids.fl.client: Client 8 round 15: 94 of 3248 boosting-passed rows flagged; surfacing 50
2026-09-24 21:41:51,054 [INFO] fl_ids.fl.client: Client 9 round 15: 2 of 466 boosting-passed rows flagged; surfacing 2
2026-09-24 21:42:33,430 [INFO] fl_ids.models.boosting: Continued boosting training: +50 trees on 94779 rows (now 550 trees)
2026-09-24 21:42:33,435 [INFO] fl_ids.models.boosting_update: Round 15: boosting v6 (continue) from 341 alerts ({'Normal': 341}); 0 from excluded clients ignored
2026-09-24 21:42:34,136 [INFO] fl_ids.eval.simulation: Round 15: mean_val_loss=11645058358879895683072.0000, comm_bytes=583920
2026-09-24 21:42:56,241 [INFO] fl_ids.eval.simulation: Round 16: mean_val_loss=48815270985476576641024.0000, comm_bytes=583920
2026-09-24 21:43:15,645 [INFO] fl_ids.eval.simulation: Round 17: mean_val_loss=106094952668251576860672.0000, comm_bytes=583920
2026-09-24 21:43:16,526 [INFO] fl_ids.fl.client: Client 0 round 18: 106 of 4240 boosting-passed rows flagged; surfacing 50
2026-09-24 21:43:17,959 [INFO] fl_ids.fl.client: Client 1 round 18: 2 of 150 boosting-passed rows flagged; surfacing 2
2026-09-24 21:43:19,563 [INFO] fl_ids.fl.client: Client 2 round 18: 240 of 7803 boosting-passed rows flagged; surfacing 50
2026-09-24 21:43:22,772 [INFO] fl_ids.fl.client: Client 3 round 18: 86 of 3351 boosting-passed rows flagged; surfacing 50
2026-09-24 21:43:24,503 [INFO] fl_ids.fl.client: Client 4 round 18: 33 of 826 boosting-passed rows flagged; surfacing 33
2026-09-24 21:43:25,222 [INFO] fl_ids.fl.client: Client 5 round 18: 80 of 1693 boosting-passed rows flagged; surfacing 50
2026-09-24 21:43:28,029 [INFO] fl_ids.fl.client: Client 6 round 18: 349 of 10415 boosting-passed rows flagged; surfacing 50
2026-09-24 21:43:31,401 [INFO] fl_ids.fl.client: Client 7 round 18: 4 of 61 boosting-passed rows flagged; surfacing 4
2026-09-24 21:43:32,153 [INFO] fl_ids.fl.client: Client 8 round 18: 95 of 3248 boosting-passed rows flagged; surfacing 50
2026-09-24 21:43:33,496 [INFO] fl_ids.fl.client: Client 9 round 18: 2 of 465 boosting-passed rows flagged; surfacing 2
2026-09-24 21:44:28,059 [INFO] fl_ids.models.boosting: Continued boosting training: +50 trees on 95120 rows (now 600 trees)
2026-09-24 21:44:28,060 [INFO] fl_ids.models.boosting_update: Round 18: boosting v7 (continue) from 341 alerts ({'Normal': 341}); 0 from excluded clients ignored
2026-09-24 21:44:28,910 [INFO] fl_ids.eval.simulation: Round 18: mean_val_loss=164139737435380746551296.0000, comm_bytes=583920
2026-09-24 21:44:53,303 [INFO] fl_ids.eval.simulation: Round 19: mean_val_loss=233279961321965935919104.0000, comm_bytes=583920
2026-09-24 21:45:15,545 [INFO] fl_ids.eval.simulation: Round 20: mean_val_loss=312217669099033532039168.0000, comm_bytes=583920
2026-09-24 21:45:16,661 [INFO] fl_ids.eval.zero_day: zero-day holdout=DDoS_HTTP run=plain_fedavg: detection_rate=0.324
2026-09-24 21:45:32,454 [INFO] fl_ids.eval.simulation: Round 1: mean_val_loss=0.3546, comm_bytes=583920
2026-09-24 21:45:47,539 [INFO] fl_ids.eval.simulation: Round 2: mean_val_loss=0.3812, comm_bytes=583920
2026-09-24 21:45:47,987 [INFO] fl_ids.fl.client: Client 0 round 3: 100 of 4240 boosting-passed rows flagged; surfacing 50
2026-09-24 21:45:49,216 [INFO] fl_ids.fl.client: Client 1 round 3: 2 of 159 boosting-passed rows flagged; surfacing 2
2026-09-24 21:45:50,010 [INFO] fl_ids.fl.client: Client 2 round 3: 205 of 7807 boosting-passed rows flagged; surfacing 50
2026-09-24 21:45:52,416 [INFO] fl_ids.fl.client: Client 3 round 3: 82 of 3353 boosting-passed rows flagged; surfacing 50
2026-09-24 21:45:53,477 [INFO] fl_ids.fl.client: Client 4 round 3: 33 of 827 boosting-passed rows flagged; surfacing 33
2026-09-24 21:45:53,899 [INFO] fl_ids.fl.client: Client 5 round 3: 67 of 1694 boosting-passed rows flagged; surfacing 50
2026-09-24 21:45:55,235 [INFO] fl_ids.fl.client: Client 6 round 3: 275 of 10419 boosting-passed rows flagged; surfacing 50
2026-09-24 21:45:57,946 [INFO] fl_ids.fl.client: Client 7 round 3: 4 of 63 boosting-passed rows flagged; surfacing 4
2026-09-24 21:45:58,325 [INFO] fl_ids.fl.client: Client 8 round 3: 107 of 3248 boosting-passed rows flagged; surfacing 50
2026-09-24 21:45:59,303 [INFO] fl_ids.fl.client: Client 9 round 3: 3 of 470 boosting-passed rows flagged; surfacing 3
2026-09-24 21:46:25,043 [INFO] fl_ids.models.boosting: Continued boosting training: +50 trees on 93400 rows (now 350 trees)
2026-09-24 21:46:25,044 [INFO] fl_ids.models.boosting_update: Round 3: boosting v2 (continue) from 342 alerts ({'Normal': 342}); 0 from excluded clients ignored
2026-09-24 21:46:25,305 [INFO] fl_ids.eval.simulation: Round 3: mean_val_loss=0.4244, comm_bytes=583920
2026-09-24 21:46:42,590 [INFO] fl_ids.eval.simulation: Round 4: mean_val_loss=0.5216, comm_bytes=583920
2026-09-24 21:46:57,352 [INFO] fl_ids.eval.simulation: Round 5: mean_val_loss=0.7559, comm_bytes=583920
2026-09-24 21:46:57,878 [INFO] fl_ids.fl.client: Client 0 round 6: 110 of 4240 boosting-passed rows flagged; surfacing 50
2026-09-24 21:46:59,178 [INFO] fl_ids.fl.client: Client 1 round 6: 2 of 156 boosting-passed rows flagged; surfacing 2
2026-09-24 21:47:00,148 [INFO] fl_ids.fl.client: Client 2 round 6: 207 of 7805 boosting-passed rows flagged; surfacing 50
2026-09-24 21:47:02,693 [INFO] fl_ids.fl.client: Client 3 round 6: 79 of 3353 boosting-passed rows flagged; surfacing 50
2026-09-24 21:47:03,909 [INFO] fl_ids.fl.client: Client 4 round 6: 34 of 827 boosting-passed rows flagged; surfacing 34
2026-09-24 21:47:04,340 [INFO] fl_ids.fl.client: Client 5 round 6: 57 of 1694 boosting-passed rows flagged; surfacing 50
2026-09-24 21:47:05,858 [INFO] fl_ids.fl.client: Client 6 round 6: 273 of 10420 boosting-passed rows flagged; surfacing 50
2026-09-24 21:47:08,698 [INFO] fl_ids.fl.client: Client 7 round 6: 3 of 63 boosting-passed rows flagged; surfacing 3
2026-09-24 21:47:09,133 [INFO] fl_ids.fl.client: Client 8 round 6: 120 of 3248 boosting-passed rows flagged; surfacing 50
2026-09-24 21:47:10,197 [INFO] fl_ids.fl.client: Client 9 round 6: 2 of 471 boosting-passed rows flagged; surfacing 2
2026-09-24 21:47:40,745 [INFO] fl_ids.models.boosting: Continued boosting training: +50 trees on 93741 rows (now 400 trees)
2026-09-24 21:47:40,746 [INFO] fl_ids.models.boosting_update: Round 6: boosting v3 (continue) from 341 alerts ({'Normal': 341}); 0 from excluded clients ignored
2026-09-24 21:47:41,063 [INFO] fl_ids.eval.simulation: Round 6: mean_val_loss=1.2761, comm_bytes=583920
2026-09-24 21:47:59,476 [INFO] fl_ids.eval.simulation: Round 7: mean_val_loss=3.1893, comm_bytes=583920
2026-09-24 21:48:16,539 [INFO] fl_ids.eval.simulation: Round 8: mean_val_loss=9.6493, comm_bytes=583920
2026-09-24 21:48:17,173 [INFO] fl_ids.fl.client: Client 0 round 9: 97 of 4240 boosting-passed rows flagged; surfacing 50
2026-09-24 21:48:18,511 [INFO] fl_ids.fl.client: Client 1 round 9: 2 of 154 boosting-passed rows flagged; surfacing 2
2026-09-24 21:48:19,740 [INFO] fl_ids.fl.client: Client 2 round 9: 240 of 7806 boosting-passed rows flagged; surfacing 50
2026-09-24 21:48:22,545 [INFO] fl_ids.fl.client: Client 3 round 9: 86 of 3352 boosting-passed rows flagged; surfacing 50
2026-09-24 21:48:23,878 [INFO] fl_ids.fl.client: Client 4 round 9: 29 of 827 boosting-passed rows flagged; surfacing 29
2026-09-24 21:48:24,422 [INFO] fl_ids.fl.client: Client 5 round 9: 96 of 1694 boosting-passed rows flagged; surfacing 50
2026-09-24 21:48:26,258 [INFO] fl_ids.fl.client: Client 6 round 9: 332 of 10417 boosting-passed rows flagged; surfacing 50
2026-09-24 21:48:29,392 [INFO] fl_ids.fl.client: Client 7 round 9: 3 of 63 boosting-passed rows flagged; surfacing 3
2026-09-24 21:48:29,934 [INFO] fl_ids.fl.client: Client 8 round 9: 99 of 3248 boosting-passed rows flagged; surfacing 50
2026-09-24 21:48:31,086 [INFO] fl_ids.fl.client: Client 9 round 9: 2 of 470 boosting-passed rows flagged; surfacing 2
2026-09-24 21:49:05,508 [INFO] fl_ids.models.boosting: Continued boosting training: +50 trees on 94077 rows (now 450 trees)
2026-09-24 21:49:05,509 [INFO] fl_ids.models.boosting_update: Round 9: boosting v4 (continue) from 336 alerts ({'Normal': 336}); 0 from excluded clients ignored
2026-09-24 21:49:05,843 [INFO] fl_ids.eval.simulation: Round 9: mean_val_loss=29.0028, comm_bytes=583920
2026-09-24 21:49:26,240 [INFO] fl_ids.eval.simulation: Round 10: mean_val_loss=101.4884, comm_bytes=583920
2026-09-24 21:49:44,171 [INFO] fl_ids.eval.simulation: Round 11: mean_val_loss=403.4673, comm_bytes=583920
2026-09-24 21:49:44,947 [INFO] fl_ids.fl.client: Client 0 round 12: 96 of 4240 boosting-passed rows flagged; surfacing 50
2026-09-24 21:49:46,376 [INFO] fl_ids.fl.client: Client 1 round 12: 2 of 152 boosting-passed rows flagged; surfacing 2
2026-09-24 21:49:47,630 [INFO] fl_ids.fl.client: Client 2 round 12: 242 of 7805 boosting-passed rows flagged; surfacing 50
2026-09-24 21:49:50,673 [INFO] fl_ids.fl.client: Client 3 round 12: 94 of 3352 boosting-passed rows flagged; surfacing 50
2026-09-24 21:49:51,992 [INFO] fl_ids.fl.client: Client 4 round 12: 30 of 826 boosting-passed rows flagged; surfacing 30
2026-09-24 21:49:52,543 [INFO] fl_ids.fl.client: Client 5 round 12: 97 of 1693 boosting-passed rows flagged; surfacing 50
2026-09-24 21:49:54,640 [INFO] fl_ids.fl.client: Client 6 round 12: 320 of 10413 boosting-passed rows flagged; surfacing 50
2026-09-24 21:49:58,242 [INFO] fl_ids.fl.client: Client 7 round 12: 4 of 63 boosting-passed rows flagged; surfacing 4
2026-09-24 21:49:58,900 [INFO] fl_ids.fl.client: Client 8 round 12: 101 of 3248 boosting-passed rows flagged; surfacing 50
2026-09-24 21:50:00,286 [INFO] fl_ids.fl.client: Client 9 round 12: 0 of 466 boosting-passed rows flagged; surfacing 0
2026-09-24 21:50:44,020 [INFO] fl_ids.models.boosting: Continued boosting training: +50 trees on 94413 rows (now 500 trees)
2026-09-24 21:50:44,022 [INFO] fl_ids.models.boosting_update: Round 12: boosting v5 (continue) from 336 alerts ({'Normal': 336}); 0 from excluded clients ignored
2026-09-24 21:50:44,515 [INFO] fl_ids.eval.simulation: Round 12: mean_val_loss=1803.8801, comm_bytes=583920
2026-09-24 21:51:06,572 [INFO] fl_ids.eval.simulation: Round 13: mean_val_loss=8064.6862, comm_bytes=583920
2026-09-24 21:51:24,741 [INFO] fl_ids.eval.simulation: Round 14: mean_val_loss=31134.6370, comm_bytes=583920
2026-09-24 21:51:25,658 [INFO] fl_ids.fl.client: Client 0 round 15: 108 of 4240 boosting-passed rows flagged; surfacing 50
2026-09-24 21:51:27,170 [INFO] fl_ids.fl.client: Client 1 round 15: 2 of 150 boosting-passed rows flagged; surfacing 2
2026-09-24 21:51:28,827 [INFO] fl_ids.fl.client: Client 2 round 15: 243 of 7805 boosting-passed rows flagged; surfacing 50
2026-09-24 21:51:32,084 [INFO] fl_ids.fl.client: Client 3 round 15: 88 of 3352 boosting-passed rows flagged; surfacing 50
2026-09-24 21:51:33,520 [INFO] fl_ids.fl.client: Client 4 round 15: 29 of 826 boosting-passed rows flagged; surfacing 29
2026-09-24 21:51:34,156 [INFO] fl_ids.fl.client: Client 5 round 15: 107 of 1692 boosting-passed rows flagged; surfacing 50
2026-09-24 21:51:36,701 [INFO] fl_ids.fl.client: Client 6 round 15: 334 of 10415 boosting-passed rows flagged; surfacing 50
2026-09-24 21:51:39,816 [INFO] fl_ids.fl.client: Client 7 round 15: 4 of 63 boosting-passed rows flagged; surfacing 4
2026-09-24 21:51:40,522 [INFO] fl_ids.fl.client: Client 8 round 15: 99 of 3247 boosting-passed rows flagged; surfacing 50
2026-09-24 21:51:41,893 [INFO] fl_ids.fl.client: Client 9 round 15: 1 of 468 boosting-passed rows flagged; surfacing 1
2026-09-24 21:52:29,023 [INFO] fl_ids.models.boosting: Continued boosting training: +50 trees on 94749 rows (now 550 trees)
2026-09-24 21:52:29,025 [INFO] fl_ids.models.boosting_update: Round 15: boosting v6 (continue) from 336 alerts ({'Normal': 336}); 0 from excluded clients ignored
2026-09-24 21:52:29,509 [INFO] fl_ids.eval.simulation: Round 15: mean_val_loss=149130.9254, comm_bytes=583920
2026-09-24 21:52:52,647 [INFO] fl_ids.eval.simulation: Round 16: mean_val_loss=521122.4880, comm_bytes=583920
2026-09-24 21:53:10,559 [INFO] fl_ids.eval.simulation: Round 17: mean_val_loss=1731633.8818, comm_bytes=583920
2026-09-24 21:53:11,415 [INFO] fl_ids.fl.client: Client 0 round 18: 117 of 4240 boosting-passed rows flagged; surfacing 50
2026-09-24 21:53:13,035 [INFO] fl_ids.fl.client: Client 1 round 18: 2 of 148 boosting-passed rows flagged; surfacing 2
2026-09-24 21:53:14,871 [INFO] fl_ids.fl.client: Client 2 round 18: 242 of 7805 boosting-passed rows flagged; surfacing 50
2026-09-24 21:53:17,951 [INFO] fl_ids.fl.client: Client 3 round 18: 83 of 3351 boosting-passed rows flagged; surfacing 50
2026-09-24 21:53:19,469 [INFO] fl_ids.fl.client: Client 4 round 18: 28 of 825 boosting-passed rows flagged; surfacing 28
2026-09-24 21:53:20,162 [INFO] fl_ids.fl.client: Client 5 round 18: 107 of 1693 boosting-passed rows flagged; surfacing 50
2026-09-24 21:53:22,574 [INFO] fl_ids.fl.client: Client 6 round 18: 328 of 10411 boosting-passed rows flagged; surfacing 50
2026-09-24 21:53:25,812 [INFO] fl_ids.fl.client: Client 7 round 18: 4 of 63 boosting-passed rows flagged; surfacing 4
2026-09-24 21:53:26,536 [INFO] fl_ids.fl.client: Client 8 round 18: 97 of 3247 boosting-passed rows flagged; surfacing 50
2026-09-24 21:53:27,828 [INFO] fl_ids.fl.client: Client 9 round 18: 2 of 465 boosting-passed rows flagged; surfacing 2
2026-09-24 21:54:27,746 [INFO] fl_ids.models.boosting: Continued boosting training: +50 trees on 95085 rows (now 600 trees)
2026-09-24 21:54:27,747 [INFO] fl_ids.models.boosting_update: Round 18: boosting v7 (continue) from 336 alerts ({'Normal': 336}); 0 from excluded clients ignored
2026-09-24 21:54:28,103 [INFO] fl_ids.eval.simulation: Round 18: mean_val_loss=5289099.3325, comm_bytes=583920
2026-09-24 21:54:45,634 [INFO] fl_ids.eval.simulation: Round 19: mean_val_loss=19439535.0616, comm_bytes=583920
2026-09-24 21:55:04,010 [INFO] fl_ids.eval.simulation: Round 20: mean_val_loss=66279496.3540, comm_bytes=583920
2026-09-24 21:55:04,865 [INFO] fl_ids.eval.zero_day: zero-day holdout=DDoS_HTTP run=trimmed_mean_only: detection_rate=0.328
2026-09-24 21:55:20,117 [INFO] fl_ids.eval.simulation: Round 1: mean_val_loss=0.2243, comm_bytes=583920
2026-09-24 21:55:35,077 [INFO] fl_ids.eval.simulation: Round 2: mean_val_loss=0.0843, comm_bytes=583920
2026-09-24 21:55:35,115 [INFO] fl_ids.fl.client: Client 0 round 3: 185 of 5166 boosting-passed rows flagged; surfacing 50
2026-09-24 21:55:36,452 [INFO] fl_ids.fl.client: Client 1 round 3: 15 of 1270 boosting-passed rows flagged; surfacing 15
2026-09-24 21:55:36,798 [INFO] fl_ids.fl.client: Client 2 round 3: 580 of 8936 boosting-passed rows flagged; surfacing 50
2026-09-24 21:55:38,975 [INFO] fl_ids.fl.client: Client 3 round 3: 173 of 4594 boosting-passed rows flagged; surfacing 50
2026-09-24 21:55:40,116 [INFO] fl_ids.fl.client: Client 4 round 3: 56 of 3671 boosting-passed rows flagged; surfacing 50
2026-09-24 21:55:41,103 [INFO] fl_ids.fl.client: Client 5 round 3: 81 of 2094 boosting-passed rows flagged; surfacing 50
2026-09-24 21:55:41,732 [INFO] fl_ids.fl.client: Client 6 round 3: 541 of 11091 boosting-passed rows flagged; surfacing 50
2026-09-24 21:55:44,357 [INFO] fl_ids.fl.client: Client 7 round 3: 23 of 1530 boosting-passed rows flagged; surfacing 23
2026-09-24 21:55:44,771 [INFO] fl_ids.fl.client: Client 8 round 3: 286 of 4047 boosting-passed rows flagged; surfacing 50
2026-09-24 21:55:45,756 [INFO] fl_ids.fl.client: Client 9 round 3: 58 of 1852 boosting-passed rows flagged; surfacing 50
2026-09-24 21:56:06,750 [INFO] fl_ids.models.boosting: Continued boosting training: +50 trees on 93346 rows (now 350 trees)
2026-09-24 21:56:06,751 [INFO] fl_ids.models.boosting_update: Round 3: boosting v2 (continue) from 288 alerts ({'DDoS_ICMP': 36, 'DDoS_TCP': 33, 'DDoS_UDP': 33, 'Fingerprinting': 2, 'MITM': 2, 'Normal': 97, 'Password': 23, 'Port_Scanning': 6, 'Ransomware': 1, 'SQL_injection': 13, 'Uploading': 17, 'Vulnerability_scanner': 16, 'XSS': 9}); 150 from excluded clients ignored
2026-09-24 21:56:06,993 [INFO] fl_ids.eval.simulation: Round 3: mean_val_loss=0.0531, comm_bytes=583920
2026-09-24 21:56:22,648 [INFO] fl_ids.eval.simulation: Round 4: mean_val_loss=0.0463, comm_bytes=583920
2026-09-24 21:56:35,660 [INFO] fl_ids.eval.simulation: Round 5: mean_val_loss=0.0384, comm_bytes=583920
2026-09-24 21:56:35,724 [INFO] fl_ids.fl.client: Client 0 round 6: 189 of 5166 boosting-passed rows flagged; surfacing 50
2026-09-24 21:56:36,950 [INFO] fl_ids.fl.client: Client 1 round 6: 24 of 1270 boosting-passed rows flagged; surfacing 24
2026-09-24 21:56:37,308 [INFO] fl_ids.fl.client: Client 2 round 6: 558 of 8936 boosting-passed rows flagged; surfacing 50
2026-09-24 21:56:39,391 [INFO] fl_ids.fl.client: Client 3 round 6: 306 of 4594 boosting-passed rows flagged; surfacing 50
2026-09-24 21:56:40,500 [INFO] fl_ids.fl.client: Client 4 round 6: 182 of 3671 boosting-passed rows flagged; surfacing 50
2026-09-24 21:56:41,488 [INFO] fl_ids.fl.client: Client 5 round 6: 136 of 2094 boosting-passed rows flagged; surfacing 50
2026-09-24 21:56:42,069 [INFO] fl_ids.fl.client: Client 6 round 6: 593 of 11091 boosting-passed rows flagged; surfacing 50
2026-09-24 21:56:44,683 [INFO] fl_ids.fl.client: Client 7 round 6: 38 of 1530 boosting-passed rows flagged; surfacing 38
2026-09-24 21:56:45,094 [INFO] fl_ids.fl.client: Client 8 round 6: 479 of 4047 boosting-passed rows flagged; surfacing 50
2026-09-24 21:56:46,098 [INFO] fl_ids.fl.client: Client 9 round 6: 147 of 1852 boosting-passed rows flagged; surfacing 50
2026-09-24 21:57:12,518 [INFO] fl_ids.models.boosting: Continued boosting training: +50 trees on 93658 rows (now 400 trees)
2026-09-24 21:57:12,519 [INFO] fl_ids.models.boosting_update: Round 6: boosting v3 (continue) from 312 alerts ({'DDoS_ICMP': 47, 'DDoS_TCP': 23, 'DDoS_UDP': 70, 'Fingerprinting': 2, 'MITM': 3, 'Normal': 82, 'Password': 29, 'Port_Scanning': 1, 'Ransomware': 1, 'SQL_injection': 16, 'Uploading': 13, 'Vulnerability_scanner': 17, 'XSS': 8}); 150 from excluded clients ignored
2026-09-24 21:57:12,866 [INFO] fl_ids.eval.simulation: Round 6: mean_val_loss=0.0330, comm_bytes=583920
2026-09-24 21:57:28,630 [INFO] fl_ids.eval.simulation: Round 7: mean_val_loss=0.0298, comm_bytes=583920
2026-09-24 21:57:41,019 [INFO] fl_ids.eval.simulation: Round 8: mean_val_loss=0.0280, comm_bytes=583920
2026-09-24 21:57:41,093 [INFO] fl_ids.fl.client: Client 0 round 9: 194 of 5166 boosting-passed rows flagged; surfacing 50
2026-09-24 21:57:42,524 [INFO] fl_ids.fl.client: Client 1 round 9: 27 of 1270 boosting-passed rows flagged; surfacing 27
2026-09-24 21:57:42,929 [INFO] fl_ids.fl.client: Client 2 round 9: 511 of 8936 boosting-passed rows flagged; surfacing 50
2026-09-24 21:57:45,134 [INFO] fl_ids.fl.client: Client 3 round 9: 261 of 4594 boosting-passed rows flagged; surfacing 50
2026-09-24 21:57:46,289 [INFO] fl_ids.fl.client: Client 4 round 9: 103 of 3671 boosting-passed rows flagged; surfacing 50
2026-09-24 21:57:47,337 [INFO] fl_ids.fl.client: Client 5 round 9: 177 of 2094 boosting-passed rows flagged; surfacing 50
2026-09-24 21:57:47,943 [INFO] fl_ids.fl.client: Client 6 round 9: 552 of 11091 boosting-passed rows flagged; surfacing 50
2026-09-24 21:57:50,709 [INFO] fl_ids.fl.client: Client 7 round 9: 24 of 1530 boosting-passed rows flagged; surfacing 24
2026-09-24 21:57:51,171 [INFO] fl_ids.fl.client: Client 8 round 9: 212 of 4047 boosting-passed rows flagged; surfacing 50
2026-09-24 21:57:52,205 [INFO] fl_ids.fl.client: Client 9 round 9: 75 of 1852 boosting-passed rows flagged; surfacing 50
2026-09-24 21:58:23,707 [INFO] fl_ids.models.boosting: Continued boosting training: +50 trees on 93959 rows (now 450 trees)
2026-09-24 21:58:23,708 [INFO] fl_ids.models.boosting_update: Round 9: boosting v4 (continue) from 301 alerts ({'DDoS_ICMP': 46, 'DDoS_TCP': 7, 'DDoS_UDP': 46, 'Fingerprinting': 2, 'MITM': 3, 'Normal': 93, 'Password': 29, 'Port_Scanning': 3, 'Ransomware': 1, 'SQL_injection': 21, 'Uploading': 15, 'Vulnerability_scanner': 23, 'XSS': 12}); 150 from excluded clients ignored
2026-09-24 21:58:24,008 [INFO] fl_ids.eval.simulation: Round 9: mean_val_loss=0.0259, comm_bytes=583920
2026-09-24 21:58:40,201 [INFO] fl_ids.eval.simulation: Round 10: mean_val_loss=0.0239, comm_bytes=583920
2026-09-24 21:58:52,739 [INFO] fl_ids.eval.simulation: Round 11: mean_val_loss=0.0217, comm_bytes=583920
2026-09-24 21:58:52,819 [INFO] fl_ids.fl.client: Client 0 round 12: 199 of 5166 boosting-passed rows flagged; surfacing 50
2026-09-24 21:58:54,164 [INFO] fl_ids.fl.client: Client 1 round 12: 26 of 1270 boosting-passed rows flagged; surfacing 26
2026-09-24 21:58:54,554 [INFO] fl_ids.fl.client: Client 2 round 12: 533 of 8936 boosting-passed rows flagged; surfacing 50
2026-09-24 21:58:56,832 [INFO] fl_ids.fl.client: Client 3 round 12: 289 of 4594 boosting-passed rows flagged; surfacing 50
2026-09-24 21:58:58,182 [INFO] fl_ids.fl.client: Client 4 round 12: 85 of 3671 boosting-passed rows flagged; surfacing 50
2026-09-24 21:58:59,178 [INFO] fl_ids.fl.client: Client 5 round 12: 176 of 2094 boosting-passed rows flagged; surfacing 50
2026-09-24 21:58:59,769 [INFO] fl_ids.fl.client: Client 6 round 12: 577 of 11091 boosting-passed rows flagged; surfacing 50
2026-09-24 21:59:02,591 [INFO] fl_ids.fl.client: Client 7 round 12: 26 of 1530 boosting-passed rows flagged; surfacing 26
2026-09-24 21:59:03,033 [INFO] fl_ids.fl.client: Client 8 round 12: 280 of 4047 boosting-passed rows flagged; surfacing 50
2026-09-24 21:59:04,098 [INFO] fl_ids.fl.client: Client 9 round 12: 59 of 1852 boosting-passed rows flagged; surfacing 50
2026-09-24 21:59:44,031 [INFO] fl_ids.models.boosting: Continued boosting training: +50 trees on 94261 rows (now 500 trees)
2026-09-24 21:59:44,033 [INFO] fl_ids.models.boosting_update: Round 12: boosting v5 (continue) from 302 alerts ({'Backdoor': 7, 'DDoS_ICMP': 44, 'DDoS_TCP': 11, 'DDoS_UDP': 47, 'Fingerprinting': 1, 'MITM': 4, 'Normal': 83, 'Password': 29, 'Port_Scanning': 1, 'Ransomware': 4, 'SQL_injection': 23, 'Uploading': 14, 'Vulnerability_scanner': 23, 'XSS': 11}); 150 from excluded clients ignored
2026-09-24 21:59:44,457 [INFO] fl_ids.eval.simulation: Round 12: mean_val_loss=0.0198, comm_bytes=583920
2026-09-24 22:00:01,927 [INFO] fl_ids.eval.simulation: Round 13: mean_val_loss=0.0165, comm_bytes=583920
2026-09-24 22:00:13,703 [INFO] fl_ids.eval.simulation: Round 14: mean_val_loss=0.0178, comm_bytes=583920
2026-09-24 22:00:13,812 [INFO] fl_ids.fl.client: Client 0 round 15: 253 of 5166 boosting-passed rows flagged; surfacing 50
2026-09-24 22:00:15,208 [INFO] fl_ids.fl.client: Client 1 round 15: 24 of 1270 boosting-passed rows flagged; surfacing 24
2026-09-24 22:00:15,614 [INFO] fl_ids.fl.client: Client 2 round 15: 588 of 8936 boosting-passed rows flagged; surfacing 50
2026-09-24 22:00:17,903 [INFO] fl_ids.fl.client: Client 3 round 15: 339 of 4594 boosting-passed rows flagged; surfacing 50
2026-09-24 22:00:19,104 [INFO] fl_ids.fl.client: Client 4 round 15: 79 of 3671 boosting-passed rows flagged; surfacing 50
2026-09-24 22:00:20,101 [INFO] fl_ids.fl.client: Client 5 round 15: 230 of 2094 boosting-passed rows flagged; surfacing 50
2026-09-24 22:00:20,714 [INFO] fl_ids.fl.client: Client 6 round 15: 656 of 11091 boosting-passed rows flagged; surfacing 50
2026-09-24 22:00:23,533 [INFO] fl_ids.fl.client: Client 7 round 15: 27 of 1530 boosting-passed rows flagged; surfacing 27
2026-09-24 22:00:24,000 [INFO] fl_ids.fl.client: Client 8 round 15: 248 of 4047 boosting-passed rows flagged; surfacing 50
2026-09-24 22:00:25,078 [INFO] fl_ids.fl.client: Client 9 round 15: 48 of 1852 boosting-passed rows flagged; surfacing 48
2026-09-24 22:01:08,726 [INFO] fl_ids.models.boosting: Continued boosting training: +50 trees on 94583 rows (now 550 trees)
2026-09-24 22:01:08,727 [INFO] fl_ids.models.boosting_update: Round 15: boosting v6 (continue) from 322 alerts ({'Backdoor': 7, 'DDoS_ICMP': 48, 'DDoS_TCP': 11, 'DDoS_UDP': 42, 'MITM': 2, 'Normal': 97, 'Password': 49, 'Port_Scanning': 4, 'Ransomware': 2, 'SQL_injection': 24, 'Uploading': 8, 'Vulnerability_scanner': 22, 'XSS': 6}); 127 from excluded clients ignored
2026-09-24 22:01:09,091 [INFO] fl_ids.eval.simulation: Round 15: mean_val_loss=0.0140, comm_bytes=583920
2026-09-24 22:01:26,656 [INFO] fl_ids.eval.simulation: Round 16: mean_val_loss=0.0165, comm_bytes=583920
2026-09-24 22:01:38,630 [INFO] fl_ids.eval.simulation: Round 17: mean_val_loss=0.0159, comm_bytes=583920
2026-09-24 22:01:38,724 [INFO] fl_ids.fl.client: Client 0 round 18: 236 of 5166 boosting-passed rows flagged; surfacing 50
2026-09-24 22:01:40,097 [INFO] fl_ids.fl.client: Client 1 round 18: 24 of 1270 boosting-passed rows flagged; surfacing 24
2026-09-24 22:01:40,504 [INFO] fl_ids.fl.client: Client 2 round 18: 621 of 8936 boosting-passed rows flagged; surfacing 50
2026-09-24 22:01:42,952 [INFO] fl_ids.fl.client: Client 3 round 18: 379 of 4594 boosting-passed rows flagged; surfacing 50
2026-09-24 22:01:44,185 [INFO] fl_ids.fl.client: Client 4 round 18: 76 of 3671 boosting-passed rows flagged; surfacing 50
2026-09-24 22:01:45,188 [INFO] fl_ids.fl.client: Client 5 round 18: 161 of 2094 boosting-passed rows flagged; surfacing 50
2026-09-24 22:01:45,812 [INFO] fl_ids.fl.client: Client 6 round 18: 690 of 11091 boosting-passed rows flagged; surfacing 50
2026-09-24 22:01:48,681 [INFO] fl_ids.fl.client: Client 7 round 18: 21 of 1530 boosting-passed rows flagged; surfacing 21
2026-09-24 22:01:49,226 [INFO] fl_ids.fl.client: Client 8 round 18: 283 of 4047 boosting-passed rows flagged; surfacing 50
2026-09-24 22:01:50,360 [INFO] fl_ids.fl.client: Client 9 round 18: 47 of 1852 boosting-passed rows flagged; surfacing 47
2026-09-24 22:02:41,839 [INFO] fl_ids.models.boosting: Continued boosting training: +50 trees on 94975 rows (now 600 trees)
2026-09-24 22:02:41,843 [INFO] fl_ids.models.boosting_update: Round 18: boosting v7 (continue) from 392 alerts ({'Backdoor': 5, 'DDoS_ICMP': 38, 'DDoS_TCP': 15, 'DDoS_UDP': 53, 'Fingerprinting': 1, 'MITM': 6, 'Normal': 138, 'Password': 54, 'Port_Scanning': 3, 'Ransomware': 1, 'SQL_injection': 22, 'Uploading': 13, 'Vulnerability_scanner': 28, 'XSS': 15}); 50 from excluded clients ignored
2026-09-24 22:02:42,266 [INFO] fl_ids.eval.simulation: Round 18: mean_val_loss=0.0169, comm_bytes=583920
2026-09-24 22:02:59,325 [INFO] fl_ids.eval.simulation: Round 19: mean_val_loss=0.0185, comm_bytes=583920
2026-09-24 22:03:15,623 [INFO] fl_ids.eval.simulation: Round 20: mean_val_loss=0.0183, comm_bytes=583920
2026-09-24 22:03:15,678 [INFO] fl_ids.eval.zero_day: zero-day holdout=DDoS_HTTP run=autoencoder_only: detection_rate=0.056
2026-09-24 22:03:16,030 [INFO] fl_ids.eval.zero_day: zero-day holdout=DDoS_HTTP run=boosting_only: detection_rate=0.319
2026-09-24 22:03:19,001 [INFO] fl_ids.eval.common: Excluded classes ['DDoS_ICMP'] from training: removed 3397 calibration rows, 2135 federated-pool rows
2026-09-24 22:03:19,002 [INFO] fl_ids.models.boosting: Training boosting classifier: 92088 samples, 15 classes, 300 rounds
2026-09-24 22:03:33,361 [WARNING] fl_ids.data.pipeline: Client 6 has zero benign validation samples (heavy Dirichlet skew or too few benign samples in its shard)
2026-09-24 22:03:33,368 [WARNING] fl_ids.data.pipeline: Client 9 has zero benign validation samples (heavy Dirichlet skew or too few benign samples in its shard)
2026-09-24 22:03:33,379 [INFO] fl_ids.eval.common: Evaluation setup: 92088 calibration, 57865 federated pool (subsampled), 8676 test rows across 10 clients
2026-09-24 22:03:46,921 [WARNING] fl_ids.fl.client: Client 6: no benign validation samples to evaluate on
2026-09-24 22:03:46,932 [WARNING] fl_ids.fl.client: Client 9: no benign validation samples to evaluate on
2026-09-24 22:03:46,932 [INFO] fl_ids.eval.simulation: Round 1: mean_val_loss=0.2227, comm_bytes=583920
2026-09-24 22:04:02,421 [WARNING] fl_ids.fl.client: Client 6: no benign validation samples to evaluate on
2026-09-24 22:04:02,427 [WARNING] fl_ids.fl.client: Client 9: no benign validation samples to evaluate on
2026-09-24 22:04:02,427 [INFO] fl_ids.eval.simulation: Round 2: mean_val_loss=0.0567, comm_bytes=583920
2026-09-24 22:04:02,562 [INFO] fl_ids.fl.client: Client 0 round 3: 5 of 329 boosting-passed rows flagged; surfacing 5
2026-09-24 22:04:03,318 [INFO] fl_ids.fl.client: Client 1 round 3: 168 of 5737 boosting-passed rows flagged; surfacing 50
2026-09-24 22:04:05,837 [INFO] fl_ids.fl.client: Client 2 round 3: 98 of 2398 boosting-passed rows flagged; surfacing 50
2026-09-24 22:04:06,655 [INFO] fl_ids.fl.client: Client 3 round 3: 3 of 545 boosting-passed rows flagged; surfacing 3
2026-09-24 22:04:06,964 [INFO] fl_ids.fl.client: Client 4 round 3: 5 of 241 boosting-passed rows flagged; surfacing 5
2026-09-24 22:04:08,047 [INFO] fl_ids.fl.client: Client 5 round 3: 427 of 14304 boosting-passed rows flagged; surfacing 50
2026-09-24 22:04:13,204 [INFO] fl_ids.fl.client: Client 7 round 3: 7 of 807 boosting-passed rows flagged; surfacing 7
2026-09-24 22:04:14,527 [INFO] fl_ids.fl.client: Client 8 round 3: 298 of 8210 boosting-passed rows flagged; surfacing 50
2026-09-24 22:04:38,961 [INFO] fl_ids.models.boosting: Continued boosting training: +50 trees on 92303 rows (now 350 trees)
2026-09-24 22:04:38,962 [INFO] fl_ids.models.boosting_update: Round 3: boosting v2 (continue) from 215 alerts ({'Backdoor': 2, 'Normal': 192, 'Port_Scanning': 12, 'Ransomware': 1, 'Uploading': 7, 'Vulnerability_scanner': 1}); 5 from excluded clients ignored
2026-09-24 22:04:39,139 [WARNING] fl_ids.fl.client: Client 6: no benign validation samples to evaluate on
2026-09-24 22:04:39,145 [WARNING] fl_ids.fl.client: Client 9: no benign validation samples to evaluate on
2026-09-24 22:04:39,145 [INFO] fl_ids.eval.simulation: Round 3: mean_val_loss=0.0626, comm_bytes=583920
2026-09-24 22:04:52,892 [WARNING] fl_ids.fl.client: Client 6: no benign validation samples to evaluate on
2026-09-24 22:04:52,902 [WARNING] fl_ids.fl.client: Client 9: no benign validation samples to evaluate on
2026-09-24 22:04:52,902 [INFO] fl_ids.eval.simulation: Round 4: mean_val_loss=0.3023, comm_bytes=583920
2026-09-24 22:05:08,545 [WARNING] fl_ids.fl.client: Client 6: no benign validation samples to evaluate on
2026-09-24 22:05:08,553 [WARNING] fl_ids.fl.client: Client 9: no benign validation samples to evaluate on
2026-09-24 22:05:08,553 [INFO] fl_ids.eval.simulation: Round 5: mean_val_loss=0.0177, comm_bytes=583920
2026-09-24 22:05:08,685 [INFO] fl_ids.fl.client: Client 0 round 6: 13 of 330 boosting-passed rows flagged; surfacing 13
2026-09-24 22:05:09,362 [INFO] fl_ids.fl.client: Client 1 round 6: 177 of 5727 boosting-passed rows flagged; surfacing 50
2026-09-24 22:05:11,730 [INFO] fl_ids.fl.client: Client 2 round 6: 76 of 2398 boosting-passed rows flagged; surfacing 50
2026-09-24 22:05:12,734 [INFO] fl_ids.fl.client: Client 3 round 6: 4 of 545 boosting-passed rows flagged; surfacing 4
2026-09-24 22:05:13,162 [INFO] fl_ids.fl.client: Client 4 round 6: 1 of 237 boosting-passed rows flagged; surfacing 1
2026-09-24 22:05:14,738 [INFO] fl_ids.fl.client: Client 5 round 6: 329 of 14298 boosting-passed rows flagged; surfacing 50
2026-09-24 22:05:19,987 [INFO] fl_ids.fl.client: Client 7 round 6: 13 of 803 boosting-passed rows flagged; surfacing 13
2026-09-24 22:05:20,942 [INFO] fl_ids.fl.client: Client 8 round 6: 315 of 8211 boosting-passed rows flagged; surfacing 50
2026-09-24 22:05:49,188 [INFO] fl_ids.models.boosting: Continued boosting training: +50 trees on 92520 rows (now 400 trees)
2026-09-24 22:05:49,189 [INFO] fl_ids.models.boosting_update: Round 6: boosting v3 (continue) from 217 alerts ({'Backdoor': 3, 'DDoS_HTTP': 1, 'Fingerprinting': 1, 'Normal': 197, 'Port_Scanning': 9, 'Uploading': 5, 'Vulnerability_scanner': 1}); 14 from excluded clients ignored
2026-09-24 22:05:49,391 [WARNING] fl_ids.fl.client: Client 6: no benign validation samples to evaluate on
2026-09-24 22:05:49,397 [WARNING] fl_ids.fl.client: Client 9: no benign validation samples to evaluate on
2026-09-24 22:05:49,397 [INFO] fl_ids.eval.simulation: Round 6: mean_val_loss=0.0438, comm_bytes=583920
2026-09-24 22:06:02,522 [WARNING] fl_ids.fl.client: Client 6: no benign validation samples to evaluate on
2026-09-24 22:06:02,530 [WARNING] fl_ids.fl.client: Client 9: no benign validation samples to evaluate on
2026-09-24 22:06:02,530 [INFO] fl_ids.eval.simulation: Round 7: mean_val_loss=0.2577, comm_bytes=583920
2026-09-24 22:06:19,569 [WARNING] fl_ids.fl.client: Client 6: no benign validation samples to evaluate on
2026-09-24 22:06:19,578 [WARNING] fl_ids.fl.client: Client 9: no benign validation samples to evaluate on
2026-09-24 22:06:19,578 [INFO] fl_ids.eval.simulation: Round 8: mean_val_loss=0.0132, comm_bytes=583920
2026-09-24 22:06:19,716 [INFO] fl_ids.fl.client: Client 0 round 9: 28 of 328 boosting-passed rows flagged; surfacing 28
2026-09-24 22:06:20,768 [INFO] fl_ids.fl.client: Client 1 round 9: 145 of 5723 boosting-passed rows flagged; surfacing 50
2026-09-24 22:06:23,160 [INFO] fl_ids.fl.client: Client 2 round 9: 87 of 2390 boosting-passed rows flagged; surfacing 50
2026-09-24 22:06:24,476 [INFO] fl_ids.fl.client: Client 3 round 9: 4 of 546 boosting-passed rows flagged; surfacing 4
2026-09-24 22:06:24,733 [INFO] fl_ids.fl.client: Client 4 round 9: 3 of 236 boosting-passed rows flagged; surfacing 3
2026-09-24 22:06:26,233 [INFO] fl_ids.fl.client: Client 5 round 9: 406 of 14298 boosting-passed rows flagged; surfacing 50
2026-09-24 22:06:32,006 [INFO] fl_ids.fl.client: Client 7 round 9: 18 of 804 boosting-passed rows flagged; surfacing 18
2026-09-24 22:06:33,098 [INFO] fl_ids.fl.client: Client 8 round 9: 357 of 8210 boosting-passed rows flagged; surfacing 50
2026-09-24 22:07:04,873 [INFO] fl_ids.models.boosting: Continued boosting training: +50 trees on 92742 rows (now 450 trees)
2026-09-24 22:07:04,873 [INFO] fl_ids.models.boosting_update: Round 9: boosting v4 (continue) from 222 alerts ({'Backdoor': 1, 'DDoS_HTTP': 3, 'Normal': 197, 'Port_Scanning': 14, 'Uploading': 4, 'Vulnerability_scanner': 3}); 31 from excluded clients ignored
2026-09-24 22:07:05,100 [WARNING] fl_ids.fl.client: Client 6: no benign validation samples to evaluate on
2026-09-24 22:07:05,106 [WARNING] fl_ids.fl.client: Client 9: no benign validation samples to evaluate on
2026-09-24 22:07:05,106 [INFO] fl_ids.eval.simulation: Round 9: mean_val_loss=0.0494, comm_bytes=583920
2026-09-24 22:07:19,209 [WARNING] fl_ids.fl.client: Client 6: no benign validation samples to evaluate on
2026-09-24 22:07:19,217 [WARNING] fl_ids.fl.client: Client 9: no benign validation samples to evaluate on
2026-09-24 22:07:19,217 [INFO] fl_ids.eval.simulation: Round 10: mean_val_loss=0.0134, comm_bytes=583920
2026-09-24 22:07:35,263 [WARNING] fl_ids.fl.client: Client 6: no benign validation samples to evaluate on
2026-09-24 22:07:35,272 [WARNING] fl_ids.fl.client: Client 9: no benign validation samples to evaluate on
2026-09-24 22:07:35,272 [INFO] fl_ids.eval.simulation: Round 11: mean_val_loss=0.0781, comm_bytes=583920
2026-09-24 22:07:35,438 [INFO] fl_ids.fl.client: Client 0 round 12: 16 of 327 boosting-passed rows flagged; surfacing 16
2026-09-24 22:07:36,582 [INFO] fl_ids.fl.client: Client 1 round 12: 172 of 5719 boosting-passed rows flagged; surfacing 50
2026-09-24 22:07:39,680 [INFO] fl_ids.fl.client: Client 2 round 12: 63 of 2382 boosting-passed rows flagged; surfacing 50
2026-09-24 22:07:40,614 [INFO] fl_ids.fl.client: Client 3 round 12: 4 of 543 boosting-passed rows flagged; surfacing 4
2026-09-24 22:07:40,965 [INFO] fl_ids.fl.client: Client 4 round 12: 1 of 235 boosting-passed rows flagged; surfacing 1
2026-09-24 22:07:42,813 [INFO] fl_ids.fl.client: Client 5 round 12: 418 of 14293 boosting-passed rows flagged; surfacing 50
2026-09-24 22:07:48,812 [INFO] fl_ids.fl.client: Client 7 round 12: 9 of 801 boosting-passed rows flagged; surfacing 9
2026-09-24 22:07:50,449 [INFO] fl_ids.fl.client: Client 8 round 12: 196 of 8205 boosting-passed rows flagged; surfacing 50
2026-09-24 22:08:31,024 [INFO] fl_ids.models.boosting: Continued boosting training: +50 trees on 92956 rows (now 500 trees)
2026-09-24 22:08:31,025 [INFO] fl_ids.models.boosting_update: Round 12: boosting v5 (continue) from 214 alerts ({'Normal': 214}); 16 from excluded clients ignored
2026-09-24 22:08:31,283 [WARNING] fl_ids.fl.client: Client 6: no benign validation samples to evaluate on
2026-09-24 22:08:31,289 [WARNING] fl_ids.fl.client: Client 9: no benign validation samples to evaluate on
2026-09-24 22:08:31,289 [INFO] fl_ids.eval.simulation: Round 12: mean_val_loss=0.0102, comm_bytes=583920
2026-09-24 22:08:46,585 [WARNING] fl_ids.fl.client: Client 6: no benign validation samples to evaluate on
2026-09-24 22:08:46,592 [WARNING] fl_ids.fl.client: Client 9: no benign validation samples to evaluate on
2026-09-24 22:08:46,592 [INFO] fl_ids.eval.simulation: Round 13: mean_val_loss=0.0305, comm_bytes=583920
2026-09-24 22:09:03,192 [WARNING] fl_ids.fl.client: Client 6: no benign validation samples to evaluate on
2026-09-24 22:09:03,202 [WARNING] fl_ids.fl.client: Client 9: no benign validation samples to evaluate on
2026-09-24 22:09:03,202 [INFO] fl_ids.eval.simulation: Round 14: mean_val_loss=0.0122, comm_bytes=583920
2026-09-24 22:09:03,387 [INFO] fl_ids.fl.client: Client 0 round 15: 15 of 326 boosting-passed rows flagged; surfacing 15
2026-09-24 22:09:04,289 [INFO] fl_ids.fl.client: Client 1 round 15: 196 of 5712 boosting-passed rows flagged; surfacing 50
2026-09-24 22:09:07,133 [INFO] fl_ids.fl.client: Client 2 round 15: 80 of 2381 boosting-passed rows flagged; surfacing 50
2026-09-24 22:09:08,204 [INFO] fl_ids.fl.client: Client 3 round 15: 3 of 543 boosting-passed rows flagged; surfacing 3
2026-09-24 22:09:08,917 [INFO] fl_ids.fl.client: Client 4 round 15: 1 of 238 boosting-passed rows flagged; surfacing 1
2026-09-24 22:09:11,818 [INFO] fl_ids.fl.client: Client 5 round 15: 515 of 14291 boosting-passed rows flagged; surfacing 50
2026-09-24 22:09:17,690 [INFO] fl_ids.fl.client: Client 7 round 15: 16 of 800 boosting-passed rows flagged; surfacing 16
2026-09-24 22:09:19,197 [INFO] fl_ids.fl.client: Client 8 round 15: 272 of 8199 boosting-passed rows flagged; surfacing 50
2026-09-24 22:10:05,065 [INFO] fl_ids.models.boosting: Continued boosting training: +50 trees on 93171 rows (now 550 trees)
2026-09-24 22:10:05,066 [INFO] fl_ids.models.boosting_update: Round 15: boosting v6 (continue) from 215 alerts ({'DDoS_HTTP': 2, 'Normal': 196, 'Password': 3, 'Port_Scanning': 7, 'SQL_injection': 1, 'Uploading': 4, 'Vulnerability_scanner': 2}); 20 from excluded clients ignored
2026-09-24 22:10:05,365 [WARNING] fl_ids.fl.client: Client 6: no benign validation samples to evaluate on
2026-09-24 22:10:05,371 [WARNING] fl_ids.fl.client: Client 9: no benign validation samples to evaluate on
2026-09-24 22:10:05,372 [INFO] fl_ids.eval.simulation: Round 15: mean_val_loss=0.0417, comm_bytes=583920
2026-09-24 22:10:21,507 [WARNING] fl_ids.fl.client: Client 6: no benign validation samples to evaluate on
2026-09-24 22:10:21,515 [WARNING] fl_ids.fl.client: Client 9: no benign validation samples to evaluate on
2026-09-24 22:10:21,516 [INFO] fl_ids.eval.simulation: Round 16: mean_val_loss=0.0100, comm_bytes=583920
2026-09-24 22:10:37,579 [WARNING] fl_ids.fl.client: Client 6: no benign validation samples to evaluate on
2026-09-24 22:10:37,587 [WARNING] fl_ids.fl.client: Client 9: no benign validation samples to evaluate on
2026-09-24 22:10:37,588 [INFO] fl_ids.eval.simulation: Round 17: mean_val_loss=0.0376, comm_bytes=583920
2026-09-24 22:10:37,852 [INFO] fl_ids.fl.client: Client 0 round 18: 15 of 321 boosting-passed rows flagged; surfacing 15
2026-09-24 22:10:39,024 [INFO] fl_ids.fl.client: Client 1 round 18: 187 of 5711 boosting-passed rows flagged; surfacing 50
2026-09-24 22:10:42,155 [INFO] fl_ids.fl.client: Client 2 round 18: 45 of 2379 boosting-passed rows flagged; surfacing 45
2026-09-24 22:10:44,019 [INFO] fl_ids.fl.client: Client 3 round 18: 5 of 542 boosting-passed rows flagged; surfacing 5
2026-09-24 22:10:44,392 [INFO] fl_ids.fl.client: Client 4 round 18: 1 of 235 boosting-passed rows flagged; surfacing 1
2026-09-24 22:10:47,278 [INFO] fl_ids.fl.client: Client 5 round 18: 439 of 14293 boosting-passed rows flagged; surfacing 50
2026-09-24 22:10:54,065 [INFO] fl_ids.fl.client: Client 7 round 18: 29 of 797 boosting-passed rows flagged; surfacing 29
2026-09-24 22:10:55,620 [INFO] fl_ids.fl.client: Client 8 round 18: 245 of 8197 boosting-passed rows flagged; surfacing 50
2026-09-24 22:11:51,113 [INFO] fl_ids.models.boosting: Continued boosting training: +50 trees on 93401 rows (now 600 trees)
2026-09-24 22:11:51,114 [INFO] fl_ids.models.boosting_update: Round 18: boosting v7 (continue) from 230 alerts ({'DDoS_HTTP': 4, 'Normal': 215, 'Port_Scanning': 5, 'Ransomware': 1, 'SQL_injection': 2, 'XSS': 3}); 15 from excluded clients ignored
2026-09-24 22:11:51,514 [WARNING] fl_ids.fl.client: Client 6: no benign validation samples to evaluate on
2026-09-24 22:11:51,524 [WARNING] fl_ids.fl.client: Client 9: no benign validation samples to evaluate on
2026-09-24 22:11:51,524 [INFO] fl_ids.eval.simulation: Round 18: mean_val_loss=0.0098, comm_bytes=583920
2026-09-24 22:12:08,089 [WARNING] fl_ids.fl.client: Client 6: no benign validation samples to evaluate on
2026-09-24 22:12:08,097 [WARNING] fl_ids.fl.client: Client 9: no benign validation samples to evaluate on
2026-09-24 22:12:08,097 [INFO] fl_ids.eval.simulation: Round 19: mean_val_loss=0.0533, comm_bytes=583920
2026-09-24 22:12:25,475 [WARNING] fl_ids.fl.client: Client 6: no benign validation samples to evaluate on
2026-09-24 22:12:25,482 [WARNING] fl_ids.fl.client: Client 9: no benign validation samples to evaluate on
2026-09-24 22:12:25,482 [INFO] fl_ids.eval.simulation: Round 20: mean_val_loss=0.0104, comm_bytes=583920
2026-09-24 22:12:25,507 [WARNING] fl_ids.eval.common: Clients [6, 9] have no benign validation rows (infinite threshold); 428 test rows can't be flagged by the autoencoder
2026-09-24 22:12:25,948 [INFO] fl_ids.eval.zero_day: zero-day holdout=DDoS_ICMP run=full_pipeline: detection_rate=1.000
2026-09-24 22:12:41,435 [WARNING] fl_ids.fl.client: Client 6: no benign validation samples to evaluate on
2026-09-24 22:12:41,443 [WARNING] fl_ids.fl.client: Client 9: no benign validation samples to evaluate on
2026-09-24 22:12:41,443 [INFO] fl_ids.eval.simulation: Round 1: mean_val_loss=0.4182, comm_bytes=583920
2026-09-24 22:12:55,663 [WARNING] fl_ids.fl.client: Client 6: no benign validation samples to evaluate on
2026-09-24 22:12:55,669 [WARNING] fl_ids.fl.client: Client 9: no benign validation samples to evaluate on
2026-09-24 22:12:55,669 [INFO] fl_ids.eval.simulation: Round 2: mean_val_loss=5.3404, comm_bytes=583920
2026-09-24 22:12:55,803 [INFO] fl_ids.fl.client: Client 0 round 3: 15 of 329 boosting-passed rows flagged; surfacing 15
2026-09-24 22:12:56,555 [INFO] fl_ids.fl.client: Client 1 round 3: 186 of 5737 boosting-passed rows flagged; surfacing 50
2026-09-24 22:12:58,945 [INFO] fl_ids.fl.client: Client 2 round 3: 97 of 2398 boosting-passed rows flagged; surfacing 50
2026-09-24 22:13:00,303 [INFO] fl_ids.fl.client: Client 3 round 3: 13 of 545 boosting-passed rows flagged; surfacing 13
2026-09-24 22:13:00,538 [INFO] fl_ids.fl.client: Client 4 round 3: 4 of 241 boosting-passed rows flagged; surfacing 4
2026-09-24 22:13:01,653 [INFO] fl_ids.fl.client: Client 5 round 3: 378 of 14304 boosting-passed rows flagged; surfacing 50
2026-09-24 22:13:06,373 [INFO] fl_ids.fl.client: Client 7 round 3: 31 of 807 boosting-passed rows flagged; surfacing 31
2026-09-24 22:13:07,306 [INFO] fl_ids.fl.client: Client 8 round 3: 229 of 8210 boosting-passed rows flagged; surfacing 50
2026-09-24 22:13:28,656 [INFO] fl_ids.models.boosting: Continued boosting training: +50 trees on 92351 rows (now 350 trees)
2026-09-24 22:13:28,657 [INFO] fl_ids.models.boosting_update: Round 3: boosting v2 (continue) from 263 alerts ({'Normal': 259, 'SQL_injection': 4}); 0 from excluded clients ignored
2026-09-24 22:13:28,890 [WARNING] fl_ids.fl.client: Client 6: no benign validation samples to evaluate on
2026-09-24 22:13:28,902 [WARNING] fl_ids.fl.client: Client 9: no benign validation samples to evaluate on
2026-09-24 22:13:28,902 [INFO] fl_ids.eval.simulation: Round 3: mean_val_loss=94.1472, comm_bytes=583920
2026-09-24 22:13:43,948 [WARNING] fl_ids.fl.client: Client 6: no benign validation samples to evaluate on
2026-09-24 22:13:43,994 [WARNING] fl_ids.fl.client: Client 9: no benign validation samples to evaluate on
2026-09-24 22:13:43,994 [INFO] fl_ids.eval.simulation: Round 4: mean_val_loss=1080.1436, comm_bytes=583920
2026-09-24 22:13:59,064 [WARNING] fl_ids.fl.client: Client 6: no benign validation samples to evaluate on
2026-09-24 22:13:59,073 [WARNING] fl_ids.fl.client: Client 9: no benign validation samples to evaluate on
2026-09-24 22:13:59,073 [INFO] fl_ids.eval.simulation: Round 5: mean_val_loss=8567.0443, comm_bytes=583920
2026-09-24 22:13:59,210 [INFO] fl_ids.fl.client: Client 0 round 6: 20 of 328 boosting-passed rows flagged; surfacing 20
2026-09-24 22:14:00,032 [INFO] fl_ids.fl.client: Client 1 round 6: 236 of 5730 boosting-passed rows flagged; surfacing 50
2026-09-24 22:14:02,433 [INFO] fl_ids.fl.client: Client 2 round 6: 61 of 2394 boosting-passed rows flagged; surfacing 50
2026-09-24 22:14:03,681 [INFO] fl_ids.fl.client: Client 3 round 6: 9 of 543 boosting-passed rows flagged; surfacing 9
2026-09-24 22:14:03,929 [INFO] fl_ids.fl.client: Client 4 round 6: 4 of 240 boosting-passed rows flagged; surfacing 4
2026-09-24 22:14:05,184 [INFO] fl_ids.fl.client: Client 5 round 6: 515 of 14302 boosting-passed rows flagged; surfacing 50
2026-09-24 22:14:10,538 [INFO] fl_ids.fl.client: Client 7 round 6: 29 of 805 boosting-passed rows flagged; surfacing 29
2026-09-24 22:14:11,555 [INFO] fl_ids.fl.client: Client 8 round 6: 250 of 8213 boosting-passed rows flagged; surfacing 50
2026-09-24 22:14:38,291 [INFO] fl_ids.models.boosting: Continued boosting training: +50 trees on 92613 rows (now 400 trees)
2026-09-24 22:14:38,292 [INFO] fl_ids.models.boosting_update: Round 6: boosting v3 (continue) from 262 alerts ({'Normal': 260, 'SQL_injection': 1, 'Uploading': 1}); 0 from excluded clients ignored
2026-09-24 22:14:38,493 [WARNING] fl_ids.fl.client: Client 6: no benign validation samples to evaluate on
2026-09-24 22:14:38,499 [WARNING] fl_ids.fl.client: Client 9: no benign validation samples to evaluate on
2026-09-24 22:14:38,499 [INFO] fl_ids.eval.simulation: Round 6: mean_val_loss=48617.7057, comm_bytes=583920
2026-09-24 22:14:55,555 [WARNING] fl_ids.fl.client: Client 6: no benign validation samples to evaluate on
2026-09-24 22:14:55,563 [WARNING] fl_ids.fl.client: Client 9: no benign validation samples to evaluate on
2026-09-24 22:14:55,563 [INFO] fl_ids.eval.simulation: Round 7: mean_val_loss=213565.4165, comm_bytes=583920
2026-09-24 22:15:11,772 [WARNING] fl_ids.fl.client: Client 6: no benign validation samples to evaluate on
2026-09-24 22:15:11,782 [WARNING] fl_ids.fl.client: Client 9: no benign validation samples to evaluate on
2026-09-24 22:15:11,782 [INFO] fl_ids.eval.simulation: Round 8: mean_val_loss=730687.4138, comm_bytes=583920
2026-09-24 22:15:11,930 [INFO] fl_ids.fl.client: Client 0 round 9: 20 of 330 boosting-passed rows flagged; surfacing 20
2026-09-24 22:15:12,663 [INFO] fl_ids.fl.client: Client 1 round 9: 218 of 5729 boosting-passed rows flagged; surfacing 50
2026-09-24 22:15:15,118 [INFO] fl_ids.fl.client: Client 2 round 9: 61 of 2395 boosting-passed rows flagged; surfacing 50
2026-09-24 22:15:16,639 [INFO] fl_ids.fl.client: Client 3 round 9: 8 of 544 boosting-passed rows flagged; surfacing 8
2026-09-24 22:15:16,910 [INFO] fl_ids.fl.client: Client 4 round 9: 4 of 239 boosting-passed rows flagged; surfacing 4
2026-09-24 22:15:18,473 [INFO] fl_ids.fl.client: Client 5 round 9: 522 of 14303 boosting-passed rows flagged; surfacing 50
2026-09-24 22:15:24,245 [INFO] fl_ids.fl.client: Client 7 round 9: 42 of 805 boosting-passed rows flagged; surfacing 42
2026-09-24 22:15:25,586 [INFO] fl_ids.fl.client: Client 8 round 9: 244 of 8212 boosting-passed rows flagged; surfacing 50
2026-09-24 22:15:55,720 [INFO] fl_ids.models.boosting: Continued boosting training: +50 trees on 92887 rows (now 450 trees)
2026-09-24 22:15:55,721 [INFO] fl_ids.models.boosting_update: Round 9: boosting v4 (continue) from 274 alerts ({'DDoS_HTTP': 1, 'Normal': 251, 'Password': 6, 'SQL_injection': 6, 'Uploading': 7, 'XSS': 3}); 0 from excluded clients ignored
2026-09-24 22:15:55,945 [WARNING] fl_ids.fl.client: Client 6: no benign validation samples to evaluate on
2026-09-24 22:15:55,951 [WARNING] fl_ids.fl.client: Client 9: no benign validation samples to evaluate on
2026-09-24 22:15:55,951 [INFO] fl_ids.eval.simulation: Round 9: mean_val_loss=2026846.1384, comm_bytes=583920
2026-09-24 22:16:12,699 [WARNING] fl_ids.fl.client: Client 6: no benign validation samples to evaluate on
2026-09-24 22:16:12,718 [WARNING] fl_ids.fl.client: Client 9: no benign validation samples to evaluate on
2026-09-24 22:16:12,719 [INFO] fl_ids.eval.simulation: Round 10: mean_val_loss=4793482.1385, comm_bytes=583920
2026-09-24 22:16:30,045 [WARNING] fl_ids.fl.client: Client 6: no benign validation samples to evaluate on
2026-09-24 22:16:30,053 [WARNING] fl_ids.fl.client: Client 9: no benign validation samples to evaluate on
2026-09-24 22:16:30,053 [INFO] fl_ids.eval.simulation: Round 11: mean_val_loss=10105387.8966, comm_bytes=583920
2026-09-24 22:16:30,213 [INFO] fl_ids.fl.client: Client 0 round 12: 31 of 325 boosting-passed rows flagged; surfacing 31
2026-09-24 22:16:31,031 [INFO] fl_ids.fl.client: Client 1 round 12: 178 of 5725 boosting-passed rows flagged; surfacing 50
2026-09-24 22:16:34,489 [INFO] fl_ids.fl.client: Client 2 round 12: 76 of 2395 boosting-passed rows flagged; surfacing 50
2026-09-24 22:16:35,439 [INFO] fl_ids.fl.client: Client 3 round 12: 5 of 544 boosting-passed rows flagged; surfacing 5
2026-09-24 22:16:35,765 [INFO] fl_ids.fl.client: Client 4 round 12: 2 of 237 boosting-passed rows flagged; surfacing 2
2026-09-24 22:16:37,974 [INFO] fl_ids.fl.client: Client 5 round 12: 546 of 14302 boosting-passed rows flagged; surfacing 50
2026-09-24 22:16:44,616 [INFO] fl_ids.fl.client: Client 7 round 12: 25 of 806 boosting-passed rows flagged; surfacing 25
2026-09-24 22:16:45,802 [INFO] fl_ids.fl.client: Client 8 round 12: 253 of 8212 boosting-passed rows flagged; surfacing 50
2026-09-24 22:17:24,719 [INFO] fl_ids.models.boosting: Continued boosting training: +50 trees on 93150 rows (now 500 trees)
2026-09-24 22:17:24,719 [INFO] fl_ids.models.boosting_update: Round 12: boosting v5 (continue) from 263 alerts ({'DDoS_HTTP': 8, 'Normal': 224, 'Password': 7, 'SQL_injection': 11, 'Uploading': 7, 'Vulnerability_scanner': 2, 'XSS': 4}); 0 from excluded clients ignored
2026-09-24 22:17:24,981 [WARNING] fl_ids.fl.client: Client 6: no benign validation samples to evaluate on
2026-09-24 22:17:24,988 [WARNING] fl_ids.fl.client: Client 9: no benign validation samples to evaluate on
2026-09-24 22:17:24,988 [INFO] fl_ids.eval.simulation: Round 12: mean_val_loss=19468895.0427, comm_bytes=583920
2026-09-24 22:17:44,402 [WARNING] fl_ids.fl.client: Client 6: no benign validation samples to evaluate on
2026-09-24 22:17:44,410 [WARNING] fl_ids.fl.client: Client 9: no benign validation samples to evaluate on
2026-09-24 22:17:44,410 [INFO] fl_ids.eval.simulation: Round 13: mean_val_loss=35368996.9214, comm_bytes=583920
2026-09-24 22:18:03,953 [WARNING] fl_ids.fl.client: Client 6: no benign validation samples to evaluate on
2026-09-24 22:18:03,961 [WARNING] fl_ids.fl.client: Client 9: no benign validation samples to evaluate on
2026-09-24 22:18:03,961 [INFO] fl_ids.eval.simulation: Round 14: mean_val_loss=60603085.7205, comm_bytes=583920
2026-09-24 22:18:04,206 [INFO] fl_ids.fl.client: Client 0 round 15: 29 of 325 boosting-passed rows flagged; surfacing 29
2026-09-24 22:18:05,161 [INFO] fl_ids.fl.client: Client 1 round 15: 178 of 5725 boosting-passed rows flagged; surfacing 50
2026-09-24 22:18:07,776 [INFO] fl_ids.fl.client: Client 2 round 15: 78 of 2395 boosting-passed rows flagged; surfacing 50
2026-09-24 22:18:08,918 [INFO] fl_ids.fl.client: Client 3 round 15: 14 of 545 boosting-passed rows flagged; surfacing 14
2026-09-24 22:18:09,710 [INFO] fl_ids.fl.client: Client 4 round 15: 1 of 238 boosting-passed rows flagged; surfacing 1
2026-09-24 22:18:11,760 [INFO] fl_ids.fl.client: Client 5 round 15: 521 of 14301 boosting-passed rows flagged; surfacing 50
2026-09-24 22:18:17,681 [INFO] fl_ids.fl.client: Client 7 round 15: 26 of 806 boosting-passed rows flagged; surfacing 26
2026-09-24 22:18:19,474 [INFO] fl_ids.fl.client: Client 8 round 15: 252 of 8210 boosting-passed rows flagged; surfacing 50
2026-09-24 22:18:59,731 [INFO] fl_ids.models.boosting: Continued boosting training: +50 trees on 93420 rows (now 550 trees)
2026-09-24 22:18:59,733 [INFO] fl_ids.models.boosting_update: Round 15: boosting v6 (continue) from 270 alerts ({'DDoS_HTTP': 8, 'Normal': 210, 'Password': 15, 'SQL_injection': 15, 'Uploading': 10, 'Vulnerability_scanner': 5, 'XSS': 7}); 0 from excluded clients ignored
2026-09-24 22:19:00,080 [WARNING] fl_ids.fl.client: Client 6: no benign validation samples to evaluate on
2026-09-24 22:19:00,088 [WARNING] fl_ids.fl.client: Client 9: no benign validation samples to evaluate on
2026-09-24 22:19:00,088 [INFO] fl_ids.eval.simulation: Round 15: mean_val_loss=99046185.4303, comm_bytes=583920
2026-09-24 22:19:17,971 [WARNING] fl_ids.fl.client: Client 6: no benign validation samples to evaluate on
2026-09-24 22:19:17,979 [WARNING] fl_ids.fl.client: Client 9: no benign validation samples to evaluate on
2026-09-24 22:19:17,979 [INFO] fl_ids.eval.simulation: Round 16: mean_val_loss=153337476.3539, comm_bytes=583920
2026-09-24 22:19:37,906 [WARNING] fl_ids.fl.client: Client 6: no benign validation samples to evaluate on
2026-09-24 22:19:37,914 [WARNING] fl_ids.fl.client: Client 9: no benign validation samples to evaluate on
2026-09-24 22:19:37,914 [INFO] fl_ids.eval.simulation: Round 17: mean_val_loss=230631650.4532, comm_bytes=583920
2026-09-24 22:19:38,127 [INFO] fl_ids.fl.client: Client 0 round 18: 24 of 323 boosting-passed rows flagged; surfacing 24
2026-09-24 22:19:39,808 [INFO] fl_ids.fl.client: Client 1 round 18: 177 of 5724 boosting-passed rows flagged; surfacing 50
2026-09-24 22:19:42,751 [INFO] fl_ids.fl.client: Client 2 round 18: 75 of 2391 boosting-passed rows flagged; surfacing 50
2026-09-24 22:19:43,717 [INFO] fl_ids.fl.client: Client 3 round 18: 32 of 543 boosting-passed rows flagged; surfacing 32
2026-09-24 22:19:44,509 [INFO] fl_ids.fl.client: Client 4 round 18: 1 of 235 boosting-passed rows flagged; surfacing 1
2026-09-24 22:19:47,713 [INFO] fl_ids.fl.client: Client 5 round 18: 525 of 14300 boosting-passed rows flagged; surfacing 50
2026-09-24 22:19:53,481 [INFO] fl_ids.fl.client: Client 7 round 18: 27 of 804 boosting-passed rows flagged; surfacing 27
2026-09-24 22:19:55,888 [INFO] fl_ids.fl.client: Client 8 round 18: 253 of 8209 boosting-passed rows flagged; surfacing 50
2026-09-24 22:20:45,945 [INFO] fl_ids.models.boosting: Continued boosting training: +50 trees on 93704 rows (now 600 trees)
2026-09-24 22:20:45,946 [INFO] fl_ids.models.boosting_update: Round 18: boosting v7 (continue) from 284 alerts ({'DDoS_HTTP': 6, 'Normal': 214, 'Password': 24, 'SQL_injection': 18, 'Uploading': 13, 'Vulnerability_scanner': 4, 'XSS': 5}); 0 from excluded clients ignored
2026-09-24 22:20:46,240 [WARNING] fl_ids.fl.client: Client 6: no benign validation samples to evaluate on
2026-09-24 22:20:46,247 [WARNING] fl_ids.fl.client: Client 9: no benign validation samples to evaluate on
2026-09-24 22:20:46,247 [INFO] fl_ids.eval.simulation: Round 18: mean_val_loss=338543831.4592, comm_bytes=583920
2026-09-24 22:21:04,968 [WARNING] fl_ids.fl.client: Client 6: no benign validation samples to evaluate on
2026-09-24 22:21:04,976 [WARNING] fl_ids.fl.client: Client 9: no benign validation samples to evaluate on
2026-09-24 22:21:04,976 [INFO] fl_ids.eval.simulation: Round 19: mean_val_loss=483032543.1090, comm_bytes=583920
2026-09-24 22:21:24,522 [WARNING] fl_ids.fl.client: Client 6: no benign validation samples to evaluate on
2026-09-24 22:21:24,530 [WARNING] fl_ids.fl.client: Client 9: no benign validation samples to evaluate on
2026-09-24 22:21:24,530 [INFO] fl_ids.eval.simulation: Round 20: mean_val_loss=678902212.3085, comm_bytes=583920
2026-09-24 22:21:24,558 [WARNING] fl_ids.eval.common: Clients [6, 9] have no benign validation rows (infinite threshold); 428 test rows can't be flagged by the autoencoder
2026-09-24 22:21:24,938 [INFO] fl_ids.eval.zero_day: zero-day holdout=DDoS_ICMP run=plain_fedavg: detection_rate=1.000
2026-09-24 22:21:40,432 [WARNING] fl_ids.fl.client: Client 6: no benign validation samples to evaluate on
2026-09-24 22:21:40,443 [WARNING] fl_ids.fl.client: Client 9: no benign validation samples to evaluate on
2026-09-24 22:21:40,444 [INFO] fl_ids.eval.simulation: Round 1: mean_val_loss=0.3179, comm_bytes=583920
2026-09-24 22:21:52,663 [WARNING] fl_ids.fl.client: Client 6: no benign validation samples to evaluate on
2026-09-24 22:21:52,670 [WARNING] fl_ids.fl.client: Client 9: no benign validation samples to evaluate on
2026-09-24 22:21:52,670 [INFO] fl_ids.eval.simulation: Round 2: mean_val_loss=0.3376, comm_bytes=583920
2026-09-24 22:21:52,803 [INFO] fl_ids.fl.client: Client 0 round 3: 22 of 329 boosting-passed rows flagged; surfacing 22
2026-09-24 22:21:53,431 [INFO] fl_ids.fl.client: Client 1 round 3: 166 of 5737 boosting-passed rows flagged; surfacing 50
2026-09-24 22:21:55,207 [INFO] fl_ids.fl.client: Client 2 round 3: 93 of 2398 boosting-passed rows flagged; surfacing 50
2026-09-24 22:21:55,948 [INFO] fl_ids.fl.client: Client 3 round 3: 11 of 545 boosting-passed rows flagged; surfacing 11
2026-09-24 22:21:56,203 [INFO] fl_ids.fl.client: Client 4 round 3: 1 of 241 boosting-passed rows flagged; surfacing 1
2026-09-24 22:21:57,458 [INFO] fl_ids.fl.client: Client 5 round 3: 421 of 14304 boosting-passed rows flagged; surfacing 50
2026-09-24 22:22:01,232 [INFO] fl_ids.fl.client: Client 7 round 3: 6 of 807 boosting-passed rows flagged; surfacing 6
2026-09-24 22:22:02,149 [INFO] fl_ids.fl.client: Client 8 round 3: 261 of 8210 boosting-passed rows flagged; surfacing 50
2026-09-24 22:22:28,330 [INFO] fl_ids.models.boosting: Continued boosting training: +50 trees on 92328 rows (now 350 trees)
2026-09-24 22:22:28,331 [INFO] fl_ids.models.boosting_update: Round 3: boosting v2 (continue) from 240 alerts ({'Normal': 240}); 0 from excluded clients ignored
2026-09-24 22:22:28,652 [WARNING] fl_ids.fl.client: Client 6: no benign validation samples to evaluate on
2026-09-24 22:22:28,663 [WARNING] fl_ids.fl.client: Client 9: no benign validation samples to evaluate on
2026-09-24 22:22:28,663 [INFO] fl_ids.eval.simulation: Round 3: mean_val_loss=0.6677, comm_bytes=583920
2026-09-24 22:22:44,192 [WARNING] fl_ids.fl.client: Client 6: no benign validation samples to evaluate on
2026-09-24 22:22:44,200 [WARNING] fl_ids.fl.client: Client 9: no benign validation samples to evaluate on
2026-09-24 22:22:44,200 [INFO] fl_ids.eval.simulation: Round 4: mean_val_loss=1.1320, comm_bytes=583920
2026-09-24 22:22:58,277 [WARNING] fl_ids.fl.client: Client 6: no benign validation samples to evaluate on
2026-09-24 22:22:58,284 [WARNING] fl_ids.fl.client: Client 9: no benign validation samples to evaluate on
2026-09-24 22:22:58,284 [INFO] fl_ids.eval.simulation: Round 5: mean_val_loss=1.5147, comm_bytes=583920
2026-09-24 22:22:58,438 [INFO] fl_ids.fl.client: Client 0 round 6: 10 of 328 boosting-passed rows flagged; surfacing 10
2026-09-24 22:22:59,138 [INFO] fl_ids.fl.client: Client 1 round 6: 190 of 5730 boosting-passed rows flagged; surfacing 50
2026-09-24 22:23:01,013 [INFO] fl_ids.fl.client: Client 2 round 6: 90 of 2397 boosting-passed rows flagged; surfacing 50
2026-09-24 22:23:01,796 [INFO] fl_ids.fl.client: Client 3 round 6: 9 of 543 boosting-passed rows flagged; surfacing 9
2026-09-24 22:23:02,073 [INFO] fl_ids.fl.client: Client 4 round 6: 1 of 241 boosting-passed rows flagged; surfacing 1
2026-09-24 22:23:03,575 [INFO] fl_ids.fl.client: Client 5 round 6: 394 of 14303 boosting-passed rows flagged; surfacing 50
2026-09-24 22:23:07,414 [INFO] fl_ids.fl.client: Client 7 round 6: 5 of 804 boosting-passed rows flagged; surfacing 5
2026-09-24 22:23:08,433 [INFO] fl_ids.fl.client: Client 8 round 6: 261 of 8211 boosting-passed rows flagged; surfacing 50
2026-09-24 22:23:39,258 [INFO] fl_ids.models.boosting: Continued boosting training: +50 trees on 92553 rows (now 400 trees)
2026-09-24 22:23:39,259 [INFO] fl_ids.models.boosting_update: Round 6: boosting v3 (continue) from 225 alerts ({'Normal': 225}); 0 from excluded clients ignored
2026-09-24 22:23:39,531 [WARNING] fl_ids.fl.client: Client 6: no benign validation samples to evaluate on
2026-09-24 22:23:39,544 [WARNING] fl_ids.fl.client: Client 9: no benign validation samples to evaluate on
2026-09-24 22:23:39,544 [INFO] fl_ids.eval.simulation: Round 6: mean_val_loss=1.8166, comm_bytes=583920
2026-09-24 22:23:57,090 [WARNING] fl_ids.fl.client: Client 6: no benign validation samples to evaluate on
2026-09-24 22:23:57,098 [WARNING] fl_ids.fl.client: Client 9: no benign validation samples to evaluate on
2026-09-24 22:23:57,098 [INFO] fl_ids.eval.simulation: Round 7: mean_val_loss=2.0642, comm_bytes=583920
2026-09-24 22:24:12,293 [WARNING] fl_ids.fl.client: Client 6: no benign validation samples to evaluate on
2026-09-24 22:24:12,300 [WARNING] fl_ids.fl.client: Client 9: no benign validation samples to evaluate on
2026-09-24 22:24:12,300 [INFO] fl_ids.eval.simulation: Round 8: mean_val_loss=2.2703, comm_bytes=583920
2026-09-24 22:24:12,485 [INFO] fl_ids.fl.client: Client 0 round 9: 10 of 329 boosting-passed rows flagged; surfacing 10
2026-09-24 22:24:13,383 [INFO] fl_ids.fl.client: Client 1 round 9: 143 of 5726 boosting-passed rows flagged; surfacing 50
2026-09-24 22:24:15,326 [INFO] fl_ids.fl.client: Client 2 round 9: 90 of 2397 boosting-passed rows flagged; surfacing 50
2026-09-24 22:24:16,146 [INFO] fl_ids.fl.client: Client 3 round 9: 7 of 546 boosting-passed rows flagged; surfacing 7
2026-09-24 22:24:16,446 [INFO] fl_ids.fl.client: Client 4 round 9: 1 of 242 boosting-passed rows flagged; surfacing 1
2026-09-24 22:24:18,284 [INFO] fl_ids.fl.client: Client 5 round 9: 413 of 14302 boosting-passed rows flagged; surfacing 50
2026-09-24 22:24:22,250 [INFO] fl_ids.fl.client: Client 7 round 9: 5 of 807 boosting-passed rows flagged; surfacing 5
2026-09-24 22:24:23,508 [INFO] fl_ids.fl.client: Client 8 round 9: 248 of 8209 boosting-passed rows flagged; surfacing 50
2026-09-24 22:24:55,099 [INFO] fl_ids.models.boosting: Continued boosting training: +50 trees on 92776 rows (now 450 trees)
2026-09-24 22:24:55,099 [INFO] fl_ids.models.boosting_update: Round 9: boosting v4 (continue) from 223 alerts ({'Normal': 223}); 0 from excluded clients ignored
2026-09-24 22:24:55,401 [WARNING] fl_ids.fl.client: Client 6: no benign validation samples to evaluate on
2026-09-24 22:24:55,412 [WARNING] fl_ids.fl.client: Client 9: no benign validation samples to evaluate on
2026-09-24 22:24:55,412 [INFO] fl_ids.eval.simulation: Round 9: mean_val_loss=2.4357, comm_bytes=583920
2026-09-24 22:25:13,683 [WARNING] fl_ids.fl.client: Client 6: no benign validation samples to evaluate on
2026-09-24 22:25:13,690 [WARNING] fl_ids.fl.client: Client 9: no benign validation samples to evaluate on
2026-09-24 22:25:13,690 [INFO] fl_ids.eval.simulation: Round 10: mean_val_loss=2.6013, comm_bytes=583920
2026-09-24 22:25:33,727 [WARNING] fl_ids.fl.client: Client 6: no benign validation samples to evaluate on
2026-09-24 22:25:33,737 [WARNING] fl_ids.fl.client: Client 9: no benign validation samples to evaluate on
2026-09-24 22:25:33,737 [INFO] fl_ids.eval.simulation: Round 11: mean_val_loss=2.7002, comm_bytes=583920
2026-09-24 22:25:34,025 [INFO] fl_ids.fl.client: Client 0 round 12: 10 of 327 boosting-passed rows flagged; surfacing 10
2026-09-24 22:25:35,244 [INFO] fl_ids.fl.client: Client 1 round 12: 194 of 5725 boosting-passed rows flagged; surfacing 50
2026-09-24 22:25:37,457 [INFO] fl_ids.fl.client: Client 2 round 12: 80 of 2393 boosting-passed rows flagged; surfacing 50
2026-09-24 22:25:38,481 [INFO] fl_ids.fl.client: Client 3 round 12: 13 of 542 boosting-passed rows flagged; surfacing 13
2026-09-24 22:25:38,856 [INFO] fl_ids.fl.client: Client 4 round 12: 1 of 239 boosting-passed rows flagged; surfacing 1
2026-09-24 22:25:41,814 [INFO] fl_ids.fl.client: Client 5 round 12: 452 of 14303 boosting-passed rows flagged; surfacing 50
2026-09-24 22:25:46,108 [INFO] fl_ids.fl.client: Client 7 round 12: 8 of 804 boosting-passed rows flagged; surfacing 8
2026-09-24 22:25:47,545 [INFO] fl_ids.fl.client: Client 8 round 12: 225 of 8209 boosting-passed rows flagged; surfacing 50
2026-09-24 22:26:30,948 [INFO] fl_ids.models.boosting: Continued boosting training: +50 trees on 93008 rows (now 500 trees)
2026-09-24 22:26:30,949 [INFO] fl_ids.models.boosting_update: Round 12: boosting v5 (continue) from 232 alerts ({'DDoS_HTTP': 2, 'Normal': 219, 'Password': 6, 'SQL_injection': 1, 'Uploading': 3, 'Vulnerability_scanner': 1}); 0 from excluded clients ignored
2026-09-24 22:26:31,396 [WARNING] fl_ids.fl.client: Client 6: no benign validation samples to evaluate on
2026-09-24 22:26:31,443 [WARNING] fl_ids.fl.client: Client 9: no benign validation samples to evaluate on
2026-09-24 22:26:31,443 [INFO] fl_ids.eval.simulation: Round 12: mean_val_loss=2.8056, comm_bytes=583920
2026-09-24 22:26:53,191 [WARNING] fl_ids.fl.client: Client 6: no benign validation samples to evaluate on
2026-09-24 22:26:53,203 [WARNING] fl_ids.fl.client: Client 9: no benign validation samples to evaluate on
2026-09-24 22:26:53,203 [INFO] fl_ids.eval.simulation: Round 13: mean_val_loss=2.8975, comm_bytes=583920
2026-09-24 22:27:13,436 [WARNING] fl_ids.fl.client: Client 6: no benign validation samples to evaluate on
2026-09-24 22:27:13,443 [WARNING] fl_ids.fl.client: Client 9: no benign validation samples to evaluate on
2026-09-24 22:27:13,443 [INFO] fl_ids.eval.simulation: Round 14: mean_val_loss=2.9792, comm_bytes=583920
2026-09-24 22:27:13,692 [INFO] fl_ids.fl.client: Client 0 round 15: 26 of 326 boosting-passed rows flagged; surfacing 26
2026-09-24 22:27:14,890 [INFO] fl_ids.fl.client: Client 1 round 15: 196 of 5723 boosting-passed rows flagged; surfacing 50
2026-09-24 22:27:17,139 [INFO] fl_ids.fl.client: Client 2 round 15: 94 of 2397 boosting-passed rows flagged; surfacing 50
2026-09-24 22:27:18,053 [INFO] fl_ids.fl.client: Client 3 round 15: 63 of 541 boosting-passed rows flagged; surfacing 50
2026-09-24 22:27:18,419 [INFO] fl_ids.fl.client: Client 4 round 15: 1 of 239 boosting-passed rows flagged; surfacing 1
2026-09-24 22:27:20,897 [INFO] fl_ids.fl.client: Client 5 round 15: 546 of 14299 boosting-passed rows flagged; surfacing 50
2026-09-24 22:27:25,300 [INFO] fl_ids.fl.client: Client 7 round 15: 22 of 806 boosting-passed rows flagged; surfacing 22
2026-09-24 22:27:26,961 [INFO] fl_ids.fl.client: Client 8 round 15: 250 of 8207 boosting-passed rows flagged; surfacing 50
2026-09-24 22:28:06,948 [INFO] fl_ids.models.boosting: Continued boosting training: +50 trees on 93307 rows (now 550 trees)
2026-09-24 22:28:06,950 [INFO] fl_ids.models.boosting_update: Round 15: boosting v6 (continue) from 299 alerts ({'DDoS_HTTP': 4, 'Normal': 219, 'Password': 27, 'SQL_injection': 18, 'Uploading': 20, 'Vulnerability_scanner': 3, 'XSS': 8}); 0 from excluded clients ignored
2026-09-24 22:28:07,330 [WARNING] fl_ids.fl.client: Client 6: no benign validation samples to evaluate on
2026-09-24 22:28:07,340 [WARNING] fl_ids.fl.client: Client 9: no benign validation samples to evaluate on
2026-09-24 22:28:07,340 [INFO] fl_ids.eval.simulation: Round 15: mean_val_loss=3.0558, comm_bytes=583920
2026-09-24 22:28:29,533 [WARNING] fl_ids.fl.client: Client 6: no benign validation samples to evaluate on
2026-09-24 22:28:29,541 [WARNING] fl_ids.fl.client: Client 9: no benign validation samples to evaluate on
2026-09-24 22:28:29,541 [INFO] fl_ids.eval.simulation: Round 16: mean_val_loss=3.1244, comm_bytes=583920
2026-09-24 22:28:52,072 [WARNING] fl_ids.fl.client: Client 6: no benign validation samples to evaluate on
2026-09-24 22:28:52,082 [WARNING] fl_ids.fl.client: Client 9: no benign validation samples to evaluate on
2026-09-24 22:28:52,082 [INFO] fl_ids.eval.simulation: Round 17: mean_val_loss=3.2144, comm_bytes=583920
2026-09-24 22:28:52,341 [INFO] fl_ids.fl.client: Client 0 round 18: 28 of 324 boosting-passed rows flagged; surfacing 28
2026-09-24 22:28:53,488 [INFO] fl_ids.fl.client: Client 1 round 18: 168 of 5724 boosting-passed rows flagged; surfacing 50
2026-09-24 22:28:56,477 [INFO] fl_ids.fl.client: Client 2 round 18: 94 of 2400 boosting-passed rows flagged; surfacing 50
2026-09-24 22:28:57,670 [INFO] fl_ids.fl.client: Client 3 round 18: 68 of 541 boosting-passed rows flagged; surfacing 50
2026-09-24 22:28:58,475 [INFO] fl_ids.fl.client: Client 4 round 18: 1 of 236 boosting-passed rows flagged; surfacing 1
2026-09-24 22:29:01,424 [INFO] fl_ids.fl.client: Client 5 round 18: 518 of 14296 boosting-passed rows flagged; surfacing 50
2026-09-24 22:29:06,982 [INFO] fl_ids.fl.client: Client 7 round 18: 25 of 803 boosting-passed rows flagged; surfacing 25
2026-09-24 22:29:09,271 [INFO] fl_ids.fl.client: Client 8 round 18: 269 of 8205 boosting-passed rows flagged; surfacing 50
2026-09-24 22:30:03,870 [INFO] fl_ids.models.boosting: Continued boosting training: +50 trees on 93611 rows (now 600 trees)
2026-09-24 22:30:03,872 [INFO] fl_ids.models.boosting_update: Round 18: boosting v7 (continue) from 304 alerts ({'DDoS_HTTP': 8, 'Normal': 210, 'Password': 35, 'SQL_injection': 21, 'Uploading': 18, 'Vulnerability_scanner': 4, 'XSS': 8}); 0 from excluded clients ignored
2026-09-24 22:30:04,370 [WARNING] fl_ids.fl.client: Client 6: no benign validation samples to evaluate on
2026-09-24 22:30:04,384 [WARNING] fl_ids.fl.client: Client 9: no benign validation samples to evaluate on
2026-09-24 22:30:04,384 [INFO] fl_ids.eval.simulation: Round 18: mean_val_loss=3.3146, comm_bytes=583920
2026-09-24 22:30:25,851 [WARNING] fl_ids.fl.client: Client 6: no benign validation samples to evaluate on
2026-09-24 22:30:25,859 [WARNING] fl_ids.fl.client: Client 9: no benign validation samples to evaluate on
2026-09-24 22:30:25,859 [INFO] fl_ids.eval.simulation: Round 19: mean_val_loss=3.3198, comm_bytes=583920
2026-09-24 22:30:46,273 [WARNING] fl_ids.fl.client: Client 6: no benign validation samples to evaluate on
2026-09-24 22:30:46,281 [WARNING] fl_ids.fl.client: Client 9: no benign validation samples to evaluate on
2026-09-24 22:30:46,281 [INFO] fl_ids.eval.simulation: Round 20: mean_val_loss=3.3794, comm_bytes=583920
2026-09-24 22:30:46,309 [WARNING] fl_ids.eval.common: Clients [6, 9] have no benign validation rows (infinite threshold); 428 test rows can't be flagged by the autoencoder
2026-09-24 22:30:46,835 [INFO] fl_ids.eval.zero_day: zero-day holdout=DDoS_ICMP run=trimmed_mean_only: detection_rate=1.000
2026-09-24 22:30:58,808 [WARNING] fl_ids.fl.client: Client 6: no benign validation samples to evaluate on
2026-09-24 22:30:58,817 [WARNING] fl_ids.fl.client: Client 9: no benign validation samples to evaluate on
2026-09-24 22:30:58,818 [INFO] fl_ids.eval.simulation: Round 1: mean_val_loss=0.1710, comm_bytes=583920
2026-09-24 22:31:10,399 [WARNING] fl_ids.fl.client: Client 6: no benign validation samples to evaluate on
2026-09-24 22:31:10,406 [WARNING] fl_ids.fl.client: Client 9: no benign validation samples to evaluate on
2026-09-24 22:31:10,406 [INFO] fl_ids.eval.simulation: Round 2: mean_val_loss=0.0520, comm_bytes=583920
2026-09-24 22:31:10,441 [INFO] fl_ids.fl.client: Client 0 round 3: 65 of 1469 boosting-passed rows flagged; surfacing 50
2026-09-24 22:31:10,839 [INFO] fl_ids.fl.client: Client 1 round 3: 353 of 6451 boosting-passed rows flagged; surfacing 50
2026-09-24 22:31:12,490 [INFO] fl_ids.fl.client: Client 2 round 3: 300 of 4090 boosting-passed rows flagged; surfacing 50
2026-09-24 22:31:13,529 [INFO] fl_ids.fl.client: Client 3 round 3: 50 of 1722 boosting-passed rows flagged; surfacing 50
2026-09-24 22:31:14,366 [INFO] fl_ids.fl.client: Client 4 round 3: 53 of 1072 boosting-passed rows flagged; surfacing 50
2026-09-24 22:31:14,738 [INFO] fl_ids.fl.client: Client 5 round 3: 893 of 15398 boosting-passed rows flagged; surfacing 50
2026-09-24 22:31:20,381 [INFO] fl_ids.fl.client: Client 7 round 3: 75 of 2375 boosting-passed rows flagged; surfacing 50
2026-09-24 22:31:21,300 [INFO] fl_ids.fl.client: Client 8 round 3: 446 of 8725 boosting-passed rows flagged; surfacing 50
2026-09-24 22:31:53,050 [INFO] fl_ids.models.boosting: Continued boosting training: +50 trees on 92438 rows (now 350 trees)
2026-09-24 22:31:53,051 [INFO] fl_ids.models.boosting_update: Round 3: boosting v2 (continue) from 350 alerts ({'DDoS_HTTP': 4, 'DDoS_TCP': 16, 'DDoS_UDP': 99, 'Fingerprinting': 2, 'MITM': 2, 'Normal': 100, 'Password': 47, 'Port_Scanning': 26, 'SQL_injection': 6, 'Uploading': 10, 'Vulnerability_scanner': 24, 'XSS': 14}); 50 from excluded clients ignored
2026-09-24 22:31:53,405 [WARNING] fl_ids.fl.client: Client 6: no benign validation samples to evaluate on
2026-09-24 22:31:53,455 [WARNING] fl_ids.fl.client: Client 9: no benign validation samples to evaluate on
2026-09-24 22:31:53,455 [INFO] fl_ids.eval.simulation: Round 3: mean_val_loss=0.0303, comm_bytes=583920
2026-09-24 22:32:05,690 [WARNING] fl_ids.fl.client: Client 6: no benign validation samples to evaluate on
2026-09-24 22:32:05,698 [WARNING] fl_ids.fl.client: Client 9: no benign validation samples to evaluate on
2026-09-24 22:32:05,698 [INFO] fl_ids.eval.simulation: Round 4: mean_val_loss=0.0225, comm_bytes=583920
2026-09-24 22:32:17,266 [WARNING] fl_ids.fl.client: Client 6: no benign validation samples to evaluate on
2026-09-24 22:32:17,274 [WARNING] fl_ids.fl.client: Client 9: no benign validation samples to evaluate on
2026-09-24 22:32:17,274 [INFO] fl_ids.eval.simulation: Round 5: mean_val_loss=0.0204, comm_bytes=583920
2026-09-24 22:32:17,343 [INFO] fl_ids.fl.client: Client 0 round 6: 157 of 1469 boosting-passed rows flagged; surfacing 50
2026-09-24 22:32:17,797 [INFO] fl_ids.fl.client: Client 1 round 6: 223 of 6451 boosting-passed rows flagged; surfacing 50
2026-09-24 22:32:19,472 [INFO] fl_ids.fl.client: Client 2 round 6: 245 of 4090 boosting-passed rows flagged; surfacing 50
2026-09-24 22:32:20,545 [INFO] fl_ids.fl.client: Client 3 round 6: 78 of 1722 boosting-passed rows flagged; surfacing 50
2026-09-24 22:32:21,041 [INFO] fl_ids.fl.client: Client 4 round 6: 46 of 1072 boosting-passed rows flagged; surfacing 46
2026-09-24 22:32:21,377 [INFO] fl_ids.fl.client: Client 5 round 6: 828 of 15398 boosting-passed rows flagged; surfacing 50
2026-09-24 22:32:25,431 [INFO] fl_ids.fl.client: Client 7 round 6: 81 of 2375 boosting-passed rows flagged; surfacing 50
2026-09-24 22:32:26,507 [INFO] fl_ids.fl.client: Client 8 round 6: 407 of 8725 boosting-passed rows flagged; surfacing 50
2026-09-24 22:33:04,723 [INFO] fl_ids.models.boosting: Continued boosting training: +50 trees on 92784 rows (now 400 trees)
2026-09-24 22:33:04,725 [INFO] fl_ids.models.boosting_update: Round 6: boosting v3 (continue) from 346 alerts ({'DDoS_HTTP': 13, 'DDoS_UDP': 83, 'Fingerprinting': 3, 'MITM': 2, 'Normal': 121, 'Password': 48, 'Port_Scanning': 6, 'SQL_injection': 10, 'Uploading': 4, 'Vulnerability_scanner': 44, 'XSS': 12}); 50 from excluded clients ignored
2026-09-24 22:33:05,003 [WARNING] fl_ids.fl.client: Client 6: no benign validation samples to evaluate on
2026-09-24 22:33:05,014 [WARNING] fl_ids.fl.client: Client 9: no benign validation samples to evaluate on
2026-09-24 22:33:05,014 [INFO] fl_ids.eval.simulation: Round 6: mean_val_loss=0.0203, comm_bytes=583920
2026-09-24 22:33:17,846 [WARNING] fl_ids.fl.client: Client 6: no benign validation samples to evaluate on
2026-09-24 22:33:17,853 [WARNING] fl_ids.fl.client: Client 9: no benign validation samples to evaluate on
2026-09-24 22:33:17,853 [INFO] fl_ids.eval.simulation: Round 7: mean_val_loss=0.0195, comm_bytes=583920
2026-09-24 22:33:29,531 [WARNING] fl_ids.fl.client: Client 6: no benign validation samples to evaluate on
2026-09-24 22:33:29,538 [WARNING] fl_ids.fl.client: Client 9: no benign validation samples to evaluate on
2026-09-24 22:33:29,538 [INFO] fl_ids.eval.simulation: Round 8: mean_val_loss=0.0183, comm_bytes=583920
2026-09-24 22:33:29,615 [INFO] fl_ids.fl.client: Client 0 round 9: 133 of 1469 boosting-passed rows flagged; surfacing 50
2026-09-24 22:33:30,050 [INFO] fl_ids.fl.client: Client 1 round 9: 276 of 6451 boosting-passed rows flagged; surfacing 50
2026-09-24 22:33:31,755 [INFO] fl_ids.fl.client: Client 2 round 9: 287 of 4090 boosting-passed rows flagged; surfacing 50
2026-09-24 22:33:32,885 [INFO] fl_ids.fl.client: Client 3 round 9: 61 of 1722 boosting-passed rows flagged; surfacing 50
2026-09-24 22:33:33,391 [INFO] fl_ids.fl.client: Client 4 round 9: 23 of 1072 boosting-passed rows flagged; surfacing 23
2026-09-24 22:33:33,748 [INFO] fl_ids.fl.client: Client 5 round 9: 913 of 15398 boosting-passed rows flagged; surfacing 50
2026-09-24 22:33:38,013 [INFO] fl_ids.fl.client: Client 7 round 9: 78 of 2375 boosting-passed rows flagged; surfacing 50
2026-09-24 22:33:38,703 [INFO] fl_ids.fl.client: Client 8 round 9: 452 of 8725 boosting-passed rows flagged; surfacing 50
2026-09-24 22:34:19,171 [INFO] fl_ids.models.boosting: Continued boosting training: +50 trees on 93084 rows (now 450 trees)
2026-09-24 22:34:19,172 [INFO] fl_ids.models.boosting_update: Round 9: boosting v4 (continue) from 300 alerts ({'DDoS_HTTP': 23, 'DDoS_TCP': 5, 'DDoS_UDP': 74, 'Fingerprinting': 3, 'MITM': 2, 'Normal': 107, 'Password': 25, 'Port_Scanning': 13, 'SQL_injection': 8, 'Uploading': 6, 'Vulnerability_scanner': 28, 'XSS': 6}); 73 from excluded clients ignored
2026-09-24 22:34:19,489 [WARNING] fl_ids.fl.client: Client 6: no benign validation samples to evaluate on
2026-09-24 22:34:19,502 [WARNING] fl_ids.fl.client: Client 9: no benign validation samples to evaluate on
2026-09-24 22:34:19,502 [INFO] fl_ids.eval.simulation: Round 9: mean_val_loss=0.0204, comm_bytes=583920
2026-09-24 22:34:34,833 [WARNING] fl_ids.fl.client: Client 6: no benign validation samples to evaluate on
2026-09-24 22:34:34,841 [WARNING] fl_ids.fl.client: Client 9: no benign validation samples to evaluate on
2026-09-24 22:34:34,841 [INFO] fl_ids.eval.simulation: Round 10: mean_val_loss=0.0179, comm_bytes=583920
2026-09-24 22:34:46,978 [WARNING] fl_ids.fl.client: Client 6: no benign validation samples to evaluate on
2026-09-24 22:34:46,986 [WARNING] fl_ids.fl.client: Client 9: no benign validation samples to evaluate on
2026-09-24 22:34:46,986 [INFO] fl_ids.eval.simulation: Round 11: mean_val_loss=0.0200, comm_bytes=583920
2026-09-24 22:34:47,068 [INFO] fl_ids.fl.client: Client 0 round 12: 59 of 1469 boosting-passed rows flagged; surfacing 50
2026-09-24 22:34:47,522 [INFO] fl_ids.fl.client: Client 1 round 12: 303 of 6451 boosting-passed rows flagged; surfacing 50
2026-09-24 22:34:49,256 [INFO] fl_ids.fl.client: Client 2 round 12: 145 of 4090 boosting-passed rows flagged; surfacing 50
2026-09-24 22:34:50,365 [INFO] fl_ids.fl.client: Client 3 round 12: 59 of 1722 boosting-passed rows flagged; surfacing 50
2026-09-24 22:34:50,875 [INFO] fl_ids.fl.client: Client 4 round 12: 14 of 1072 boosting-passed rows flagged; surfacing 14
2026-09-24 22:34:51,232 [INFO] fl_ids.fl.client: Client 5 round 12: 859 of 15398 boosting-passed rows flagged; surfacing 50
2026-09-24 22:34:55,531 [INFO] fl_ids.fl.client: Client 7 round 12: 50 of 2375 boosting-passed rows flagged; surfacing 50
2026-09-24 22:34:56,217 [INFO] fl_ids.fl.client: Client 8 round 12: 400 of 8725 boosting-passed rows flagged; surfacing 50
2026-09-24 22:35:43,710 [INFO] fl_ids.models.boosting: Continued boosting training: +50 trees on 93398 rows (now 500 trees)
2026-09-24 22:35:43,711 [INFO] fl_ids.models.boosting_update: Round 12: boosting v5 (continue) from 314 alerts ({'DDoS_TCP': 3, 'DDoS_UDP': 81, 'Fingerprinting': 1, 'MITM': 3, 'Normal': 149, 'Password': 23, 'Port_Scanning': 21, 'SQL_injection': 7, 'Vulnerability_scanner': 21, 'XSS': 5}); 50 from excluded clients ignored
2026-09-24 22:35:44,069 [WARNING] fl_ids.fl.client: Client 6: no benign validation samples to evaluate on
2026-09-24 22:35:44,078 [WARNING] fl_ids.fl.client: Client 9: no benign validation samples to evaluate on
2026-09-24 22:35:44,079 [INFO] fl_ids.eval.simulation: Round 12: mean_val_loss=0.0156, comm_bytes=583920
2026-09-24 22:35:59,800 [WARNING] fl_ids.fl.client: Client 6: no benign validation samples to evaluate on
2026-09-24 22:35:59,808 [WARNING] fl_ids.fl.client: Client 9: no benign validation samples to evaluate on
2026-09-24 22:35:59,808 [INFO] fl_ids.eval.simulation: Round 13: mean_val_loss=0.0118, comm_bytes=583920
2026-09-24 22:36:11,937 [WARNING] fl_ids.fl.client: Client 6: no benign validation samples to evaluate on
2026-09-24 22:36:11,944 [WARNING] fl_ids.fl.client: Client 9: no benign validation samples to evaluate on
2026-09-24 22:36:11,944 [INFO] fl_ids.eval.simulation: Round 14: mean_val_loss=0.0156, comm_bytes=583920
2026-09-24 22:36:12,037 [INFO] fl_ids.fl.client: Client 0 round 15: 57 of 1469 boosting-passed rows flagged; surfacing 50
2026-09-24 22:36:12,509 [INFO] fl_ids.fl.client: Client 1 round 15: 216 of 6451 boosting-passed rows flagged; surfacing 50
2026-09-24 22:36:14,251 [INFO] fl_ids.fl.client: Client 2 round 15: 445 of 4090 boosting-passed rows flagged; surfacing 50
2026-09-24 22:36:15,385 [INFO] fl_ids.fl.client: Client 3 round 15: 24 of 1722 boosting-passed rows flagged; surfacing 24
2026-09-24 22:36:15,912 [INFO] fl_ids.fl.client: Client 4 round 15: 9 of 1072 boosting-passed rows flagged; surfacing 9
2026-09-24 22:36:16,286 [INFO] fl_ids.fl.client: Client 5 round 15: 850 of 15398 boosting-passed rows flagged; surfacing 50
2026-09-24 22:36:20,646 [INFO] fl_ids.fl.client: Client 7 round 15: 58 of 2375 boosting-passed rows flagged; surfacing 50
2026-09-24 22:36:21,348 [INFO] fl_ids.fl.client: Client 8 round 15: 315 of 8725 boosting-passed rows flagged; surfacing 50
2026-09-24 22:37:10,287 [INFO] fl_ids.models.boosting: Continued boosting training: +50 trees on 93648 rows (now 550 trees)
2026-09-24 22:37:10,287 [INFO] fl_ids.models.boosting_update: Round 15: boosting v6 (continue) from 250 alerts ({'Backdoor': 1, 'DDoS_HTTP': 10, 'DDoS_TCP': 5, 'DDoS_UDP': 24, 'Fingerprinting': 1, 'Normal': 115, 'Password': 11, 'Port_Scanning': 20, 'SQL_injection': 19, 'Uploading': 4, 'Vulnerability_scanner': 32, 'XSS': 8}); 83 from excluded clients ignored
2026-09-24 22:37:10,664 [WARNING] fl_ids.fl.client: Client 6: no benign validation samples to evaluate on
2026-09-24 22:37:10,675 [WARNING] fl_ids.fl.client: Client 9: no benign validation samples to evaluate on
2026-09-24 22:37:10,675 [INFO] fl_ids.eval.simulation: Round 15: mean_val_loss=0.0137, comm_bytes=583920
2026-09-24 22:37:24,746 [WARNING] fl_ids.fl.client: Client 6: no benign validation samples to evaluate on
2026-09-24 22:37:24,754 [WARNING] fl_ids.fl.client: Client 9: no benign validation samples to evaluate on
2026-09-24 22:37:24,754 [INFO] fl_ids.eval.simulation: Round 16: mean_val_loss=0.0145, comm_bytes=583920
2026-09-24 22:37:36,501 [WARNING] fl_ids.fl.client: Client 6: no benign validation samples to evaluate on
2026-09-24 22:37:36,508 [WARNING] fl_ids.fl.client: Client 9: no benign validation samples to evaluate on
2026-09-24 22:37:36,508 [INFO] fl_ids.eval.simulation: Round 17: mean_val_loss=0.0138, comm_bytes=583920
2026-09-24 22:37:36,606 [INFO] fl_ids.fl.client: Client 0 round 18: 25 of 1469 boosting-passed rows flagged; surfacing 25
2026-09-24 22:37:37,073 [INFO] fl_ids.fl.client: Client 1 round 18: 333 of 6451 boosting-passed rows flagged; surfacing 50
2026-09-24 22:37:39,130 [INFO] fl_ids.fl.client: Client 2 round 18: 192 of 4090 boosting-passed rows flagged; surfacing 50
2026-09-24 22:37:40,492 [INFO] fl_ids.fl.client: Client 3 round 18: 26 of 1722 boosting-passed rows flagged; surfacing 26
2026-09-24 22:37:41,359 [INFO] fl_ids.fl.client: Client 4 round 18: 5 of 1072 boosting-passed rows flagged; surfacing 5
2026-09-24 22:37:41,899 [INFO] fl_ids.fl.client: Client 5 round 18: 940 of 15398 boosting-passed rows flagged; surfacing 50
2026-09-24 22:37:48,037 [INFO] fl_ids.fl.client: Client 7 round 18: 31 of 2375 boosting-passed rows flagged; surfacing 31
2026-09-24 22:37:49,547 [INFO] fl_ids.fl.client: Client 8 round 18: 515 of 8725 boosting-passed rows flagged; surfacing 50
2026-09-24 22:38:40,776 [INFO] fl_ids.models.boosting: Continued boosting training: +50 trees on 93910 rows (now 600 trees)
2026-09-24 22:38:40,776 [INFO] fl_ids.models.boosting_update: Round 18: boosting v7 (continue) from 262 alerts ({'DDoS_HTTP': 5, 'DDoS_TCP': 6, 'DDoS_UDP': 40, 'Fingerprinting': 1, 'MITM': 3, 'Normal': 114, 'Password': 21, 'Port_Scanning': 31, 'Ransomware': 1, 'SQL_injection': 7, 'Uploading': 1, 'Vulnerability_scanner': 26, 'XSS': 6}); 25 from excluded clients ignored
2026-09-24 22:38:41,193 [WARNING] fl_ids.fl.client: Client 6: no benign validation samples to evaluate on
2026-09-24 22:38:41,214 [WARNING] fl_ids.fl.client: Client 9: no benign validation samples to evaluate on
2026-09-24 22:38:41,214 [INFO] fl_ids.eval.simulation: Round 18: mean_val_loss=0.0144, comm_bytes=583920
2026-09-24 22:38:58,629 [WARNING] fl_ids.fl.client: Client 6: no benign validation samples to evaluate on
2026-09-24 22:38:58,639 [WARNING] fl_ids.fl.client: Client 9: no benign validation samples to evaluate on
2026-09-24 22:38:58,639 [INFO] fl_ids.eval.simulation: Round 19: mean_val_loss=0.0146, comm_bytes=583920
2026-09-24 22:39:16,494 [WARNING] fl_ids.fl.client: Client 6: no benign validation samples to evaluate on
2026-09-24 22:39:16,504 [WARNING] fl_ids.fl.client: Client 9: no benign validation samples to evaluate on
2026-09-24 22:39:16,505 [INFO] fl_ids.eval.simulation: Round 20: mean_val_loss=0.0147, comm_bytes=583920
2026-09-24 22:39:16,538 [WARNING] fl_ids.eval.common: Clients [6, 9] have no benign validation rows (infinite threshold); 428 test rows can't be flagged by the autoencoder
2026-09-24 22:39:16,552 [INFO] fl_ids.eval.zero_day: zero-day holdout=DDoS_ICMP run=autoencoder_only: detection_rate=0.806
2026-09-24 22:39:16,774 [INFO] fl_ids.eval.zero_day: zero-day holdout=DDoS_ICMP run=boosting_only: detection_rate=1.000
2026-09-24 22:39:19,341 [INFO] fl_ids.eval.common: Excluded classes ['DDoS_TCP'] from training: removed 2503 calibration rows, 1573 federated-pool rows
2026-09-24 22:39:19,342 [INFO] fl_ids.models.boosting: Training boosting classifier: 92982 samples, 15 classes, 300 rounds
2026-09-24 22:39:33,989 [INFO] fl_ids.eval.common: Evaluation setup: 92982 calibration, 58427 federated pool (subsampled), 8759 test rows across 10 clients
2026-09-24 22:39:47,395 [INFO] fl_ids.eval.simulation: Round 1: mean_val_loss=0.1980, comm_bytes=583920
2026-09-24 22:40:03,549 [INFO] fl_ids.eval.simulation: Round 2: mean_val_loss=0.0626, comm_bytes=583920
2026-09-24 22:40:03,898 [INFO] fl_ids.fl.client: Client 0 round 3: 164 of 4269 boosting-passed rows flagged; surfacing 50
2026-09-24 22:40:05,858 [INFO] fl_ids.fl.client: Client 1 round 3: 38 of 1312 boosting-passed rows flagged; surfacing 38
2026-09-24 22:40:07,774 [INFO] fl_ids.fl.client: Client 2 round 3: 246 of 6683 boosting-passed rows flagged; surfacing 50
2026-09-24 22:40:10,152 [INFO] fl_ids.fl.client: Client 3 round 3: 51 of 2545 boosting-passed rows flagged; surfacing 50
2026-09-24 22:40:11,323 [INFO] fl_ids.fl.client: Client 4 round 3: 180 of 4934 boosting-passed rows flagged; surfacing 50
2026-09-24 22:40:12,884 [INFO] fl_ids.fl.client: Client 5 round 3: 30 of 899 boosting-passed rows flagged; surfacing 30
2026-09-24 22:40:13,413 [INFO] fl_ids.fl.client: Client 6 round 3: 62 of 1782 boosting-passed rows flagged; surfacing 50
2026-09-24 22:40:14,688 [INFO] fl_ids.fl.client: Client 7 round 3: 45 of 1704 boosting-passed rows flagged; surfacing 45
2026-09-24 22:40:15,511 [INFO] fl_ids.fl.client: Client 8 round 3: 12 of 310 boosting-passed rows flagged; surfacing 12
2026-09-24 22:40:16,351 [INFO] fl_ids.fl.client: Client 9 round 3: 280 of 8435 boosting-passed rows flagged; surfacing 50
2026-09-24 22:40:46,929 [INFO] fl_ids.models.boosting: Continued boosting training: +50 trees on 93257 rows (now 350 trees)
2026-09-24 22:40:46,931 [INFO] fl_ids.models.boosting_update: Round 3: boosting v2 (continue) from 275 alerts ({'Backdoor': 2, 'DDoS_HTTP': 3, 'Fingerprinting': 2, 'Normal': 241, 'Password': 1, 'Port_Scanning': 15, 'Ransomware': 4, 'Uploading': 3, 'Vulnerability_scanner': 2, 'XSS': 2}); 150 from excluded clients ignored
2026-09-24 22:40:47,163 [INFO] fl_ids.eval.simulation: Round 3: mean_val_loss=0.0411, comm_bytes=583920
2026-09-24 22:41:02,854 [INFO] fl_ids.eval.simulation: Round 4: mean_val_loss=0.0324, comm_bytes=583920
2026-09-24 22:41:20,309 [INFO] fl_ids.eval.simulation: Round 5: mean_val_loss=0.0263, comm_bytes=583920
2026-09-24 22:41:20,800 [INFO] fl_ids.fl.client: Client 0 round 6: 127 of 4260 boosting-passed rows flagged; surfacing 50
2026-09-24 22:41:22,445 [INFO] fl_ids.fl.client: Client 1 round 6: 31 of 1310 boosting-passed rows flagged; surfacing 31
2026-09-24 22:41:23,619 [INFO] fl_ids.fl.client: Client 2 round 6: 219 of 6684 boosting-passed rows flagged; surfacing 50
2026-09-24 22:41:27,200 [INFO] fl_ids.fl.client: Client 3 round 6: 56 of 2545 boosting-passed rows flagged; surfacing 50
2026-09-24 22:41:29,837 [INFO] fl_ids.fl.client: Client 4 round 6: 156 of 4931 boosting-passed rows flagged; surfacing 50
2026-09-24 22:41:31,644 [INFO] fl_ids.fl.client: Client 5 round 6: 34 of 898 boosting-passed rows flagged; surfacing 34
2026-09-24 22:41:32,143 [INFO] fl_ids.fl.client: Client 6 round 6: 69 of 1783 boosting-passed rows flagged; surfacing 50
2026-09-24 22:41:33,084 [INFO] fl_ids.fl.client: Client 7 round 6: 52 of 1701 boosting-passed rows flagged; surfacing 50
2026-09-24 22:41:34,358 [INFO] fl_ids.fl.client: Client 8 round 6: 14 of 307 boosting-passed rows flagged; surfacing 14
2026-09-24 22:41:35,428 [INFO] fl_ids.fl.client: Client 9 round 6: 280 of 8445 boosting-passed rows flagged; surfacing 50
2026-09-24 22:42:13,036 [INFO] fl_ids.models.boosting: Continued boosting training: +50 trees on 93536 rows (now 400 trees)
2026-09-24 22:42:13,037 [INFO] fl_ids.models.boosting_update: Round 6: boosting v3 (continue) from 279 alerts ({'Backdoor': 2, 'DDoS_HTTP': 1, 'Fingerprinting': 2, 'Normal': 250, 'Port_Scanning': 10, 'Ransomware': 4, 'SQL_injection': 1, 'Uploading': 4, 'Vulnerability_scanner': 4, 'XSS': 1}); 150 from excluded clients ignored
2026-09-24 22:42:13,270 [INFO] fl_ids.eval.simulation: Round 6: mean_val_loss=0.0220, comm_bytes=583920
2026-09-24 22:42:27,853 [INFO] fl_ids.eval.simulation: Round 7: mean_val_loss=0.0186, comm_bytes=583920
2026-09-24 22:42:42,395 [INFO] fl_ids.eval.simulation: Round 8: mean_val_loss=0.0161, comm_bytes=583920
2026-09-24 22:42:43,071 [INFO] fl_ids.fl.client: Client 0 round 9: 181 of 4256 boosting-passed rows flagged; surfacing 50
2026-09-24 22:42:44,522 [INFO] fl_ids.fl.client: Client 1 round 9: 64 of 1309 boosting-passed rows flagged; surfacing 50
2026-09-24 22:42:45,829 [INFO] fl_ids.fl.client: Client 2 round 9: 234 of 6681 boosting-passed rows flagged; surfacing 50
2026-09-24 22:42:48,201 [INFO] fl_ids.fl.client: Client 3 round 9: 66 of 2546 boosting-passed rows flagged; surfacing 50
2026-09-24 22:42:49,572 [INFO] fl_ids.fl.client: Client 4 round 9: 118 of 4928 boosting-passed rows flagged; surfacing 50
2026-09-24 22:42:51,146 [INFO] fl_ids.fl.client: Client 5 round 9: 25 of 896 boosting-passed rows flagged; surfacing 25
2026-09-24 22:42:52,380 [INFO] fl_ids.fl.client: Client 6 round 9: 89 of 1782 boosting-passed rows flagged; surfacing 50
2026-09-24 22:42:53,292 [INFO] fl_ids.fl.client: Client 7 round 9: 65 of 1698 boosting-passed rows flagged; surfacing 50
2026-09-24 22:42:53,916 [INFO] fl_ids.fl.client: Client 8 round 9: 8 of 299 boosting-passed rows flagged; surfacing 8
2026-09-24 22:42:55,181 [INFO] fl_ids.fl.client: Client 9 round 9: 305 of 8445 boosting-passed rows flagged; surfacing 50
2026-09-24 22:43:39,818 [INFO] fl_ids.models.boosting: Continued boosting training: +50 trees on 93819 rows (now 450 trees)
2026-09-24 22:43:39,819 [INFO] fl_ids.models.boosting_update: Round 9: boosting v4 (continue) from 283 alerts ({'Backdoor': 2, 'DDoS_HTTP': 4, 'Fingerprinting': 2, 'Normal': 247, 'Password': 3, 'Port_Scanning': 6, 'Ransomware': 3, 'Uploading': 11, 'Vulnerability_scanner': 4, 'XSS': 1}); 150 from excluded clients ignored
2026-09-24 22:43:40,156 [INFO] fl_ids.eval.simulation: Round 9: mean_val_loss=0.0141, comm_bytes=583920
2026-09-24 22:43:55,901 [INFO] fl_ids.eval.simulation: Round 10: mean_val_loss=0.0126, comm_bytes=583920
2026-09-24 22:44:11,514 [INFO] fl_ids.eval.simulation: Round 11: mean_val_loss=0.0127, comm_bytes=583920
2026-09-24 22:44:12,259 [INFO] fl_ids.fl.client: Client 0 round 12: 170 of 4257 boosting-passed rows flagged; surfacing 50
2026-09-24 22:44:13,807 [INFO] fl_ids.fl.client: Client 1 round 12: 30 of 1306 boosting-passed rows flagged; surfacing 30
2026-09-24 22:44:15,238 [INFO] fl_ids.fl.client: Client 2 round 12: 188 of 6678 boosting-passed rows flagged; surfacing 50
2026-09-24 22:44:17,813 [INFO] fl_ids.fl.client: Client 3 round 12: 61 of 2542 boosting-passed rows flagged; surfacing 50
2026-09-24 22:44:19,309 [INFO] fl_ids.fl.client: Client 4 round 12: 196 of 4926 boosting-passed rows flagged; surfacing 50
2026-09-24 22:44:20,879 [INFO] fl_ids.fl.client: Client 5 round 12: 13 of 894 boosting-passed rows flagged; surfacing 13
2026-09-24 22:44:21,521 [INFO] fl_ids.fl.client: Client 6 round 12: 111 of 1781 boosting-passed rows flagged; surfacing 50
2026-09-24 22:44:22,406 [INFO] fl_ids.fl.client: Client 7 round 12: 122 of 1695 boosting-passed rows flagged; surfacing 50
2026-09-24 22:44:23,024 [INFO] fl_ids.fl.client: Client 8 round 12: 8 of 298 boosting-passed rows flagged; surfacing 8
2026-09-24 22:44:24,656 [INFO] fl_ids.fl.client: Client 9 round 12: 262 of 8443 boosting-passed rows flagged; surfacing 50
2026-09-24 22:45:13,153 [INFO] fl_ids.models.boosting: Continued boosting training: +50 trees on 94070 rows (now 500 trees)
2026-09-24 22:45:13,154 [INFO] fl_ids.models.boosting_update: Round 12: boosting v5 (continue) from 251 alerts ({'Backdoor': 1, 'DDoS_HTTP': 12, 'DDoS_ICMP': 1, 'Fingerprinting': 2, 'Normal': 216, 'Password': 1, 'Port_Scanning': 1, 'Ransomware': 1, 'Uploading': 11, 'Vulnerability_scanner': 2, 'XSS': 3}); 150 from excluded clients ignored
2026-09-24 22:45:13,701 [INFO] fl_ids.eval.simulation: Round 12: mean_val_loss=0.0110, comm_bytes=583920
2026-09-24 22:45:31,810 [INFO] fl_ids.eval.simulation: Round 13: mean_val_loss=0.0117, comm_bytes=583920
2026-09-24 22:45:47,879 [INFO] fl_ids.eval.simulation: Round 14: mean_val_loss=0.0208, comm_bytes=583920
2026-09-24 22:45:48,700 [INFO] fl_ids.fl.client: Client 0 round 15: 116 of 4253 boosting-passed rows flagged; surfacing 50
2026-09-24 22:45:50,239 [INFO] fl_ids.fl.client: Client 1 round 15: 52 of 1306 boosting-passed rows flagged; surfacing 50
2026-09-24 22:45:51,876 [INFO] fl_ids.fl.client: Client 2 round 15: 173 of 6678 boosting-passed rows flagged; surfacing 50
2026-09-24 22:45:54,555 [INFO] fl_ids.fl.client: Client 3 round 15: 96 of 2539 boosting-passed rows flagged; surfacing 50
2026-09-24 22:45:56,271 [INFO] fl_ids.fl.client: Client 4 round 15: 190 of 4925 boosting-passed rows flagged; surfacing 50
2026-09-24 22:45:57,804 [INFO] fl_ids.fl.client: Client 5 round 15: 10 of 891 boosting-passed rows flagged; surfacing 10
2026-09-24 22:45:58,481 [INFO] fl_ids.fl.client: Client 6 round 15: 105 of 1781 boosting-passed rows flagged; surfacing 50
2026-09-24 22:45:59,401 [INFO] fl_ids.fl.client: Client 7 round 15: 57 of 1694 boosting-passed rows flagged; surfacing 50
2026-09-24 22:46:00,049 [INFO] fl_ids.fl.client: Client 8 round 15: 7 of 298 boosting-passed rows flagged; surfacing 7
2026-09-24 22:46:01,946 [INFO] fl_ids.fl.client: Client 9 round 15: 221 of 8440 boosting-passed rows flagged; surfacing 50
2026-09-24 22:46:51,017 [INFO] fl_ids.models.boosting: Continued boosting training: +50 trees on 94337 rows (now 550 trees)
2026-09-24 22:46:51,018 [INFO] fl_ids.models.boosting_update: Round 15: boosting v6 (continue) from 267 alerts ({'Backdoor': 1, 'DDoS_HTTP': 2, 'Normal': 237, 'Uploading': 23, 'Vulnerability_scanner': 3, 'XSS': 1}); 150 from excluded clients ignored
2026-09-24 22:46:51,409 [INFO] fl_ids.eval.simulation: Round 15: mean_val_loss=0.0104, comm_bytes=583920
2026-09-24 22:47:12,769 [INFO] fl_ids.eval.simulation: Round 16: mean_val_loss=0.0239, comm_bytes=583920
2026-09-24 22:47:31,939 [INFO] fl_ids.eval.simulation: Round 17: mean_val_loss=0.0098, comm_bytes=583920
2026-09-24 22:47:33,037 [INFO] fl_ids.fl.client: Client 0 round 18: 162 of 4250 boosting-passed rows flagged; surfacing 50
2026-09-24 22:47:35,210 [INFO] fl_ids.fl.client: Client 1 round 18: 65 of 1304 boosting-passed rows flagged; surfacing 50
2026-09-24 22:47:36,724 [INFO] fl_ids.fl.client: Client 2 round 18: 180 of 6673 boosting-passed rows flagged; surfacing 50
2026-09-24 22:47:40,157 [INFO] fl_ids.fl.client: Client 3 round 18: 80 of 2538 boosting-passed rows flagged; surfacing 50
2026-09-24 22:47:42,195 [INFO] fl_ids.fl.client: Client 4 round 18: 193 of 4925 boosting-passed rows flagged; surfacing 50
2026-09-24 22:47:44,617 [INFO] fl_ids.fl.client: Client 5 round 18: 8 of 890 boosting-passed rows flagged; surfacing 8
2026-09-24 22:47:45,349 [INFO] fl_ids.fl.client: Client 6 round 18: 70 of 1781 boosting-passed rows flagged; surfacing 50
2026-09-24 22:47:46,347 [INFO] fl_ids.fl.client: Client 7 round 18: 85 of 1694 boosting-passed rows flagged; surfacing 50
2026-09-24 22:47:46,993 [INFO] fl_ids.fl.client: Client 8 round 18: 6 of 298 boosting-passed rows flagged; surfacing 6
2026-09-24 22:47:48,588 [INFO] fl_ids.fl.client: Client 9 round 18: 283 of 8439 boosting-passed rows flagged; surfacing 50
2026-09-24 22:48:37,723 [INFO] fl_ids.models.boosting: Continued boosting training: +50 trees on 94493 rows (now 600 trees)
2026-09-24 22:48:37,724 [INFO] fl_ids.models.boosting_update: Round 18: boosting v7 (continue) from 156 alerts ({'Backdoor': 5, 'DDoS_HTTP': 1, 'Normal': 117, 'Password': 4, 'Uploading': 23, 'Vulnerability_scanner': 2, 'XSS': 4}); 258 from excluded clients ignored
2026-09-24 22:48:38,134 [INFO] fl_ids.eval.simulation: Round 18: mean_val_loss=0.0187, comm_bytes=583920
2026-09-24 22:48:58,392 [INFO] fl_ids.eval.simulation: Round 19: mean_val_loss=0.0100, comm_bytes=583920
2026-09-24 22:49:15,449 [INFO] fl_ids.eval.simulation: Round 20: mean_val_loss=0.0220, comm_bytes=583920
2026-09-24 22:49:16,571 [INFO] fl_ids.eval.zero_day: zero-day holdout=DDoS_TCP run=full_pipeline: detection_rate=0.975
2026-09-24 22:49:28,747 [INFO] fl_ids.eval.simulation: Round 1: mean_val_loss=0.5110, comm_bytes=583920
2026-09-24 22:49:43,361 [INFO] fl_ids.eval.simulation: Round 2: mean_val_loss=21.2016, comm_bytes=583920
2026-09-24 22:49:43,836 [INFO] fl_ids.fl.client: Client 0 round 3: 116 of 4269 boosting-passed rows flagged; surfacing 50
2026-09-24 22:49:46,023 [INFO] fl_ids.fl.client: Client 1 round 3: 71 of 1312 boosting-passed rows flagged; surfacing 50
2026-09-24 22:49:47,239 [INFO] fl_ids.fl.client: Client 2 round 3: 197 of 6683 boosting-passed rows flagged; surfacing 50
2026-09-24 22:49:49,808 [INFO] fl_ids.fl.client: Client 3 round 3: 87 of 2545 boosting-passed rows flagged; surfacing 50
2026-09-24 22:49:51,278 [INFO] fl_ids.fl.client: Client 4 round 3: 221 of 4934 boosting-passed rows flagged; surfacing 50
2026-09-24 22:49:53,162 [INFO] fl_ids.fl.client: Client 5 round 3: 15 of 899 boosting-passed rows flagged; surfacing 15
2026-09-24 22:49:53,658 [INFO] fl_ids.fl.client: Client 6 round 3: 45 of 1782 boosting-passed rows flagged; surfacing 45
2026-09-24 22:49:54,577 [INFO] fl_ids.fl.client: Client 7 round 3: 91 of 1704 boosting-passed rows flagged; surfacing 50
2026-09-24 22:49:56,146 [INFO] fl_ids.fl.client: Client 8 round 3: 17 of 310 boosting-passed rows flagged; surfacing 17
2026-09-24 22:49:57,022 [INFO] fl_ids.fl.client: Client 9 round 3: 229 of 8435 boosting-passed rows flagged; surfacing 50
2026-09-24 22:50:24,420 [INFO] fl_ids.models.boosting: Continued boosting training: +50 trees on 93409 rows (now 350 trees)
2026-09-24 22:50:24,421 [INFO] fl_ids.models.boosting_update: Round 3: boosting v2 (continue) from 427 alerts ({'Backdoor': 4, 'DDoS_HTTP': 42, 'Fingerprinting': 1, 'Normal': 314, 'Password': 15, 'Ransomware': 1, 'SQL_injection': 10, 'Uploading': 29, 'Vulnerability_scanner': 4, 'XSS': 7}); 0 from excluded clients ignored
2026-09-24 22:50:24,617 [INFO] fl_ids.eval.simulation: Round 3: mean_val_loss=11496.7192, comm_bytes=583920
2026-09-24 22:50:37,366 [INFO] fl_ids.eval.simulation: Round 4: mean_val_loss=13017791.0289, comm_bytes=583920
2026-09-24 22:50:50,099 [INFO] fl_ids.eval.simulation: Round 5: mean_val_loss=7843745599.1688, comm_bytes=583920
2026-09-24 22:50:50,633 [INFO] fl_ids.fl.client: Client 0 round 6: 121 of 4269 boosting-passed rows flagged; surfacing 50
2026-09-24 22:50:51,977 [INFO] fl_ids.fl.client: Client 1 round 6: 39 of 1311 boosting-passed rows flagged; surfacing 39
2026-09-24 22:50:53,563 [INFO] fl_ids.fl.client: Client 2 round 6: 181 of 6685 boosting-passed rows flagged; surfacing 50
2026-09-24 22:50:56,227 [INFO] fl_ids.fl.client: Client 3 round 6: 84 of 2543 boosting-passed rows flagged; surfacing 50
2026-09-24 22:50:58,710 [INFO] fl_ids.fl.client: Client 4 round 6: 230 of 4932 boosting-passed rows flagged; surfacing 50
2026-09-24 22:51:00,633 [INFO] fl_ids.fl.client: Client 5 round 6: 16 of 898 boosting-passed rows flagged; surfacing 16
2026-09-24 22:51:01,113 [INFO] fl_ids.fl.client: Client 6 round 6: 44 of 1783 boosting-passed rows flagged; surfacing 44
2026-09-24 22:51:01,977 [INFO] fl_ids.fl.client: Client 7 round 6: 54 of 1698 boosting-passed rows flagged; surfacing 50
2026-09-24 22:51:02,555 [INFO] fl_ids.fl.client: Client 8 round 6: 14 of 307 boosting-passed rows flagged; surfacing 14
2026-09-24 22:51:03,806 [INFO] fl_ids.fl.client: Client 9 round 6: 229 of 8442 boosting-passed rows flagged; surfacing 50
2026-09-24 22:51:40,329 [INFO] fl_ids.models.boosting: Continued boosting training: +50 trees on 93822 rows (now 400 trees)
2026-09-24 22:51:40,330 [INFO] fl_ids.models.boosting_update: Round 6: boosting v3 (continue) from 413 alerts ({'Backdoor': 1, 'DDoS_HTTP': 15, 'Fingerprinting': 1, 'Normal': 364, 'Password': 4, 'Ransomware': 1, 'SQL_injection': 12, 'Uploading': 14, 'Vulnerability_scanner': 1}); 0 from excluded clients ignored
2026-09-24 22:51:40,548 [INFO] fl_ids.eval.simulation: Round 6: mean_val_loss=2015938408624.0674, comm_bytes=583920
2026-09-24 22:51:54,499 [INFO] fl_ids.eval.simulation: Round 7: mean_val_loss=257967878837977.9375, comm_bytes=583920
2026-09-24 22:52:08,304 [INFO] fl_ids.eval.simulation: Round 8: mean_val_loss=15335368183064706.0000, comm_bytes=583920
2026-09-24 22:52:08,915 [INFO] fl_ids.fl.client: Client 0 round 9: 111 of 4262 boosting-passed rows flagged; surfacing 50
2026-09-24 22:52:10,291 [INFO] fl_ids.fl.client: Client 1 round 9: 34 of 1311 boosting-passed rows flagged; surfacing 34
2026-09-24 22:52:11,554 [INFO] fl_ids.fl.client: Client 2 round 9: 219 of 6686 boosting-passed rows flagged; surfacing 50
2026-09-24 22:52:13,878 [INFO] fl_ids.fl.client: Client 3 round 9: 74 of 2543 boosting-passed rows flagged; surfacing 50
2026-09-24 22:52:15,238 [INFO] fl_ids.fl.client: Client 4 round 9: 139 of 4931 boosting-passed rows flagged; surfacing 50
2026-09-24 22:52:16,616 [INFO] fl_ids.fl.client: Client 5 round 9: 30 of 898 boosting-passed rows flagged; surfacing 30
2026-09-24 22:52:17,153 [INFO] fl_ids.fl.client: Client 6 round 9: 31 of 1783 boosting-passed rows flagged; surfacing 31
2026-09-24 22:52:17,915 [INFO] fl_ids.fl.client: Client 7 round 9: 91 of 1699 boosting-passed rows flagged; surfacing 50
2026-09-24 22:52:18,458 [INFO] fl_ids.fl.client: Client 8 round 9: 11 of 306 boosting-passed rows flagged; surfacing 11
2026-09-24 22:52:20,181 [INFO] fl_ids.fl.client: Client 9 round 9: 256 of 8441 boosting-passed rows flagged; surfacing 50
2026-09-24 22:53:02,589 [INFO] fl_ids.models.boosting: Continued boosting training: +50 trees on 94228 rows (now 450 trees)
2026-09-24 22:53:02,590 [INFO] fl_ids.models.boosting_update: Round 9: boosting v4 (continue) from 406 alerts ({'DDoS_HTTP': 9, 'Normal': 397}); 0 from excluded clients ignored
2026-09-24 22:53:03,168 [INFO] fl_ids.eval.simulation: Round 9: mean_val_loss=510309249853475904.0000, comm_bytes=583920
2026-09-24 22:53:18,135 [INFO] fl_ids.eval.simulation: Round 10: mean_val_loss=9608114809896880128.0000, comm_bytes=583920
2026-09-24 22:53:32,714 [INFO] fl_ids.eval.simulation: Round 11: mean_val_loss=124455390574662189056.0000, comm_bytes=583920
2026-09-24 22:53:33,443 [INFO] fl_ids.fl.client: Client 0 round 12: 156 of 4262 boosting-passed rows flagged; surfacing 50
2026-09-24 22:53:34,875 [INFO] fl_ids.fl.client: Client 1 round 12: 41 of 1311 boosting-passed rows flagged; surfacing 41
2026-09-24 22:53:36,222 [INFO] fl_ids.fl.client: Client 2 round 12: 233 of 6684 boosting-passed rows flagged; surfacing 50
2026-09-24 22:53:38,694 [INFO] fl_ids.fl.client: Client 3 round 12: 55 of 2542 boosting-passed rows flagged; surfacing 50
2026-09-24 22:53:40,086 [INFO] fl_ids.fl.client: Client 4 round 12: 154 of 4931 boosting-passed rows flagged; surfacing 50
2026-09-24 22:53:41,667 [INFO] fl_ids.fl.client: Client 5 round 12: 25 of 897 boosting-passed rows flagged; surfacing 25
2026-09-24 22:53:42,292 [INFO] fl_ids.fl.client: Client 6 round 12: 55 of 1783 boosting-passed rows flagged; surfacing 50
2026-09-24 22:53:43,152 [INFO] fl_ids.fl.client: Client 7 round 12: 87 of 1698 boosting-passed rows flagged; surfacing 50
2026-09-24 22:53:43,738 [INFO] fl_ids.fl.client: Client 8 round 12: 11 of 304 boosting-passed rows flagged; surfacing 11
2026-09-24 22:53:45,292 [INFO] fl_ids.fl.client: Client 9 round 12: 292 of 8436 boosting-passed rows flagged; surfacing 50
2026-09-24 22:54:35,808 [INFO] fl_ids.models.boosting: Continued boosting training: +50 trees on 94655 rows (now 500 trees)
2026-09-24 22:54:35,809 [INFO] fl_ids.models.boosting_update: Round 12: boosting v5 (continue) from 427 alerts ({'Normal': 427}); 0 from excluded clients ignored
2026-09-24 22:54:36,187 [INFO] fl_ids.eval.simulation: Round 12: mean_val_loss=1089211274260245905408.0000, comm_bytes=583920
2026-09-24 22:54:53,830 [INFO] fl_ids.eval.simulation: Round 13: mean_val_loss=7744579631713049640960.0000, comm_bytes=583920
2026-09-24 22:55:09,737 [INFO] fl_ids.eval.simulation: Round 14: mean_val_loss=38603653092876618825728.0000, comm_bytes=583920
2026-09-24 22:55:10,592 [INFO] fl_ids.fl.client: Client 0 round 15: 170 of 4260 boosting-passed rows flagged; surfacing 50
2026-09-24 22:55:12,109 [INFO] fl_ids.fl.client: Client 1 round 15: 32 of 1310 boosting-passed rows flagged; surfacing 32
2026-09-24 22:55:13,658 [INFO] fl_ids.fl.client: Client 2 round 15: 206 of 6684 boosting-passed rows flagged; surfacing 50
2026-09-24 22:55:16,350 [INFO] fl_ids.fl.client: Client 3 round 15: 54 of 2541 boosting-passed rows flagged; surfacing 50
2026-09-24 22:55:18,028 [INFO] fl_ids.fl.client: Client 4 round 15: 159 of 4930 boosting-passed rows flagged; surfacing 50
2026-09-24 22:55:19,582 [INFO] fl_ids.fl.client: Client 5 round 15: 20 of 897 boosting-passed rows flagged; surfacing 20
2026-09-24 22:55:20,261 [INFO] fl_ids.fl.client: Client 6 round 15: 64 of 1783 boosting-passed rows flagged; surfacing 50
2026-09-24 22:55:21,178 [INFO] fl_ids.fl.client: Client 7 round 15: 85 of 1697 boosting-passed rows flagged; surfacing 50
2026-09-24 22:55:21,798 [INFO] fl_ids.fl.client: Client 8 round 15: 11 of 303 boosting-passed rows flagged; surfacing 11
2026-09-24 22:55:23,585 [INFO] fl_ids.fl.client: Client 9 round 15: 285 of 8435 boosting-passed rows flagged; surfacing 50
2026-09-24 22:56:13,832 [INFO] fl_ids.models.boosting: Continued boosting training: +50 trees on 95068 rows (now 550 trees)
2026-09-24 22:56:13,833 [INFO] fl_ids.models.boosting_update: Round 15: boosting v6 (continue) from 413 alerts ({'Normal': 413}); 0 from excluded clients ignored
2026-09-24 22:56:14,562 [INFO] fl_ids.eval.simulation: Round 15: mean_val_loss=103670588296129824161792.0000, comm_bytes=583920
2026-09-24 22:56:34,353 [INFO] fl_ids.eval.simulation: Round 16: mean_val_loss=170125780928322705817600.0000, comm_bytes=583920
2026-09-24 22:56:54,121 [INFO] fl_ids.eval.simulation: Round 17: mean_val_loss=249827245874668418105344.0000, comm_bytes=583920
2026-09-24 22:56:55,172 [INFO] fl_ids.fl.client: Client 0 round 18: 169 of 4256 boosting-passed rows flagged; surfacing 50
2026-09-24 22:56:56,938 [INFO] fl_ids.fl.client: Client 1 round 18: 34 of 1308 boosting-passed rows flagged; surfacing 34
2026-09-24 22:56:58,934 [INFO] fl_ids.fl.client: Client 2 round 18: 216 of 6680 boosting-passed rows flagged; surfacing 50
2026-09-24 22:57:02,608 [INFO] fl_ids.fl.client: Client 3 round 18: 51 of 2542 boosting-passed rows flagged; surfacing 50
2026-09-24 22:57:04,294 [INFO] fl_ids.fl.client: Client 4 round 18: 149 of 4931 boosting-passed rows flagged; surfacing 50
2026-09-24 22:57:06,039 [INFO] fl_ids.fl.client: Client 5 round 18: 19 of 896 boosting-passed rows flagged; surfacing 19
2026-09-24 22:57:07,049 [INFO] fl_ids.fl.client: Client 6 round 18: 63 of 1783 boosting-passed rows flagged; surfacing 50
2026-09-24 22:57:08,262 [INFO] fl_ids.fl.client: Client 7 round 18: 84 of 1698 boosting-passed rows flagged; surfacing 50
2026-09-24 22:57:08,974 [INFO] fl_ids.fl.client: Client 8 round 18: 11 of 301 boosting-passed rows flagged; surfacing 11
2026-09-24 22:57:10,636 [INFO] fl_ids.fl.client: Client 9 round 18: 281 of 8433 boosting-passed rows flagged; surfacing 50
2026-09-24 22:58:01,843 [INFO] fl_ids.models.boosting: Continued boosting training: +50 trees on 95482 rows (now 600 trees)
2026-09-24 22:58:01,845 [INFO] fl_ids.models.boosting_update: Round 18: boosting v7 (continue) from 414 alerts ({'Normal': 414}); 0 from excluded clients ignored
2026-09-24 22:58:02,412 [INFO] fl_ids.eval.simulation: Round 18: mean_val_loss=336662055184836245585920.0000, comm_bytes=583920
2026-09-24 22:58:22,112 [INFO] fl_ids.eval.simulation: Round 19: mean_val_loss=429268009903585054687232.0000, comm_bytes=583920
2026-09-24 22:58:39,255 [INFO] fl_ids.eval.simulation: Round 20: mean_val_loss=514271190114129235935232.0000, comm_bytes=583920
2026-09-24 22:58:40,313 [INFO] fl_ids.eval.zero_day: zero-day holdout=DDoS_TCP run=plain_fedavg: detection_rate=0.924
2026-09-24 22:58:53,075 [INFO] fl_ids.eval.simulation: Round 1: mean_val_loss=0.3670, comm_bytes=583920
2026-09-24 22:59:09,270 [INFO] fl_ids.eval.simulation: Round 2: mean_val_loss=0.3811, comm_bytes=583920
2026-09-24 22:59:09,626 [INFO] fl_ids.fl.client: Client 0 round 3: 177 of 4269 boosting-passed rows flagged; surfacing 50
2026-09-24 22:59:11,387 [INFO] fl_ids.fl.client: Client 1 round 3: 43 of 1312 boosting-passed rows flagged; surfacing 43
2026-09-24 22:59:13,820 [INFO] fl_ids.fl.client: Client 2 round 3: 194 of 6683 boosting-passed rows flagged; surfacing 50
2026-09-24 22:59:16,330 [INFO] fl_ids.fl.client: Client 3 round 3: 42 of 2545 boosting-passed rows flagged; surfacing 42
2026-09-24 22:59:17,879 [INFO] fl_ids.fl.client: Client 4 round 3: 128 of 4934 boosting-passed rows flagged; surfacing 50
2026-09-24 22:59:19,798 [INFO] fl_ids.fl.client: Client 5 round 3: 42 of 899 boosting-passed rows flagged; surfacing 42
2026-09-24 22:59:20,639 [INFO] fl_ids.fl.client: Client 6 round 3: 44 of 1782 boosting-passed rows flagged; surfacing 44
2026-09-24 22:59:21,537 [INFO] fl_ids.fl.client: Client 7 round 3: 80 of 1704 boosting-passed rows flagged; surfacing 50
2026-09-24 22:59:22,110 [INFO] fl_ids.fl.client: Client 8 round 3: 11 of 310 boosting-passed rows flagged; surfacing 11
2026-09-24 22:59:22,910 [INFO] fl_ids.fl.client: Client 9 round 3: 230 of 8435 boosting-passed rows flagged; surfacing 50
2026-09-24 22:59:50,292 [INFO] fl_ids.models.boosting: Continued boosting training: +50 trees on 93414 rows (now 350 trees)
2026-09-24 22:59:50,293 [INFO] fl_ids.models.boosting_update: Round 3: boosting v2 (continue) from 432 alerts ({'Normal': 431, 'Vulnerability_scanner': 1}); 0 from excluded clients ignored
2026-09-24 22:59:50,528 [INFO] fl_ids.eval.simulation: Round 3: mean_val_loss=0.4136, comm_bytes=583920
2026-09-24 23:00:03,759 [INFO] fl_ids.eval.simulation: Round 4: mean_val_loss=0.4801, comm_bytes=583920
2026-09-24 23:00:18,576 [INFO] fl_ids.eval.simulation: Round 5: mean_val_loss=0.6683, comm_bytes=583920
2026-09-24 23:00:19,036 [INFO] fl_ids.fl.client: Client 0 round 6: 177 of 4263 boosting-passed rows flagged; surfacing 50
2026-09-24 23:00:20,397 [INFO] fl_ids.fl.client: Client 1 round 6: 41 of 1313 boosting-passed rows flagged; surfacing 41
2026-09-24 23:00:21,523 [INFO] fl_ids.fl.client: Client 2 round 6: 208 of 6679 boosting-passed rows flagged; surfacing 50
2026-09-24 23:00:24,035 [INFO] fl_ids.fl.client: Client 3 round 6: 43 of 2544 boosting-passed rows flagged; surfacing 43
2026-09-24 23:00:26,107 [INFO] fl_ids.fl.client: Client 4 round 6: 118 of 4934 boosting-passed rows flagged; surfacing 50
2026-09-24 23:00:27,613 [INFO] fl_ids.fl.client: Client 5 round 6: 41 of 900 boosting-passed rows flagged; surfacing 41
2026-09-24 23:00:28,118 [INFO] fl_ids.fl.client: Client 6 round 6: 44 of 1783 boosting-passed rows flagged; surfacing 44
2026-09-24 23:00:29,055 [INFO] fl_ids.fl.client: Client 7 round 6: 80 of 1700 boosting-passed rows flagged; surfacing 50
2026-09-24 23:00:30,107 [INFO] fl_ids.fl.client: Client 8 round 6: 11 of 306 boosting-passed rows flagged; surfacing 11
2026-09-24 23:00:31,322 [INFO] fl_ids.fl.client: Client 9 round 6: 231 of 8434 boosting-passed rows flagged; surfacing 50
2026-09-24 23:01:06,915 [INFO] fl_ids.models.boosting: Continued boosting training: +50 trees on 93844 rows (now 400 trees)
2026-09-24 23:01:06,916 [INFO] fl_ids.models.boosting_update: Round 6: boosting v3 (continue) from 430 alerts ({'Normal': 430}); 0 from excluded clients ignored
2026-09-24 23:01:07,205 [INFO] fl_ids.eval.simulation: Round 6: mean_val_loss=1.2883, comm_bytes=583920
2026-09-24 23:01:21,123 [INFO] fl_ids.eval.simulation: Round 7: mean_val_loss=2.9094, comm_bytes=583920
2026-09-24 23:01:34,840 [INFO] fl_ids.eval.simulation: Round 8: mean_val_loss=8.2307, comm_bytes=583920
2026-09-24 23:01:35,480 [INFO] fl_ids.fl.client: Client 0 round 9: 176 of 4259 boosting-passed rows flagged; surfacing 50
2026-09-24 23:01:36,840 [INFO] fl_ids.fl.client: Client 1 round 9: 46 of 1314 boosting-passed rows flagged; surfacing 46
2026-09-24 23:01:38,038 [INFO] fl_ids.fl.client: Client 2 round 9: 215 of 6678 boosting-passed rows flagged; surfacing 50
2026-09-24 23:01:41,136 [INFO] fl_ids.fl.client: Client 3 round 9: 65 of 2542 boosting-passed rows flagged; surfacing 50
2026-09-24 23:01:42,630 [INFO] fl_ids.fl.client: Client 4 round 9: 154 of 4933 boosting-passed rows flagged; surfacing 50
2026-09-24 23:01:44,626 [INFO] fl_ids.fl.client: Client 5 round 9: 23 of 898 boosting-passed rows flagged; surfacing 23
2026-09-24 23:01:45,297 [INFO] fl_ids.fl.client: Client 6 round 9: 64 of 1783 boosting-passed rows flagged; surfacing 50
2026-09-24 23:01:47,456 [INFO] fl_ids.fl.client: Client 7 round 9: 75 of 1701 boosting-passed rows flagged; surfacing 50
2026-09-24 23:01:48,198 [INFO] fl_ids.fl.client: Client 8 round 9: 11 of 304 boosting-passed rows flagged; surfacing 11
2026-09-24 23:01:49,672 [INFO] fl_ids.fl.client: Client 9 round 9: 258 of 8433 boosting-passed rows flagged; surfacing 50
2026-09-24 23:02:30,627 [INFO] fl_ids.models.boosting: Continued boosting training: +50 trees on 94274 rows (now 450 trees)
2026-09-24 23:02:30,627 [INFO] fl_ids.models.boosting_update: Round 9: boosting v4 (continue) from 430 alerts ({'Normal': 430}); 0 from excluded clients ignored
2026-09-24 23:02:30,872 [INFO] fl_ids.eval.simulation: Round 9: mean_val_loss=24.5783, comm_bytes=583920
2026-09-24 23:02:45,874 [INFO] fl_ids.eval.simulation: Round 10: mean_val_loss=71.4141, comm_bytes=583920
2026-09-24 23:03:00,822 [INFO] fl_ids.eval.simulation: Round 11: mean_val_loss=162.3279, comm_bytes=583920
2026-09-24 23:03:01,555 [INFO] fl_ids.fl.client: Client 0 round 12: 168 of 4258 boosting-passed rows flagged; surfacing 50
2026-09-24 23:03:03,013 [INFO] fl_ids.fl.client: Client 1 round 12: 34 of 1311 boosting-passed rows flagged; surfacing 34
2026-09-24 23:03:04,448 [INFO] fl_ids.fl.client: Client 2 round 12: 233 of 6677 boosting-passed rows flagged; surfacing 50
2026-09-24 23:03:06,939 [INFO] fl_ids.fl.client: Client 3 round 12: 53 of 2544 boosting-passed rows flagged; surfacing 50
2026-09-24 23:03:08,492 [INFO] fl_ids.fl.client: Client 4 round 12: 147 of 4932 boosting-passed rows flagged; surfacing 50
2026-09-24 23:03:10,024 [INFO] fl_ids.fl.client: Client 5 round 12: 19 of 899 boosting-passed rows flagged; surfacing 19
2026-09-24 23:03:10,652 [INFO] fl_ids.fl.client: Client 6 round 12: 60 of 1782 boosting-passed rows flagged; surfacing 50
2026-09-24 23:03:11,527 [INFO] fl_ids.fl.client: Client 7 round 12: 82 of 1699 boosting-passed rows flagged; surfacing 50
2026-09-24 23:03:12,343 [INFO] fl_ids.fl.client: Client 8 round 12: 11 of 303 boosting-passed rows flagged; surfacing 11
2026-09-24 23:03:14,465 [INFO] fl_ids.fl.client: Client 9 round 12: 277 of 8432 boosting-passed rows flagged; surfacing 50
2026-09-24 23:04:14,355 [INFO] fl_ids.models.boosting: Continued boosting training: +50 trees on 94688 rows (now 500 trees)
2026-09-24 23:04:14,356 [INFO] fl_ids.models.boosting_update: Round 12: boosting v5 (continue) from 414 alerts ({'Normal': 414}); 0 from excluded clients ignored
2026-09-24 23:04:14,694 [INFO] fl_ids.eval.simulation: Round 12: mean_val_loss=548.1217, comm_bytes=583920
2026-09-24 23:04:31,765 [INFO] fl_ids.eval.simulation: Round 13: mean_val_loss=1731.9007, comm_bytes=583920
2026-09-24 23:04:48,355 [INFO] fl_ids.eval.simulation: Round 14: mean_val_loss=5635.4822, comm_bytes=583920
2026-09-24 23:04:49,275 [INFO] fl_ids.fl.client: Client 0 round 15: 169 of 4255 boosting-passed rows flagged; surfacing 50
2026-09-24 23:04:50,791 [INFO] fl_ids.fl.client: Client 1 round 15: 33 of 1312 boosting-passed rows flagged; surfacing 33
2026-09-24 23:04:52,352 [INFO] fl_ids.fl.client: Client 2 round 15: 216 of 6676 boosting-passed rows flagged; surfacing 50
2026-09-24 23:04:54,906 [INFO] fl_ids.fl.client: Client 3 round 15: 51 of 2542 boosting-passed rows flagged; surfacing 50
2026-09-24 23:04:56,505 [INFO] fl_ids.fl.client: Client 4 round 15: 150 of 4932 boosting-passed rows flagged; surfacing 50
2026-09-24 23:04:58,040 [INFO] fl_ids.fl.client: Client 5 round 15: 19 of 896 boosting-passed rows flagged; surfacing 19
2026-09-24 23:04:58,668 [INFO] fl_ids.fl.client: Client 6 round 15: 63 of 1782 boosting-passed rows flagged; surfacing 50
2026-09-24 23:04:59,587 [INFO] fl_ids.fl.client: Client 7 round 15: 84 of 1698 boosting-passed rows flagged; surfacing 50
2026-09-24 23:05:00,224 [INFO] fl_ids.fl.client: Client 8 round 15: 12 of 305 boosting-passed rows flagged; surfacing 12
2026-09-24 23:05:02,155 [INFO] fl_ids.fl.client: Client 9 round 15: 281 of 8432 boosting-passed rows flagged; surfacing 50
2026-09-24 23:05:52,878 [INFO] fl_ids.models.boosting: Continued boosting training: +50 trees on 95102 rows (now 550 trees)
2026-09-24 23:05:52,878 [INFO] fl_ids.models.boosting_update: Round 15: boosting v6 (continue) from 414 alerts ({'Normal': 414}); 0 from excluded clients ignored
2026-09-24 23:05:53,260 [INFO] fl_ids.eval.simulation: Round 15: mean_val_loss=16171.7897, comm_bytes=583920
2026-09-24 23:06:11,979 [INFO] fl_ids.eval.simulation: Round 16: mean_val_loss=47754.7334, comm_bytes=583920
2026-09-24 23:06:30,809 [INFO] fl_ids.eval.simulation: Round 17: mean_val_loss=123286.4273, comm_bytes=583920
2026-09-24 23:06:31,503 [INFO] fl_ids.fl.client: Client 0 round 18: 170 of 4251 boosting-passed rows flagged; surfacing 50
2026-09-24 23:06:33,480 [INFO] fl_ids.fl.client: Client 1 round 18: 33 of 1312 boosting-passed rows flagged; surfacing 33
2026-09-24 23:06:34,849 [INFO] fl_ids.fl.client: Client 2 round 18: 208 of 6674 boosting-passed rows flagged; surfacing 50
2026-09-24 23:06:37,429 [INFO] fl_ids.fl.client: Client 3 round 18: 53 of 2540 boosting-passed rows flagged; surfacing 50
2026-09-24 23:06:39,014 [INFO] fl_ids.fl.client: Client 4 round 18: 157 of 4932 boosting-passed rows flagged; surfacing 50
2026-09-24 23:06:40,449 [INFO] fl_ids.fl.client: Client 5 round 18: 20 of 895 boosting-passed rows flagged; surfacing 20
2026-09-24 23:06:41,079 [INFO] fl_ids.fl.client: Client 6 round 18: 64 of 1782 boosting-passed rows flagged; surfacing 50
2026-09-24 23:06:41,985 [INFO] fl_ids.fl.client: Client 7 round 18: 85 of 1700 boosting-passed rows flagged; surfacing 50
2026-09-24 23:06:42,575 [INFO] fl_ids.fl.client: Client 8 round 18: 12 of 303 boosting-passed rows flagged; surfacing 12
2026-09-24 23:06:44,315 [INFO] fl_ids.fl.client: Client 9 round 18: 282 of 8430 boosting-passed rows flagged; surfacing 50
2026-09-24 23:07:36,841 [INFO] fl_ids.models.boosting: Continued boosting training: +50 trees on 95517 rows (now 600 trees)
2026-09-24 23:07:36,841 [INFO] fl_ids.models.boosting_update: Round 18: boosting v7 (continue) from 415 alerts ({'Normal': 414, 'Vulnerability_scanner': 1}); 0 from excluded clients ignored
2026-09-24 23:07:37,128 [INFO] fl_ids.eval.simulation: Round 18: mean_val_loss=326872.1403, comm_bytes=583920
2026-09-24 23:07:53,797 [INFO] fl_ids.eval.simulation: Round 19: mean_val_loss=780870.1018, comm_bytes=583920
2026-09-24 23:08:10,457 [INFO] fl_ids.eval.simulation: Round 20: mean_val_loss=1837990.3650, comm_bytes=583920
2026-09-24 23:08:11,355 [INFO] fl_ids.eval.zero_day: zero-day holdout=DDoS_TCP run=trimmed_mean_only: detection_rate=0.918
2026-09-24 23:08:27,490 [INFO] fl_ids.eval.simulation: Round 1: mean_val_loss=0.1776, comm_bytes=583920
2026-09-24 23:08:43,423 [INFO] fl_ids.eval.simulation: Round 2: mean_val_loss=0.0648, comm_bytes=583920
2026-09-24 23:08:43,467 [INFO] fl_ids.fl.client: Client 0 round 3: 679 of 4979 boosting-passed rows flagged; surfacing 50
2026-09-24 23:08:46,091 [INFO] fl_ids.fl.client: Client 1 round 3: 77 of 2356 boosting-passed rows flagged; surfacing 50
2026-09-24 23:08:46,780 [INFO] fl_ids.fl.client: Client 2 round 3: 419 of 7362 boosting-passed rows flagged; surfacing 50
2026-09-24 23:08:48,879 [INFO] fl_ids.fl.client: Client 3 round 3: 98 of 6490 boosting-passed rows flagged; surfacing 50
2026-09-24 23:08:51,545 [INFO] fl_ids.fl.client: Client 4 round 3: 407 of 5699 boosting-passed rows flagged; surfacing 50
2026-09-24 23:08:53,157 [INFO] fl_ids.fl.client: Client 5 round 3: 61 of 1355 boosting-passed rows flagged; surfacing 50
2026-09-24 23:08:53,610 [INFO] fl_ids.fl.client: Client 6 round 3: 302 of 2230 boosting-passed rows flagged; surfacing 50
2026-09-24 23:08:54,344 [INFO] fl_ids.fl.client: Client 7 round 3: 160 of 2419 boosting-passed rows flagged; surfacing 50
2026-09-24 23:08:54,935 [INFO] fl_ids.fl.client: Client 8 round 3: 66 of 744 boosting-passed rows flagged; surfacing 50
2026-09-24 23:08:55,155 [INFO] fl_ids.fl.client: Client 9 round 3: 848 of 10567 boosting-passed rows flagged; surfacing 50
2026-09-24 23:09:16,862 [INFO] fl_ids.models.boosting: Continued boosting training: +50 trees on 93332 rows (now 350 trees)
2026-09-24 23:09:16,862 [INFO] fl_ids.models.boosting_update: Round 3: boosting v2 (continue) from 350 alerts ({'Backdoor': 4, 'DDoS_HTTP': 8, 'DDoS_ICMP': 7, 'DDoS_UDP': 65, 'Fingerprinting': 4, 'MITM': 1, 'Normal': 128, 'Password': 25, 'Port_Scanning': 52, 'Ransomware': 11, 'SQL_injection': 6, 'Uploading': 3, 'Vulnerability_scanner': 24, 'XSS': 12}); 150 from excluded clients ignored
2026-09-24 23:09:17,048 [INFO] fl_ids.eval.simulation: Round 3: mean_val_loss=0.0479, comm_bytes=583920
2026-09-24 23:09:31,142 [INFO] fl_ids.eval.simulation: Round 4: mean_val_loss=0.0387, comm_bytes=583920
2026-09-24 23:09:48,002 [INFO] fl_ids.eval.simulation: Round 5: mean_val_loss=0.0336, comm_bytes=583920
2026-09-24 23:09:48,077 [INFO] fl_ids.fl.client: Client 0 round 6: 487 of 4979 boosting-passed rows flagged; surfacing 50
2026-09-24 23:09:49,515 [INFO] fl_ids.fl.client: Client 1 round 6: 184 of 2356 boosting-passed rows flagged; surfacing 50
2026-09-24 23:09:50,484 [INFO] fl_ids.fl.client: Client 2 round 6: 416 of 7362 boosting-passed rows flagged; surfacing 50
2026-09-24 23:09:53,309 [INFO] fl_ids.fl.client: Client 3 round 6: 209 of 6490 boosting-passed rows flagged; surfacing 50
2026-09-24 23:09:56,536 [INFO] fl_ids.fl.client: Client 4 round 6: 442 of 5699 boosting-passed rows flagged; surfacing 50
2026-09-24 23:09:58,098 [INFO] fl_ids.fl.client: Client 5 round 6: 90 of 1355 boosting-passed rows flagged; surfacing 50
2026-09-24 23:09:58,616 [INFO] fl_ids.fl.client: Client 6 round 6: 306 of 2230 boosting-passed rows flagged; surfacing 50
2026-09-24 23:09:59,321 [INFO] fl_ids.fl.client: Client 7 round 6: 236 of 2419 boosting-passed rows flagged; surfacing 50
2026-09-24 23:10:00,018 [INFO] fl_ids.fl.client: Client 8 round 6: 90 of 744 boosting-passed rows flagged; surfacing 50
2026-09-24 23:10:00,542 [INFO] fl_ids.fl.client: Client 9 round 6: 847 of 10567 boosting-passed rows flagged; surfacing 50
2026-09-24 23:10:27,997 [INFO] fl_ids.models.boosting: Continued boosting training: +50 trees on 93682 rows (now 400 trees)
2026-09-24 23:10:27,998 [INFO] fl_ids.models.boosting_update: Round 6: boosting v3 (continue) from 350 alerts ({'Backdoor': 5, 'DDoS_HTTP': 1, 'DDoS_ICMP': 32, 'DDoS_UDP': 86, 'Fingerprinting': 3, 'Normal': 90, 'Password': 24, 'Port_Scanning': 28, 'Ransomware': 6, 'SQL_injection': 12, 'Uploading': 16, 'Vulnerability_scanner': 40, 'XSS': 7}); 150 from excluded clients ignored
2026-09-24 23:10:28,211 [INFO] fl_ids.eval.simulation: Round 6: mean_val_loss=0.0297, comm_bytes=583920
2026-09-24 23:10:40,091 [INFO] fl_ids.eval.simulation: Round 7: mean_val_loss=0.0264, comm_bytes=583920
2026-09-24 23:10:58,545 [INFO] fl_ids.eval.simulation: Round 8: mean_val_loss=0.0238, comm_bytes=583920
2026-09-24 23:10:58,764 [INFO] fl_ids.fl.client: Client 0 round 9: 394 of 4979 boosting-passed rows flagged; surfacing 50
2026-09-24 23:11:00,586 [INFO] fl_ids.fl.client: Client 1 round 9: 265 of 2356 boosting-passed rows flagged; surfacing 50
2026-09-24 23:11:01,319 [INFO] fl_ids.fl.client: Client 2 round 9: 464 of 7362 boosting-passed rows flagged; surfacing 50
2026-09-24 23:11:03,326 [INFO] fl_ids.fl.client: Client 3 round 9: 252 of 6490 boosting-passed rows flagged; surfacing 50
2026-09-24 23:11:06,107 [INFO] fl_ids.fl.client: Client 4 round 9: 443 of 5699 boosting-passed rows flagged; surfacing 50
2026-09-24 23:11:07,709 [INFO] fl_ids.fl.client: Client 5 round 9: 65 of 1355 boosting-passed rows flagged; surfacing 50
2026-09-24 23:11:08,365 [INFO] fl_ids.fl.client: Client 6 round 9: 348 of 2230 boosting-passed rows flagged; surfacing 50
2026-09-24 23:11:09,687 [INFO] fl_ids.fl.client: Client 7 round 9: 170 of 2419 boosting-passed rows flagged; surfacing 50
2026-09-24 23:11:10,466 [INFO] fl_ids.fl.client: Client 8 round 9: 44 of 744 boosting-passed rows flagged; surfacing 44
2026-09-24 23:11:10,796 [INFO] fl_ids.fl.client: Client 9 round 9: 886 of 10567 boosting-passed rows flagged; surfacing 50
2026-09-24 23:11:43,546 [INFO] fl_ids.models.boosting: Continued boosting training: +50 trees on 94026 rows (now 450 trees)
2026-09-24 23:11:43,546 [INFO] fl_ids.models.boosting_update: Round 9: boosting v4 (continue) from 344 alerts ({'Backdoor': 2, 'DDoS_HTTP': 12, 'DDoS_ICMP': 37, 'DDoS_UDP': 63, 'Fingerprinting': 3, 'MITM': 2, 'Normal': 89, 'Password': 19, 'Port_Scanning': 17, 'Ransomware': 3, 'SQL_injection': 20, 'Uploading': 18, 'Vulnerability_scanner': 48, 'XSS': 11}); 150 from excluded clients ignored
2026-09-24 23:11:43,784 [INFO] fl_ids.eval.simulation: Round 9: mean_val_loss=0.0224, comm_bytes=583920
2026-09-24 23:11:55,029 [INFO] fl_ids.eval.simulation: Round 10: mean_val_loss=0.0213, comm_bytes=583920
2026-09-24 23:12:09,529 [INFO] fl_ids.eval.simulation: Round 11: mean_val_loss=0.0206, comm_bytes=583920
2026-09-24 23:12:09,623 [INFO] fl_ids.fl.client: Client 0 round 12: 472 of 4979 boosting-passed rows flagged; surfacing 50
2026-09-24 23:12:11,110 [INFO] fl_ids.fl.client: Client 1 round 12: 255 of 2356 boosting-passed rows flagged; surfacing 50
2026-09-24 23:12:11,889 [INFO] fl_ids.fl.client: Client 2 round 12: 495 of 7362 boosting-passed rows flagged; surfacing 50
2026-09-24 23:12:15,215 [INFO] fl_ids.fl.client: Client 3 round 12: 190 of 6490 boosting-passed rows flagged; surfacing 50
2026-09-24 23:12:17,279 [INFO] fl_ids.fl.client: Client 4 round 12: 456 of 5699 boosting-passed rows flagged; surfacing 50
2026-09-24 23:12:19,666 [INFO] fl_ids.fl.client: Client 5 round 12: 111 of 1355 boosting-passed rows flagged; surfacing 50
2026-09-24 23:12:20,154 [INFO] fl_ids.fl.client: Client 6 round 12: 316 of 2230 boosting-passed rows flagged; surfacing 50
2026-09-24 23:12:21,228 [INFO] fl_ids.fl.client: Client 7 round 12: 229 of 2419 boosting-passed rows flagged; surfacing 50
2026-09-24 23:12:23,039 [INFO] fl_ids.fl.client: Client 8 round 12: 36 of 744 boosting-passed rows flagged; surfacing 36
2026-09-24 23:12:23,838 [INFO] fl_ids.fl.client: Client 9 round 12: 935 of 10567 boosting-passed rows flagged; surfacing 50
2026-09-24 23:13:06,595 [INFO] fl_ids.models.boosting: Continued boosting training: +50 trees on 94362 rows (now 500 trees)
2026-09-24 23:13:06,596 [INFO] fl_ids.models.boosting_update: Round 12: boosting v5 (continue) from 336 alerts ({'Backdoor': 1, 'DDoS_HTTP': 30, 'DDoS_ICMP': 36, 'DDoS_UDP': 57, 'Fingerprinting': 2, 'MITM': 1, 'Normal': 72, 'Password': 17, 'Port_Scanning': 10, 'Ransomware': 3, 'SQL_injection': 19, 'Uploading': 13, 'Vulnerability_scanner': 59, 'XSS': 16}); 150 from excluded clients ignored
2026-09-24 23:13:06,884 [INFO] fl_ids.eval.simulation: Round 12: mean_val_loss=0.0202, comm_bytes=583920
2026-09-24 23:13:18,463 [INFO] fl_ids.eval.simulation: Round 13: mean_val_loss=0.0200, comm_bytes=583920
2026-09-24 23:13:30,098 [INFO] fl_ids.eval.simulation: Round 14: mean_val_loss=0.0216, comm_bytes=583920
2026-09-24 23:13:30,191 [INFO] fl_ids.fl.client: Client 0 round 15: 476 of 4979 boosting-passed rows flagged; surfacing 50
2026-09-24 23:13:31,446 [INFO] fl_ids.fl.client: Client 1 round 15: 129 of 2356 boosting-passed rows flagged; surfacing 50
2026-09-24 23:13:32,077 [INFO] fl_ids.fl.client: Client 2 round 15: 344 of 7362 boosting-passed rows flagged; surfacing 50
2026-09-24 23:13:33,878 [INFO] fl_ids.fl.client: Client 3 round 15: 145 of 6490 boosting-passed rows flagged; surfacing 50
2026-09-24 23:13:36,575 [INFO] fl_ids.fl.client: Client 4 round 15: 464 of 5699 boosting-passed rows flagged; surfacing 50
2026-09-24 23:13:39,249 [INFO] fl_ids.fl.client: Client 5 round 15: 91 of 1355 boosting-passed rows flagged; surfacing 50
2026-09-24 23:13:40,988 [INFO] fl_ids.fl.client: Client 6 round 15: 232 of 2230 boosting-passed rows flagged; surfacing 50
2026-09-24 23:13:41,897 [INFO] fl_ids.fl.client: Client 7 round 15: 176 of 2419 boosting-passed rows flagged; surfacing 50
2026-09-24 23:13:42,778 [INFO] fl_ids.fl.client: Client 8 round 15: 33 of 744 boosting-passed rows flagged; surfacing 33
2026-09-24 23:13:43,136 [INFO] fl_ids.fl.client: Client 9 round 15: 903 of 10567 boosting-passed rows flagged; surfacing 50
2026-09-24 23:14:35,193 [INFO] fl_ids.models.boosting: Continued boosting training: +50 trees on 94745 rows (now 550 trees)
2026-09-24 23:14:35,194 [INFO] fl_ids.models.boosting_update: Round 15: boosting v6 (continue) from 383 alerts ({'Backdoor': 1, 'DDoS_HTTP': 22, 'DDoS_ICMP': 47, 'DDoS_UDP': 56, 'Fingerprinting': 2, 'MITM': 4, 'Normal': 103, 'Password': 24, 'Port_Scanning': 4, 'Ransomware': 4, 'SQL_injection': 19, 'Uploading': 19, 'Vulnerability_scanner': 65, 'XSS': 13}); 100 from excluded clients ignored
2026-09-24 23:14:35,973 [INFO] fl_ids.eval.simulation: Round 15: mean_val_loss=0.0222, comm_bytes=583920
2026-09-24 23:14:49,492 [INFO] fl_ids.eval.simulation: Round 16: mean_val_loss=0.0259, comm_bytes=583920
2026-09-24 23:15:00,647 [INFO] fl_ids.eval.simulation: Round 17: mean_val_loss=0.0193, comm_bytes=583920
2026-09-24 23:15:00,744 [INFO] fl_ids.fl.client: Client 0 round 18: 538 of 4979 boosting-passed rows flagged; surfacing 50
2026-09-24 23:15:02,032 [INFO] fl_ids.fl.client: Client 1 round 18: 180 of 2356 boosting-passed rows flagged; surfacing 50
2026-09-24 23:15:02,755 [INFO] fl_ids.fl.client: Client 2 round 18: 287 of 7362 boosting-passed rows flagged; surfacing 50
2026-09-24 23:15:04,566 [INFO] fl_ids.fl.client: Client 3 round 18: 154 of 6490 boosting-passed rows flagged; surfacing 50
2026-09-24 23:15:06,111 [INFO] fl_ids.fl.client: Client 4 round 18: 472 of 5699 boosting-passed rows flagged; surfacing 50
2026-09-24 23:15:07,471 [INFO] fl_ids.fl.client: Client 5 round 18: 144 of 1355 boosting-passed rows flagged; surfacing 50
2026-09-24 23:15:07,883 [INFO] fl_ids.fl.client: Client 6 round 18: 220 of 2230 boosting-passed rows flagged; surfacing 50
2026-09-24 23:15:08,911 [INFO] fl_ids.fl.client: Client 7 round 18: 312 of 2419 boosting-passed rows flagged; surfacing 50
2026-09-24 23:15:09,661 [INFO] fl_ids.fl.client: Client 8 round 18: 27 of 744 boosting-passed rows flagged; surfacing 27
2026-09-24 23:15:10,002 [INFO] fl_ids.fl.client: Client 9 round 18: 960 of 10567 boosting-passed rows flagged; surfacing 50
2026-09-24 23:16:02,224 [INFO] fl_ids.models.boosting: Continued boosting training: +50 trees on 95122 rows (now 600 trees)
2026-09-24 23:16:02,225 [INFO] fl_ids.models.boosting_update: Round 18: boosting v7 (continue) from 377 alerts ({'Backdoor': 1, 'DDoS_HTTP': 30, 'DDoS_ICMP': 71, 'DDoS_UDP': 58, 'Fingerprinting': 2, 'MITM': 5, 'Normal': 84, 'Password': 10, 'Port_Scanning': 17, 'Ransomware': 2, 'SQL_injection': 15, 'Uploading': 14, 'Vulnerability_scanner': 59, 'XSS': 9}); 100 from excluded clients ignored
2026-09-24 23:16:02,553 [INFO] fl_ids.eval.simulation: Round 18: mean_val_loss=0.0252, comm_bytes=583920
2026-09-24 23:16:17,643 [INFO] fl_ids.eval.simulation: Round 19: mean_val_loss=0.0189, comm_bytes=583920
2026-09-24 23:16:34,407 [INFO] fl_ids.eval.simulation: Round 20: mean_val_loss=0.0247, comm_bytes=583920
2026-09-24 23:16:34,451 [INFO] fl_ids.eval.zero_day: zero-day holdout=DDoS_TCP run=autoencoder_only: detection_rate=0.165
2026-09-24 23:16:34,813 [INFO] fl_ids.eval.zero_day: zero-day holdout=DDoS_TCP run=boosting_only: detection_rate=0.903
2026-09-24 23:16:37,517 [INFO] fl_ids.eval.common: Excluded classes ['DDoS_UDP'] from training: removed 6078 calibration rows, 3819 federated-pool rows
2026-09-24 23:16:37,517 [INFO] fl_ids.models.boosting: Training boosting classifier: 89407 samples, 15 classes, 300 rounds
2026-09-24 23:16:54,659 [WARNING] fl_ids.data.pipeline: Client 1 has zero benign validation samples (heavy Dirichlet skew or too few benign samples in its shard)
2026-09-24 23:16:54,693 [INFO] fl_ids.eval.common: Evaluation setup: 89407 calibration, 56181 federated pool (subsampled), 8422 test rows across 10 clients
2026-09-24 23:17:06,126 [WARNING] fl_ids.fl.client: Client 1: no benign validation samples to evaluate on
2026-09-24 23:17:06,148 [INFO] fl_ids.eval.simulation: Round 1: mean_val_loss=0.2668, comm_bytes=583920
2026-09-24 23:17:17,167 [WARNING] fl_ids.fl.client: Client 1: no benign validation samples to evaluate on
2026-09-24 23:17:17,190 [INFO] fl_ids.eval.simulation: Round 2: mean_val_loss=0.1589, comm_bytes=583920
2026-09-24 23:17:17,744 [INFO] fl_ids.fl.client: Client 0 round 3: 185 of 6917 boosting-passed rows flagged; surfacing 50
2026-09-24 23:17:20,239 [INFO] fl_ids.fl.client: Client 2 round 3: 198 of 6995 boosting-passed rows flagged; surfacing 50
2026-09-24 23:17:22,625 [INFO] fl_ids.fl.client: Client 3 round 3: 5 of 176 boosting-passed rows flagged; surfacing 5
2026-09-24 23:17:22,805 [INFO] fl_ids.fl.client: Client 4 round 3: 59 of 216 boosting-passed rows flagged; surfacing 50
2026-09-24 23:17:23,117 [INFO] fl_ids.fl.client: Client 5 round 3: 101 of 2772 boosting-passed rows flagged; surfacing 50
2026-09-24 23:17:23,992 [INFO] fl_ids.fl.client: Client 6 round 3: 41 of 706 boosting-passed rows flagged; surfacing 41
2026-09-24 23:17:25,634 [INFO] fl_ids.fl.client: Client 7 round 3: 416 of 13845 boosting-passed rows flagged; surfacing 50
2026-09-24 23:17:30,778 [INFO] fl_ids.fl.client: Client 8 round 3: 35 of 634 boosting-passed rows flagged; surfacing 35
2026-09-24 23:17:31,029 [INFO] fl_ids.fl.client: Client 9 round 3: 1 of 188 boosting-passed rows flagged; surfacing 1
2026-09-24 23:17:57,222 [INFO] fl_ids.models.boosting: Continued boosting training: +50 trees on 89647 rows (now 350 trees)
2026-09-24 23:17:57,222 [INFO] fl_ids.models.boosting_update: Round 3: boosting v2 (continue) from 240 alerts ({'DDoS_HTTP': 4, 'Normal': 197, 'Password': 39}); 92 from excluded clients ignored
2026-09-24 23:17:57,419 [WARNING] fl_ids.fl.client: Client 1: no benign validation samples to evaluate on
2026-09-24 23:17:57,452 [INFO] fl_ids.eval.simulation: Round 3: mean_val_loss=0.0701, comm_bytes=583920
2026-09-24 23:18:10,643 [WARNING] fl_ids.fl.client: Client 1: no benign validation samples to evaluate on
2026-09-24 23:18:10,665 [INFO] fl_ids.eval.simulation: Round 4: mean_val_loss=0.0416, comm_bytes=583920
2026-09-24 23:18:22,401 [WARNING] fl_ids.fl.client: Client 1: no benign validation samples to evaluate on
2026-09-24 23:18:22,422 [INFO] fl_ids.eval.simulation: Round 5: mean_val_loss=0.0311, comm_bytes=583920
2026-09-24 23:18:23,062 [INFO] fl_ids.fl.client: Client 0 round 6: 258 of 6918 boosting-passed rows flagged; surfacing 50
2026-09-24 23:18:25,747 [INFO] fl_ids.fl.client: Client 2 round 6: 222 of 6991 boosting-passed rows flagged; surfacing 50
2026-09-24 23:18:27,570 [INFO] fl_ids.fl.client: Client 3 round 6: 8 of 177 boosting-passed rows flagged; surfacing 8
2026-09-24 23:18:27,755 [INFO] fl_ids.fl.client: Client 4 round 6: 39 of 214 boosting-passed rows flagged; surfacing 39
2026-09-24 23:18:28,157 [INFO] fl_ids.fl.client: Client 5 round 6: 108 of 2771 boosting-passed rows flagged; surfacing 50
2026-09-24 23:18:29,001 [INFO] fl_ids.fl.client: Client 6 round 6: 29 of 704 boosting-passed rows flagged; surfacing 29
2026-09-24 23:18:30,447 [INFO] fl_ids.fl.client: Client 7 round 6: 473 of 13840 boosting-passed rows flagged; surfacing 50
2026-09-24 23:18:33,795 [INFO] fl_ids.fl.client: Client 8 round 6: 46 of 636 boosting-passed rows flagged; surfacing 46
2026-09-24 23:18:34,078 [INFO] fl_ids.fl.client: Client 9 round 6: 0 of 189 boosting-passed rows flagged; surfacing 0
2026-09-24 23:19:00,873 [INFO] fl_ids.models.boosting: Continued boosting training: +50 trees on 89890 rows (now 400 trees)
2026-09-24 23:19:00,875 [INFO] fl_ids.models.boosting_update: Round 6: boosting v3 (continue) from 243 alerts ({'DDoS_HTTP': 4, 'Normal': 206, 'Password': 25, 'Port_Scanning': 1, 'Ransomware': 2, 'Uploading': 2, 'Vulnerability_scanner': 2, 'XSS': 1}); 79 from excluded clients ignored
2026-09-24 23:19:01,132 [WARNING] fl_ids.fl.client: Client 1: no benign validation samples to evaluate on
2026-09-24 23:19:01,174 [INFO] fl_ids.eval.simulation: Round 6: mean_val_loss=0.0251, comm_bytes=583920
2026-09-24 23:19:17,978 [WARNING] fl_ids.fl.client: Client 1: no benign validation samples to evaluate on
2026-09-24 23:19:18,001 [INFO] fl_ids.eval.simulation: Round 7: mean_val_loss=0.0216, comm_bytes=583920
2026-09-24 23:19:34,131 [WARNING] fl_ids.fl.client: Client 1: no benign validation samples to evaluate on
2026-09-24 23:19:34,155 [INFO] fl_ids.eval.simulation: Round 8: mean_val_loss=0.0255, comm_bytes=583920
2026-09-24 23:19:34,983 [INFO] fl_ids.fl.client: Client 0 round 9: 173 of 6917 boosting-passed rows flagged; surfacing 50
2026-09-24 23:19:37,835 [INFO] fl_ids.fl.client: Client 2 round 9: 223 of 6991 boosting-passed rows flagged; surfacing 50
2026-09-24 23:19:39,741 [INFO] fl_ids.fl.client: Client 3 round 9: 7 of 174 boosting-passed rows flagged; surfacing 7
2026-09-24 23:19:39,956 [INFO] fl_ids.fl.client: Client 4 round 9: 55 of 212 boosting-passed rows flagged; surfacing 50
2026-09-24 23:19:40,442 [INFO] fl_ids.fl.client: Client 5 round 9: 108 of 2771 boosting-passed rows flagged; surfacing 50
2026-09-24 23:19:41,391 [INFO] fl_ids.fl.client: Client 6 round 9: 17 of 703 boosting-passed rows flagged; surfacing 17
2026-09-24 23:19:43,202 [INFO] fl_ids.fl.client: Client 7 round 9: 477 of 13842 boosting-passed rows flagged; surfacing 50
2026-09-24 23:19:46,691 [INFO] fl_ids.fl.client: Client 8 round 9: 34 of 638 boosting-passed rows flagged; surfacing 34
2026-09-24 23:19:47,009 [INFO] fl_ids.fl.client: Client 9 round 9: 0 of 188 boosting-passed rows flagged; surfacing 0
2026-09-24 23:20:12,585 [INFO] fl_ids.models.boosting: Continued boosting training: +50 trees on 90148 rows (now 450 trees)
2026-09-24 23:20:12,586 [INFO] fl_ids.models.boosting_update: Round 9: boosting v4 (continue) from 258 alerts ({'DDoS_HTTP': 10, 'Normal': 207, 'Password': 31, 'Port_Scanning': 1, 'Uploading': 4, 'Vulnerability_scanner': 3, 'XSS': 2}); 50 from excluded clients ignored
2026-09-24 23:20:12,799 [WARNING] fl_ids.fl.client: Client 1: no benign validation samples to evaluate on
2026-09-24 23:20:12,819 [INFO] fl_ids.eval.simulation: Round 9: mean_val_loss=0.0316, comm_bytes=583920
2026-09-24 23:20:30,565 [WARNING] fl_ids.fl.client: Client 1: no benign validation samples to evaluate on
2026-09-24 23:20:30,590 [INFO] fl_ids.eval.simulation: Round 10: mean_val_loss=0.0202, comm_bytes=583920
2026-09-24 23:20:49,225 [WARNING] fl_ids.fl.client: Client 1: no benign validation samples to evaluate on
2026-09-24 23:20:49,253 [INFO] fl_ids.eval.simulation: Round 11: mean_val_loss=0.0237, comm_bytes=583920
2026-09-24 23:20:50,095 [INFO] fl_ids.fl.client: Client 0 round 12: 159 of 6917 boosting-passed rows flagged; surfacing 50
2026-09-24 23:20:54,406 [INFO] fl_ids.fl.client: Client 2 round 12: 226 of 6988 boosting-passed rows flagged; surfacing 50
2026-09-24 23:20:57,118 [INFO] fl_ids.fl.client: Client 3 round 12: 7 of 171 boosting-passed rows flagged; surfacing 7
2026-09-24 23:20:57,337 [INFO] fl_ids.fl.client: Client 4 round 12: 28 of 211 boosting-passed rows flagged; surfacing 28
2026-09-24 23:20:57,785 [INFO] fl_ids.fl.client: Client 5 round 12: 99 of 2773 boosting-passed rows flagged; surfacing 50
2026-09-24 23:20:59,618 [INFO] fl_ids.fl.client: Client 6 round 12: 11 of 700 boosting-passed rows flagged; surfacing 11
2026-09-24 23:21:02,569 [INFO] fl_ids.fl.client: Client 7 round 12: 524 of 13844 boosting-passed rows flagged; surfacing 50
2026-09-24 23:21:06,934 [INFO] fl_ids.fl.client: Client 8 round 12: 35 of 636 boosting-passed rows flagged; surfacing 35
2026-09-24 23:21:07,295 [INFO] fl_ids.fl.client: Client 9 round 12: 1 of 188 boosting-passed rows flagged; surfacing 1
2026-09-24 23:21:37,932 [INFO] fl_ids.models.boosting: Continued boosting training: +50 trees on 90330 rows (now 500 trees)
2026-09-24 23:21:37,932 [INFO] fl_ids.models.boosting_update: Round 12: boosting v5 (continue) from 182 alerts ({'Backdoor': 1, 'DDoS_HTTP': 5, 'Normal': 152, 'Password': 14, 'Port_Scanning': 2, 'Ransomware': 2, 'Uploading': 3, 'Vulnerability_scanner': 2, 'XSS': 1}); 100 from excluded clients ignored
2026-09-24 23:21:38,170 [WARNING] fl_ids.fl.client: Client 1: no benign validation samples to evaluate on
2026-09-24 23:21:38,190 [INFO] fl_ids.eval.simulation: Round 12: mean_val_loss=0.0316, comm_bytes=583920
2026-09-24 23:21:52,893 [WARNING] fl_ids.fl.client: Client 1: no benign validation samples to evaluate on
2026-09-24 23:21:52,919 [INFO] fl_ids.eval.simulation: Round 13: mean_val_loss=0.0254, comm_bytes=583920
2026-09-24 23:22:10,645 [WARNING] fl_ids.fl.client: Client 1: no benign validation samples to evaluate on
2026-09-24 23:22:10,670 [INFO] fl_ids.eval.simulation: Round 14: mean_val_loss=0.0490, comm_bytes=583920
2026-09-24 23:22:11,562 [INFO] fl_ids.fl.client: Client 0 round 15: 166 of 6917 boosting-passed rows flagged; surfacing 50
2026-09-24 23:22:15,491 [INFO] fl_ids.fl.client: Client 2 round 15: 235 of 6984 boosting-passed rows flagged; surfacing 50
2026-09-24 23:22:18,353 [INFO] fl_ids.fl.client: Client 3 round 15: 5 of 170 boosting-passed rows flagged; surfacing 5
2026-09-24 23:22:18,580 [INFO] fl_ids.fl.client: Client 4 round 15: 8 of 209 boosting-passed rows flagged; surfacing 8
2026-09-24 23:22:19,182 [INFO] fl_ids.fl.client: Client 5 round 15: 56 of 2773 boosting-passed rows flagged; surfacing 50
2026-09-24 23:22:20,424 [INFO] fl_ids.fl.client: Client 6 round 15: 11 of 699 boosting-passed rows flagged; surfacing 11
2026-09-24 23:22:23,824 [INFO] fl_ids.fl.client: Client 7 round 15: 460 of 13836 boosting-passed rows flagged; surfacing 50
2026-09-24 23:22:29,984 [INFO] fl_ids.fl.client: Client 8 round 15: 38 of 635 boosting-passed rows flagged; surfacing 38
2026-09-24 23:22:30,374 [INFO] fl_ids.fl.client: Client 9 round 15: 1 of 184 boosting-passed rows flagged; surfacing 1
2026-09-24 23:23:07,677 [INFO] fl_ids.models.boosting: Continued boosting training: +50 trees on 90531 rows (now 550 trees)
2026-09-24 23:23:07,678 [INFO] fl_ids.models.boosting_update: Round 15: boosting v6 (continue) from 201 alerts ({'DDoS_HTTP': 2, 'Fingerprinting': 2, 'Normal': 192, 'Ransomware': 1, 'SQL_injection': 1, 'Uploading': 1, 'Vulnerability_scanner': 1, 'XSS': 1}); 62 from excluded clients ignored
2026-09-24 23:23:08,015 [WARNING] fl_ids.fl.client: Client 1: no benign validation samples to evaluate on
2026-09-24 23:23:08,054 [INFO] fl_ids.eval.simulation: Round 15: mean_val_loss=0.0203, comm_bytes=583920
2026-09-24 23:23:25,830 [WARNING] fl_ids.fl.client: Client 1: no benign validation samples to evaluate on
2026-09-24 23:23:25,860 [INFO] fl_ids.eval.simulation: Round 16: mean_val_loss=0.0390, comm_bytes=583920
2026-09-24 23:23:43,174 [WARNING] fl_ids.fl.client: Client 1: no benign validation samples to evaluate on
2026-09-24 23:23:43,195 [INFO] fl_ids.eval.simulation: Round 17: mean_val_loss=0.0194, comm_bytes=583920
2026-09-24 23:23:44,394 [INFO] fl_ids.fl.client: Client 0 round 18: 206 of 6917 boosting-passed rows flagged; surfacing 50
2026-09-24 23:23:47,680 [INFO] fl_ids.fl.client: Client 2 round 18: 228 of 6982 boosting-passed rows flagged; surfacing 50
2026-09-24 23:23:49,700 [INFO] fl_ids.fl.client: Client 3 round 18: 6 of 167 boosting-passed rows flagged; surfacing 6
2026-09-24 23:23:49,980 [INFO] fl_ids.fl.client: Client 4 round 18: 8 of 207 boosting-passed rows flagged; surfacing 8
2026-09-24 23:23:50,596 [INFO] fl_ids.fl.client: Client 5 round 18: 114 of 2773 boosting-passed rows flagged; surfacing 50
2026-09-24 23:23:51,622 [INFO] fl_ids.fl.client: Client 6 round 18: 12 of 697 boosting-passed rows flagged; surfacing 12
2026-09-24 23:23:54,139 [INFO] fl_ids.fl.client: Client 7 round 18: 488 of 13834 boosting-passed rows flagged; surfacing 50
2026-09-24 23:23:57,664 [INFO] fl_ids.fl.client: Client 8 round 18: 35 of 630 boosting-passed rows flagged; surfacing 35
2026-09-24 23:23:58,057 [INFO] fl_ids.fl.client: Client 9 round 18: 0 of 182 boosting-passed rows flagged; surfacing 0
2026-09-24 23:24:44,924 [INFO] fl_ids.models.boosting: Continued boosting training: +50 trees on 90692 rows (now 600 trees)
2026-09-24 23:24:44,924 [INFO] fl_ids.models.boosting_update: Round 18: boosting v7 (continue) from 161 alerts ({'Fingerprinting': 1, 'Normal': 154, 'Password': 2, 'Port_Scanning': 1, 'Uploading': 2, 'XSS': 1}); 100 from excluded clients ignored
2026-09-24 23:24:45,190 [WARNING] fl_ids.fl.client: Client 1: no benign validation samples to evaluate on
2026-09-24 23:24:45,207 [INFO] fl_ids.eval.simulation: Round 18: mean_val_loss=0.0376, comm_bytes=583920
2026-09-24 23:25:01,237 [WARNING] fl_ids.fl.client: Client 1: no benign validation samples to evaluate on
2026-09-24 23:25:01,259 [INFO] fl_ids.eval.simulation: Round 19: mean_val_loss=0.0188, comm_bytes=583920
2026-09-24 23:25:16,976 [WARNING] fl_ids.fl.client: Client 1: no benign validation samples to evaluate on
2026-09-24 23:25:17,000 [INFO] fl_ids.eval.simulation: Round 20: mean_val_loss=0.0372, comm_bytes=583920
2026-09-24 23:25:17,025 [WARNING] fl_ids.eval.common: Clients [1] have no benign validation rows (infinite threshold); 384 test rows can't be flagged by the autoencoder
2026-09-24 23:25:17,401 [INFO] fl_ids.eval.zero_day: zero-day holdout=DDoS_UDP run=full_pipeline: detection_rate=0.903
2026-09-24 23:25:32,434 [WARNING] fl_ids.fl.client: Client 1: no benign validation samples to evaluate on
2026-09-24 23:25:32,461 [INFO] fl_ids.eval.simulation: Round 1: mean_val_loss=0.3798, comm_bytes=583920
2026-09-24 23:25:47,245 [WARNING] fl_ids.fl.client: Client 1: no benign validation samples to evaluate on
2026-09-24 23:25:47,272 [INFO] fl_ids.eval.simulation: Round 2: mean_val_loss=2.4254, comm_bytes=583920
2026-09-24 23:25:47,753 [INFO] fl_ids.fl.client: Client 0 round 3: 220 of 6917 boosting-passed rows flagged; surfacing 50
2026-09-24 23:25:50,824 [INFO] fl_ids.fl.client: Client 2 round 3: 237 of 6995 boosting-passed rows flagged; surfacing 50
2026-09-24 23:25:53,505 [INFO] fl_ids.fl.client: Client 3 round 3: 5 of 176 boosting-passed rows flagged; surfacing 5
2026-09-24 23:25:53,658 [INFO] fl_ids.fl.client: Client 4 round 3: 154 of 216 boosting-passed rows flagged; surfacing 50
2026-09-24 23:25:53,983 [INFO] fl_ids.fl.client: Client 5 round 3: 63 of 2772 boosting-passed rows flagged; surfacing 50
2026-09-24 23:25:54,877 [INFO] fl_ids.fl.client: Client 6 round 3: 43 of 706 boosting-passed rows flagged; surfacing 43
2026-09-24 23:25:55,989 [INFO] fl_ids.fl.client: Client 7 round 3: 407 of 13845 boosting-passed rows flagged; surfacing 50
2026-09-24 23:26:00,657 [INFO] fl_ids.fl.client: Client 8 round 3: 14 of 634 boosting-passed rows flagged; surfacing 14
2026-09-24 23:26:00,948 [INFO] fl_ids.fl.client: Client 9 round 3: 0 of 188 boosting-passed rows flagged; surfacing 0
2026-09-24 23:26:20,469 [INFO] fl_ids.models.boosting: Continued boosting training: +50 trees on 89719 rows (now 350 trees)
2026-09-24 23:26:20,469 [INFO] fl_ids.models.boosting_update: Round 3: boosting v2 (continue) from 312 alerts ({'DDoS_HTTP': 11, 'Normal': 266, 'Password': 35}); 0 from excluded clients ignored
2026-09-24 23:26:20,636 [WARNING] fl_ids.fl.client: Client 1: no benign validation samples to evaluate on
2026-09-24 23:26:20,655 [INFO] fl_ids.eval.simulation: Round 3: mean_val_loss=77.1030, comm_bytes=583920
2026-09-24 23:26:32,453 [WARNING] fl_ids.fl.client: Client 1: no benign validation samples to evaluate on
2026-09-24 23:26:32,476 [INFO] fl_ids.eval.simulation: Round 4: mean_val_loss=5480.4244, comm_bytes=583920
2026-09-24 23:26:47,911 [WARNING] fl_ids.fl.client: Client 1: no benign validation samples to evaluate on
2026-09-24 23:26:47,952 [INFO] fl_ids.eval.simulation: Round 5: mean_val_loss=383027.8386, comm_bytes=583920
2026-09-24 23:26:48,540 [INFO] fl_ids.fl.client: Client 0 round 6: 220 of 6917 boosting-passed rows flagged; surfacing 50
2026-09-24 23:26:51,948 [INFO] fl_ids.fl.client: Client 2 round 6: 199 of 6994 boosting-passed rows flagged; surfacing 50
2026-09-24 23:26:54,788 [INFO] fl_ids.fl.client: Client 3 round 6: 5 of 173 boosting-passed rows flagged; surfacing 5
2026-09-24 23:26:54,959 [INFO] fl_ids.fl.client: Client 4 round 6: 92 of 216 boosting-passed rows flagged; surfacing 50
2026-09-24 23:26:55,384 [INFO] fl_ids.fl.client: Client 5 round 6: 62 of 2772 boosting-passed rows flagged; surfacing 50
2026-09-24 23:26:56,418 [INFO] fl_ids.fl.client: Client 6 round 6: 46 of 705 boosting-passed rows flagged; surfacing 46
2026-09-24 23:26:58,102 [INFO] fl_ids.fl.client: Client 7 round 6: 438 of 13840 boosting-passed rows flagged; surfacing 50
2026-09-24 23:27:03,209 [INFO] fl_ids.fl.client: Client 8 round 6: 18 of 634 boosting-passed rows flagged; surfacing 18
2026-09-24 23:27:03,896 [INFO] fl_ids.fl.client: Client 9 round 6: 1 of 190 boosting-passed rows flagged; surfacing 1
2026-09-24 23:27:30,120 [INFO] fl_ids.models.boosting: Continued boosting training: +50 trees on 90039 rows (now 400 trees)
2026-09-24 23:27:30,120 [INFO] fl_ids.models.boosting_update: Round 6: boosting v3 (continue) from 320 alerts ({'DDoS_HTTP': 17, 'Normal': 275, 'Password': 27, 'Ransomware': 1}); 0 from excluded clients ignored
2026-09-24 23:27:30,305 [WARNING] fl_ids.fl.client: Client 1: no benign validation samples to evaluate on
2026-09-24 23:27:30,324 [INFO] fl_ids.eval.simulation: Round 6: mean_val_loss=18266303.0914, comm_bytes=583920
2026-09-24 23:27:43,167 [WARNING] fl_ids.fl.client: Client 1: no benign validation samples to evaluate on
2026-09-24 23:27:43,188 [INFO] fl_ids.eval.simulation: Round 7: mean_val_loss=571676372.5802, comm_bytes=583920
2026-09-24 23:27:55,953 [WARNING] fl_ids.fl.client: Client 1: no benign validation samples to evaluate on
2026-09-24 23:27:55,975 [INFO] fl_ids.eval.simulation: Round 8: mean_val_loss=11895287908.6652, comm_bytes=583920
2026-09-24 23:27:56,829 [INFO] fl_ids.fl.client: Client 0 round 9: 212 of 6916 boosting-passed rows flagged; surfacing 50
2026-09-24 23:28:00,061 [INFO] fl_ids.fl.client: Client 2 round 9: 244 of 6990 boosting-passed rows flagged; surfacing 50
2026-09-24 23:28:02,671 [INFO] fl_ids.fl.client: Client 3 round 9: 5 of 172 boosting-passed rows flagged; surfacing 5
2026-09-24 23:28:03,054 [INFO] fl_ids.fl.client: Client 4 round 9: 91 of 214 boosting-passed rows flagged; surfacing 50
2026-09-24 23:28:03,585 [INFO] fl_ids.fl.client: Client 5 round 9: 92 of 2772 boosting-passed rows flagged; surfacing 50
2026-09-24 23:28:04,511 [INFO] fl_ids.fl.client: Client 6 round 9: 42 of 705 boosting-passed rows flagged; surfacing 42
2026-09-24 23:28:06,438 [INFO] fl_ids.fl.client: Client 7 round 9: 417 of 13837 boosting-passed rows flagged; surfacing 50
2026-09-24 23:28:11,398 [INFO] fl_ids.fl.client: Client 8 round 9: 21 of 637 boosting-passed rows flagged; surfacing 21
2026-09-24 23:28:11,887 [INFO] fl_ids.fl.client: Client 9 round 9: 1 of 190 boosting-passed rows flagged; surfacing 1
2026-09-24 23:28:47,532 [INFO] fl_ids.models.boosting: Continued boosting training: +50 trees on 90358 rows (now 450 trees)
2026-09-24 23:28:47,532 [INFO] fl_ids.models.boosting_update: Round 9: boosting v4 (continue) from 319 alerts ({'DDoS_HTTP': 17, 'Normal': 274, 'Password': 27, 'Ransomware': 1}); 0 from excluded clients ignored
2026-09-24 23:28:47,745 [WARNING] fl_ids.fl.client: Client 1: no benign validation samples to evaluate on
2026-09-24 23:28:47,764 [INFO] fl_ids.eval.simulation: Round 9: mean_val_loss=174417459069.4681, comm_bytes=583920
2026-09-24 23:29:01,708 [WARNING] fl_ids.fl.client: Client 1: no benign validation samples to evaluate on
2026-09-24 23:29:01,732 [INFO] fl_ids.eval.simulation: Round 10: mean_val_loss=1840794969858.4380, comm_bytes=583920
2026-09-24 23:29:15,588 [WARNING] fl_ids.fl.client: Client 1: no benign validation samples to evaluate on
2026-09-24 23:29:15,610 [INFO] fl_ids.eval.simulation: Round 11: mean_val_loss=15141155750236.0859, comm_bytes=583920
2026-09-24 23:29:16,597 [INFO] fl_ids.fl.client: Client 0 round 12: 259 of 6917 boosting-passed rows flagged; surfacing 50
2026-09-24 23:29:19,844 [INFO] fl_ids.fl.client: Client 2 round 12: 245 of 6988 boosting-passed rows flagged; surfacing 50
2026-09-24 23:29:21,829 [INFO] fl_ids.fl.client: Client 3 round 12: 5 of 168 boosting-passed rows flagged; surfacing 5
2026-09-24 23:29:22,078 [INFO] fl_ids.fl.client: Client 4 round 12: 90 of 213 boosting-passed rows flagged; surfacing 50
2026-09-24 23:29:22,632 [INFO] fl_ids.fl.client: Client 5 round 12: 103 of 2771 boosting-passed rows flagged; surfacing 50
2026-09-24 23:29:23,608 [INFO] fl_ids.fl.client: Client 6 round 12: 42 of 706 boosting-passed rows flagged; surfacing 42
2026-09-24 23:29:25,658 [INFO] fl_ids.fl.client: Client 7 round 12: 419 of 13835 boosting-passed rows flagged; surfacing 50
2026-09-24 23:29:29,199 [INFO] fl_ids.fl.client: Client 8 round 12: 26 of 628 boosting-passed rows flagged; surfacing 26
2026-09-24 23:29:29,542 [INFO] fl_ids.fl.client: Client 9 round 12: 0 of 186 boosting-passed rows flagged; surfacing 0
2026-09-24 23:30:12,930 [INFO] fl_ids.models.boosting: Continued boosting training: +50 trees on 90681 rows (now 500 trees)
2026-09-24 23:30:12,930 [INFO] fl_ids.models.boosting_update: Round 12: boosting v5 (continue) from 323 alerts ({'DDoS_HTTP': 20, 'Normal': 275, 'Password': 26, 'Ransomware': 2}); 0 from excluded clients ignored
2026-09-24 23:30:13,226 [WARNING] fl_ids.fl.client: Client 1: no benign validation samples to evaluate on
2026-09-24 23:30:13,261 [INFO] fl_ids.eval.simulation: Round 12: mean_val_loss=103425229681207.1406, comm_bytes=583920
2026-09-24 23:30:29,843 [WARNING] fl_ids.fl.client: Client 1: no benign validation samples to evaluate on
2026-09-24 23:30:29,865 [INFO] fl_ids.eval.simulation: Round 13: mean_val_loss=595080022232424.8750, comm_bytes=583920
2026-09-24 23:30:44,665 [WARNING] fl_ids.fl.client: Client 1: no benign validation samples to evaluate on
2026-09-24 23:30:44,688 [INFO] fl_ids.eval.simulation: Round 14: mean_val_loss=2913537243514632.5000, comm_bytes=583920
2026-09-24 23:30:45,865 [INFO] fl_ids.fl.client: Client 0 round 15: 243 of 6917 boosting-passed rows flagged; surfacing 50
2026-09-24 23:30:49,172 [INFO] fl_ids.fl.client: Client 2 round 15: 209 of 6986 boosting-passed rows flagged; surfacing 50
2026-09-24 23:30:51,259 [INFO] fl_ids.fl.client: Client 3 round 15: 5 of 163 boosting-passed rows flagged; surfacing 5
2026-09-24 23:30:51,529 [INFO] fl_ids.fl.client: Client 4 round 15: 141 of 210 boosting-passed rows flagged; surfacing 50
2026-09-24 23:30:52,126 [INFO] fl_ids.fl.client: Client 5 round 15: 120 of 2772 boosting-passed rows flagged; surfacing 50
2026-09-24 23:30:53,150 [INFO] fl_ids.fl.client: Client 6 round 15: 44 of 705 boosting-passed rows flagged; surfacing 44
2026-09-24 23:30:55,440 [INFO] fl_ids.fl.client: Client 7 round 15: 473 of 13831 boosting-passed rows flagged; surfacing 50
2026-09-24 23:30:59,044 [INFO] fl_ids.fl.client: Client 8 round 15: 32 of 625 boosting-passed rows flagged; surfacing 32
2026-09-24 23:30:59,415 [INFO] fl_ids.fl.client: Client 9 round 15: 0 of 184 boosting-passed rows flagged; surfacing 0
2026-09-24 23:31:39,499 [INFO] fl_ids.models.boosting: Continued boosting training: +50 trees on 91012 rows (now 550 trees)
2026-09-24 23:31:39,500 [INFO] fl_ids.models.boosting_update: Round 15: boosting v6 (continue) from 331 alerts ({'DDoS_HTTP': 10, 'Normal': 285, 'Password': 34, 'Ransomware': 2}); 0 from excluded clients ignored
2026-09-24 23:31:39,832 [WARNING] fl_ids.fl.client: Client 1: no benign validation samples to evaluate on
2026-09-24 23:31:39,872 [INFO] fl_ids.eval.simulation: Round 15: mean_val_loss=12645391301249256.0000, comm_bytes=583920
2026-09-24 23:31:59,732 [WARNING] fl_ids.fl.client: Client 1: no benign validation samples to evaluate on
2026-09-24 23:31:59,756 [INFO] fl_ids.eval.simulation: Round 16: mean_val_loss=47890089938481336.0000, comm_bytes=583920
2026-09-24 23:32:17,992 [WARNING] fl_ids.fl.client: Client 1: no benign validation samples to evaluate on
2026-09-24 23:32:18,020 [INFO] fl_ids.eval.simulation: Round 17: mean_val_loss=164227277621825856.0000, comm_bytes=583920
2026-09-24 23:32:19,026 [INFO] fl_ids.fl.client: Client 0 round 18: 204 of 6916 boosting-passed rows flagged; surfacing 50
2026-09-24 23:32:23,256 [INFO] fl_ids.fl.client: Client 2 round 18: 217 of 6984 boosting-passed rows flagged; surfacing 50
2026-09-24 23:32:26,012 [INFO] fl_ids.fl.client: Client 3 round 18: 5 of 163 boosting-passed rows flagged; surfacing 5
2026-09-24 23:32:26,252 [INFO] fl_ids.fl.client: Client 4 round 18: 59 of 210 boosting-passed rows flagged; surfacing 50
2026-09-24 23:32:26,790 [INFO] fl_ids.fl.client: Client 5 round 18: 127 of 2772 boosting-passed rows flagged; surfacing 50
2026-09-24 23:32:28,069 [INFO] fl_ids.fl.client: Client 6 round 18: 44 of 704 boosting-passed rows flagged; surfacing 44
2026-09-24 23:32:30,347 [INFO] fl_ids.fl.client: Client 7 round 18: 426 of 13831 boosting-passed rows flagged; surfacing 50
2026-09-24 23:32:35,348 [INFO] fl_ids.fl.client: Client 8 round 18: 28 of 627 boosting-passed rows flagged; surfacing 28
2026-09-24 23:32:35,681 [INFO] fl_ids.fl.client: Client 9 round 18: 0 of 183 boosting-passed rows flagged; surfacing 0
2026-09-24 23:33:18,384 [INFO] fl_ids.models.boosting: Continued boosting training: +50 trees on 91339 rows (now 600 trees)
2026-09-24 23:33:18,384 [INFO] fl_ids.models.boosting_update: Round 18: boosting v7 (continue) from 327 alerts ({'DDoS_HTTP': 8, 'Normal': 283, 'Password': 36}); 0 from excluded clients ignored
2026-09-24 23:33:18,756 [WARNING] fl_ids.fl.client: Client 1: no benign validation samples to evaluate on
2026-09-24 23:33:18,907 [INFO] fl_ids.eval.simulation: Round 18: mean_val_loss=515614386325758080.0000, comm_bytes=583920
2026-09-24 23:33:37,248 [WARNING] fl_ids.fl.client: Client 1: no benign validation samples to evaluate on
2026-09-24 23:33:37,270 [INFO] fl_ids.eval.simulation: Round 19: mean_val_loss=1509469345056749312.0000, comm_bytes=583920
2026-09-24 23:33:54,059 [WARNING] fl_ids.fl.client: Client 1: no benign validation samples to evaluate on
2026-09-24 23:33:54,082 [INFO] fl_ids.eval.simulation: Round 20: mean_val_loss=4113244811837881856.0000, comm_bytes=583920
2026-09-24 23:33:54,109 [WARNING] fl_ids.eval.common: Clients [1] have no benign validation rows (infinite threshold); 384 test rows can't be flagged by the autoencoder
2026-09-24 23:33:54,564 [INFO] fl_ids.eval.zero_day: zero-day holdout=DDoS_UDP run=plain_fedavg: detection_rate=1.000
2026-09-24 23:34:06,092 [WARNING] fl_ids.fl.client: Client 1: no benign validation samples to evaluate on
2026-09-24 23:34:06,115 [INFO] fl_ids.eval.simulation: Round 1: mean_val_loss=0.3082, comm_bytes=583920
2026-09-24 23:34:17,649 [WARNING] fl_ids.fl.client: Client 1: no benign validation samples to evaluate on
2026-09-24 23:34:17,683 [INFO] fl_ids.eval.simulation: Round 2: mean_val_loss=0.3214, comm_bytes=583920
2026-09-24 23:34:18,254 [INFO] fl_ids.fl.client: Client 0 round 3: 172 of 6917 boosting-passed rows flagged; surfacing 50
2026-09-24 23:34:21,686 [INFO] fl_ids.fl.client: Client 2 round 3: 196 of 6995 boosting-passed rows flagged; surfacing 50
2026-09-24 23:34:23,985 [INFO] fl_ids.fl.client: Client 3 round 3: 5 of 176 boosting-passed rows flagged; surfacing 5
2026-09-24 23:34:24,135 [INFO] fl_ids.fl.client: Client 4 round 3: 57 of 216 boosting-passed rows flagged; surfacing 50
2026-09-24 23:34:24,673 [INFO] fl_ids.fl.client: Client 5 round 3: 107 of 2772 boosting-passed rows flagged; surfacing 50
2026-09-24 23:34:25,763 [INFO] fl_ids.fl.client: Client 6 round 3: 42 of 706 boosting-passed rows flagged; surfacing 42
2026-09-24 23:34:26,933 [INFO] fl_ids.fl.client: Client 7 round 3: 452 of 13845 boosting-passed rows flagged; surfacing 50
2026-09-24 23:34:31,685 [INFO] fl_ids.fl.client: Client 8 round 3: 16 of 634 boosting-passed rows flagged; surfacing 16
2026-09-24 23:34:31,936 [INFO] fl_ids.fl.client: Client 9 round 3: 1 of 188 boosting-passed rows flagged; surfacing 1
2026-09-24 23:34:57,163 [INFO] fl_ids.models.boosting: Continued boosting training: +50 trees on 89721 rows (now 350 trees)
2026-09-24 23:34:57,163 [INFO] fl_ids.models.boosting_update: Round 3: boosting v2 (continue) from 314 alerts ({'DDoS_HTTP': 5, 'Normal': 271, 'Password': 38}); 0 from excluded clients ignored
2026-09-24 23:34:57,375 [WARNING] fl_ids.fl.client: Client 1: no benign validation samples to evaluate on
2026-09-24 23:34:57,414 [INFO] fl_ids.eval.simulation: Round 3: mean_val_loss=0.3528, comm_bytes=583920
2026-09-24 23:35:09,479 [WARNING] fl_ids.fl.client: Client 1: no benign validation samples to evaluate on
2026-09-24 23:35:09,502 [INFO] fl_ids.eval.simulation: Round 4: mean_val_loss=0.4264, comm_bytes=583920
2026-09-24 23:35:21,381 [WARNING] fl_ids.fl.client: Client 1: no benign validation samples to evaluate on
2026-09-24 23:35:21,405 [INFO] fl_ids.eval.simulation: Round 5: mean_val_loss=0.6135, comm_bytes=583920
2026-09-24 23:35:22,088 [INFO] fl_ids.fl.client: Client 0 round 6: 196 of 6916 boosting-passed rows flagged; surfacing 50
2026-09-24 23:35:24,777 [INFO] fl_ids.fl.client: Client 2 round 6: 227 of 6991 boosting-passed rows flagged; surfacing 50
2026-09-24 23:35:26,649 [INFO] fl_ids.fl.client: Client 3 round 6: 6 of 174 boosting-passed rows flagged; surfacing 6
2026-09-24 23:35:26,836 [INFO] fl_ids.fl.client: Client 4 round 6: 114 of 215 boosting-passed rows flagged; surfacing 50
2026-09-24 23:35:27,254 [INFO] fl_ids.fl.client: Client 5 round 6: 112 of 2771 boosting-passed rows flagged; surfacing 50
2026-09-24 23:35:28,123 [INFO] fl_ids.fl.client: Client 6 round 6: 43 of 704 boosting-passed rows flagged; surfacing 43
2026-09-24 23:35:29,669 [INFO] fl_ids.fl.client: Client 7 round 6: 435 of 13843 boosting-passed rows flagged; surfacing 50
2026-09-24 23:35:32,968 [INFO] fl_ids.fl.client: Client 8 round 6: 25 of 637 boosting-passed rows flagged; surfacing 25
2026-09-24 23:35:33,250 [INFO] fl_ids.fl.client: Client 9 round 6: 0 of 187 boosting-passed rows flagged; surfacing 0
2026-09-24 23:36:04,324 [INFO] fl_ids.models.boosting: Continued boosting training: +50 trees on 90045 rows (now 400 trees)
2026-09-24 23:36:04,325 [INFO] fl_ids.models.boosting_update: Round 6: boosting v3 (continue) from 324 alerts ({'DDoS_HTTP': 16, 'Normal': 272, 'Password': 34, 'Ransomware': 1, 'Uploading': 1}); 0 from excluded clients ignored
2026-09-24 23:36:04,566 [WARNING] fl_ids.fl.client: Client 1: no benign validation samples to evaluate on
2026-09-24 23:36:04,589 [INFO] fl_ids.eval.simulation: Round 6: mean_val_loss=0.9976, comm_bytes=583920
2026-09-24 23:36:19,512 [WARNING] fl_ids.fl.client: Client 1: no benign validation samples to evaluate on
2026-09-24 23:36:19,534 [INFO] fl_ids.eval.simulation: Round 7: mean_val_loss=1.7091, comm_bytes=583920
2026-09-24 23:36:32,268 [WARNING] fl_ids.fl.client: Client 1: no benign validation samples to evaluate on
2026-09-24 23:36:32,290 [INFO] fl_ids.eval.simulation: Round 8: mean_val_loss=3.1385, comm_bytes=583920
2026-09-24 23:36:33,120 [INFO] fl_ids.fl.client: Client 0 round 9: 232 of 6916 boosting-passed rows flagged; surfacing 50
2026-09-24 23:36:35,969 [INFO] fl_ids.fl.client: Client 2 round 9: 227 of 6990 boosting-passed rows flagged; surfacing 50
2026-09-24 23:36:37,893 [INFO] fl_ids.fl.client: Client 3 round 9: 6 of 173 boosting-passed rows flagged; surfacing 6
2026-09-24 23:36:38,110 [INFO] fl_ids.fl.client: Client 4 round 9: 118 of 213 boosting-passed rows flagged; surfacing 50
2026-09-24 23:36:38,588 [INFO] fl_ids.fl.client: Client 5 round 9: 73 of 2772 boosting-passed rows flagged; surfacing 50
2026-09-24 23:36:39,477 [INFO] fl_ids.fl.client: Client 6 round 9: 9 of 703 boosting-passed rows flagged; surfacing 9
2026-09-24 23:36:41,121 [INFO] fl_ids.fl.client: Client 7 round 9: 596 of 13839 boosting-passed rows flagged; surfacing 50
2026-09-24 23:36:44,613 [INFO] fl_ids.fl.client: Client 8 round 9: 34 of 630 boosting-passed rows flagged; surfacing 34
2026-09-24 23:36:44,939 [INFO] fl_ids.fl.client: Client 9 round 9: 0 of 188 boosting-passed rows flagged; surfacing 0
2026-09-24 23:37:13,034 [INFO] fl_ids.models.boosting: Continued boosting training: +50 trees on 90344 rows (now 450 trees)
2026-09-24 23:37:13,034 [INFO] fl_ids.models.boosting_update: Round 9: boosting v4 (continue) from 299 alerts ({'DDoS_HTTP': 29, 'Normal': 226, 'Password': 37, 'Ransomware': 3, 'SQL_injection': 1, 'Uploading': 1, 'XSS': 2}); 0 from excluded clients ignored
2026-09-24 23:37:13,301 [WARNING] fl_ids.fl.client: Client 1: no benign validation samples to evaluate on
2026-09-24 23:37:13,339 [INFO] fl_ids.eval.simulation: Round 9: mean_val_loss=6.2047, comm_bytes=583920
2026-09-24 23:37:31,520 [WARNING] fl_ids.fl.client: Client 1: no benign validation samples to evaluate on
2026-09-24 23:37:31,549 [INFO] fl_ids.eval.simulation: Round 10: mean_val_loss=12.6524, comm_bytes=583920
2026-09-24 23:37:49,267 [WARNING] fl_ids.fl.client: Client 1: no benign validation samples to evaluate on
2026-09-24 23:37:49,300 [INFO] fl_ids.eval.simulation: Round 11: mean_val_loss=26.0511, comm_bytes=583920
2026-09-24 23:37:50,111 [INFO] fl_ids.fl.client: Client 0 round 12: 232 of 6916 boosting-passed rows flagged; surfacing 50
2026-09-24 23:37:53,399 [INFO] fl_ids.fl.client: Client 2 round 12: 229 of 6988 boosting-passed rows flagged; surfacing 50
2026-09-24 23:37:55,607 [INFO] fl_ids.fl.client: Client 3 round 12: 16 of 173 boosting-passed rows flagged; surfacing 16
2026-09-24 23:37:55,899 [INFO] fl_ids.fl.client: Client 4 round 12: 76 of 213 boosting-passed rows flagged; surfacing 50
2026-09-24 23:37:56,546 [INFO] fl_ids.fl.client: Client 5 round 12: 83 of 2772 boosting-passed rows flagged; surfacing 50
2026-09-24 23:37:57,571 [INFO] fl_ids.fl.client: Client 6 round 12: 9 of 704 boosting-passed rows flagged; surfacing 9
2026-09-24 23:37:59,703 [INFO] fl_ids.fl.client: Client 7 round 12: 553 of 13838 boosting-passed rows flagged; surfacing 50
2026-09-24 23:38:03,535 [INFO] fl_ids.fl.client: Client 8 round 12: 36 of 628 boosting-passed rows flagged; surfacing 36
2026-09-24 23:38:03,939 [INFO] fl_ids.fl.client: Client 9 round 12: 0 of 185 boosting-passed rows flagged; surfacing 0
2026-09-24 23:38:39,790 [INFO] fl_ids.models.boosting: Continued boosting training: +50 trees on 90655 rows (now 500 trees)
2026-09-24 23:38:39,791 [INFO] fl_ids.models.boosting_update: Round 12: boosting v5 (continue) from 311 alerts ({'DDoS_HTTP': 28, 'Normal': 219, 'Password': 41, 'Ransomware': 2, 'SQL_injection': 11, 'Uploading': 5, 'XSS': 5}); 0 from excluded clients ignored
2026-09-24 23:38:40,111 [WARNING] fl_ids.fl.client: Client 1: no benign validation samples to evaluate on
2026-09-24 23:38:40,157 [INFO] fl_ids.eval.simulation: Round 12: mean_val_loss=53.5359, comm_bytes=583920
2026-09-24 23:39:00,269 [WARNING] fl_ids.fl.client: Client 1: no benign validation samples to evaluate on
2026-09-24 23:39:00,298 [INFO] fl_ids.eval.simulation: Round 13: mean_val_loss=115.2245, comm_bytes=583920
2026-09-24 23:39:19,446 [WARNING] fl_ids.fl.client: Client 1: no benign validation samples to evaluate on
2026-09-24 23:39:19,473 [INFO] fl_ids.eval.simulation: Round 14: mean_val_loss=244.8549, comm_bytes=583920
2026-09-24 23:39:21,321 [INFO] fl_ids.fl.client: Client 0 round 15: 240 of 6916 boosting-passed rows flagged; surfacing 50
2026-09-24 23:39:25,464 [INFO] fl_ids.fl.client: Client 2 round 15: 240 of 6989 boosting-passed rows flagged; surfacing 50
2026-09-24 23:39:28,308 [INFO] fl_ids.fl.client: Client 3 round 15: 25 of 169 boosting-passed rows flagged; surfacing 25
2026-09-24 23:39:28,562 [INFO] fl_ids.fl.client: Client 4 round 15: 53 of 212 boosting-passed rows flagged; surfacing 50
2026-09-24 23:39:29,187 [INFO] fl_ids.fl.client: Client 5 round 15: 103 of 2770 boosting-passed rows flagged; surfacing 50
2026-09-24 23:39:30,829 [INFO] fl_ids.fl.client: Client 6 round 15: 8 of 705 boosting-passed rows flagged; surfacing 8
2026-09-24 23:39:33,837 [INFO] fl_ids.fl.client: Client 7 round 15: 504 of 13837 boosting-passed rows flagged; surfacing 50
2026-09-24 23:39:38,136 [INFO] fl_ids.fl.client: Client 8 round 15: 43 of 626 boosting-passed rows flagged; surfacing 43
2026-09-24 23:39:38,512 [INFO] fl_ids.fl.client: Client 9 round 15: 0 of 185 boosting-passed rows flagged; surfacing 0
2026-09-24 23:40:11,131 [INFO] fl_ids.models.boosting: Continued boosting training: +50 trees on 90981 rows (now 550 trees)
2026-09-24 23:40:11,131 [INFO] fl_ids.models.boosting_update: Round 15: boosting v6 (continue) from 326 alerts ({'DDoS_HTTP': 15, 'Normal': 236, 'Password': 48, 'Ransomware': 1, 'SQL_injection': 16, 'Uploading': 5, 'Vulnerability_scanner': 2, 'XSS': 3}); 0 from excluded clients ignored
2026-09-24 23:40:11,406 [WARNING] fl_ids.fl.client: Client 1: no benign validation samples to evaluate on
2026-09-24 23:40:11,427 [INFO] fl_ids.eval.simulation: Round 15: mean_val_loss=507.2431, comm_bytes=583920
2026-09-24 23:40:26,970 [WARNING] fl_ids.fl.client: Client 1: no benign validation samples to evaluate on
2026-09-24 23:40:26,992 [INFO] fl_ids.eval.simulation: Round 16: mean_val_loss=1010.3449, comm_bytes=583920
2026-09-24 23:40:47,182 [WARNING] fl_ids.fl.client: Client 1: no benign validation samples to evaluate on
2026-09-24 23:40:47,249 [INFO] fl_ids.eval.simulation: Round 17: mean_val_loss=1922.7219, comm_bytes=583920
2026-09-24 23:40:49,523 [INFO] fl_ids.fl.client: Client 0 round 18: 227 of 6915 boosting-passed rows flagged; surfacing 50
2026-09-24 23:40:53,080 [INFO] fl_ids.fl.client: Client 2 round 18: 223 of 6985 boosting-passed rows flagged; surfacing 50
2026-09-24 23:40:56,095 [INFO] fl_ids.fl.client: Client 3 round 18: 6 of 168 boosting-passed rows flagged; surfacing 6
2026-09-24 23:40:56,420 [INFO] fl_ids.fl.client: Client 4 round 18: 45 of 206 boosting-passed rows flagged; surfacing 45
2026-09-24 23:40:57,644 [INFO] fl_ids.fl.client: Client 5 round 18: 124 of 2771 boosting-passed rows flagged; surfacing 50
2026-09-24 23:40:59,073 [INFO] fl_ids.fl.client: Client 6 round 18: 10 of 705 boosting-passed rows flagged; surfacing 10
2026-09-24 23:41:01,326 [INFO] fl_ids.fl.client: Client 7 round 18: 424 of 13833 boosting-passed rows flagged; surfacing 50
2026-09-24 23:41:06,876 [INFO] fl_ids.fl.client: Client 8 round 18: 32 of 625 boosting-passed rows flagged; surfacing 32
2026-09-24 23:41:07,241 [INFO] fl_ids.fl.client: Client 9 round 18: 0 of 182 boosting-passed rows flagged; surfacing 0
2026-09-24 23:41:55,578 [INFO] fl_ids.models.boosting: Continued boosting training: +50 trees on 91274 rows (now 600 trees)
2026-09-24 23:41:55,578 [INFO] fl_ids.models.boosting_update: Round 18: boosting v7 (continue) from 293 alerts ({'DDoS_HTTP': 17, 'Normal': 225, 'Password': 42, 'Ransomware': 2, 'Uploading': 5, 'XSS': 2}); 0 from excluded clients ignored
2026-09-24 23:41:55,854 [WARNING] fl_ids.fl.client: Client 1: no benign validation samples to evaluate on
2026-09-24 23:41:55,870 [INFO] fl_ids.eval.simulation: Round 18: mean_val_loss=3507.8169, comm_bytes=583920
2026-09-24 23:42:11,867 [WARNING] fl_ids.fl.client: Client 1: no benign validation samples to evaluate on
2026-09-24 23:42:11,888 [INFO] fl_ids.eval.simulation: Round 19: mean_val_loss=5835.3202, comm_bytes=583920
2026-09-24 23:42:30,370 [WARNING] fl_ids.fl.client: Client 1: no benign validation samples to evaluate on
2026-09-24 23:42:30,399 [INFO] fl_ids.eval.simulation: Round 20: mean_val_loss=9449.5013, comm_bytes=583920
2026-09-24 23:42:30,424 [WARNING] fl_ids.eval.common: Clients [1] have no benign validation rows (infinite threshold); 384 test rows can't be flagged by the autoencoder
2026-09-24 23:42:30,789 [INFO] fl_ids.eval.zero_day: zero-day holdout=DDoS_UDP run=trimmed_mean_only: detection_rate=0.092
2026-09-24 23:42:44,750 [WARNING] fl_ids.fl.client: Client 1: no benign validation samples to evaluate on
2026-09-24 23:42:44,773 [INFO] fl_ids.eval.simulation: Round 1: mean_val_loss=0.2228, comm_bytes=583920
2026-09-24 23:42:58,598 [WARNING] fl_ids.fl.client: Client 1: no benign validation samples to evaluate on
2026-09-24 23:42:58,637 [INFO] fl_ids.eval.simulation: Round 2: mean_val_loss=0.1167, comm_bytes=583920
2026-09-24 23:42:58,681 [INFO] fl_ids.fl.client: Client 0 round 3: 361 of 7292 boosting-passed rows flagged; surfacing 50
2026-09-24 23:43:00,952 [INFO] fl_ids.fl.client: Client 2 round 3: 277 of 7559 boosting-passed rows flagged; surfacing 50
2026-09-24 23:43:02,706 [INFO] fl_ids.fl.client: Client 3 round 3: 16 of 2403 boosting-passed rows flagged; surfacing 16
2026-09-24 23:43:03,278 [INFO] fl_ids.fl.client: Client 4 round 3: 206 of 1026 boosting-passed rows flagged; surfacing 50
2026-09-24 23:43:03,550 [INFO] fl_ids.fl.client: Client 5 round 3: 137 of 3203 boosting-passed rows flagged; surfacing 50
2026-09-24 23:43:04,320 [INFO] fl_ids.fl.client: Client 6 round 3: 16 of 1801 boosting-passed rows flagged; surfacing 16
2026-09-24 23:43:04,786 [INFO] fl_ids.fl.client: Client 7 round 3: 434 of 14408 boosting-passed rows flagged; surfacing 50
2026-09-24 23:43:08,049 [INFO] fl_ids.fl.client: Client 8 round 3: 51 of 1433 boosting-passed rows flagged; surfacing 50
2026-09-24 23:43:08,417 [INFO] fl_ids.fl.client: Client 9 round 3: 2 of 993 boosting-passed rows flagged; surfacing 2
2026-09-24 23:43:27,691 [INFO] fl_ids.models.boosting: Continued boosting training: +50 trees on 89673 rows (now 350 trees)
2026-09-24 23:43:27,691 [INFO] fl_ids.models.boosting_update: Round 3: boosting v2 (continue) from 266 alerts ({'DDoS_HTTP': 2, 'DDoS_ICMP': 13, 'DDoS_TCP': 11, 'Fingerprinting': 1, 'MITM': 4, 'Normal': 153, 'Password': 50, 'Port_Scanning': 3, 'SQL_injection': 4, 'Uploading': 2, 'Vulnerability_scanner': 13, 'XSS': 10}); 68 from excluded clients ignored
2026-09-24 23:43:27,887 [WARNING] fl_ids.fl.client: Client 1: no benign validation samples to evaluate on
2026-09-24 23:43:27,923 [INFO] fl_ids.eval.simulation: Round 3: mean_val_loss=0.0600, comm_bytes=583920
2026-09-24 23:43:43,130 [WARNING] fl_ids.fl.client: Client 1: no benign validation samples to evaluate on
2026-09-24 23:43:43,157 [INFO] fl_ids.eval.simulation: Round 4: mean_val_loss=0.0413, comm_bytes=583920
2026-09-24 23:43:58,642 [WARNING] fl_ids.fl.client: Client 1: no benign validation samples to evaluate on
2026-09-24 23:43:58,676 [INFO] fl_ids.eval.simulation: Round 5: mean_val_loss=0.0322, comm_bytes=583920
2026-09-24 23:43:58,749 [INFO] fl_ids.fl.client: Client 0 round 6: 439 of 7292 boosting-passed rows flagged; surfacing 50
2026-09-24 23:44:02,453 [INFO] fl_ids.fl.client: Client 2 round 6: 268 of 7559 boosting-passed rows flagged; surfacing 50
2026-09-24 23:44:04,554 [INFO] fl_ids.fl.client: Client 3 round 6: 22 of 2403 boosting-passed rows flagged; surfacing 22
2026-09-24 23:44:05,136 [INFO] fl_ids.fl.client: Client 4 round 6: 171 of 1026 boosting-passed rows flagged; surfacing 50
2026-09-24 23:44:05,437 [INFO] fl_ids.fl.client: Client 5 round 6: 122 of 3203 boosting-passed rows flagged; surfacing 50
2026-09-24 23:44:06,229 [INFO] fl_ids.fl.client: Client 6 round 6: 123 of 1801 boosting-passed rows flagged; surfacing 50
2026-09-24 23:44:06,732 [INFO] fl_ids.fl.client: Client 7 round 6: 446 of 14408 boosting-passed rows flagged; surfacing 50
2026-09-24 23:44:10,029 [INFO] fl_ids.fl.client: Client 8 round 6: 64 of 1433 boosting-passed rows flagged; surfacing 50
2026-09-24 23:44:10,436 [INFO] fl_ids.fl.client: Client 9 round 6: 4 of 993 boosting-passed rows flagged; surfacing 4
2026-09-24 23:44:34,035 [INFO] fl_ids.models.boosting: Continued boosting training: +50 trees on 89945 rows (now 400 trees)
2026-09-24 23:44:34,036 [INFO] fl_ids.models.boosting_update: Round 6: boosting v3 (continue) from 272 alerts ({'DDoS_HTTP': 3, 'DDoS_ICMP': 13, 'DDoS_TCP': 12, 'Fingerprinting': 1, 'MITM': 6, 'Normal': 140, 'Password': 55, 'Port_Scanning': 3, 'SQL_injection': 8, 'Uploading': 7, 'Vulnerability_scanner': 15, 'XSS': 9}); 104 from excluded clients ignored
2026-09-24 23:44:34,267 [WARNING] fl_ids.fl.client: Client 1: no benign validation samples to evaluate on
2026-09-24 23:44:34,304 [INFO] fl_ids.eval.simulation: Round 6: mean_val_loss=0.0285, comm_bytes=583920
2026-09-24 23:44:49,384 [WARNING] fl_ids.fl.client: Client 1: no benign validation samples to evaluate on
2026-09-24 23:44:49,406 [INFO] fl_ids.eval.simulation: Round 7: mean_val_loss=0.0272, comm_bytes=583920
2026-09-24 23:45:05,245 [WARNING] fl_ids.fl.client: Client 1: no benign validation samples to evaluate on
2026-09-24 23:45:05,267 [INFO] fl_ids.eval.simulation: Round 8: mean_val_loss=0.0260, comm_bytes=583920
2026-09-24 23:45:05,413 [INFO] fl_ids.fl.client: Client 0 round 9: 428 of 7292 boosting-passed rows flagged; surfacing 50
2026-09-24 23:45:09,004 [INFO] fl_ids.fl.client: Client 2 round 9: 283 of 7559 boosting-passed rows flagged; surfacing 50
2026-09-24 23:45:11,883 [INFO] fl_ids.fl.client: Client 3 round 9: 18 of 2403 boosting-passed rows flagged; surfacing 18
2026-09-24 23:45:12,674 [INFO] fl_ids.fl.client: Client 4 round 9: 293 of 1026 boosting-passed rows flagged; surfacing 50
2026-09-24 23:45:13,002 [INFO] fl_ids.fl.client: Client 5 round 9: 85 of 3203 boosting-passed rows flagged; surfacing 50
2026-09-24 23:45:13,785 [INFO] fl_ids.fl.client: Client 6 round 9: 112 of 1801 boosting-passed rows flagged; surfacing 50
2026-09-24 23:45:14,288 [INFO] fl_ids.fl.client: Client 7 round 9: 508 of 14408 boosting-passed rows flagged; surfacing 50
2026-09-24 23:45:17,724 [INFO] fl_ids.fl.client: Client 8 round 9: 71 of 1433 boosting-passed rows flagged; surfacing 50
2026-09-24 23:45:18,128 [INFO] fl_ids.fl.client: Client 9 round 9: 4 of 993 boosting-passed rows flagged; surfacing 4
2026-09-24 23:45:42,889 [INFO] fl_ids.models.boosting: Continued boosting training: +50 trees on 90217 rows (now 450 trees)
2026-09-24 23:45:42,889 [INFO] fl_ids.models.boosting_update: Round 9: boosting v4 (continue) from 272 alerts ({'Backdoor': 1, 'DDoS_HTTP': 11, 'DDoS_ICMP': 12, 'DDoS_TCP': 2, 'MITM': 8, 'Normal': 147, 'Password': 50, 'Port_Scanning': 1, 'Ransomware': 1, 'SQL_injection': 5, 'Uploading': 7, 'Vulnerability_scanner': 18, 'XSS': 9}); 100 from excluded clients ignored
2026-09-24 23:45:43,118 [WARNING] fl_ids.fl.client: Client 1: no benign validation samples to evaluate on
2026-09-24 23:45:43,138 [INFO] fl_ids.eval.simulation: Round 9: mean_val_loss=0.0238, comm_bytes=583920
2026-09-24 23:45:57,177 [WARNING] fl_ids.fl.client: Client 1: no benign validation samples to evaluate on
2026-09-24 23:45:57,201 [INFO] fl_ids.eval.simulation: Round 10: mean_val_loss=0.0216, comm_bytes=583920
2026-09-24 23:46:14,014 [WARNING] fl_ids.fl.client: Client 1: no benign validation samples to evaluate on
2026-09-24 23:46:14,041 [INFO] fl_ids.eval.simulation: Round 11: mean_val_loss=0.0266, comm_bytes=583920
2026-09-24 23:46:14,144 [INFO] fl_ids.fl.client: Client 0 round 12: 439 of 7292 boosting-passed rows flagged; surfacing 50
2026-09-24 23:46:18,107 [INFO] fl_ids.fl.client: Client 2 round 12: 348 of 7559 boosting-passed rows flagged; surfacing 50
2026-09-24 23:46:20,565 [INFO] fl_ids.fl.client: Client 3 round 12: 18 of 2403 boosting-passed rows flagged; surfacing 18
2026-09-24 23:46:21,336 [INFO] fl_ids.fl.client: Client 4 round 12: 235 of 1026 boosting-passed rows flagged; surfacing 50
2026-09-24 23:46:21,875 [INFO] fl_ids.fl.client: Client 5 round 12: 115 of 3203 boosting-passed rows flagged; surfacing 50
2026-09-24 23:46:23,491 [INFO] fl_ids.fl.client: Client 6 round 12: 87 of 1801 boosting-passed rows flagged; surfacing 50
2026-09-24 23:46:24,106 [INFO] fl_ids.fl.client: Client 7 round 12: 495 of 14408 boosting-passed rows flagged; surfacing 50
2026-09-24 23:46:29,292 [INFO] fl_ids.fl.client: Client 8 round 12: 70 of 1433 boosting-passed rows flagged; surfacing 50
2026-09-24 23:46:30,072 [INFO] fl_ids.fl.client: Client 9 round 12: 4 of 993 boosting-passed rows flagged; surfacing 4
2026-09-24 23:47:06,295 [INFO] fl_ids.models.boosting: Continued boosting training: +50 trees on 90485 rows (now 500 trees)
2026-09-24 23:47:06,297 [INFO] fl_ids.models.boosting_update: Round 12: boosting v5 (continue) from 268 alerts ({'Backdoor': 1, 'DDoS_HTTP': 13, 'DDoS_ICMP': 15, 'DDoS_TCP': 2, 'Fingerprinting': 2, 'MITM': 6, 'Normal': 142, 'Password': 37, 'Port_Scanning': 5, 'Ransomware': 5, 'SQL_injection': 6, 'Uploading': 9, 'Vulnerability_scanner': 19, 'XSS': 6}); 104 from excluded clients ignored
2026-09-24 23:47:06,554 [WARNING] fl_ids.fl.client: Client 1: no benign validation samples to evaluate on
2026-09-24 23:47:06,576 [INFO] fl_ids.eval.simulation: Round 12: mean_val_loss=0.0181, comm_bytes=583920
2026-09-24 23:47:20,357 [WARNING] fl_ids.fl.client: Client 1: no benign validation samples to evaluate on
2026-09-24 23:47:20,383 [INFO] fl_ids.eval.simulation: Round 13: mean_val_loss=0.0215, comm_bytes=583920
2026-09-24 23:47:38,137 [WARNING] fl_ids.fl.client: Client 1: no benign validation samples to evaluate on
2026-09-24 23:47:38,185 [INFO] fl_ids.eval.simulation: Round 14: mean_val_loss=0.0172, comm_bytes=583920
2026-09-24 23:47:38,302 [INFO] fl_ids.fl.client: Client 0 round 15: 406 of 7292 boosting-passed rows flagged; surfacing 50
2026-09-24 23:47:41,958 [INFO] fl_ids.fl.client: Client 2 round 15: 269 of 7559 boosting-passed rows flagged; surfacing 50
2026-09-24 23:47:45,432 [INFO] fl_ids.fl.client: Client 3 round 15: 18 of 2403 boosting-passed rows flagged; surfacing 18
2026-09-24 23:47:46,265 [INFO] fl_ids.fl.client: Client 4 round 15: 363 of 1026 boosting-passed rows flagged; surfacing 50
2026-09-24 23:47:47,014 [INFO] fl_ids.fl.client: Client 5 round 15: 163 of 3203 boosting-passed rows flagged; surfacing 50
2026-09-24 23:47:48,157 [INFO] fl_ids.fl.client: Client 6 round 15: 100 of 1801 boosting-passed rows flagged; surfacing 50
2026-09-24 23:47:49,039 [INFO] fl_ids.fl.client: Client 7 round 15: 454 of 14408 boosting-passed rows flagged; surfacing 50
2026-09-24 23:47:55,066 [INFO] fl_ids.fl.client: Client 8 round 15: 82 of 1433 boosting-passed rows flagged; surfacing 50
2026-09-24 23:47:55,614 [INFO] fl_ids.fl.client: Client 9 round 15: 3 of 993 boosting-passed rows flagged; surfacing 3
2026-09-24 23:48:32,714 [INFO] fl_ids.models.boosting: Continued boosting training: +50 trees on 90806 rows (now 550 trees)
2026-09-24 23:48:32,715 [INFO] fl_ids.models.boosting_update: Round 15: boosting v6 (continue) from 321 alerts ({'Backdoor': 1, 'DDoS_HTTP': 9, 'DDoS_ICMP': 35, 'DDoS_TCP': 3, 'Fingerprinting': 2, 'MITM': 8, 'Normal': 150, 'Password': 58, 'Port_Scanning': 3, 'Ransomware': 3, 'SQL_injection': 7, 'Uploading': 7, 'Vulnerability_scanner': 23, 'XSS': 12}); 50 from excluded clients ignored
2026-09-24 23:48:32,987 [WARNING] fl_ids.fl.client: Client 1: no benign validation samples to evaluate on
2026-09-24 23:48:33,009 [INFO] fl_ids.eval.simulation: Round 15: mean_val_loss=0.0211, comm_bytes=583920
2026-09-24 23:48:44,753 [WARNING] fl_ids.fl.client: Client 1: no benign validation samples to evaluate on
2026-09-24 23:48:44,775 [INFO] fl_ids.eval.simulation: Round 16: mean_val_loss=0.0161, comm_bytes=583920
2026-09-24 23:48:57,811 [WARNING] fl_ids.fl.client: Client 1: no benign validation samples to evaluate on
2026-09-24 23:48:57,833 [INFO] fl_ids.eval.simulation: Round 17: mean_val_loss=0.0177, comm_bytes=583920
2026-09-24 23:48:57,952 [INFO] fl_ids.fl.client: Client 0 round 18: 403 of 7292 boosting-passed rows flagged; surfacing 50
2026-09-24 23:49:01,981 [INFO] fl_ids.fl.client: Client 2 round 18: 271 of 7559 boosting-passed rows flagged; surfacing 50
2026-09-24 23:49:04,920 [INFO] fl_ids.fl.client: Client 3 round 18: 19 of 2403 boosting-passed rows flagged; surfacing 19
2026-09-24 23:49:06,751 [INFO] fl_ids.fl.client: Client 4 round 18: 226 of 1026 boosting-passed rows flagged; surfacing 50
2026-09-24 23:49:07,224 [INFO] fl_ids.fl.client: Client 5 round 18: 97 of 3203 boosting-passed rows flagged; surfacing 50
2026-09-24 23:49:08,277 [INFO] fl_ids.fl.client: Client 6 round 18: 124 of 1801 boosting-passed rows flagged; surfacing 50
2026-09-24 23:49:08,928 [INFO] fl_ids.fl.client: Client 7 round 18: 454 of 14408 boosting-passed rows flagged; surfacing 50
2026-09-24 23:49:14,536 [INFO] fl_ids.fl.client: Client 8 round 18: 61 of 1433 boosting-passed rows flagged; surfacing 50
2026-09-24 23:49:15,049 [INFO] fl_ids.fl.client: Client 9 round 18: 3 of 993 boosting-passed rows flagged; surfacing 3
2026-09-24 23:50:07,064 [INFO] fl_ids.models.boosting: Continued boosting training: +50 trees on 91075 rows (now 600 trees)
2026-09-24 23:50:07,064 [INFO] fl_ids.models.boosting_update: Round 18: boosting v7 (continue) from 269 alerts ({'DDoS_HTTP': 13, 'DDoS_ICMP': 20, 'Fingerprinting': 1, 'MITM': 6, 'Normal': 140, 'Password': 38, 'Port_Scanning': 1, 'Ransomware': 1, 'SQL_injection': 9, 'Uploading': 11, 'Vulnerability_scanner': 20, 'XSS': 9}); 103 from excluded clients ignored
2026-09-24 23:50:07,345 [WARNING] fl_ids.fl.client: Client 1: no benign validation samples to evaluate on
2026-09-24 23:50:07,364 [INFO] fl_ids.eval.simulation: Round 18: mean_val_loss=0.0152, comm_bytes=583920
2026-09-24 23:50:18,139 [WARNING] fl_ids.fl.client: Client 1: no benign validation samples to evaluate on
2026-09-24 23:50:18,160 [INFO] fl_ids.eval.simulation: Round 19: mean_val_loss=0.0163, comm_bytes=583920
2026-09-24 23:50:30,505 [WARNING] fl_ids.fl.client: Client 1: no benign validation samples to evaluate on
2026-09-24 23:50:30,526 [INFO] fl_ids.eval.simulation: Round 20: mean_val_loss=0.0171, comm_bytes=583920
2026-09-24 23:50:30,555 [WARNING] fl_ids.eval.common: Clients [1] have no benign validation rows (infinite threshold); 384 test rows can't be flagged by the autoencoder
2026-09-24 23:50:30,567 [INFO] fl_ids.eval.zero_day: zero-day holdout=DDoS_UDP run=autoencoder_only: detection_rate=0.891
2026-09-24 23:50:30,735 [INFO] fl_ids.eval.zero_day: zero-day holdout=DDoS_UDP run=boosting_only: detection_rate=0.092
2026-09-24 23:50:33,439 [INFO] fl_ids.eval.common: Excluded classes ['Fingerprinting'] from training: removed 43 calibration rows, 27 federated-pool rows
2026-09-24 23:50:33,442 [INFO] fl_ids.models.boosting: Training boosting classifier: 95442 samples, 15 classes, 300 rounds
2026-09-24 23:50:53,153 [INFO] fl_ids.eval.common: Evaluation setup: 95442 calibration, 59973 federated pool (subsampled), 8992 test rows across 10 clients
2026-09-24 23:51:06,699 [INFO] fl_ids.eval.simulation: Round 1: mean_val_loss=0.2811, comm_bytes=583920
2026-09-24 23:51:17,746 [INFO] fl_ids.eval.simulation: Round 2: mean_val_loss=0.1454, comm_bytes=583920
2026-09-24 23:51:18,404 [INFO] fl_ids.fl.client: Client 0 round 3: 298 of 8367 boosting-passed rows flagged; surfacing 50
2026-09-24 23:51:20,432 [INFO] fl_ids.fl.client: Client 1 round 3: 0 of 103 boosting-passed rows flagged; surfacing 0
2026-09-24 23:51:20,729 [INFO] fl_ids.fl.client: Client 2 round 3: 78 of 2192 boosting-passed rows flagged; surfacing 50
2026-09-24 23:51:21,420 [INFO] fl_ids.fl.client: Client 3 round 3: 24 of 305 boosting-passed rows flagged; surfacing 24
2026-09-24 23:51:21,629 [INFO] fl_ids.fl.client: Client 4 round 3: 9 of 278 boosting-passed rows flagged; surfacing 9
2026-09-24 23:51:22,409 [INFO] fl_ids.fl.client: Client 5 round 3: 339 of 8990 boosting-passed rows flagged; surfacing 50
2026-09-24 23:51:24,980 [INFO] fl_ids.fl.client: Client 6 round 3: 165 of 6105 boosting-passed rows flagged; surfacing 50
2026-09-24 23:51:26,529 [INFO] fl_ids.fl.client: Client 7 round 3: 20 of 684 boosting-passed rows flagged; surfacing 20
2026-09-24 23:51:27,268 [INFO] fl_ids.fl.client: Client 8 round 3: 175 of 5782 boosting-passed rows flagged; surfacing 50
2026-09-24 23:51:28,646 [INFO] fl_ids.fl.client: Client 9 round 3: 51 of 73 boosting-passed rows flagged; surfacing 50
2026-09-24 23:51:51,451 [INFO] fl_ids.models.boosting: Continued boosting training: +50 trees on 95645 rows (now 350 trees)
2026-09-24 23:51:51,451 [INFO] fl_ids.models.boosting_update: Round 3: boosting v2 (continue) from 203 alerts ({'Normal': 201, 'SQL_injection': 1, 'Vulnerability_scanner': 1}); 150 from excluded clients ignored
2026-09-24 23:51:51,692 [INFO] fl_ids.eval.simulation: Round 3: mean_val_loss=0.0624, comm_bytes=583920
2026-09-24 23:52:06,773 [INFO] fl_ids.eval.simulation: Round 4: mean_val_loss=0.0402, comm_bytes=583920
2026-09-24 23:52:20,724 [INFO] fl_ids.eval.simulation: Round 5: mean_val_loss=0.0336, comm_bytes=583920
2026-09-24 23:52:21,515 [INFO] fl_ids.fl.client: Client 0 round 6: 257 of 8365 boosting-passed rows flagged; surfacing 50
2026-09-24 23:52:23,606 [INFO] fl_ids.fl.client: Client 1 round 6: 1 of 96 boosting-passed rows flagged; surfacing 1
2026-09-24 23:52:23,960 [INFO] fl_ids.fl.client: Client 2 round 6: 72 of 2190 boosting-passed rows flagged; surfacing 50
2026-09-24 23:52:24,705 [INFO] fl_ids.fl.client: Client 3 round 6: 7 of 302 boosting-passed rows flagged; surfacing 7
2026-09-24 23:52:24,949 [INFO] fl_ids.fl.client: Client 4 round 6: 8 of 272 boosting-passed rows flagged; surfacing 8
2026-09-24 23:52:25,857 [INFO] fl_ids.fl.client: Client 5 round 6: 293 of 8990 boosting-passed rows flagged; surfacing 50
2026-09-24 23:52:28,581 [INFO] fl_ids.fl.client: Client 6 round 6: 161 of 6099 boosting-passed rows flagged; surfacing 50
2026-09-24 23:52:30,175 [INFO] fl_ids.fl.client: Client 7 round 6: 21 of 678 boosting-passed rows flagged; surfacing 21
2026-09-24 23:52:31,001 [INFO] fl_ids.fl.client: Client 8 round 6: 173 of 5782 boosting-passed rows flagged; surfacing 50
2026-09-24 23:52:32,404 [INFO] fl_ids.fl.client: Client 9 round 6: 6 of 73 boosting-passed rows flagged; surfacing 6
2026-09-24 23:52:54,856 [INFO] fl_ids.models.boosting: Continued boosting training: +50 trees on 95832 rows (now 400 trees)
2026-09-24 23:52:54,856 [INFO] fl_ids.models.boosting_update: Round 6: boosting v3 (continue) from 187 alerts ({'Normal': 167, 'Port_Scanning': 16, 'Uploading': 1, 'Vulnerability_scanner': 3}); 106 from excluded clients ignored
2026-09-24 23:52:55,115 [INFO] fl_ids.eval.simulation: Round 6: mean_val_loss=0.0298, comm_bytes=583920
2026-09-24 23:53:11,062 [INFO] fl_ids.eval.simulation: Round 7: mean_val_loss=0.0264, comm_bytes=583920
2026-09-24 23:53:27,110 [INFO] fl_ids.eval.simulation: Round 8: mean_val_loss=0.0238, comm_bytes=583920
2026-09-24 23:53:28,427 [INFO] fl_ids.fl.client: Client 0 round 9: 221 of 8365 boosting-passed rows flagged; surfacing 50
2026-09-24 23:53:31,168 [INFO] fl_ids.fl.client: Client 1 round 9: 1 of 94 boosting-passed rows flagged; surfacing 1
2026-09-24 23:53:31,531 [INFO] fl_ids.fl.client: Client 2 round 9: 93 of 2187 boosting-passed rows flagged; surfacing 50
2026-09-24 23:53:32,689 [INFO] fl_ids.fl.client: Client 3 round 9: 3 of 303 boosting-passed rows flagged; surfacing 3
2026-09-24 23:53:32,940 [INFO] fl_ids.fl.client: Client 4 round 9: 24 of 269 boosting-passed rows flagged; surfacing 24
2026-09-24 23:53:34,271 [INFO] fl_ids.fl.client: Client 5 round 9: 270 of 8990 boosting-passed rows flagged; surfacing 50
2026-09-24 23:53:38,108 [INFO] fl_ids.fl.client: Client 6 round 9: 184 of 6088 boosting-passed rows flagged; surfacing 50
2026-09-24 23:53:39,806 [INFO] fl_ids.fl.client: Client 7 round 9: 30 of 671 boosting-passed rows flagged; surfacing 30
2026-09-24 23:53:40,807 [INFO] fl_ids.fl.client: Client 8 round 9: 182 of 5773 boosting-passed rows flagged; surfacing 50
2026-09-24 23:53:42,423 [INFO] fl_ids.fl.client: Client 9 round 9: 5 of 71 boosting-passed rows flagged; surfacing 5
2026-09-24 23:54:05,596 [INFO] fl_ids.models.boosting: Continued boosting training: +50 trees on 96040 rows (now 450 trees)
2026-09-24 23:54:05,596 [INFO] fl_ids.models.boosting_update: Round 9: boosting v4 (continue) from 208 alerts ({'DDoS_HTTP': 1, 'Normal': 190, 'Port_Scanning': 9, 'Ransomware': 2, 'Uploading': 3, 'Vulnerability_scanner': 2, 'XSS': 1}); 105 from excluded clients ignored
2026-09-24 23:54:05,821 [INFO] fl_ids.eval.simulation: Round 9: mean_val_loss=0.0220, comm_bytes=583920
2026-09-24 23:54:20,534 [INFO] fl_ids.eval.simulation: Round 10: mean_val_loss=0.0208, comm_bytes=583920
2026-09-24 23:54:37,689 [INFO] fl_ids.eval.simulation: Round 11: mean_val_loss=0.0183, comm_bytes=583920
2026-09-24 23:54:38,903 [INFO] fl_ids.fl.client: Client 0 round 12: 173 of 8364 boosting-passed rows flagged; surfacing 50
2026-09-24 23:54:42,068 [INFO] fl_ids.fl.client: Client 1 round 12: 0 of 91 boosting-passed rows flagged; surfacing 0
2026-09-24 23:54:42,469 [INFO] fl_ids.fl.client: Client 2 round 12: 70 of 2186 boosting-passed rows flagged; surfacing 50
2026-09-24 23:54:43,734 [INFO] fl_ids.fl.client: Client 3 round 12: 3 of 304 boosting-passed rows flagged; surfacing 3
2026-09-24 23:54:44,028 [INFO] fl_ids.fl.client: Client 4 round 12: 23 of 269 boosting-passed rows flagged; surfacing 23
2026-09-24 23:54:45,917 [INFO] fl_ids.fl.client: Client 5 round 12: 244 of 8987 boosting-passed rows flagged; surfacing 50
2026-09-24 23:54:49,862 [INFO] fl_ids.fl.client: Client 6 round 12: 218 of 6083 boosting-passed rows flagged; surfacing 50
2026-09-24 23:54:52,618 [INFO] fl_ids.fl.client: Client 7 round 12: 24 of 664 boosting-passed rows flagged; surfacing 24
2026-09-24 23:54:53,824 [INFO] fl_ids.fl.client: Client 8 round 12: 203 of 5769 boosting-passed rows flagged; surfacing 50
2026-09-24 23:54:56,108 [INFO] fl_ids.fl.client: Client 9 round 12: 25 of 73 boosting-passed rows flagged; surfacing 25
2026-09-24 23:55:28,876 [INFO] fl_ids.models.boosting: Continued boosting training: +50 trees on 96190 rows (now 500 trees)
2026-09-24 23:55:28,876 [INFO] fl_ids.models.boosting_update: Round 12: boosting v5 (continue) from 150 alerts ({'Normal': 136, 'Port_Scanning': 6, 'Ransomware': 4, 'Uploading': 3, 'XSS': 1}); 175 from excluded clients ignored
2026-09-24 23:55:29,123 [INFO] fl_ids.eval.simulation: Round 12: mean_val_loss=0.0196, comm_bytes=583920
2026-09-24 23:55:43,718 [INFO] fl_ids.eval.simulation: Round 13: mean_val_loss=0.0189, comm_bytes=583920
2026-09-24 23:55:59,686 [INFO] fl_ids.eval.simulation: Round 14: mean_val_loss=0.0306, comm_bytes=583920
2026-09-24 23:56:00,782 [INFO] fl_ids.fl.client: Client 0 round 15: 221 of 8364 boosting-passed rows flagged; surfacing 50
2026-09-24 23:56:04,231 [INFO] fl_ids.fl.client: Client 1 round 15: 0 of 91 boosting-passed rows flagged; surfacing 0
2026-09-24 23:56:04,663 [INFO] fl_ids.fl.client: Client 2 round 15: 84 of 2184 boosting-passed rows flagged; surfacing 50
2026-09-24 23:56:05,720 [INFO] fl_ids.fl.client: Client 3 round 15: 24 of 303 boosting-passed rows flagged; surfacing 24
2026-09-24 23:56:06,312 [INFO] fl_ids.fl.client: Client 4 round 15: 13 of 262 boosting-passed rows flagged; surfacing 13
2026-09-24 23:56:07,626 [INFO] fl_ids.fl.client: Client 5 round 15: 262 of 8986 boosting-passed rows flagged; surfacing 50
2026-09-24 23:56:12,293 [INFO] fl_ids.fl.client: Client 6 round 15: 177 of 6086 boosting-passed rows flagged; surfacing 50
2026-09-24 23:56:14,620 [INFO] fl_ids.fl.client: Client 7 round 15: 22 of 661 boosting-passed rows flagged; surfacing 22
2026-09-24 23:56:15,676 [INFO] fl_ids.fl.client: Client 8 round 15: 155 of 5763 boosting-passed rows flagged; surfacing 50
2026-09-24 23:56:18,320 [INFO] fl_ids.fl.client: Client 9 round 15: 25 of 73 boosting-passed rows flagged; surfacing 25
2026-09-24 23:56:59,015 [INFO] fl_ids.models.boosting: Continued boosting training: +50 trees on 96399 rows (now 550 trees)
2026-09-24 23:56:59,016 [INFO] fl_ids.models.boosting_update: Round 15: boosting v6 (continue) from 209 alerts ({'Normal': 198, 'Port_Scanning': 6, 'Ransomware': 2, 'Uploading': 3}); 125 from excluded clients ignored
2026-09-24 23:56:59,290 [INFO] fl_ids.eval.simulation: Round 15: mean_val_loss=0.0177, comm_bytes=583920
2026-09-24 23:57:14,526 [INFO] fl_ids.eval.simulation: Round 16: mean_val_loss=0.0295, comm_bytes=583920
2026-09-24 23:57:29,693 [INFO] fl_ids.eval.simulation: Round 17: mean_val_loss=0.0178, comm_bytes=583920
2026-09-24 23:57:31,092 [INFO] fl_ids.fl.client: Client 0 round 18: 182 of 8364 boosting-passed rows flagged; surfacing 50
2026-09-24 23:57:33,399 [INFO] fl_ids.fl.client: Client 1 round 18: 0 of 90 boosting-passed rows flagged; surfacing 0
2026-09-24 23:57:33,959 [INFO] fl_ids.fl.client: Client 2 round 18: 72 of 2186 boosting-passed rows flagged; surfacing 50
2026-09-24 23:57:34,912 [INFO] fl_ids.fl.client: Client 3 round 18: 4 of 301 boosting-passed rows flagged; surfacing 4
2026-09-24 23:57:35,283 [INFO] fl_ids.fl.client: Client 4 round 18: 36 of 254 boosting-passed rows flagged; surfacing 36
2026-09-24 23:57:36,921 [INFO] fl_ids.fl.client: Client 5 round 18: 267 of 8984 boosting-passed rows flagged; surfacing 50
2026-09-24 23:57:40,176 [INFO] fl_ids.fl.client: Client 6 round 18: 220 of 6084 boosting-passed rows flagged; surfacing 50
2026-09-24 23:57:41,990 [INFO] fl_ids.fl.client: Client 7 round 18: 24 of 659 boosting-passed rows flagged; surfacing 24
2026-09-24 23:57:43,338 [INFO] fl_ids.fl.client: Client 8 round 18: 174 of 5763 boosting-passed rows flagged; surfacing 50
2026-09-24 23:57:45,406 [INFO] fl_ids.fl.client: Client 9 round 18: 7 of 72 boosting-passed rows flagged; surfacing 7
2026-09-24 23:58:37,691 [INFO] fl_ids.models.boosting: Continued boosting training: +50 trees on 96613 rows (now 600 trees)
2026-09-24 23:58:37,691 [INFO] fl_ids.models.boosting_update: Round 18: boosting v7 (continue) from 214 alerts ({'DDoS_HTTP': 3, 'Normal': 189, 'Port_Scanning': 12, 'Ransomware': 2, 'SQL_injection': 3, 'Uploading': 3, 'Vulnerability_scanner': 1, 'XSS': 1}); 107 from excluded clients ignored
2026-09-24 23:58:38,070 [INFO] fl_ids.eval.simulation: Round 18: mean_val_loss=0.0330, comm_bytes=583920
2026-09-24 23:58:57,089 [INFO] fl_ids.eval.simulation: Round 19: mean_val_loss=0.0168, comm_bytes=583920
2026-09-24 23:59:13,662 [INFO] fl_ids.eval.simulation: Round 20: mean_val_loss=0.0301, comm_bytes=583920
2026-09-24 23:59:13,808 [INFO] fl_ids.eval.zero_day: zero-day holdout=Fingerprinting run=full_pipeline: detection_rate=0.843
2026-09-24 23:59:25,126 [INFO] fl_ids.eval.simulation: Round 1: mean_val_loss=0.4011, comm_bytes=583920
2026-09-24 23:59:38,521 [INFO] fl_ids.eval.simulation: Round 2: mean_val_loss=2.4197, comm_bytes=583920
2026-09-24 23:59:39,252 [INFO] fl_ids.fl.client: Client 0 round 3: 193 of 8367 boosting-passed rows flagged; surfacing 50
2026-09-24 23:59:42,410 [INFO] fl_ids.fl.client: Client 1 round 3: 1 of 103 boosting-passed rows flagged; surfacing 1
2026-09-24 23:59:42,710 [INFO] fl_ids.fl.client: Client 2 round 3: 221 of 2192 boosting-passed rows flagged; surfacing 50
2026-09-24 23:59:43,574 [INFO] fl_ids.fl.client: Client 3 round 3: 22 of 305 boosting-passed rows flagged; surfacing 22
2026-09-24 23:59:44,041 [INFO] fl_ids.fl.client: Client 4 round 3: 9 of 278 boosting-passed rows flagged; surfacing 9
2026-09-24 23:59:44,805 [INFO] fl_ids.fl.client: Client 5 round 3: 274 of 8990 boosting-passed rows flagged; surfacing 50
2026-09-24 23:59:48,443 [INFO] fl_ids.fl.client: Client 6 round 3: 325 of 6105 boosting-passed rows flagged; surfacing 50
2026-09-24 23:59:50,333 [INFO] fl_ids.fl.client: Client 7 round 3: 19 of 684 boosting-passed rows flagged; surfacing 19
2026-09-24 23:59:51,411 [INFO] fl_ids.fl.client: Client 8 round 3: 277 of 5782 boosting-passed rows flagged; surfacing 50
2026-09-24 23:59:53,186 [INFO] fl_ids.fl.client: Client 9 round 3: 54 of 73 boosting-passed rows flagged; surfacing 50
2026-09-25 00:00:15,841 [INFO] fl_ids.models.boosting: Continued boosting training: +50 trees on 95793 rows (now 350 trees)
2026-09-25 00:00:15,842 [INFO] fl_ids.models.boosting_update: Round 3: boosting v2 (continue) from 351 alerts ({'Backdoor': 4, 'DDoS_HTTP': 34, 'Normal': 224, 'Password': 9, 'SQL_injection': 18, 'Uploading': 33, 'Vulnerability_scanner': 3, 'XSS': 26}); 0 from excluded clients ignored
2026-09-25 00:00:16,021 [INFO] fl_ids.eval.simulation: Round 3: mean_val_loss=124.5551, comm_bytes=583920
2026-09-25 00:00:27,703 [INFO] fl_ids.eval.simulation: Round 4: mean_val_loss=12125.3214, comm_bytes=583920
2026-09-25 00:00:39,293 [INFO] fl_ids.eval.simulation: Round 5: mean_val_loss=2924772.3221, comm_bytes=583920
2026-09-25 00:00:40,318 [INFO] fl_ids.fl.client: Client 0 round 6: 237 of 8366 boosting-passed rows flagged; surfacing 50
2026-09-25 00:00:43,495 [INFO] fl_ids.fl.client: Client 1 round 6: 1 of 99 boosting-passed rows flagged; surfacing 1
2026-09-25 00:00:43,855 [INFO] fl_ids.fl.client: Client 2 round 6: 55 of 2192 boosting-passed rows flagged; surfacing 50
2026-09-25 00:00:44,619 [INFO] fl_ids.fl.client: Client 3 round 6: 34 of 304 boosting-passed rows flagged; surfacing 34
2026-09-25 00:00:44,830 [INFO] fl_ids.fl.client: Client 4 round 6: 9 of 273 boosting-passed rows flagged; surfacing 9
2026-09-25 00:00:45,606 [INFO] fl_ids.fl.client: Client 5 round 6: 289 of 8991 boosting-passed rows flagged; surfacing 50
2026-09-25 00:00:49,217 [INFO] fl_ids.fl.client: Client 6 round 6: 183 of 6100 boosting-passed rows flagged; surfacing 50
2026-09-25 00:00:51,582 [INFO] fl_ids.fl.client: Client 7 round 6: 19 of 677 boosting-passed rows flagged; surfacing 19
2026-09-25 00:00:53,091 [INFO] fl_ids.fl.client: Client 8 round 6: 191 of 5783 boosting-passed rows flagged; surfacing 50
2026-09-25 00:00:54,734 [INFO] fl_ids.fl.client: Client 9 round 6: 40 of 72 boosting-passed rows flagged; surfacing 40
2026-09-25 00:01:24,069 [INFO] fl_ids.models.boosting: Continued boosting training: +50 trees on 96146 rows (now 400 trees)
2026-09-25 00:01:24,069 [INFO] fl_ids.models.boosting_update: Round 6: boosting v3 (continue) from 353 alerts ({'Backdoor': 4, 'Normal': 317, 'Password': 2, 'SQL_injection': 2, 'Uploading': 7, 'Vulnerability_scanner': 3, 'XSS': 18}); 0 from excluded clients ignored
2026-09-25 00:01:24,276 [INFO] fl_ids.eval.simulation: Round 6: mean_val_loss=519873012.3829, comm_bytes=583920
2026-09-25 00:01:37,150 [INFO] fl_ids.eval.simulation: Round 7: mean_val_loss=35961244903.8685, comm_bytes=583920
2026-09-25 00:01:49,941 [INFO] fl_ids.eval.simulation: Round 8: mean_val_loss=2971262453675.4463, comm_bytes=583920
2026-09-25 00:01:50,849 [INFO] fl_ids.fl.client: Client 0 round 9: 233 of 8366 boosting-passed rows flagged; surfacing 50
2026-09-25 00:01:52,984 [INFO] fl_ids.fl.client: Client 1 round 9: 1 of 97 boosting-passed rows flagged; surfacing 1
2026-09-25 00:01:53,393 [INFO] fl_ids.fl.client: Client 2 round 9: 59 of 2189 boosting-passed rows flagged; surfacing 50
2026-09-25 00:01:54,162 [INFO] fl_ids.fl.client: Client 3 round 9: 26 of 301 boosting-passed rows flagged; surfacing 26
2026-09-25 00:01:54,438 [INFO] fl_ids.fl.client: Client 4 round 9: 9 of 270 boosting-passed rows flagged; surfacing 9
2026-09-25 00:01:55,513 [INFO] fl_ids.fl.client: Client 5 round 9: 287 of 8989 boosting-passed rows flagged; surfacing 50
2026-09-25 00:01:59,794 [INFO] fl_ids.fl.client: Client 6 round 9: 188 of 6097 boosting-passed rows flagged; surfacing 50
2026-09-25 00:02:01,994 [INFO] fl_ids.fl.client: Client 7 round 9: 19 of 675 boosting-passed rows flagged; surfacing 19
2026-09-25 00:02:02,831 [INFO] fl_ids.fl.client: Client 8 round 9: 205 of 5784 boosting-passed rows flagged; surfacing 50
2026-09-25 00:02:04,842 [INFO] fl_ids.fl.client: Client 9 round 9: 32 of 70 boosting-passed rows flagged; surfacing 32
2026-09-25 00:02:39,328 [INFO] fl_ids.models.boosting: Continued boosting training: +50 trees on 96483 rows (now 450 trees)
2026-09-25 00:02:39,328 [INFO] fl_ids.models.boosting_update: Round 9: boosting v4 (continue) from 337 alerts ({'Backdoor': 4, 'Normal': 313, 'Password': 2, 'Uploading': 4, 'Vulnerability_scanner': 2, 'XSS': 12}); 0 from excluded clients ignored
2026-09-25 00:02:39,548 [INFO] fl_ids.eval.simulation: Round 9: mean_val_loss=138464360113717.3125, comm_bytes=583920
2026-09-25 00:02:53,118 [INFO] fl_ids.eval.simulation: Round 10: mean_val_loss=4479456446759684.0000, comm_bytes=583920
2026-09-25 00:03:06,599 [INFO] fl_ids.eval.simulation: Round 11: mean_val_loss=96488426728583632.0000, comm_bytes=583920
2026-09-25 00:03:07,686 [INFO] fl_ids.fl.client: Client 0 round 12: 220 of 8365 boosting-passed rows flagged; surfacing 50
2026-09-25 00:03:09,936 [INFO] fl_ids.fl.client: Client 1 round 12: 0 of 95 boosting-passed rows flagged; surfacing 0
2026-09-25 00:03:10,403 [INFO] fl_ids.fl.client: Client 2 round 12: 54 of 2188 boosting-passed rows flagged; surfacing 50
2026-09-25 00:03:11,243 [INFO] fl_ids.fl.client: Client 3 round 12: 26 of 302 boosting-passed rows flagged; surfacing 26
2026-09-25 00:03:11,559 [INFO] fl_ids.fl.client: Client 4 round 12: 9 of 270 boosting-passed rows flagged; surfacing 9
2026-09-25 00:03:12,787 [INFO] fl_ids.fl.client: Client 5 round 12: 292 of 8989 boosting-passed rows flagged; surfacing 50
2026-09-25 00:03:15,895 [INFO] fl_ids.fl.client: Client 6 round 12: 185 of 6095 boosting-passed rows flagged; surfacing 50
2026-09-25 00:03:17,610 [INFO] fl_ids.fl.client: Client 7 round 12: 19 of 679 boosting-passed rows flagged; surfacing 19
2026-09-25 00:03:18,691 [INFO] fl_ids.fl.client: Client 8 round 12: 197 of 5784 boosting-passed rows flagged; surfacing 50
2026-09-25 00:03:20,104 [INFO] fl_ids.fl.client: Client 9 round 12: 32 of 69 boosting-passed rows flagged; surfacing 32
2026-09-25 00:04:02,724 [INFO] fl_ids.models.boosting: Continued boosting training: +50 trees on 96819 rows (now 500 trees)
2026-09-25 00:04:02,725 [INFO] fl_ids.models.boosting_update: Round 12: boosting v5 (continue) from 336 alerts ({'Backdoor': 4, 'Normal': 313, 'Password': 2, 'Uploading': 4, 'Vulnerability_scanner': 2, 'XSS': 11}); 0 from excluded clients ignored
2026-09-25 00:04:03,072 [INFO] fl_ids.eval.simulation: Round 12: mean_val_loss=1371580044754698752.0000, comm_bytes=583920
2026-09-25 00:04:19,509 [INFO] fl_ids.eval.simulation: Round 13: mean_val_loss=15104252577080299520.0000, comm_bytes=583920
2026-09-25 00:04:34,171 [INFO] fl_ids.eval.simulation: Round 14: mean_val_loss=122519198173148430336.0000, comm_bytes=583920
2026-09-25 00:04:35,357 [INFO] fl_ids.fl.client: Client 0 round 15: 205 of 8365 boosting-passed rows flagged; surfacing 50
2026-09-25 00:04:37,637 [INFO] fl_ids.fl.client: Client 1 round 15: 0 of 94 boosting-passed rows flagged; surfacing 0
2026-09-25 00:04:38,178 [INFO] fl_ids.fl.client: Client 2 round 15: 54 of 2183 boosting-passed rows flagged; surfacing 50
2026-09-25 00:04:39,081 [INFO] fl_ids.fl.client: Client 3 round 15: 26 of 301 boosting-passed rows flagged; surfacing 26
2026-09-25 00:04:39,441 [INFO] fl_ids.fl.client: Client 4 round 15: 9 of 266 boosting-passed rows flagged; surfacing 9
2026-09-25 00:04:40,892 [INFO] fl_ids.fl.client: Client 5 round 15: 305 of 8990 boosting-passed rows flagged; surfacing 50
2026-09-25 00:04:44,268 [INFO] fl_ids.fl.client: Client 6 round 15: 175 of 6097 boosting-passed rows flagged; surfacing 50
2026-09-25 00:04:46,059 [INFO] fl_ids.fl.client: Client 7 round 15: 19 of 672 boosting-passed rows flagged; surfacing 19
2026-09-25 00:04:47,337 [INFO] fl_ids.fl.client: Client 8 round 15: 192 of 5782 boosting-passed rows flagged; surfacing 50
2026-09-25 00:04:48,931 [INFO] fl_ids.fl.client: Client 9 round 15: 35 of 68 boosting-passed rows flagged; surfacing 35
2026-09-25 00:05:34,801 [INFO] fl_ids.models.boosting: Continued boosting training: +50 trees on 97158 rows (now 550 trees)
2026-09-25 00:05:34,801 [INFO] fl_ids.models.boosting_update: Round 15: boosting v6 (continue) from 339 alerts ({'Backdoor': 4, 'Normal': 313, 'Password': 2, 'Uploading': 4, 'Vulnerability_scanner': 3, 'XSS': 13}); 0 from excluded clients ignored
2026-09-25 00:05:35,164 [INFO] fl_ids.eval.simulation: Round 15: mean_val_loss=808908654367740526592.0000, comm_bytes=583920
2026-09-25 00:05:52,043 [INFO] fl_ids.eval.simulation: Round 16: mean_val_loss=4310333006770661752832.0000, comm_bytes=583920
2026-09-25 00:06:07,298 [INFO] fl_ids.eval.simulation: Round 17: mean_val_loss=19865642961165306822656.0000, comm_bytes=583920
2026-09-25 00:06:08,698 [INFO] fl_ids.fl.client: Client 0 round 18: 212 of 8365 boosting-passed rows flagged; surfacing 50
2026-09-25 00:06:11,020 [INFO] fl_ids.fl.client: Client 1 round 18: 0 of 93 boosting-passed rows flagged; surfacing 0
2026-09-25 00:06:11,571 [INFO] fl_ids.fl.client: Client 2 round 18: 46 of 2183 boosting-passed rows flagged; surfacing 46
2026-09-25 00:06:12,540 [INFO] fl_ids.fl.client: Client 3 round 18: 25 of 300 boosting-passed rows flagged; surfacing 25
2026-09-25 00:06:12,908 [INFO] fl_ids.fl.client: Client 4 round 18: 9 of 265 boosting-passed rows flagged; surfacing 9
2026-09-25 00:06:14,483 [INFO] fl_ids.fl.client: Client 5 round 18: 316 of 8990 boosting-passed rows flagged; surfacing 50
2026-09-25 00:06:17,870 [INFO] fl_ids.fl.client: Client 6 round 18: 171 of 6096 boosting-passed rows flagged; surfacing 50
2026-09-25 00:06:19,683 [INFO] fl_ids.fl.client: Client 7 round 18: 19 of 670 boosting-passed rows flagged; surfacing 19
2026-09-25 00:06:21,059 [INFO] fl_ids.fl.client: Client 8 round 18: 208 of 5777 boosting-passed rows flagged; surfacing 50
2026-09-25 00:06:22,623 [INFO] fl_ids.fl.client: Client 9 round 18: 35 of 66 boosting-passed rows flagged; surfacing 35
2026-09-25 00:07:12,378 [INFO] fl_ids.models.boosting: Continued boosting training: +50 trees on 97492 rows (now 600 trees)
2026-09-25 00:07:12,379 [INFO] fl_ids.models.boosting_update: Round 18: boosting v7 (continue) from 334 alerts ({'Backdoor': 4, 'Normal': 308, 'Password': 2, 'Uploading': 4, 'Vulnerability_scanner': 3, 'XSS': 13}); 0 from excluded clients ignored
2026-09-25 00:07:13,046 [INFO] fl_ids.eval.simulation: Round 18: mean_val_loss=53077833502469723783168.0000, comm_bytes=583920
2026-09-25 00:07:29,210 [INFO] fl_ids.eval.simulation: Round 19: mean_val_loss=89798560646684492169216.0000, comm_bytes=583920
2026-09-25 00:07:47,841 [INFO] fl_ids.eval.simulation: Round 20: mean_val_loss=131654978512275602669568.0000, comm_bytes=583920
2026-09-25 00:07:47,963 [INFO] fl_ids.eval.zero_day: zero-day holdout=Fingerprinting run=plain_fedavg: detection_rate=0.830
2026-09-25 00:08:02,862 [INFO] fl_ids.eval.simulation: Round 1: mean_val_loss=0.3342, comm_bytes=583920
2026-09-25 00:08:17,324 [INFO] fl_ids.eval.simulation: Round 2: mean_val_loss=0.3394, comm_bytes=583920
2026-09-25 00:08:18,060 [INFO] fl_ids.fl.client: Client 0 round 3: 242 of 8367 boosting-passed rows flagged; surfacing 50
2026-09-25 00:08:20,537 [INFO] fl_ids.fl.client: Client 1 round 3: 1 of 103 boosting-passed rows flagged; surfacing 1
2026-09-25 00:08:20,811 [INFO] fl_ids.fl.client: Client 2 round 3: 66 of 2192 boosting-passed rows flagged; surfacing 50
2026-09-25 00:08:21,583 [INFO] fl_ids.fl.client: Client 3 round 3: 27 of 305 boosting-passed rows flagged; surfacing 27
2026-09-25 00:08:21,897 [INFO] fl_ids.fl.client: Client 4 round 3: 9 of 278 boosting-passed rows flagged; surfacing 9
2026-09-25 00:08:22,851 [INFO] fl_ids.fl.client: Client 5 round 3: 304 of 8990 boosting-passed rows flagged; surfacing 50
2026-09-25 00:08:25,492 [INFO] fl_ids.fl.client: Client 6 round 3: 153 of 6105 boosting-passed rows flagged; surfacing 50
2026-09-25 00:08:27,058 [INFO] fl_ids.fl.client: Client 7 round 3: 19 of 684 boosting-passed rows flagged; surfacing 19
2026-09-25 00:08:27,810 [INFO] fl_ids.fl.client: Client 8 round 3: 194 of 5782 boosting-passed rows flagged; surfacing 50
2026-09-25 00:08:29,211 [INFO] fl_ids.fl.client: Client 9 round 3: 52 of 73 boosting-passed rows flagged; surfacing 50
2026-09-25 00:08:48,985 [INFO] fl_ids.models.boosting: Continued boosting training: +50 trees on 95798 rows (now 350 trees)
2026-09-25 00:08:48,986 [INFO] fl_ids.models.boosting_update: Round 3: boosting v2 (continue) from 356 alerts ({'Backdoor': 4, 'Normal': 316, 'Password': 1, 'Uploading': 6, 'Vulnerability_scanner': 3, 'XSS': 26}); 0 from excluded clients ignored
2026-09-25 00:08:49,235 [INFO] fl_ids.eval.simulation: Round 3: mean_val_loss=0.3467, comm_bytes=583920
2026-09-25 00:09:04,325 [INFO] fl_ids.eval.simulation: Round 4: mean_val_loss=0.3671, comm_bytes=583920
2026-09-25 00:09:19,251 [INFO] fl_ids.eval.simulation: Round 5: mean_val_loss=0.3701, comm_bytes=583920
2026-09-25 00:09:19,922 [INFO] fl_ids.fl.client: Client 0 round 6: 247 of 8365 boosting-passed rows flagged; surfacing 50
2026-09-25 00:09:23,253 [INFO] fl_ids.fl.client: Client 1 round 6: 1 of 99 boosting-passed rows flagged; surfacing 1
2026-09-25 00:09:23,856 [INFO] fl_ids.fl.client: Client 2 round 6: 61 of 2191 boosting-passed rows flagged; surfacing 50
2026-09-25 00:09:24,700 [INFO] fl_ids.fl.client: Client 3 round 6: 27 of 303 boosting-passed rows flagged; surfacing 27
2026-09-25 00:09:24,930 [INFO] fl_ids.fl.client: Client 4 round 6: 9 of 269 boosting-passed rows flagged; surfacing 9
2026-09-25 00:09:25,909 [INFO] fl_ids.fl.client: Client 5 round 6: 309 of 8989 boosting-passed rows flagged; surfacing 50
2026-09-25 00:09:29,050 [INFO] fl_ids.fl.client: Client 6 round 6: 169 of 6099 boosting-passed rows flagged; surfacing 50
2026-09-25 00:09:30,737 [INFO] fl_ids.fl.client: Client 7 round 6: 19 of 679 boosting-passed rows flagged; surfacing 19
2026-09-25 00:09:31,559 [INFO] fl_ids.fl.client: Client 8 round 6: 192 of 5781 boosting-passed rows flagged; surfacing 50
2026-09-25 00:09:32,989 [INFO] fl_ids.fl.client: Client 9 round 6: 51 of 72 boosting-passed rows flagged; surfacing 50
2026-09-25 00:09:56,742 [INFO] fl_ids.models.boosting: Continued boosting training: +50 trees on 96154 rows (now 400 trees)
2026-09-25 00:09:56,743 [INFO] fl_ids.models.boosting_update: Round 6: boosting v3 (continue) from 356 alerts ({'Backdoor': 3, 'Normal': 317, 'Password': 1, 'Uploading': 6, 'Vulnerability_scanner': 3, 'XSS': 26}); 0 from excluded clients ignored
2026-09-25 00:09:57,238 [INFO] fl_ids.eval.simulation: Round 6: mean_val_loss=0.3927, comm_bytes=583920
2026-09-25 00:10:13,088 [INFO] fl_ids.eval.simulation: Round 7: mean_val_loss=0.3820, comm_bytes=583920
2026-09-25 00:10:29,531 [INFO] fl_ids.eval.simulation: Round 8: mean_val_loss=0.4542, comm_bytes=583920
2026-09-25 00:10:30,322 [INFO] fl_ids.fl.client: Client 0 round 9: 250 of 8366 boosting-passed rows flagged; surfacing 50
2026-09-25 00:10:33,666 [INFO] fl_ids.fl.client: Client 1 round 9: 1 of 100 boosting-passed rows flagged; surfacing 1
2026-09-25 00:10:34,116 [INFO] fl_ids.fl.client: Client 2 round 9: 53 of 2189 boosting-passed rows flagged; surfacing 50
2026-09-25 00:10:35,169 [INFO] fl_ids.fl.client: Client 3 round 9: 26 of 302 boosting-passed rows flagged; surfacing 26
2026-09-25 00:10:35,405 [INFO] fl_ids.fl.client: Client 4 round 9: 9 of 267 boosting-passed rows flagged; surfacing 9
2026-09-25 00:10:36,519 [INFO] fl_ids.fl.client: Client 5 round 9: 289 of 8990 boosting-passed rows flagged; surfacing 50
2026-09-25 00:10:40,504 [INFO] fl_ids.fl.client: Client 6 round 9: 150 of 6096 boosting-passed rows flagged; surfacing 50
2026-09-25 00:10:42,515 [INFO] fl_ids.fl.client: Client 7 round 9: 19 of 678 boosting-passed rows flagged; surfacing 19
2026-09-25 00:10:43,538 [INFO] fl_ids.fl.client: Client 8 round 9: 201 of 5779 boosting-passed rows flagged; surfacing 50
2026-09-25 00:10:44,991 [INFO] fl_ids.fl.client: Client 9 round 9: 49 of 70 boosting-passed rows flagged; surfacing 49
2026-09-25 00:11:09,893 [INFO] fl_ids.models.boosting: Continued boosting training: +50 trees on 96508 rows (now 450 trees)
2026-09-25 00:11:09,893 [INFO] fl_ids.models.boosting_update: Round 9: boosting v4 (continue) from 354 alerts ({'Backdoor': 4, 'Normal': 316, 'Password': 1, 'Uploading': 5, 'Vulnerability_scanner': 3, 'XSS': 25}); 0 from excluded clients ignored
2026-09-25 00:11:10,112 [INFO] fl_ids.eval.simulation: Round 9: mean_val_loss=0.6576, comm_bytes=583920
2026-09-25 00:11:27,457 [INFO] fl_ids.eval.simulation: Round 10: mean_val_loss=1.1593, comm_bytes=583920
2026-09-25 00:11:44,719 [INFO] fl_ids.eval.simulation: Round 11: mean_val_loss=2.3451, comm_bytes=583920
2026-09-25 00:11:46,117 [INFO] fl_ids.fl.client: Client 0 round 12: 302 of 8366 boosting-passed rows flagged; surfacing 50
2026-09-25 00:11:48,872 [INFO] fl_ids.fl.client: Client 1 round 12: 1 of 99 boosting-passed rows flagged; surfacing 1
2026-09-25 00:11:49,495 [INFO] fl_ids.fl.client: Client 2 round 12: 62 of 2189 boosting-passed rows flagged; surfacing 50
2026-09-25 00:11:50,981 [INFO] fl_ids.fl.client: Client 3 round 12: 23 of 302 boosting-passed rows flagged; surfacing 23
2026-09-25 00:11:51,279 [INFO] fl_ids.fl.client: Client 4 round 12: 9 of 263 boosting-passed rows flagged; surfacing 9
2026-09-25 00:11:52,595 [INFO] fl_ids.fl.client: Client 5 round 12: 288 of 8989 boosting-passed rows flagged; surfacing 50
2026-09-25 00:11:57,635 [INFO] fl_ids.fl.client: Client 6 round 12: 181 of 6093 boosting-passed rows flagged; surfacing 50
2026-09-25 00:11:59,688 [INFO] fl_ids.fl.client: Client 7 round 12: 19 of 678 boosting-passed rows flagged; surfacing 19
2026-09-25 00:12:00,701 [INFO] fl_ids.fl.client: Client 8 round 12: 218 of 5779 boosting-passed rows flagged; surfacing 50
2026-09-25 00:12:02,460 [INFO] fl_ids.fl.client: Client 9 round 12: 46 of 70 boosting-passed rows flagged; surfacing 46
2026-09-25 00:12:33,674 [INFO] fl_ids.models.boosting: Continued boosting training: +50 trees on 96856 rows (now 500 trees)
2026-09-25 00:12:33,674 [INFO] fl_ids.models.boosting_update: Round 12: boosting v5 (continue) from 348 alerts ({'Backdoor': 4, 'Normal': 313, 'Password': 1, 'Uploading': 5, 'Vulnerability_scanner': 3, 'XSS': 22}); 0 from excluded clients ignored
2026-09-25 00:12:33,915 [INFO] fl_ids.eval.simulation: Round 12: mean_val_loss=5.6256, comm_bytes=583920
2026-09-25 00:12:52,538 [INFO] fl_ids.eval.simulation: Round 13: mean_val_loss=8.4511, comm_bytes=583920
2026-09-25 00:13:10,918 [INFO] fl_ids.eval.simulation: Round 14: mean_val_loss=13.1634, comm_bytes=583920
2026-09-25 00:13:11,902 [INFO] fl_ids.fl.client: Client 0 round 15: 215 of 8366 boosting-passed rows flagged; surfacing 50
2026-09-25 00:13:15,096 [INFO] fl_ids.fl.client: Client 1 round 15: 33 of 96 boosting-passed rows flagged; surfacing 33
2026-09-25 00:13:15,522 [INFO] fl_ids.fl.client: Client 2 round 15: 57 of 2185 boosting-passed rows flagged; surfacing 50
2026-09-25 00:13:16,381 [INFO] fl_ids.fl.client: Client 3 round 15: 22 of 301 boosting-passed rows flagged; surfacing 22
2026-09-25 00:13:16,707 [INFO] fl_ids.fl.client: Client 4 round 15: 9 of 265 boosting-passed rows flagged; surfacing 9
2026-09-25 00:13:18,161 [INFO] fl_ids.fl.client: Client 5 round 15: 307 of 8987 boosting-passed rows flagged; surfacing 50
2026-09-25 00:13:21,967 [INFO] fl_ids.fl.client: Client 6 round 15: 299 of 6095 boosting-passed rows flagged; surfacing 50
2026-09-25 00:13:25,019 [INFO] fl_ids.fl.client: Client 7 round 15: 20 of 672 boosting-passed rows flagged; surfacing 20
2026-09-25 00:13:27,389 [INFO] fl_ids.fl.client: Client 8 round 15: 211 of 5778 boosting-passed rows flagged; surfacing 50
2026-09-25 00:13:29,134 [INFO] fl_ids.fl.client: Client 9 round 15: 22 of 66 boosting-passed rows flagged; surfacing 22
2026-09-25 00:14:03,876 [INFO] fl_ids.models.boosting: Continued boosting training: +50 trees on 97212 rows (now 550 trees)
2026-09-25 00:14:03,877 [INFO] fl_ids.models.boosting_update: Round 15: boosting v6 (continue) from 356 alerts ({'Backdoor': 13, 'DDoS_HTTP': 7, 'Normal': 278, 'Password': 5, 'Ransomware': 1, 'SQL_injection': 12, 'Uploading': 22, 'Vulnerability_scanner': 8, 'XSS': 10}); 0 from excluded clients ignored
2026-09-25 00:14:04,164 [INFO] fl_ids.eval.simulation: Round 15: mean_val_loss=28.9757, comm_bytes=583920
2026-09-25 00:14:21,759 [INFO] fl_ids.eval.simulation: Round 16: mean_val_loss=47.6663, comm_bytes=583920
2026-09-25 00:14:41,478 [INFO] fl_ids.eval.simulation: Round 17: mean_val_loss=98.2109, comm_bytes=583920
2026-09-25 00:14:42,890 [INFO] fl_ids.fl.client: Client 0 round 18: 217 of 8365 boosting-passed rows flagged; surfacing 50
2026-09-25 00:14:46,729 [INFO] fl_ids.fl.client: Client 1 round 18: 95 of 96 boosting-passed rows flagged; surfacing 50
2026-09-25 00:14:47,307 [INFO] fl_ids.fl.client: Client 2 round 18: 227 of 2186 boosting-passed rows flagged; surfacing 50
2026-09-25 00:14:48,266 [INFO] fl_ids.fl.client: Client 3 round 18: 37 of 300 boosting-passed rows flagged; surfacing 37
2026-09-25 00:14:48,577 [INFO] fl_ids.fl.client: Client 4 round 18: 9 of 267 boosting-passed rows flagged; surfacing 9
2026-09-25 00:14:49,881 [INFO] fl_ids.fl.client: Client 5 round 18: 306 of 8987 boosting-passed rows flagged; surfacing 50
2026-09-25 00:14:54,143 [INFO] fl_ids.fl.client: Client 6 round 18: 310 of 6092 boosting-passed rows flagged; surfacing 50
2026-09-25 00:14:57,108 [INFO] fl_ids.fl.client: Client 7 round 18: 201 of 675 boosting-passed rows flagged; surfacing 50
2026-09-25 00:14:58,261 [INFO] fl_ids.fl.client: Client 8 round 18: 270 of 5775 boosting-passed rows flagged; surfacing 50
2026-09-25 00:15:00,736 [INFO] fl_ids.fl.client: Client 9 round 18: 22 of 62 boosting-passed rows flagged; surfacing 22
2026-09-25 00:15:44,059 [INFO] fl_ids.models.boosting: Continued boosting training: +50 trees on 97630 rows (now 600 trees)
2026-09-25 00:15:44,059 [INFO] fl_ids.models.boosting_update: Round 18: boosting v7 (continue) from 418 alerts ({'Backdoor': 6, 'DDoS_HTTP': 56, 'Normal': 221, 'Password': 36, 'Port_Scanning': 1, 'Ransomware': 3, 'SQL_injection': 34, 'Uploading': 32, 'Vulnerability_scanner': 17, 'XSS': 12}); 0 from excluded clients ignored
2026-09-25 00:15:44,364 [INFO] fl_ids.eval.simulation: Round 18: mean_val_loss=157.2759, comm_bytes=583920
2026-09-25 00:16:02,296 [INFO] fl_ids.eval.simulation: Round 19: mean_val_loss=316.3081, comm_bytes=583920
2026-09-25 00:16:23,567 [INFO] fl_ids.eval.simulation: Round 20: mean_val_loss=647.9528, comm_bytes=583920
2026-09-25 00:16:23,681 [INFO] fl_ids.eval.zero_day: zero-day holdout=Fingerprinting run=trimmed_mean_only: detection_rate=0.960
2026-09-25 00:16:41,832 [INFO] fl_ids.eval.simulation: Round 1: mean_val_loss=0.2072, comm_bytes=583920
2026-09-25 00:16:56,979 [INFO] fl_ids.eval.simulation: Round 2: mean_val_loss=0.0757, comm_bytes=583920
2026-09-25 00:16:57,020 [INFO] fl_ids.fl.client: Client 0 round 3: 729 of 8989 boosting-passed rows flagged; surfacing 50
2026-09-25 00:17:00,448 [INFO] fl_ids.fl.client: Client 1 round 3: 2 of 1887 boosting-passed rows flagged; surfacing 2
2026-09-25 00:17:00,986 [INFO] fl_ids.fl.client: Client 2 round 3: 234 of 3063 boosting-passed rows flagged; surfacing 50
2026-09-25 00:17:01,873 [INFO] fl_ids.fl.client: Client 3 round 3: 38 of 2562 boosting-passed rows flagged; surfacing 38
2026-09-25 00:17:02,626 [INFO] fl_ids.fl.client: Client 4 round 3: 60 of 1633 boosting-passed rows flagged; surfacing 50
2026-09-25 00:17:03,181 [INFO] fl_ids.fl.client: Client 5 round 3: 515 of 9813 boosting-passed rows flagged; surfacing 50
2026-09-25 00:17:06,505 [INFO] fl_ids.fl.client: Client 6 round 3: 617 of 7402 boosting-passed rows flagged; surfacing 50
2026-09-25 00:17:08,825 [INFO] fl_ids.fl.client: Client 7 round 3: 99 of 1656 boosting-passed rows flagged; surfacing 50
2026-09-25 00:17:09,692 [INFO] fl_ids.fl.client: Client 8 round 3: 413 of 7961 boosting-passed rows flagged; surfacing 50
2026-09-25 00:17:12,449 [INFO] fl_ids.fl.client: Client 9 round 3: 221 of 541 boosting-passed rows flagged; surfacing 50
2026-09-25 00:17:31,443 [INFO] fl_ids.models.boosting: Continued boosting training: +50 trees on 95732 rows (now 350 trees)
2026-09-25 00:17:31,444 [INFO] fl_ids.models.boosting_update: Round 3: boosting v2 (continue) from 290 alerts ({'DDoS_HTTP': 5, 'DDoS_ICMP': 14, 'DDoS_TCP': 13, 'DDoS_UDP': 70, 'Normal': 81, 'Password': 43, 'Port_Scanning': 9, 'SQL_injection': 12, 'Uploading': 3, 'Vulnerability_scanner': 35, 'XSS': 5}); 150 from excluded clients ignored
2026-09-25 00:17:31,615 [INFO] fl_ids.eval.simulation: Round 3: mean_val_loss=0.0500, comm_bytes=583920
2026-09-25 00:17:45,699 [INFO] fl_ids.eval.simulation: Round 4: mean_val_loss=0.0426, comm_bytes=583920
2026-09-25 00:18:00,393 [INFO] fl_ids.eval.simulation: Round 5: mean_val_loss=0.0365, comm_bytes=583920
2026-09-25 00:18:00,477 [INFO] fl_ids.fl.client: Client 0 round 6: 657 of 8989 boosting-passed rows flagged; surfacing 50
2026-09-25 00:18:03,595 [INFO] fl_ids.fl.client: Client 1 round 6: 2 of 1887 boosting-passed rows flagged; surfacing 2
2026-09-25 00:18:04,231 [INFO] fl_ids.fl.client: Client 2 round 6: 226 of 3063 boosting-passed rows flagged; surfacing 50
2026-09-25 00:18:05,477 [INFO] fl_ids.fl.client: Client 3 round 6: 107 of 2562 boosting-passed rows flagged; surfacing 50
2026-09-25 00:18:06,251 [INFO] fl_ids.fl.client: Client 4 round 6: 95 of 1633 boosting-passed rows flagged; surfacing 50
2026-09-25 00:18:06,869 [INFO] fl_ids.fl.client: Client 5 round 6: 458 of 9813 boosting-passed rows flagged; surfacing 50
2026-09-25 00:18:10,854 [INFO] fl_ids.fl.client: Client 6 round 6: 626 of 7402 boosting-passed rows flagged; surfacing 50
2026-09-25 00:18:12,816 [INFO] fl_ids.fl.client: Client 7 round 6: 128 of 1656 boosting-passed rows flagged; surfacing 50
2026-09-25 00:18:13,381 [INFO] fl_ids.fl.client: Client 8 round 6: 378 of 7961 boosting-passed rows flagged; surfacing 50
2026-09-25 00:18:15,480 [INFO] fl_ids.fl.client: Client 9 round 6: 245 of 541 boosting-passed rows flagged; surfacing 50
2026-09-25 00:18:37,791 [INFO] fl_ids.models.boosting: Continued boosting training: +50 trees on 96034 rows (now 400 trees)
2026-09-25 00:18:37,791 [INFO] fl_ids.models.boosting_update: Round 6: boosting v3 (continue) from 302 alerts ({'DDoS_HTTP': 4, 'DDoS_ICMP': 28, 'DDoS_UDP': 56, 'MITM': 1, 'Normal': 99, 'Password': 42, 'Ransomware': 1, 'SQL_injection': 31, 'Uploading': 6, 'Vulnerability_scanner': 32, 'XSS': 2}); 150 from excluded clients ignored
2026-09-25 00:18:38,122 [INFO] fl_ids.eval.simulation: Round 6: mean_val_loss=0.0323, comm_bytes=583920
2026-09-25 00:18:54,066 [INFO] fl_ids.eval.simulation: Round 7: mean_val_loss=0.0297, comm_bytes=583920
2026-09-25 00:19:11,203 [INFO] fl_ids.eval.simulation: Round 8: mean_val_loss=0.0282, comm_bytes=583920
2026-09-25 00:19:11,292 [INFO] fl_ids.fl.client: Client 0 round 9: 593 of 8989 boosting-passed rows flagged; surfacing 50
2026-09-25 00:19:14,817 [INFO] fl_ids.fl.client: Client 1 round 9: 0 of 1887 boosting-passed rows flagged; surfacing 0
2026-09-25 00:19:15,393 [INFO] fl_ids.fl.client: Client 2 round 9: 206 of 3063 boosting-passed rows flagged; surfacing 50
2026-09-25 00:19:16,379 [INFO] fl_ids.fl.client: Client 3 round 9: 80 of 2562 boosting-passed rows flagged; surfacing 50
2026-09-25 00:19:17,221 [INFO] fl_ids.fl.client: Client 4 round 9: 107 of 1633 boosting-passed rows flagged; surfacing 50
2026-09-25 00:19:17,974 [INFO] fl_ids.fl.client: Client 5 round 9: 465 of 9813 boosting-passed rows flagged; surfacing 50
2026-09-25 00:19:20,277 [INFO] fl_ids.fl.client: Client 6 round 9: 601 of 7402 boosting-passed rows flagged; surfacing 50
2026-09-25 00:19:22,033 [INFO] fl_ids.fl.client: Client 7 round 9: 151 of 1656 boosting-passed rows flagged; surfacing 50
2026-09-25 00:19:22,490 [INFO] fl_ids.fl.client: Client 8 round 9: 383 of 7961 boosting-passed rows flagged; surfacing 50
2026-09-25 00:19:24,413 [INFO] fl_ids.fl.client: Client 9 round 9: 230 of 541 boosting-passed rows flagged; surfacing 50
2026-09-25 00:19:50,542 [INFO] fl_ids.models.boosting: Continued boosting training: +50 trees on 96334 rows (now 450 trees)
2026-09-25 00:19:50,542 [INFO] fl_ids.models.boosting_update: Round 9: boosting v4 (continue) from 300 alerts ({'DDoS_HTTP': 8, 'DDoS_ICMP': 21, 'DDoS_TCP': 7, 'DDoS_UDP': 45, 'MITM': 1, 'Normal': 106, 'Password': 35, 'Port_Scanning': 6, 'SQL_injection': 25, 'Uploading': 7, 'Vulnerability_scanner': 31, 'XSS': 8}); 150 from excluded clients ignored
2026-09-25 00:19:50,850 [INFO] fl_ids.eval.simulation: Round 9: mean_val_loss=0.0271, comm_bytes=583920
2026-09-25 00:20:08,864 [INFO] fl_ids.eval.simulation: Round 10: mean_val_loss=0.0344, comm_bytes=583920
2026-09-25 00:20:25,193 [INFO] fl_ids.eval.simulation: Round 11: mean_val_loss=0.0400, comm_bytes=583920
2026-09-25 00:20:25,291 [INFO] fl_ids.fl.client: Client 0 round 12: 562 of 8989 boosting-passed rows flagged; surfacing 50
2026-09-25 00:20:27,834 [INFO] fl_ids.fl.client: Client 1 round 12: 0 of 1887 boosting-passed rows flagged; surfacing 0
2026-09-25 00:20:28,391 [INFO] fl_ids.fl.client: Client 2 round 12: 206 of 3063 boosting-passed rows flagged; surfacing 50
2026-09-25 00:20:29,173 [INFO] fl_ids.fl.client: Client 3 round 12: 48 of 2562 boosting-passed rows flagged; surfacing 48
2026-09-25 00:20:29,846 [INFO] fl_ids.fl.client: Client 4 round 12: 90 of 1633 boosting-passed rows flagged; surfacing 50
2026-09-25 00:20:30,314 [INFO] fl_ids.fl.client: Client 5 round 12: 474 of 9813 boosting-passed rows flagged; surfacing 50
2026-09-25 00:20:32,692 [INFO] fl_ids.fl.client: Client 6 round 12: 608 of 7402 boosting-passed rows flagged; surfacing 50
2026-09-25 00:20:34,484 [INFO] fl_ids.fl.client: Client 7 round 12: 157 of 1656 boosting-passed rows flagged; surfacing 50
2026-09-25 00:20:34,942 [INFO] fl_ids.fl.client: Client 8 round 12: 330 of 7961 boosting-passed rows flagged; surfacing 50
2026-09-25 00:20:36,876 [INFO] fl_ids.fl.client: Client 9 round 12: 225 of 541 boosting-passed rows flagged; surfacing 50
2026-09-25 00:21:09,410 [INFO] fl_ids.models.boosting: Continued boosting training: +50 trees on 96632 rows (now 500 trees)
2026-09-25 00:21:09,410 [INFO] fl_ids.models.boosting_update: Round 12: boosting v5 (continue) from 298 alerts ({'DDoS_HTTP': 6, 'DDoS_ICMP': 31, 'DDoS_TCP': 1, 'DDoS_UDP': 23, 'Normal': 120, 'Password': 36, 'Port_Scanning': 2, 'Ransomware': 1, 'SQL_injection': 31, 'Uploading': 3, 'Vulnerability_scanner': 35, 'XSS': 9}); 150 from excluded clients ignored
2026-09-25 00:21:09,769 [INFO] fl_ids.eval.simulation: Round 12: mean_val_loss=0.0264, comm_bytes=583920
2026-09-25 00:21:27,722 [INFO] fl_ids.eval.simulation: Round 13: mean_val_loss=0.0412, comm_bytes=583920
2026-09-25 00:21:44,794 [INFO] fl_ids.eval.simulation: Round 14: mean_val_loss=0.0265, comm_bytes=583920
2026-09-25 00:21:44,911 [INFO] fl_ids.fl.client: Client 0 round 15: 436 of 8989 boosting-passed rows flagged; surfacing 50
2026-09-25 00:21:47,103 [INFO] fl_ids.fl.client: Client 1 round 15: 0 of 1887 boosting-passed rows flagged; surfacing 0
2026-09-25 00:21:47,626 [INFO] fl_ids.fl.client: Client 2 round 15: 211 of 3063 boosting-passed rows flagged; surfacing 50
2026-09-25 00:21:48,434 [INFO] fl_ids.fl.client: Client 3 round 15: 26 of 2562 boosting-passed rows flagged; surfacing 26
2026-09-25 00:21:49,124 [INFO] fl_ids.fl.client: Client 4 round 15: 73 of 1633 boosting-passed rows flagged; surfacing 50
2026-09-25 00:21:49,595 [INFO] fl_ids.fl.client: Client 5 round 15: 376 of 9813 boosting-passed rows flagged; surfacing 50
2026-09-25 00:21:51,972 [INFO] fl_ids.fl.client: Client 6 round 15: 549 of 7402 boosting-passed rows flagged; surfacing 50
2026-09-25 00:21:53,773 [INFO] fl_ids.fl.client: Client 7 round 15: 183 of 1656 boosting-passed rows flagged; surfacing 50
2026-09-25 00:21:54,248 [INFO] fl_ids.fl.client: Client 8 round 15: 367 of 7961 boosting-passed rows flagged; surfacing 50
2026-09-25 00:21:56,168 [INFO] fl_ids.fl.client: Client 9 round 15: 185 of 541 boosting-passed rows flagged; surfacing 50
2026-09-25 00:22:33,207 [INFO] fl_ids.models.boosting: Continued boosting training: +50 trees on 97008 rows (now 550 trees)
2026-09-25 00:22:33,207 [INFO] fl_ids.models.boosting_update: Round 15: boosting v6 (continue) from 376 alerts ({'Backdoor': 4, 'DDoS_HTTP': 7, 'DDoS_ICMP': 75, 'DDoS_TCP': 2, 'DDoS_UDP': 21, 'MITM': 1, 'Normal': 127, 'Password': 35, 'Port_Scanning': 7, 'Ransomware': 1, 'SQL_injection': 19, 'Uploading': 12, 'Vulnerability_scanner': 51, 'XSS': 14}); 50 from excluded clients ignored
2026-09-25 00:22:33,895 [INFO] fl_ids.eval.simulation: Round 15: mean_val_loss=0.0370, comm_bytes=583920
2026-09-25 00:22:51,467 [INFO] fl_ids.eval.simulation: Round 16: mean_val_loss=0.0299, comm_bytes=583920
2026-09-25 00:23:09,686 [INFO] fl_ids.eval.simulation: Round 17: mean_val_loss=0.0328, comm_bytes=583920
2026-09-25 00:23:09,857 [INFO] fl_ids.fl.client: Client 0 round 18: 479 of 8989 boosting-passed rows flagged; surfacing 50
2026-09-25 00:23:12,392 [INFO] fl_ids.fl.client: Client 1 round 18: 0 of 1887 boosting-passed rows flagged; surfacing 0
2026-09-25 00:23:12,936 [INFO] fl_ids.fl.client: Client 2 round 18: 202 of 3063 boosting-passed rows flagged; surfacing 50
2026-09-25 00:23:13,751 [INFO] fl_ids.fl.client: Client 3 round 18: 22 of 2562 boosting-passed rows flagged; surfacing 22
2026-09-25 00:23:14,472 [INFO] fl_ids.fl.client: Client 4 round 18: 92 of 1633 boosting-passed rows flagged; surfacing 50
2026-09-25 00:23:14,959 [INFO] fl_ids.fl.client: Client 5 round 18: 446 of 9813 boosting-passed rows flagged; surfacing 50
2026-09-25 00:23:17,360 [INFO] fl_ids.fl.client: Client 6 round 18: 562 of 7402 boosting-passed rows flagged; surfacing 50
2026-09-25 00:23:19,197 [INFO] fl_ids.fl.client: Client 7 round 18: 149 of 1656 boosting-passed rows flagged; surfacing 50
2026-09-25 00:23:19,675 [INFO] fl_ids.fl.client: Client 8 round 18: 311 of 7961 boosting-passed rows flagged; surfacing 50
2026-09-25 00:23:21,610 [INFO] fl_ids.fl.client: Client 9 round 18: 225 of 541 boosting-passed rows flagged; surfacing 50
2026-09-25 00:24:05,593 [INFO] fl_ids.models.boosting: Continued boosting training: +50 trees on 97380 rows (now 600 trees)
2026-09-25 00:24:05,594 [INFO] fl_ids.models.boosting_update: Round 18: boosting v7 (continue) from 372 alerts ({'Backdoor': 3, 'DDoS_HTTP': 8, 'DDoS_ICMP': 56, 'DDoS_TCP': 4, 'DDoS_UDP': 18, 'MITM': 2, 'Normal': 141, 'Password': 35, 'Port_Scanning': 2, 'SQL_injection': 33, 'Uploading': 7, 'Vulnerability_scanner': 51, 'XSS': 12}); 50 from excluded clients ignored
2026-09-25 00:24:06,420 [INFO] fl_ids.eval.simulation: Round 18: mean_val_loss=0.0345, comm_bytes=583920
2026-09-25 00:24:25,541 [INFO] fl_ids.eval.simulation: Round 19: mean_val_loss=0.0417, comm_bytes=583920
2026-09-25 00:24:42,429 [INFO] fl_ids.eval.simulation: Round 20: mean_val_loss=0.0321, comm_bytes=583920
2026-09-25 00:24:42,473 [INFO] fl_ids.eval.zero_day: zero-day holdout=Fingerprinting run=autoencoder_only: detection_rate=0.506
2026-09-25 00:24:42,530 [INFO] fl_ids.eval.zero_day: zero-day holdout=Fingerprinting run=boosting_only: detection_rate=0.801
2026-09-25 00:24:45,440 [INFO] fl_ids.eval.common: Excluded classes ['MITM'] from training: removed 20 calibration rows, 13 federated-pool rows
2026-09-25 00:24:45,440 [INFO] fl_ids.models.boosting: Training boosting classifier: 95465 samples, 15 classes, 300 rounds
2026-09-25 00:25:05,142 [WARNING] fl_ids.data.pipeline: Client 6 has zero benign validation samples (heavy Dirichlet skew or too few benign samples in its shard)
2026-09-25 00:25:05,167 [INFO] fl_ids.eval.common: Evaluation setup: 95465 calibration, 59987 federated pool (subsampled), 8994 test rows across 10 clients
2026-09-25 00:25:16,565 [WARNING] fl_ids.fl.client: Client 6: no benign validation samples to evaluate on
2026-09-25 00:25:16,576 [INFO] fl_ids.eval.simulation: Round 1: mean_val_loss=0.2228, comm_bytes=583920
2026-09-25 00:25:27,552 [WARNING] fl_ids.fl.client: Client 6: no benign validation samples to evaluate on
2026-09-25 00:25:27,562 [INFO] fl_ids.eval.simulation: Round 2: mean_val_loss=0.0565, comm_bytes=583920
2026-09-25 00:25:28,086 [INFO] fl_ids.fl.client: Client 0 round 3: 182 of 6012 boosting-passed rows flagged; surfacing 50
2026-09-25 00:25:30,281 [INFO] fl_ids.fl.client: Client 1 round 3: 145 of 4590 boosting-passed rows flagged; surfacing 50
2026-09-25 00:25:31,930 [INFO] fl_ids.fl.client: Client 2 round 3: 79 of 3110 boosting-passed rows flagged; surfacing 50
2026-09-25 00:25:33,198 [INFO] fl_ids.fl.client: Client 3 round 3: 25 of 190 boosting-passed rows flagged; surfacing 25
2026-09-25 00:25:33,828 [INFO] fl_ids.fl.client: Client 4 round 3: 87 of 2861 boosting-passed rows flagged; surfacing 50
2026-09-25 00:25:34,726 [INFO] fl_ids.fl.client: Client 5 round 3: 1 of 147 boosting-passed rows flagged; surfacing 1
2026-09-25 00:25:35,189 [INFO] fl_ids.fl.client: Client 7 round 3: 80 of 2261 boosting-passed rows flagged; surfacing 50
2026-09-25 00:25:36,733 [INFO] fl_ids.fl.client: Client 8 round 3: 396 of 13165 boosting-passed rows flagged; surfacing 50
2026-09-25 00:25:41,645 [INFO] fl_ids.fl.client: Client 9 round 3: 9 of 231 boosting-passed rows flagged; surfacing 9
2026-09-25 00:26:07,301 [INFO] fl_ids.models.boosting: Continued boosting training: +50 trees on 95741 rows (now 350 trees)
2026-09-25 00:26:07,302 [INFO] fl_ids.models.boosting_update: Round 3: boosting v2 (continue) from 276 alerts ({'DDoS_HTTP': 1, 'Normal': 261, 'Port_Scanning': 9, 'SQL_injection': 1, 'Uploading': 1, 'Vulnerability_scanner': 3}); 59 from excluded clients ignored
2026-09-25 00:26:07,485 [WARNING] fl_ids.fl.client: Client 6: no benign validation samples to evaluate on
2026-09-25 00:26:07,496 [INFO] fl_ids.eval.simulation: Round 3: mean_val_loss=0.0359, comm_bytes=583920
2026-09-25 00:26:19,236 [WARNING] fl_ids.fl.client: Client 6: no benign validation samples to evaluate on
2026-09-25 00:26:19,247 [INFO] fl_ids.eval.simulation: Round 4: mean_val_loss=0.0933, comm_bytes=583920
2026-09-25 00:26:31,054 [WARNING] fl_ids.fl.client: Client 6: no benign validation samples to evaluate on
2026-09-25 00:26:31,065 [INFO] fl_ids.eval.simulation: Round 5: mean_val_loss=0.0175, comm_bytes=583920
2026-09-25 00:26:31,692 [INFO] fl_ids.fl.client: Client 0 round 6: 186 of 6010 boosting-passed rows flagged; surfacing 50
2026-09-25 00:26:33,706 [INFO] fl_ids.fl.client: Client 1 round 6: 160 of 4593 boosting-passed rows flagged; surfacing 50
2026-09-25 00:26:35,109 [INFO] fl_ids.fl.client: Client 2 round 6: 79 of 3107 boosting-passed rows flagged; surfacing 50
2026-09-25 00:26:36,040 [INFO] fl_ids.fl.client: Client 3 round 6: 19 of 187 boosting-passed rows flagged; surfacing 19
2026-09-25 00:26:36,489 [INFO] fl_ids.fl.client: Client 4 round 6: 90 of 2860 boosting-passed rows flagged; surfacing 50
2026-09-25 00:26:37,259 [INFO] fl_ids.fl.client: Client 5 round 6: 1 of 145 boosting-passed rows flagged; surfacing 1
2026-09-25 00:26:37,821 [INFO] fl_ids.fl.client: Client 7 round 6: 70 of 2256 boosting-passed rows flagged; surfacing 50
2026-09-25 00:26:40,061 [INFO] fl_ids.fl.client: Client 8 round 6: 370 of 13165 boosting-passed rows flagged; surfacing 50
2026-09-25 00:26:44,214 [INFO] fl_ids.fl.client: Client 9 round 6: 10 of 229 boosting-passed rows flagged; surfacing 10
2026-09-25 00:27:14,311 [INFO] fl_ids.models.boosting: Continued boosting training: +50 trees on 96010 rows (now 400 trees)
2026-09-25 00:27:14,311 [INFO] fl_ids.models.boosting_update: Round 6: boosting v3 (continue) from 269 alerts ({'Backdoor': 1, 'Normal': 255, 'Port_Scanning': 6, 'Ransomware': 2, 'Uploading': 3, 'Vulnerability_scanner': 2}); 61 from excluded clients ignored
2026-09-25 00:27:14,574 [WARNING] fl_ids.fl.client: Client 6: no benign validation samples to evaluate on
2026-09-25 00:27:14,591 [INFO] fl_ids.eval.simulation: Round 6: mean_val_loss=0.0180, comm_bytes=583920
2026-09-25 00:27:28,076 [WARNING] fl_ids.fl.client: Client 6: no benign validation samples to evaluate on
2026-09-25 00:27:28,087 [INFO] fl_ids.eval.simulation: Round 7: mean_val_loss=0.0134, comm_bytes=583920
2026-09-25 00:27:40,925 [WARNING] fl_ids.fl.client: Client 6: no benign validation samples to evaluate on
2026-09-25 00:27:40,937 [INFO] fl_ids.eval.simulation: Round 8: mean_val_loss=0.0187, comm_bytes=583920
2026-09-25 00:27:41,787 [INFO] fl_ids.fl.client: Client 0 round 9: 169 of 6008 boosting-passed rows flagged; surfacing 50
2026-09-25 00:27:43,931 [INFO] fl_ids.fl.client: Client 1 round 9: 167 of 4589 boosting-passed rows flagged; surfacing 50
2026-09-25 00:27:45,529 [INFO] fl_ids.fl.client: Client 2 round 9: 101 of 3108 boosting-passed rows flagged; surfacing 50
2026-09-25 00:27:46,552 [INFO] fl_ids.fl.client: Client 3 round 9: 22 of 185 boosting-passed rows flagged; surfacing 22
2026-09-25 00:27:47,101 [INFO] fl_ids.fl.client: Client 4 round 9: 161 of 2861 boosting-passed rows flagged; surfacing 50
2026-09-25 00:27:47,966 [INFO] fl_ids.fl.client: Client 5 round 9: 2 of 146 boosting-passed rows flagged; surfacing 2
2026-09-25 00:27:48,654 [INFO] fl_ids.fl.client: Client 7 round 9: 96 of 2247 boosting-passed rows flagged; surfacing 50
2026-09-25 00:27:50,673 [INFO] fl_ids.fl.client: Client 8 round 9: 466 of 13161 boosting-passed rows flagged; surfacing 50
2026-09-25 00:27:54,337 [INFO] fl_ids.fl.client: Client 9 round 9: 5 of 227 boosting-passed rows flagged; surfacing 5
2026-09-25 00:28:30,795 [INFO] fl_ids.models.boosting: Continued boosting training: +50 trees on 96284 rows (now 450 trees)
2026-09-25 00:28:30,795 [INFO] fl_ids.models.boosting_update: Round 9: boosting v4 (continue) from 274 alerts ({'Backdoor': 1, 'Fingerprinting': 1, 'Normal': 262, 'Ransomware': 1, 'Uploading': 3, 'Vulnerability_scanner': 5, 'XSS': 1}); 55 from excluded clients ignored
2026-09-25 00:28:31,080 [WARNING] fl_ids.fl.client: Client 6: no benign validation samples to evaluate on
2026-09-25 00:28:31,101 [INFO] fl_ids.eval.simulation: Round 9: mean_val_loss=0.0109, comm_bytes=583920
2026-09-25 00:28:45,231 [WARNING] fl_ids.fl.client: Client 6: no benign validation samples to evaluate on
2026-09-25 00:28:45,244 [INFO] fl_ids.eval.simulation: Round 10: mean_val_loss=0.0112, comm_bytes=583920
2026-09-25 00:28:59,423 [WARNING] fl_ids.fl.client: Client 6: no benign validation samples to evaluate on
2026-09-25 00:28:59,436 [INFO] fl_ids.eval.simulation: Round 11: mean_val_loss=0.0102, comm_bytes=583920
2026-09-25 00:29:00,404 [INFO] fl_ids.fl.client: Client 0 round 12: 210 of 6009 boosting-passed rows flagged; surfacing 50
2026-09-25 00:29:02,721 [INFO] fl_ids.fl.client: Client 1 round 12: 148 of 4587 boosting-passed rows flagged; surfacing 50
2026-09-25 00:29:04,447 [INFO] fl_ids.fl.client: Client 2 round 12: 55 of 3102 boosting-passed rows flagged; surfacing 50
2026-09-25 00:29:05,517 [INFO] fl_ids.fl.client: Client 3 round 12: 17 of 183 boosting-passed rows flagged; surfacing 17
2026-09-25 00:29:06,103 [INFO] fl_ids.fl.client: Client 4 round 12: 157 of 2859 boosting-passed rows flagged; surfacing 50
2026-09-25 00:29:06,976 [INFO] fl_ids.fl.client: Client 5 round 12: 2 of 146 boosting-passed rows flagged; surfacing 2
2026-09-25 00:29:07,748 [INFO] fl_ids.fl.client: Client 7 round 12: 237 of 2249 boosting-passed rows flagged; surfacing 50
2026-09-25 00:29:10,152 [INFO] fl_ids.fl.client: Client 8 round 12: 401 of 13158 boosting-passed rows flagged; surfacing 50
2026-09-25 00:29:13,481 [INFO] fl_ids.fl.client: Client 9 round 12: 2 of 225 boosting-passed rows flagged; surfacing 2
2026-09-25 00:29:54,448 [INFO] fl_ids.models.boosting: Continued boosting training: +50 trees on 96553 rows (now 500 trees)
2026-09-25 00:29:54,449 [INFO] fl_ids.models.boosting_update: Round 12: boosting v5 (continue) from 269 alerts ({'Backdoor': 2, 'DDoS_HTTP': 27, 'Fingerprinting': 1, 'Normal': 227, 'SQL_injection': 1, 'Uploading': 3, 'Vulnerability_scanner': 7, 'XSS': 1}); 52 from excluded clients ignored
2026-09-25 00:29:54,782 [WARNING] fl_ids.fl.client: Client 6: no benign validation samples to evaluate on
2026-09-25 00:29:54,804 [INFO] fl_ids.eval.simulation: Round 12: mean_val_loss=0.0111, comm_bytes=583920
2026-09-25 00:30:12,456 [WARNING] fl_ids.fl.client: Client 6: no benign validation samples to evaluate on
2026-09-25 00:30:12,468 [INFO] fl_ids.eval.simulation: Round 13: mean_val_loss=0.0191, comm_bytes=583920
2026-09-25 00:30:27,565 [WARNING] fl_ids.fl.client: Client 6: no benign validation samples to evaluate on
2026-09-25 00:30:27,578 [INFO] fl_ids.eval.simulation: Round 14: mean_val_loss=0.0111, comm_bytes=583920
2026-09-25 00:30:28,617 [INFO] fl_ids.fl.client: Client 0 round 15: 186 of 6008 boosting-passed rows flagged; surfacing 50
2026-09-25 00:30:31,083 [INFO] fl_ids.fl.client: Client 1 round 15: 142 of 4584 boosting-passed rows flagged; surfacing 50
2026-09-25 00:30:32,816 [INFO] fl_ids.fl.client: Client 2 round 15: 118 of 3099 boosting-passed rows flagged; surfacing 50
2026-09-25 00:30:33,966 [INFO] fl_ids.fl.client: Client 3 round 15: 5 of 181 boosting-passed rows flagged; surfacing 5
2026-09-25 00:30:34,655 [INFO] fl_ids.fl.client: Client 4 round 15: 131 of 2860 boosting-passed rows flagged; surfacing 50
2026-09-25 00:30:35,566 [INFO] fl_ids.fl.client: Client 5 round 15: 1 of 145 boosting-passed rows flagged; surfacing 1
2026-09-25 00:30:36,422 [INFO] fl_ids.fl.client: Client 7 round 15: 195 of 2245 boosting-passed rows flagged; surfacing 50
2026-09-25 00:30:39,212 [INFO] fl_ids.fl.client: Client 8 round 15: 354 of 13157 boosting-passed rows flagged; surfacing 50
2026-09-25 00:30:42,570 [INFO] fl_ids.fl.client: Client 9 round 15: 2 of 225 boosting-passed rows flagged; surfacing 2
2026-09-25 00:31:28,174 [INFO] fl_ids.models.boosting: Continued boosting training: +50 trees on 96803 rows (now 550 trees)
2026-09-25 00:31:28,175 [INFO] fl_ids.models.boosting_update: Round 15: boosting v6 (continue) from 250 alerts ({'Backdoor': 1, 'DDoS_HTTP': 29, 'Normal': 203, 'Port_Scanning': 1, 'Ransomware': 1, 'SQL_injection': 10, 'Uploading': 3, 'Vulnerability_scanner': 2}); 58 from excluded clients ignored
2026-09-25 00:31:28,522 [WARNING] fl_ids.fl.client: Client 6: no benign validation samples to evaluate on
2026-09-25 00:31:28,542 [INFO] fl_ids.eval.simulation: Round 15: mean_val_loss=0.0058, comm_bytes=583920
2026-09-25 00:31:47,899 [WARNING] fl_ids.fl.client: Client 6: no benign validation samples to evaluate on
2026-09-25 00:31:47,912 [INFO] fl_ids.eval.simulation: Round 16: mean_val_loss=0.0117, comm_bytes=583920
2026-09-25 00:32:03,815 [WARNING] fl_ids.fl.client: Client 6: no benign validation samples to evaluate on
2026-09-25 00:32:03,826 [INFO] fl_ids.eval.simulation: Round 17: mean_val_loss=0.0088, comm_bytes=583920
2026-09-25 00:32:04,990 [INFO] fl_ids.fl.client: Client 0 round 18: 132 of 6009 boosting-passed rows flagged; surfacing 50
2026-09-25 00:32:07,563 [INFO] fl_ids.fl.client: Client 1 round 18: 136 of 4584 boosting-passed rows flagged; surfacing 50
2026-09-25 00:32:09,365 [INFO] fl_ids.fl.client: Client 2 round 18: 73 of 3097 boosting-passed rows flagged; surfacing 50
2026-09-25 00:32:10,516 [INFO] fl_ids.fl.client: Client 3 round 18: 16 of 180 boosting-passed rows flagged; surfacing 16
2026-09-25 00:32:11,242 [INFO] fl_ids.fl.client: Client 4 round 18: 126 of 2856 boosting-passed rows flagged; surfacing 50
2026-09-25 00:32:12,165 [INFO] fl_ids.fl.client: Client 5 round 18: 1 of 144 boosting-passed rows flagged; surfacing 1
2026-09-25 00:32:13,102 [INFO] fl_ids.fl.client: Client 7 round 18: 244 of 2247 boosting-passed rows flagged; surfacing 50
2026-09-25 00:32:16,089 [INFO] fl_ids.fl.client: Client 8 round 18: 366 of 13155 boosting-passed rows flagged; surfacing 50
2026-09-25 00:32:19,503 [INFO] fl_ids.fl.client: Client 9 round 18: 3 of 225 boosting-passed rows flagged; surfacing 3
2026-09-25 00:33:09,602 [INFO] fl_ids.models.boosting: Continued boosting training: +50 trees on 97070 rows (now 600 trees)
2026-09-25 00:33:09,603 [INFO] fl_ids.models.boosting_update: Round 18: boosting v7 (continue) from 267 alerts ({'Backdoor': 1, 'DDoS_HTTP': 28, 'Normal': 228, 'SQL_injection': 1, 'Uploading': 4, 'Vulnerability_scanner': 5}); 53 from excluded clients ignored
2026-09-25 00:33:10,013 [WARNING] fl_ids.fl.client: Client 6: no benign validation samples to evaluate on
2026-09-25 00:33:10,033 [INFO] fl_ids.eval.simulation: Round 18: mean_val_loss=0.0108, comm_bytes=583920
2026-09-25 00:33:29,686 [WARNING] fl_ids.fl.client: Client 6: no benign validation samples to evaluate on
2026-09-25 00:33:29,698 [INFO] fl_ids.eval.simulation: Round 19: mean_val_loss=0.0077, comm_bytes=583920
2026-09-25 00:33:49,172 [WARNING] fl_ids.fl.client: Client 6: no benign validation samples to evaluate on
2026-09-25 00:33:49,186 [INFO] fl_ids.eval.simulation: Round 20: mean_val_loss=0.0108, comm_bytes=583920
2026-09-25 00:33:49,230 [WARNING] fl_ids.eval.common: Clients [6] have no benign validation rows (infinite threshold); 220 test rows can't be flagged by the autoencoder
2026-09-25 00:33:49,290 [INFO] fl_ids.eval.zero_day: zero-day holdout=MITM run=full_pipeline: detection_rate=0.887
2026-09-25 00:34:03,967 [WARNING] fl_ids.fl.client: Client 6: no benign validation samples to evaluate on
2026-09-25 00:34:03,978 [INFO] fl_ids.eval.simulation: Round 1: mean_val_loss=0.4140, comm_bytes=583920
2026-09-25 00:34:15,474 [WARNING] fl_ids.fl.client: Client 6: no benign validation samples to evaluate on
2026-09-25 00:34:15,485 [INFO] fl_ids.eval.simulation: Round 2: mean_val_loss=1.7328, comm_bytes=583920
2026-09-25 00:34:16,109 [INFO] fl_ids.fl.client: Client 0 round 3: 181 of 6012 boosting-passed rows flagged; surfacing 50
2026-09-25 00:34:18,043 [INFO] fl_ids.fl.client: Client 1 round 3: 180 of 4590 boosting-passed rows flagged; surfacing 50
2026-09-25 00:34:19,467 [INFO] fl_ids.fl.client: Client 2 round 3: 60 of 3110 boosting-passed rows flagged; surfacing 50
2026-09-25 00:34:20,379 [INFO] fl_ids.fl.client: Client 3 round 3: 16 of 190 boosting-passed rows flagged; surfacing 16
2026-09-25 00:34:20,796 [INFO] fl_ids.fl.client: Client 4 round 3: 118 of 2861 boosting-passed rows flagged; surfacing 50
2026-09-25 00:34:21,575 [INFO] fl_ids.fl.client: Client 5 round 3: 1 of 147 boosting-passed rows flagged; surfacing 1
2026-09-25 00:34:22,102 [INFO] fl_ids.fl.client: Client 7 round 3: 77 of 2261 boosting-passed rows flagged; surfacing 50
2026-09-25 00:34:23,749 [INFO] fl_ids.fl.client: Client 8 round 3: 498 of 13165 boosting-passed rows flagged; surfacing 50
2026-09-25 00:34:26,820 [INFO] fl_ids.fl.client: Client 9 round 3: 6 of 231 boosting-passed rows flagged; surfacing 6
2026-09-25 00:34:51,532 [INFO] fl_ids.models.boosting: Continued boosting training: +50 trees on 95788 rows (now 350 trees)
2026-09-25 00:34:51,532 [INFO] fl_ids.models.boosting_update: Round 3: boosting v2 (continue) from 323 alerts ({'Normal': 323}); 0 from excluded clients ignored
2026-09-25 00:34:51,765 [WARNING] fl_ids.fl.client: Client 6: no benign validation samples to evaluate on
2026-09-25 00:34:51,781 [INFO] fl_ids.eval.simulation: Round 3: mean_val_loss=49.2586, comm_bytes=583920
2026-09-25 00:35:07,289 [WARNING] fl_ids.fl.client: Client 6: no benign validation samples to evaluate on
2026-09-25 00:35:07,302 [INFO] fl_ids.eval.simulation: Round 4: mean_val_loss=1946.4815, comm_bytes=583920
2026-09-25 00:35:19,398 [WARNING] fl_ids.fl.client: Client 6: no benign validation samples to evaluate on
2026-09-25 00:35:19,409 [INFO] fl_ids.eval.simulation: Round 5: mean_val_loss=130323.8339, comm_bytes=583920
2026-09-25 00:35:20,067 [INFO] fl_ids.fl.client: Client 0 round 6: 184 of 6009 boosting-passed rows flagged; surfacing 50
2026-09-25 00:35:22,043 [INFO] fl_ids.fl.client: Client 1 round 6: 148 of 4591 boosting-passed rows flagged; surfacing 50
2026-09-25 00:35:23,510 [INFO] fl_ids.fl.client: Client 2 round 6: 128 of 3108 boosting-passed rows flagged; surfacing 50
2026-09-25 00:35:24,462 [INFO] fl_ids.fl.client: Client 3 round 6: 15 of 191 boosting-passed rows flagged; surfacing 15
2026-09-25 00:35:24,939 [INFO] fl_ids.fl.client: Client 4 round 6: 88 of 2860 boosting-passed rows flagged; surfacing 50
2026-09-25 00:35:25,713 [INFO] fl_ids.fl.client: Client 5 round 6: 1 of 147 boosting-passed rows flagged; surfacing 1
2026-09-25 00:35:26,302 [INFO] fl_ids.fl.client: Client 7 round 6: 55 of 2262 boosting-passed rows flagged; surfacing 50
2026-09-25 00:35:28,194 [INFO] fl_ids.fl.client: Client 8 round 6: 481 of 13165 boosting-passed rows flagged; surfacing 50
2026-09-25 00:35:31,234 [INFO] fl_ids.fl.client: Client 9 round 6: 6 of 229 boosting-passed rows flagged; surfacing 6
2026-09-25 00:36:00,602 [INFO] fl_ids.models.boosting: Continued boosting training: +50 trees on 96110 rows (now 400 trees)
2026-09-25 00:36:00,603 [INFO] fl_ids.models.boosting_update: Round 6: boosting v3 (continue) from 322 alerts ({'Normal': 321, 'Vulnerability_scanner': 1}); 0 from excluded clients ignored
2026-09-25 00:36:00,872 [WARNING] fl_ids.fl.client: Client 6: no benign validation samples to evaluate on
2026-09-25 00:36:00,893 [INFO] fl_ids.eval.simulation: Round 6: mean_val_loss=6332883.4806, comm_bytes=583920
2026-09-25 00:36:17,027 [WARNING] fl_ids.fl.client: Client 6: no benign validation samples to evaluate on
2026-09-25 00:36:17,039 [INFO] fl_ids.eval.simulation: Round 7: mean_val_loss=196807865.7255, comm_bytes=583920
2026-09-25 00:36:30,337 [WARNING] fl_ids.fl.client: Client 6: no benign validation samples to evaluate on
2026-09-25 00:36:30,349 [INFO] fl_ids.eval.simulation: Round 8: mean_val_loss=4386167365.9461, comm_bytes=583920
2026-09-25 00:36:31,166 [INFO] fl_ids.fl.client: Client 0 round 9: 247 of 6007 boosting-passed rows flagged; surfacing 50
2026-09-25 00:36:33,347 [INFO] fl_ids.fl.client: Client 1 round 9: 152 of 4589 boosting-passed rows flagged; surfacing 50
2026-09-25 00:36:34,900 [INFO] fl_ids.fl.client: Client 2 round 9: 92 of 3109 boosting-passed rows flagged; surfacing 50
2026-09-25 00:36:35,910 [INFO] fl_ids.fl.client: Client 3 round 9: 15 of 184 boosting-passed rows flagged; surfacing 15
2026-09-25 00:36:36,458 [INFO] fl_ids.fl.client: Client 4 round 9: 99 of 2861 boosting-passed rows flagged; surfacing 50
2026-09-25 00:36:37,311 [INFO] fl_ids.fl.client: Client 5 round 9: 1 of 148 boosting-passed rows flagged; surfacing 1
2026-09-25 00:36:38,026 [INFO] fl_ids.fl.client: Client 7 round 9: 52 of 2257 boosting-passed rows flagged; surfacing 50
2026-09-25 00:36:40,231 [INFO] fl_ids.fl.client: Client 8 round 9: 477 of 13160 boosting-passed rows flagged; surfacing 50
2026-09-25 00:36:43,489 [INFO] fl_ids.fl.client: Client 9 round 9: 6 of 229 boosting-passed rows flagged; surfacing 6
2026-09-25 00:37:16,266 [INFO] fl_ids.models.boosting: Continued boosting training: +50 trees on 96432 rows (now 450 trees)
2026-09-25 00:37:16,266 [INFO] fl_ids.models.boosting_update: Round 9: boosting v4 (continue) from 322 alerts ({'Normal': 322}); 0 from excluded clients ignored
2026-09-25 00:37:16,774 [WARNING] fl_ids.fl.client: Client 6: no benign validation samples to evaluate on
2026-09-25 00:37:16,848 [INFO] fl_ids.eval.simulation: Round 9: mean_val_loss=70580235604.2074, comm_bytes=583920
2026-09-25 00:37:34,283 [WARNING] fl_ids.fl.client: Client 6: no benign validation samples to evaluate on
2026-09-25 00:37:34,309 [INFO] fl_ids.eval.simulation: Round 10: mean_val_loss=865740829432.3533, comm_bytes=583920
2026-09-25 00:37:49,524 [WARNING] fl_ids.fl.client: Client 6: no benign validation samples to evaluate on
2026-09-25 00:37:49,536 [INFO] fl_ids.eval.simulation: Round 11: mean_val_loss=8421926869891.5889, comm_bytes=583920
2026-09-25 00:37:50,407 [INFO] fl_ids.fl.client: Client 0 round 12: 248 of 6008 boosting-passed rows flagged; surfacing 50
2026-09-25 00:37:52,704 [INFO] fl_ids.fl.client: Client 1 round 12: 154 of 4591 boosting-passed rows flagged; surfacing 50
2026-09-25 00:37:54,397 [INFO] fl_ids.fl.client: Client 2 round 12: 90 of 3105 boosting-passed rows flagged; surfacing 50
2026-09-25 00:37:55,491 [INFO] fl_ids.fl.client: Client 3 round 12: 15 of 183 boosting-passed rows flagged; surfacing 15
2026-09-25 00:37:56,112 [INFO] fl_ids.fl.client: Client 4 round 12: 99 of 2859 boosting-passed rows flagged; surfacing 50
2026-09-25 00:37:56,987 [INFO] fl_ids.fl.client: Client 5 round 12: 1 of 147 boosting-passed rows flagged; surfacing 1
2026-09-25 00:37:57,756 [INFO] fl_ids.fl.client: Client 7 round 12: 59 of 2257 boosting-passed rows flagged; surfacing 50
2026-09-25 00:38:00,229 [INFO] fl_ids.fl.client: Client 8 round 12: 502 of 13156 boosting-passed rows flagged; surfacing 50
2026-09-25 00:38:03,513 [INFO] fl_ids.fl.client: Client 9 round 12: 6 of 228 boosting-passed rows flagged; surfacing 6
2026-09-25 00:38:42,340 [INFO] fl_ids.models.boosting: Continued boosting training: +50 trees on 96754 rows (now 500 trees)
2026-09-25 00:38:42,340 [INFO] fl_ids.models.boosting_update: Round 12: boosting v5 (continue) from 322 alerts ({'Normal': 322}); 0 from excluded clients ignored
2026-09-25 00:38:42,739 [WARNING] fl_ids.fl.client: Client 6: no benign validation samples to evaluate on
2026-09-25 00:38:42,754 [INFO] fl_ids.eval.simulation: Round 12: mean_val_loss=65215840244110.5625, comm_bytes=583920
2026-09-25 00:39:01,818 [WARNING] fl_ids.fl.client: Client 6: no benign validation samples to evaluate on
2026-09-25 00:39:01,844 [INFO] fl_ids.eval.simulation: Round 13: mean_val_loss=421068807144228.6250, comm_bytes=583920
2026-09-25 00:39:19,267 [WARNING] fl_ids.fl.client: Client 6: no benign validation samples to evaluate on
2026-09-25 00:39:19,279 [INFO] fl_ids.eval.simulation: Round 14: mean_val_loss=2301407206272178.0000, comm_bytes=583920
2026-09-25 00:39:20,363 [INFO] fl_ids.fl.client: Client 0 round 15: 247 of 6006 boosting-passed rows flagged; surfacing 50
2026-09-25 00:39:22,851 [INFO] fl_ids.fl.client: Client 1 round 15: 157 of 4589 boosting-passed rows flagged; surfacing 50
2026-09-25 00:39:24,594 [INFO] fl_ids.fl.client: Client 2 round 15: 87 of 3101 boosting-passed rows flagged; surfacing 50
2026-09-25 00:39:25,753 [INFO] fl_ids.fl.client: Client 3 round 15: 15 of 182 boosting-passed rows flagged; surfacing 15
2026-09-25 00:39:26,517 [INFO] fl_ids.fl.client: Client 4 round 15: 101 of 2860 boosting-passed rows flagged; surfacing 50
2026-09-25 00:39:27,425 [INFO] fl_ids.fl.client: Client 5 round 15: 1 of 148 boosting-passed rows flagged; surfacing 1
2026-09-25 00:39:28,321 [INFO] fl_ids.fl.client: Client 7 round 15: 60 of 2254 boosting-passed rows flagged; surfacing 50
2026-09-25 00:39:31,133 [INFO] fl_ids.fl.client: Client 8 round 15: 497 of 13157 boosting-passed rows flagged; surfacing 50
2026-09-25 00:39:34,451 [INFO] fl_ids.fl.client: Client 9 round 15: 6 of 229 boosting-passed rows flagged; surfacing 6
2026-09-25 00:40:17,198 [INFO] fl_ids.models.boosting: Continued boosting training: +50 trees on 97076 rows (now 550 trees)
2026-09-25 00:40:17,199 [INFO] fl_ids.models.boosting_update: Round 15: boosting v6 (continue) from 322 alerts ({'Normal': 322}); 0 from excluded clients ignored
2026-09-25 00:40:17,572 [WARNING] fl_ids.fl.client: Client 6: no benign validation samples to evaluate on
2026-09-25 00:40:17,594 [INFO] fl_ids.eval.simulation: Round 15: mean_val_loss=10833096836269734.0000, comm_bytes=583920
2026-09-25 00:40:37,785 [WARNING] fl_ids.fl.client: Client 6: no benign validation samples to evaluate on
2026-09-25 00:40:37,798 [INFO] fl_ids.eval.simulation: Round 16: mean_val_loss=44611215793621920.0000, comm_bytes=583920
2026-09-25 00:40:56,084 [WARNING] fl_ids.fl.client: Client 6: no benign validation samples to evaluate on
2026-09-25 00:40:56,097 [INFO] fl_ids.eval.simulation: Round 17: mean_val_loss=164391741529756224.0000, comm_bytes=583920
2026-09-25 00:40:57,292 [INFO] fl_ids.fl.client: Client 0 round 18: 246 of 6008 boosting-passed rows flagged; surfacing 50
2026-09-25 00:40:59,838 [INFO] fl_ids.fl.client: Client 1 round 18: 157 of 4587 boosting-passed rows flagged; surfacing 50
2026-09-25 00:41:01,730 [INFO] fl_ids.fl.client: Client 2 round 18: 86 of 3102 boosting-passed rows flagged; surfacing 50
2026-09-25 00:41:02,903 [INFO] fl_ids.fl.client: Client 3 round 18: 15 of 180 boosting-passed rows flagged; surfacing 15
2026-09-25 00:41:03,650 [INFO] fl_ids.fl.client: Client 4 round 18: 102 of 2858 boosting-passed rows flagged; surfacing 50
2026-09-25 00:41:04,599 [INFO] fl_ids.fl.client: Client 5 round 18: 1 of 146 boosting-passed rows flagged; surfacing 1
2026-09-25 00:41:05,521 [INFO] fl_ids.fl.client: Client 7 round 18: 61 of 2256 boosting-passed rows flagged; surfacing 50
2026-09-25 00:41:08,505 [INFO] fl_ids.fl.client: Client 8 round 18: 492 of 13154 boosting-passed rows flagged; surfacing 50
2026-09-25 00:41:11,822 [INFO] fl_ids.fl.client: Client 9 round 18: 6 of 227 boosting-passed rows flagged; surfacing 6
2026-09-25 00:41:58,862 [INFO] fl_ids.models.boosting: Continued boosting training: +50 trees on 97398 rows (now 600 trees)
2026-09-25 00:41:58,862 [INFO] fl_ids.models.boosting_update: Round 18: boosting v7 (continue) from 322 alerts ({'Normal': 322}); 0 from excluded clients ignored
2026-09-25 00:41:59,253 [WARNING] fl_ids.fl.client: Client 6: no benign validation samples to evaluate on
2026-09-25 00:41:59,273 [INFO] fl_ids.eval.simulation: Round 18: mean_val_loss=549299911142228224.0000, comm_bytes=583920
2026-09-25 00:42:21,900 [WARNING] fl_ids.fl.client: Client 6: no benign validation samples to evaluate on
2026-09-25 00:42:21,913 [INFO] fl_ids.eval.simulation: Round 19: mean_val_loss=1685432605451409664.0000, comm_bytes=583920
2026-09-25 00:42:41,847 [WARNING] fl_ids.fl.client: Client 6: no benign validation samples to evaluate on
2026-09-25 00:42:41,859 [INFO] fl_ids.eval.simulation: Round 20: mean_val_loss=4788941787962503168.0000, comm_bytes=583920
2026-09-25 00:42:41,899 [WARNING] fl_ids.eval.common: Clients [6] have no benign validation rows (infinite threshold); 220 test rows can't be flagged by the autoencoder
2026-09-25 00:42:41,948 [INFO] fl_ids.eval.zero_day: zero-day holdout=MITM run=plain_fedavg: detection_rate=0.000
2026-09-25 00:42:56,570 [WARNING] fl_ids.fl.client: Client 6: no benign validation samples to evaluate on
2026-09-25 00:42:56,582 [INFO] fl_ids.eval.simulation: Round 1: mean_val_loss=0.3159, comm_bytes=583920
2026-09-25 00:43:10,764 [WARNING] fl_ids.fl.client: Client 6: no benign validation samples to evaluate on
2026-09-25 00:43:10,776 [INFO] fl_ids.eval.simulation: Round 2: mean_val_loss=0.3777, comm_bytes=583920
2026-09-25 00:43:11,313 [INFO] fl_ids.fl.client: Client 0 round 3: 173 of 6012 boosting-passed rows flagged; surfacing 50
2026-09-25 00:43:13,229 [INFO] fl_ids.fl.client: Client 1 round 3: 178 of 4590 boosting-passed rows flagged; surfacing 50
2026-09-25 00:43:14,632 [INFO] fl_ids.fl.client: Client 2 round 3: 69 of 3110 boosting-passed rows flagged; surfacing 50
2026-09-25 00:43:15,564 [INFO] fl_ids.fl.client: Client 3 round 3: 16 of 190 boosting-passed rows flagged; surfacing 16
2026-09-25 00:43:15,977 [INFO] fl_ids.fl.client: Client 4 round 3: 118 of 2861 boosting-passed rows flagged; surfacing 50
2026-09-25 00:43:16,727 [INFO] fl_ids.fl.client: Client 5 round 3: 1 of 147 boosting-passed rows flagged; surfacing 1
2026-09-25 00:43:17,252 [INFO] fl_ids.fl.client: Client 7 round 3: 81 of 2261 boosting-passed rows flagged; surfacing 50
2026-09-25 00:43:18,966 [INFO] fl_ids.fl.client: Client 8 round 3: 474 of 13165 boosting-passed rows flagged; surfacing 50
2026-09-25 00:43:21,991 [INFO] fl_ids.fl.client: Client 9 round 3: 6 of 231 boosting-passed rows flagged; surfacing 6
2026-09-25 00:43:44,619 [INFO] fl_ids.models.boosting: Continued boosting training: +50 trees on 95788 rows (now 350 trees)
2026-09-25 00:43:44,619 [INFO] fl_ids.models.boosting_update: Round 3: boosting v2 (continue) from 323 alerts ({'Normal': 322, 'Vulnerability_scanner': 1}); 0 from excluded clients ignored
2026-09-25 00:43:44,852 [WARNING] fl_ids.fl.client: Client 6: no benign validation samples to evaluate on
2026-09-25 00:43:44,871 [INFO] fl_ids.eval.simulation: Round 3: mean_val_loss=0.7639, comm_bytes=583920
2026-09-25 00:44:00,135 [WARNING] fl_ids.fl.client: Client 6: no benign validation samples to evaluate on
2026-09-25 00:44:00,147 [INFO] fl_ids.eval.simulation: Round 4: mean_val_loss=1.7034, comm_bytes=583920
2026-09-25 00:44:14,498 [WARNING] fl_ids.fl.client: Client 6: no benign validation samples to evaluate on
2026-09-25 00:44:14,509 [INFO] fl_ids.eval.simulation: Round 5: mean_val_loss=3.5342, comm_bytes=583920
2026-09-25 00:44:15,198 [INFO] fl_ids.fl.client: Client 0 round 6: 172 of 6011 boosting-passed rows flagged; surfacing 50
2026-09-25 00:44:17,178 [INFO] fl_ids.fl.client: Client 1 round 6: 166 of 4592 boosting-passed rows flagged; surfacing 50
2026-09-25 00:44:18,642 [INFO] fl_ids.fl.client: Client 2 round 6: 50 of 3108 boosting-passed rows flagged; surfacing 50
2026-09-25 00:44:19,569 [INFO] fl_ids.fl.client: Client 3 round 6: 15 of 190 boosting-passed rows flagged; surfacing 15
2026-09-25 00:44:20,043 [INFO] fl_ids.fl.client: Client 4 round 6: 61 of 2859 boosting-passed rows flagged; surfacing 50
2026-09-25 00:44:20,827 [INFO] fl_ids.fl.client: Client 5 round 6: 1 of 149 boosting-passed rows flagged; surfacing 1
2026-09-25 00:44:21,410 [INFO] fl_ids.fl.client: Client 7 round 6: 66 of 2261 boosting-passed rows flagged; surfacing 50
2026-09-25 00:44:23,231 [INFO] fl_ids.fl.client: Client 8 round 6: 368 of 13161 boosting-passed rows flagged; surfacing 50
2026-09-25 00:44:26,301 [INFO] fl_ids.fl.client: Client 9 round 6: 2 of 231 boosting-passed rows flagged; surfacing 2
2026-09-25 00:44:53,345 [INFO] fl_ids.models.boosting: Continued boosting training: +50 trees on 96106 rows (now 400 trees)
2026-09-25 00:44:53,345 [INFO] fl_ids.models.boosting_update: Round 6: boosting v3 (continue) from 318 alerts ({'Normal': 318}); 0 from excluded clients ignored
2026-09-25 00:44:53,768 [WARNING] fl_ids.fl.client: Client 6: no benign validation samples to evaluate on
2026-09-25 00:44:53,784 [INFO] fl_ids.eval.simulation: Round 6: mean_val_loss=6.8964, comm_bytes=583920
2026-09-25 00:45:10,897 [WARNING] fl_ids.fl.client: Client 6: no benign validation samples to evaluate on
2026-09-25 00:45:10,918 [INFO] fl_ids.eval.simulation: Round 7: mean_val_loss=12.6970, comm_bytes=583920
2026-09-25 00:45:27,027 [WARNING] fl_ids.fl.client: Client 6: no benign validation samples to evaluate on
2026-09-25 00:45:27,038 [INFO] fl_ids.eval.simulation: Round 8: mean_val_loss=21.2648, comm_bytes=583920
2026-09-25 00:45:27,954 [INFO] fl_ids.fl.client: Client 0 round 9: 234 of 6007 boosting-passed rows flagged; surfacing 50
2026-09-25 00:45:30,148 [INFO] fl_ids.fl.client: Client 1 round 9: 163 of 4591 boosting-passed rows flagged; surfacing 50
2026-09-25 00:45:31,747 [INFO] fl_ids.fl.client: Client 2 round 9: 92 of 3104 boosting-passed rows flagged; surfacing 50
2026-09-25 00:45:32,738 [INFO] fl_ids.fl.client: Client 3 round 9: 17 of 188 boosting-passed rows flagged; surfacing 17
2026-09-25 00:45:33,323 [INFO] fl_ids.fl.client: Client 4 round 9: 72 of 2858 boosting-passed rows flagged; surfacing 50
2026-09-25 00:45:34,169 [INFO] fl_ids.fl.client: Client 5 round 9: 1 of 147 boosting-passed rows flagged; surfacing 1
2026-09-25 00:45:34,892 [INFO] fl_ids.fl.client: Client 7 round 9: 70 of 2259 boosting-passed rows flagged; surfacing 50
2026-09-25 00:45:37,176 [INFO] fl_ids.fl.client: Client 8 round 9: 466 of 13161 boosting-passed rows flagged; surfacing 50
2026-09-25 00:45:40,316 [INFO] fl_ids.fl.client: Client 9 round 9: 6 of 227 boosting-passed rows flagged; surfacing 6
2026-09-25 00:46:11,026 [INFO] fl_ids.models.boosting: Continued boosting training: +50 trees on 96430 rows (now 450 trees)
2026-09-25 00:46:11,027 [INFO] fl_ids.models.boosting_update: Round 9: boosting v4 (continue) from 324 alerts ({'Normal': 323, 'Vulnerability_scanner': 1}); 0 from excluded clients ignored
2026-09-25 00:46:11,320 [WARNING] fl_ids.fl.client: Client 6: no benign validation samples to evaluate on
2026-09-25 00:46:11,335 [INFO] fl_ids.eval.simulation: Round 9: mean_val_loss=33.9224, comm_bytes=583920
2026-09-25 00:46:28,635 [WARNING] fl_ids.fl.client: Client 6: no benign validation samples to evaluate on
2026-09-25 00:46:28,648 [INFO] fl_ids.eval.simulation: Round 10: mean_val_loss=53.2958, comm_bytes=583920
2026-09-25 00:46:45,641 [WARNING] fl_ids.fl.client: Client 6: no benign validation samples to evaluate on
2026-09-25 00:46:45,653 [INFO] fl_ids.eval.simulation: Round 11: mean_val_loss=81.2963, comm_bytes=583920
2026-09-25 00:46:46,540 [INFO] fl_ids.fl.client: Client 0 round 12: 194 of 6008 boosting-passed rows flagged; surfacing 50
2026-09-25 00:46:48,840 [INFO] fl_ids.fl.client: Client 1 round 12: 146 of 4589 boosting-passed rows flagged; surfacing 50
2026-09-25 00:46:50,444 [INFO] fl_ids.fl.client: Client 2 round 12: 88 of 3102 boosting-passed rows flagged; surfacing 50
2026-09-25 00:46:51,526 [INFO] fl_ids.fl.client: Client 3 round 12: 24 of 182 boosting-passed rows flagged; surfacing 24
2026-09-25 00:46:52,135 [INFO] fl_ids.fl.client: Client 4 round 12: 112 of 2857 boosting-passed rows flagged; surfacing 50
2026-09-25 00:46:53,006 [INFO] fl_ids.fl.client: Client 5 round 12: 1 of 147 boosting-passed rows flagged; surfacing 1
2026-09-25 00:46:53,770 [INFO] fl_ids.fl.client: Client 7 round 12: 69 of 2259 boosting-passed rows flagged; surfacing 50
2026-09-25 00:46:56,114 [INFO] fl_ids.fl.client: Client 8 round 12: 380 of 13160 boosting-passed rows flagged; surfacing 50
2026-09-25 00:46:59,322 [INFO] fl_ids.fl.client: Client 9 round 12: 6 of 228 boosting-passed rows flagged; surfacing 6
2026-09-25 00:47:36,300 [INFO] fl_ids.models.boosting: Continued boosting training: +50 trees on 96761 rows (now 500 trees)
2026-09-25 00:47:36,300 [INFO] fl_ids.models.boosting_update: Round 12: boosting v5 (continue) from 331 alerts ({'Normal': 323, 'Password': 1, 'SQL_injection': 2, 'Uploading': 1, 'Vulnerability_scanner': 4}); 0 from excluded clients ignored
2026-09-25 00:47:36,620 [WARNING] fl_ids.fl.client: Client 6: no benign validation samples to evaluate on
2026-09-25 00:47:36,640 [INFO] fl_ids.eval.simulation: Round 12: mean_val_loss=120.7885, comm_bytes=583920
2026-09-25 00:47:56,047 [WARNING] fl_ids.fl.client: Client 6: no benign validation samples to evaluate on
2026-09-25 00:47:56,063 [INFO] fl_ids.eval.simulation: Round 13: mean_val_loss=172.4386, comm_bytes=583920
2026-09-25 00:48:14,312 [WARNING] fl_ids.fl.client: Client 6: no benign validation samples to evaluate on
2026-09-25 00:48:14,324 [INFO] fl_ids.eval.simulation: Round 14: mean_val_loss=243.4850, comm_bytes=583920
2026-09-25 00:48:15,427 [INFO] fl_ids.fl.client: Client 0 round 15: 233 of 6008 boosting-passed rows flagged; surfacing 50
2026-09-25 00:48:17,901 [INFO] fl_ids.fl.client: Client 1 round 15: 191 of 4586 boosting-passed rows flagged; surfacing 50
2026-09-25 00:48:19,629 [INFO] fl_ids.fl.client: Client 2 round 15: 124 of 3099 boosting-passed rows flagged; surfacing 50
2026-09-25 00:48:20,778 [INFO] fl_ids.fl.client: Client 3 round 15: 22 of 184 boosting-passed rows flagged; surfacing 22
2026-09-25 00:48:21,502 [INFO] fl_ids.fl.client: Client 4 round 15: 136 of 2856 boosting-passed rows flagged; surfacing 50
2026-09-25 00:48:22,431 [INFO] fl_ids.fl.client: Client 5 round 15: 1 of 144 boosting-passed rows flagged; surfacing 1
2026-09-25 00:48:23,312 [INFO] fl_ids.fl.client: Client 7 round 15: 80 of 2258 boosting-passed rows flagged; surfacing 50
2026-09-25 00:48:26,094 [INFO] fl_ids.fl.client: Client 8 round 15: 413 of 13160 boosting-passed rows flagged; surfacing 50
2026-09-25 00:48:29,389 [INFO] fl_ids.fl.client: Client 9 round 15: 6 of 228 boosting-passed rows flagged; surfacing 6
2026-09-25 00:49:11,467 [INFO] fl_ids.models.boosting: Continued boosting training: +50 trees on 97090 rows (now 550 trees)
2026-09-25 00:49:11,468 [INFO] fl_ids.models.boosting_update: Round 15: boosting v6 (continue) from 329 alerts ({'DDoS_HTTP': 5, 'Normal': 285, 'Password': 16, 'SQL_injection': 12, 'Uploading': 4, 'Vulnerability_scanner': 5, 'XSS': 2}); 0 from excluded clients ignored
2026-09-25 00:49:11,833 [WARNING] fl_ids.fl.client: Client 6: no benign validation samples to evaluate on
2026-09-25 00:49:11,850 [INFO] fl_ids.eval.simulation: Round 15: mean_val_loss=337.1835, comm_bytes=583920
2026-09-25 00:49:32,584 [WARNING] fl_ids.fl.client: Client 6: no benign validation samples to evaluate on
2026-09-25 00:49:32,598 [INFO] fl_ids.eval.simulation: Round 16: mean_val_loss=453.2222, comm_bytes=583920
2026-09-25 00:49:51,924 [WARNING] fl_ids.fl.client: Client 6: no benign validation samples to evaluate on
2026-09-25 00:49:51,936 [INFO] fl_ids.eval.simulation: Round 17: mean_val_loss=604.8839, comm_bytes=583920
2026-09-25 00:49:53,135 [INFO] fl_ids.fl.client: Client 0 round 18: 231 of 6009 boosting-passed rows flagged; surfacing 50
2026-09-25 00:49:55,693 [INFO] fl_ids.fl.client: Client 1 round 18: 218 of 4586 boosting-passed rows flagged; surfacing 50
2026-09-25 00:49:57,499 [INFO] fl_ids.fl.client: Client 2 round 18: 193 of 3100 boosting-passed rows flagged; surfacing 50
2026-09-25 00:49:58,669 [INFO] fl_ids.fl.client: Client 3 round 18: 23 of 182 boosting-passed rows flagged; surfacing 23
2026-09-25 00:49:59,410 [INFO] fl_ids.fl.client: Client 4 round 18: 126 of 2856 boosting-passed rows flagged; surfacing 50
2026-09-25 00:50:00,417 [INFO] fl_ids.fl.client: Client 5 round 18: 15 of 143 boosting-passed rows flagged; surfacing 15
2026-09-25 00:50:01,344 [INFO] fl_ids.fl.client: Client 7 round 18: 51 of 2254 boosting-passed rows flagged; surfacing 50
2026-09-25 00:50:04,344 [INFO] fl_ids.fl.client: Client 8 round 18: 414 of 13161 boosting-passed rows flagged; surfacing 50
2026-09-25 00:50:07,689 [INFO] fl_ids.fl.client: Client 9 round 18: 6 of 229 boosting-passed rows flagged; surfacing 6
2026-09-25 00:50:56,247 [INFO] fl_ids.models.boosting: Continued boosting training: +50 trees on 97434 rows (now 600 trees)
2026-09-25 00:50:56,248 [INFO] fl_ids.models.boosting_update: Round 18: boosting v7 (continue) from 344 alerts ({'DDoS_HTTP': 9, 'Normal': 287, 'Password': 17, 'SQL_injection': 21, 'Uploading': 1, 'Vulnerability_scanner': 6, 'XSS': 3}); 0 from excluded clients ignored
2026-09-25 00:50:56,640 [WARNING] fl_ids.fl.client: Client 6: no benign validation samples to evaluate on
2026-09-25 00:50:56,658 [INFO] fl_ids.eval.simulation: Round 18: mean_val_loss=801.5162, comm_bytes=583920
2026-09-25 00:51:18,066 [WARNING] fl_ids.fl.client: Client 6: no benign validation samples to evaluate on
2026-09-25 00:51:18,079 [INFO] fl_ids.eval.simulation: Round 19: mean_val_loss=1054.2394, comm_bytes=583920
2026-09-25 00:51:34,326 [WARNING] fl_ids.fl.client: Client 6: no benign validation samples to evaluate on
2026-09-25 00:51:34,338 [INFO] fl_ids.eval.simulation: Round 20: mean_val_loss=1380.9326, comm_bytes=583920
2026-09-25 00:51:34,373 [WARNING] fl_ids.eval.common: Clients [6] have no benign validation rows (infinite threshold); 220 test rows can't be flagged by the autoencoder
2026-09-25 00:51:34,420 [INFO] fl_ids.eval.zero_day: zero-day holdout=MITM run=trimmed_mean_only: detection_rate=0.000
2026-09-25 00:51:47,847 [WARNING] fl_ids.fl.client: Client 6: no benign validation samples to evaluate on
2026-09-25 00:51:47,888 [INFO] fl_ids.eval.simulation: Round 1: mean_val_loss=0.1731, comm_bytes=583920
2026-09-25 00:52:02,739 [WARNING] fl_ids.fl.client: Client 6: no benign validation samples to evaluate on
2026-09-25 00:52:02,789 [INFO] fl_ids.eval.simulation: Round 2: mean_val_loss=0.0540, comm_bytes=583920
2026-09-25 00:52:02,837 [INFO] fl_ids.fl.client: Client 0 round 3: 485 of 7012 boosting-passed rows flagged; surfacing 50
2026-09-25 00:52:05,101 [INFO] fl_ids.fl.client: Client 1 round 3: 442 of 6835 boosting-passed rows flagged; surfacing 50
2026-09-25 00:52:07,218 [INFO] fl_ids.fl.client: Client 2 round 3: 196 of 3965 boosting-passed rows flagged; surfacing 50
2026-09-25 00:52:08,304 [INFO] fl_ids.fl.client: Client 3 round 3: 114 of 2495 boosting-passed rows flagged; surfacing 50
2026-09-25 00:52:09,288 [INFO] fl_ids.fl.client: Client 4 round 3: 395 of 4110 boosting-passed rows flagged; surfacing 50
2026-09-25 00:52:10,933 [INFO] fl_ids.fl.client: Client 5 round 3: 31 of 1053 boosting-passed rows flagged; surfacing 31
2026-09-25 00:52:11,692 [INFO] fl_ids.fl.client: Client 7 round 3: 145 of 2774 boosting-passed rows flagged; surfacing 50
2026-09-25 00:52:12,524 [INFO] fl_ids.fl.client: Client 8 round 3: 850 of 15282 boosting-passed rows flagged; surfacing 50
2026-09-25 00:52:17,254 [INFO] fl_ids.fl.client: Client 9 round 3: 28 of 761 boosting-passed rows flagged; surfacing 28
2026-09-25 00:52:36,654 [INFO] fl_ids.models.boosting: Continued boosting training: +50 trees on 95796 rows (now 350 trees)
2026-09-25 00:52:36,654 [INFO] fl_ids.models.boosting_update: Round 3: boosting v2 (continue) from 331 alerts ({'Backdoor': 2, 'DDoS_HTTP': 5, 'DDoS_ICMP': 21, 'DDoS_TCP': 21, 'DDoS_UDP': 81, 'Fingerprinting': 7, 'Normal': 91, 'Password': 22, 'Port_Scanning': 17, 'Ransomware': 2, 'SQL_injection': 14, 'Uploading': 13, 'Vulnerability_scanner': 27, 'XSS': 8}); 78 from excluded clients ignored
2026-09-25 00:52:36,828 [WARNING] fl_ids.fl.client: Client 6: no benign validation samples to evaluate on
2026-09-25 00:52:36,837 [INFO] fl_ids.eval.simulation: Round 3: mean_val_loss=0.0394, comm_bytes=583920
2026-09-25 00:52:52,276 [WARNING] fl_ids.fl.client: Client 6: no benign validation samples to evaluate on
2026-09-25 00:52:52,288 [INFO] fl_ids.eval.simulation: Round 4: mean_val_loss=0.0292, comm_bytes=583920
2026-09-25 00:53:08,212 [WARNING] fl_ids.fl.client: Client 6: no benign validation samples to evaluate on
2026-09-25 00:53:08,224 [INFO] fl_ids.eval.simulation: Round 5: mean_val_loss=0.0228, comm_bytes=583920
2026-09-25 00:53:08,305 [INFO] fl_ids.fl.client: Client 0 round 6: 628 of 7012 boosting-passed rows flagged; surfacing 50
2026-09-25 00:53:10,272 [INFO] fl_ids.fl.client: Client 1 round 6: 578 of 6835 boosting-passed rows flagged; surfacing 50
2026-09-25 00:53:12,507 [INFO] fl_ids.fl.client: Client 2 round 6: 185 of 3965 boosting-passed rows flagged; surfacing 50
2026-09-25 00:53:14,037 [INFO] fl_ids.fl.client: Client 3 round 6: 57 of 2495 boosting-passed rows flagged; surfacing 50
2026-09-25 00:53:14,770 [INFO] fl_ids.fl.client: Client 4 round 6: 299 of 4110 boosting-passed rows flagged; surfacing 50
2026-09-25 00:53:15,834 [INFO] fl_ids.fl.client: Client 5 round 6: 15 of 1053 boosting-passed rows flagged; surfacing 15
2026-09-25 00:53:16,479 [INFO] fl_ids.fl.client: Client 7 round 6: 142 of 2774 boosting-passed rows flagged; surfacing 50
2026-09-25 00:53:17,162 [INFO] fl_ids.fl.client: Client 8 round 6: 769 of 15282 boosting-passed rows flagged; surfacing 50
2026-09-25 00:53:20,675 [INFO] fl_ids.fl.client: Client 9 round 6: 7 of 761 boosting-passed rows flagged; surfacing 7
2026-09-25 00:53:45,937 [INFO] fl_ids.models.boosting: Continued boosting training: +50 trees on 96118 rows (now 400 trees)
2026-09-25 00:53:45,937 [INFO] fl_ids.models.boosting_update: Round 6: boosting v3 (continue) from 322 alerts ({'Backdoor': 1, 'DDoS_HTTP': 6, 'DDoS_ICMP': 33, 'DDoS_TCP': 10, 'DDoS_UDP': 38, 'Fingerprinting': 5, 'Normal': 121, 'Password': 22, 'Port_Scanning': 9, 'Ransomware': 3, 'SQL_injection': 23, 'Uploading': 9, 'Vulnerability_scanner': 34, 'XSS': 8}); 50 from excluded clients ignored
2026-09-25 00:53:46,393 [WARNING] fl_ids.fl.client: Client 6: no benign validation samples to evaluate on
2026-09-25 00:53:46,472 [INFO] fl_ids.eval.simulation: Round 6: mean_val_loss=0.0228, comm_bytes=583920
2026-09-25 00:54:02,952 [WARNING] fl_ids.fl.client: Client 6: no benign validation samples to evaluate on
2026-09-25 00:54:02,964 [INFO] fl_ids.eval.simulation: Round 7: mean_val_loss=0.0171, comm_bytes=583920
2026-09-25 00:54:18,647 [WARNING] fl_ids.fl.client: Client 6: no benign validation samples to evaluate on
2026-09-25 00:54:18,658 [INFO] fl_ids.eval.simulation: Round 8: mean_val_loss=0.0213, comm_bytes=583920
2026-09-25 00:54:18,734 [INFO] fl_ids.fl.client: Client 0 round 9: 650 of 7012 boosting-passed rows flagged; surfacing 50
2026-09-25 00:54:20,434 [INFO] fl_ids.fl.client: Client 1 round 9: 880 of 6835 boosting-passed rows flagged; surfacing 50
2026-09-25 00:54:22,088 [INFO] fl_ids.fl.client: Client 2 round 9: 210 of 3965 boosting-passed rows flagged; surfacing 50
2026-09-25 00:54:23,055 [INFO] fl_ids.fl.client: Client 3 round 9: 36 of 2495 boosting-passed rows flagged; surfacing 36
2026-09-25 00:54:23,691 [INFO] fl_ids.fl.client: Client 4 round 9: 289 of 4110 boosting-passed rows flagged; surfacing 50
2026-09-25 00:54:24,691 [INFO] fl_ids.fl.client: Client 5 round 9: 14 of 1053 boosting-passed rows flagged; surfacing 14
2026-09-25 00:54:25,352 [INFO] fl_ids.fl.client: Client 7 round 9: 182 of 2774 boosting-passed rows flagged; surfacing 50
2026-09-25 00:54:26,044 [INFO] fl_ids.fl.client: Client 8 round 9: 775 of 15282 boosting-passed rows flagged; surfacing 50
2026-09-25 00:54:29,560 [INFO] fl_ids.fl.client: Client 9 round 9: 14 of 761 boosting-passed rows flagged; surfacing 14
2026-09-25 00:55:00,668 [INFO] fl_ids.models.boosting: Continued boosting training: +50 trees on 96418 rows (now 450 trees)
2026-09-25 00:55:00,668 [INFO] fl_ids.models.boosting_update: Round 9: boosting v4 (continue) from 300 alerts ({'Backdoor': 1, 'DDoS_HTTP': 4, 'DDoS_ICMP': 34, 'DDoS_TCP': 13, 'DDoS_UDP': 31, 'Fingerprinting': 8, 'Normal': 106, 'Password': 9, 'Port_Scanning': 15, 'Ransomware': 5, 'SQL_injection': 22, 'Uploading': 5, 'Vulnerability_scanner': 41, 'XSS': 6}); 64 from excluded clients ignored
2026-09-25 00:55:01,049 [WARNING] fl_ids.fl.client: Client 6: no benign validation samples to evaluate on
2026-09-25 00:55:01,063 [INFO] fl_ids.eval.simulation: Round 9: mean_val_loss=0.0155, comm_bytes=583920
2026-09-25 00:55:18,395 [WARNING] fl_ids.fl.client: Client 6: no benign validation samples to evaluate on
2026-09-25 00:55:18,407 [INFO] fl_ids.eval.simulation: Round 10: mean_val_loss=0.0134, comm_bytes=583920
2026-09-25 00:55:31,751 [WARNING] fl_ids.fl.client: Client 6: no benign validation samples to evaluate on
2026-09-25 00:55:31,762 [INFO] fl_ids.eval.simulation: Round 11: mean_val_loss=0.0146, comm_bytes=583920
2026-09-25 00:55:31,844 [INFO] fl_ids.fl.client: Client 0 round 12: 588 of 7012 boosting-passed rows flagged; surfacing 50
2026-09-25 00:55:33,539 [INFO] fl_ids.fl.client: Client 1 round 12: 940 of 6835 boosting-passed rows flagged; surfacing 50
2026-09-25 00:55:35,186 [INFO] fl_ids.fl.client: Client 2 round 12: 188 of 3965 boosting-passed rows flagged; surfacing 50
2026-09-25 00:55:36,175 [INFO] fl_ids.fl.client: Client 3 round 12: 39 of 2495 boosting-passed rows flagged; surfacing 39
2026-09-25 00:55:36,819 [INFO] fl_ids.fl.client: Client 4 round 12: 297 of 4110 boosting-passed rows flagged; surfacing 50
2026-09-25 00:55:37,844 [INFO] fl_ids.fl.client: Client 5 round 12: 12 of 1053 boosting-passed rows flagged; surfacing 12
2026-09-25 00:55:38,524 [INFO] fl_ids.fl.client: Client 7 round 12: 187 of 2774 boosting-passed rows flagged; surfacing 50
2026-09-25 00:55:39,239 [INFO] fl_ids.fl.client: Client 8 round 12: 710 of 15282 boosting-passed rows flagged; surfacing 50
2026-09-25 00:55:42,902 [INFO] fl_ids.fl.client: Client 9 round 12: 17 of 761 boosting-passed rows flagged; surfacing 17
2026-09-25 00:56:21,811 [INFO] fl_ids.models.boosting: Continued boosting training: +50 trees on 96736 rows (now 500 trees)
2026-09-25 00:56:21,811 [INFO] fl_ids.models.boosting_update: Round 12: boosting v5 (continue) from 318 alerts ({'DDoS_HTTP': 10, 'DDoS_ICMP': 40, 'DDoS_TCP': 12, 'DDoS_UDP': 34, 'Fingerprinting': 4, 'Normal': 122, 'Password': 7, 'Port_Scanning': 8, 'SQL_injection': 25, 'Uploading': 7, 'Vulnerability_scanner': 41, 'XSS': 8}); 50 from excluded clients ignored
2026-09-25 00:56:22,305 [WARNING] fl_ids.fl.client: Client 6: no benign validation samples to evaluate on
2026-09-25 00:56:22,320 [INFO] fl_ids.eval.simulation: Round 12: mean_val_loss=0.0201, comm_bytes=583920
2026-09-25 00:56:38,988 [WARNING] fl_ids.fl.client: Client 6: no benign validation samples to evaluate on
2026-09-25 00:56:39,002 [INFO] fl_ids.eval.simulation: Round 13: mean_val_loss=0.0138, comm_bytes=583920
2026-09-25 00:56:51,192 [WARNING] fl_ids.fl.client: Client 6: no benign validation samples to evaluate on
2026-09-25 00:56:51,203 [INFO] fl_ids.eval.simulation: Round 14: mean_val_loss=0.0149, comm_bytes=583920
2026-09-25 00:56:51,295 [INFO] fl_ids.fl.client: Client 0 round 15: 574 of 7012 boosting-passed rows flagged; surfacing 50
2026-09-25 00:56:53,017 [INFO] fl_ids.fl.client: Client 1 round 15: 840 of 6835 boosting-passed rows flagged; surfacing 50
2026-09-25 00:56:54,684 [INFO] fl_ids.fl.client: Client 2 round 15: 204 of 3965 boosting-passed rows flagged; surfacing 50
2026-09-25 00:56:55,669 [INFO] fl_ids.fl.client: Client 3 round 15: 37 of 2495 boosting-passed rows flagged; surfacing 37
2026-09-25 00:56:56,353 [INFO] fl_ids.fl.client: Client 4 round 15: 375 of 4110 boosting-passed rows flagged; surfacing 50
2026-09-25 00:56:57,451 [INFO] fl_ids.fl.client: Client 5 round 15: 10 of 1053 boosting-passed rows flagged; surfacing 10
2026-09-25 00:56:58,161 [INFO] fl_ids.fl.client: Client 7 round 15: 172 of 2774 boosting-passed rows flagged; surfacing 50
2026-09-25 00:56:58,911 [INFO] fl_ids.fl.client: Client 8 round 15: 669 of 15282 boosting-passed rows flagged; surfacing 50
2026-09-25 00:57:02,594 [INFO] fl_ids.fl.client: Client 9 round 15: 10 of 761 boosting-passed rows flagged; surfacing 10
2026-09-25 00:57:47,567 [INFO] fl_ids.models.boosting: Continued boosting training: +50 trees on 97033 rows (now 550 trees)
2026-09-25 00:57:47,567 [INFO] fl_ids.models.boosting_update: Round 15: boosting v6 (continue) from 297 alerts ({'DDoS_HTTP': 8, 'DDoS_ICMP': 28, 'DDoS_TCP': 20, 'DDoS_UDP': 17, 'Fingerprinting': 4, 'Normal': 117, 'Password': 14, 'Port_Scanning': 18, 'Ransomware': 10, 'SQL_injection': 18, 'Uploading': 6, 'Vulnerability_scanner': 33, 'XSS': 4}); 60 from excluded clients ignored
2026-09-25 00:57:47,930 [WARNING] fl_ids.fl.client: Client 6: no benign validation samples to evaluate on
2026-09-25 00:57:47,957 [INFO] fl_ids.eval.simulation: Round 15: mean_val_loss=0.0131, comm_bytes=583920
2026-09-25 00:58:06,531 [WARNING] fl_ids.fl.client: Client 6: no benign validation samples to evaluate on
2026-09-25 00:58:06,546 [INFO] fl_ids.eval.simulation: Round 16: mean_val_loss=0.0136, comm_bytes=583920
2026-09-25 00:58:18,451 [WARNING] fl_ids.fl.client: Client 6: no benign validation samples to evaluate on
2026-09-25 00:58:18,463 [INFO] fl_ids.eval.simulation: Round 17: mean_val_loss=0.0133, comm_bytes=583920
2026-09-25 00:58:18,565 [INFO] fl_ids.fl.client: Client 0 round 18: 446 of 7012 boosting-passed rows flagged; surfacing 50
2026-09-25 00:58:20,450 [INFO] fl_ids.fl.client: Client 1 round 18: 736 of 6835 boosting-passed rows flagged; surfacing 50
2026-09-25 00:58:22,178 [INFO] fl_ids.fl.client: Client 2 round 18: 247 of 3965 boosting-passed rows flagged; surfacing 50
2026-09-25 00:58:23,209 [INFO] fl_ids.fl.client: Client 3 round 18: 57 of 2495 boosting-passed rows flagged; surfacing 50
2026-09-25 00:58:23,894 [INFO] fl_ids.fl.client: Client 4 round 18: 330 of 4110 boosting-passed rows flagged; surfacing 50
2026-09-25 00:58:24,976 [INFO] fl_ids.fl.client: Client 5 round 18: 10 of 1053 boosting-passed rows flagged; surfacing 10
2026-09-25 00:58:25,717 [INFO] fl_ids.fl.client: Client 7 round 18: 115 of 2774 boosting-passed rows flagged; surfacing 50
2026-09-25 00:58:26,500 [INFO] fl_ids.fl.client: Client 8 round 18: 574 of 15282 boosting-passed rows flagged; surfacing 50
2026-09-25 00:58:30,203 [INFO] fl_ids.fl.client: Client 9 round 18: 7 of 761 boosting-passed rows flagged; surfacing 7
2026-09-25 00:59:25,020 [INFO] fl_ids.models.boosting: Continued boosting training: +50 trees on 97300 rows (now 600 trees)
2026-09-25 00:59:25,022 [INFO] fl_ids.models.boosting_update: Round 18: boosting v7 (continue) from 267 alerts ({'DDoS_HTTP': 15, 'DDoS_ICMP': 26, 'DDoS_TCP': 10, 'DDoS_UDP': 26, 'Fingerprinting': 2, 'Normal': 108, 'Password': 12, 'Port_Scanning': 1, 'Ransomware': 2, 'SQL_injection': 28, 'Uploading': 3, 'Vulnerability_scanner': 28, 'XSS': 6}); 100 from excluded clients ignored
2026-09-25 00:59:25,421 [WARNING] fl_ids.fl.client: Client 6: no benign validation samples to evaluate on
2026-09-25 00:59:25,434 [INFO] fl_ids.eval.simulation: Round 18: mean_val_loss=0.0130, comm_bytes=583920
2026-09-25 00:59:42,338 [WARNING] fl_ids.fl.client: Client 6: no benign validation samples to evaluate on
2026-09-25 00:59:42,350 [INFO] fl_ids.eval.simulation: Round 19: mean_val_loss=0.0137, comm_bytes=583920
2026-09-25 00:59:58,896 [WARNING] fl_ids.fl.client: Client 6: no benign validation samples to evaluate on
2026-09-25 00:59:58,907 [INFO] fl_ids.eval.simulation: Round 20: mean_val_loss=0.0145, comm_bytes=583920
2026-09-25 00:59:58,946 [WARNING] fl_ids.eval.common: Clients [6] have no benign validation rows (infinite threshold); 220 test rows can't be flagged by the autoencoder
2026-09-25 00:59:58,958 [INFO] fl_ids.eval.zero_day: zero-day holdout=MITM run=autoencoder_only: detection_rate=0.874
2026-09-25 00:59:58,988 [INFO] fl_ids.eval.zero_day: zero-day holdout=MITM run=boosting_only: detection_rate=0.000
2026-09-25 01:00:01,690 [INFO] fl_ids.eval.common: Excluded classes ['Password'] from training: removed 2497 calibration rows, 1569 federated-pool rows
2026-09-25 01:00:01,691 [INFO] fl_ids.models.boosting: Training boosting classifier: 92988 samples, 15 classes, 300 rounds
2026-09-25 01:00:15,886 [WARNING] fl_ids.data.pipeline: Client 5 has zero benign validation samples (heavy Dirichlet skew or too few benign samples in its shard)
2026-09-25 01:00:15,908 [INFO] fl_ids.eval.common: Evaluation setup: 92988 calibration, 58431 federated pool (subsampled), 8761 test rows across 10 clients
2026-09-25 01:00:28,782 [WARNING] fl_ids.fl.client: Client 5: no benign validation samples to evaluate on
2026-09-25 01:00:28,804 [INFO] fl_ids.eval.simulation: Round 1: mean_val_loss=0.2898, comm_bytes=583920
2026-09-25 01:00:42,966 [WARNING] fl_ids.fl.client: Client 5: no benign validation samples to evaluate on
2026-09-25 01:00:42,980 [INFO] fl_ids.eval.simulation: Round 2: mean_val_loss=0.1064, comm_bytes=583920
2026-09-25 01:00:43,039 [INFO] fl_ids.fl.client: Client 0 round 3: 5 of 60 boosting-passed rows flagged; surfacing 5
2026-09-25 01:00:43,244 [INFO] fl_ids.fl.client: Client 1 round 3: 6 of 532 boosting-passed rows flagged; surfacing 6
2026-09-25 01:00:43,553 [INFO] fl_ids.fl.client: Client 2 round 3: 2 of 305 boosting-passed rows flagged; surfacing 2
2026-09-25 01:00:44,554 [INFO] fl_ids.fl.client: Client 3 round 3: 189 of 5647 boosting-passed rows flagged; surfacing 50
2026-09-25 01:00:47,072 [INFO] fl_ids.fl.client: Client 4 round 3: 315 of 11627 boosting-passed rows flagged; surfacing 50
2026-09-25 01:00:51,180 [INFO] fl_ids.fl.client: Client 6 round 3: 47 of 2544 boosting-passed rows flagged; surfacing 47
2026-09-25 01:00:51,877 [INFO] fl_ids.fl.client: Client 7 round 3: 12 of 311 boosting-passed rows flagged; surfacing 12
2026-09-25 01:00:52,881 [INFO] fl_ids.fl.client: Client 8 round 3: 261 of 10308 boosting-passed rows flagged; surfacing 50
2026-09-25 01:00:56,711 [INFO] fl_ids.fl.client: Client 9 round 3: 49 of 1059 boosting-passed rows flagged; surfacing 49
2026-09-25 01:01:16,322 [INFO] fl_ids.models.boosting: Continued boosting training: +50 trees on 93158 rows (now 350 trees)
2026-09-25 01:01:16,323 [INFO] fl_ids.models.boosting_update: Round 3: boosting v2 (continue) from 170 alerts ({'Normal': 169, 'Vulnerability_scanner': 1}); 101 from excluded clients ignored
2026-09-25 01:01:16,483 [WARNING] fl_ids.fl.client: Client 5: no benign validation samples to evaluate on
2026-09-25 01:01:16,494 [INFO] fl_ids.eval.simulation: Round 3: mean_val_loss=0.0273, comm_bytes=583920
2026-09-25 01:01:27,838 [WARNING] fl_ids.fl.client: Client 5: no benign validation samples to evaluate on
2026-09-25 01:01:27,850 [INFO] fl_ids.eval.simulation: Round 4: mean_val_loss=0.0165, comm_bytes=583920
2026-09-25 01:01:43,001 [WARNING] fl_ids.fl.client: Client 5: no benign validation samples to evaluate on
2026-09-25 01:01:43,015 [INFO] fl_ids.eval.simulation: Round 5: mean_val_loss=0.0167, comm_bytes=583920
2026-09-25 01:01:43,097 [INFO] fl_ids.fl.client: Client 0 round 6: 7 of 61 boosting-passed rows flagged; surfacing 7
2026-09-25 01:01:43,306 [INFO] fl_ids.fl.client: Client 1 round 6: 28 of 530 boosting-passed rows flagged; surfacing 28
2026-09-25 01:01:43,582 [INFO] fl_ids.fl.client: Client 2 round 6: 5 of 304 boosting-passed rows flagged; surfacing 5
2026-09-25 01:01:44,354 [INFO] fl_ids.fl.client: Client 3 round 6: 159 of 5643 boosting-passed rows flagged; surfacing 50
2026-09-25 01:01:47,752 [INFO] fl_ids.fl.client: Client 4 round 6: 433 of 11624 boosting-passed rows flagged; surfacing 50
2026-09-25 01:01:52,242 [INFO] fl_ids.fl.client: Client 6 round 6: 77 of 2543 boosting-passed rows flagged; surfacing 50
2026-09-25 01:01:53,127 [INFO] fl_ids.fl.client: Client 7 round 6: 10 of 311 boosting-passed rows flagged; surfacing 10
2026-09-25 01:01:54,132 [INFO] fl_ids.fl.client: Client 8 round 6: 327 of 10309 boosting-passed rows flagged; surfacing 50
2026-09-25 01:01:57,989 [INFO] fl_ids.fl.client: Client 9 round 6: 22 of 1058 boosting-passed rows flagged; surfacing 22
2026-09-25 01:02:22,486 [INFO] fl_ids.models.boosting: Continued boosting training: +50 trees on 93351 rows (now 400 trees)
2026-09-25 01:02:22,486 [INFO] fl_ids.models.boosting_update: Round 6: boosting v3 (continue) from 193 alerts ({'Backdoor': 1, 'Normal': 179, 'Port_Scanning': 6, 'Uploading': 6, 'Vulnerability_scanner': 1}); 79 from excluded clients ignored
2026-09-25 01:02:22,670 [WARNING] fl_ids.fl.client: Client 5: no benign validation samples to evaluate on
2026-09-25 01:02:22,681 [INFO] fl_ids.eval.simulation: Round 6: mean_val_loss=0.0156, comm_bytes=583920
2026-09-25 01:02:35,136 [WARNING] fl_ids.fl.client: Client 5: no benign validation samples to evaluate on
2026-09-25 01:02:35,149 [INFO] fl_ids.eval.simulation: Round 7: mean_val_loss=0.0189, comm_bytes=583920
2026-09-25 01:02:48,570 [WARNING] fl_ids.fl.client: Client 5: no benign validation samples to evaluate on
2026-09-25 01:02:48,584 [INFO] fl_ids.eval.simulation: Round 8: mean_val_loss=0.0164, comm_bytes=583920
2026-09-25 01:02:48,678 [INFO] fl_ids.fl.client: Client 0 round 9: 5 of 56 boosting-passed rows flagged; surfacing 5
2026-09-25 01:02:48,924 [INFO] fl_ids.fl.client: Client 1 round 9: 26 of 528 boosting-passed rows flagged; surfacing 26
2026-09-25 01:02:49,366 [INFO] fl_ids.fl.client: Client 2 round 9: 5 of 301 boosting-passed rows flagged; surfacing 5
2026-09-25 01:02:50,319 [INFO] fl_ids.fl.client: Client 3 round 9: 185 of 5644 boosting-passed rows flagged; surfacing 50
2026-09-25 01:02:53,440 [INFO] fl_ids.fl.client: Client 4 round 9: 409 of 11625 boosting-passed rows flagged; surfacing 50
2026-09-25 01:02:57,717 [INFO] fl_ids.fl.client: Client 6 round 9: 68 of 2542 boosting-passed rows flagged; surfacing 50
2026-09-25 01:02:59,017 [INFO] fl_ids.fl.client: Client 7 round 9: 11 of 312 boosting-passed rows flagged; surfacing 11
2026-09-25 01:03:00,178 [INFO] fl_ids.fl.client: Client 8 round 9: 333 of 10305 boosting-passed rows flagged; surfacing 50
2026-09-25 01:03:03,868 [INFO] fl_ids.fl.client: Client 9 round 9: 22 of 1051 boosting-passed rows flagged; surfacing 22
2026-09-25 01:03:34,939 [INFO] fl_ids.models.boosting: Continued boosting training: +50 trees on 93565 rows (now 450 trees)
2026-09-25 01:03:34,940 [INFO] fl_ids.models.boosting_update: Round 9: boosting v4 (continue) from 214 alerts ({'Normal': 201, 'Port_Scanning': 3, 'Uploading': 9, 'Vulnerability_scanner': 1}); 55 from excluded clients ignored
2026-09-25 01:03:35,148 [WARNING] fl_ids.fl.client: Client 5: no benign validation samples to evaluate on
2026-09-25 01:03:35,158 [INFO] fl_ids.eval.simulation: Round 9: mean_val_loss=0.0179, comm_bytes=583920
2026-09-25 01:03:48,339 [WARNING] fl_ids.fl.client: Client 5: no benign validation samples to evaluate on
2026-09-25 01:03:48,352 [INFO] fl_ids.eval.simulation: Round 10: mean_val_loss=0.0228, comm_bytes=583920
2026-09-25 01:04:01,833 [WARNING] fl_ids.fl.client: Client 5: no benign validation samples to evaluate on
2026-09-25 01:04:01,846 [INFO] fl_ids.eval.simulation: Round 11: mean_val_loss=0.0136, comm_bytes=583920
2026-09-25 01:04:01,949 [INFO] fl_ids.fl.client: Client 0 round 12: 6 of 53 boosting-passed rows flagged; surfacing 6
2026-09-25 01:04:02,265 [INFO] fl_ids.fl.client: Client 1 round 12: 27 of 527 boosting-passed rows flagged; surfacing 27
2026-09-25 01:04:02,590 [INFO] fl_ids.fl.client: Client 2 round 12: 5 of 299 boosting-passed rows flagged; surfacing 5
2026-09-25 01:04:03,566 [INFO] fl_ids.fl.client: Client 3 round 12: 176 of 5643 boosting-passed rows flagged; surfacing 50
2026-09-25 01:04:06,494 [INFO] fl_ids.fl.client: Client 4 round 12: 375 of 11625 boosting-passed rows flagged; surfacing 50
2026-09-25 01:04:09,632 [INFO] fl_ids.fl.client: Client 6 round 12: 83 of 2540 boosting-passed rows flagged; surfacing 50
2026-09-25 01:04:10,373 [INFO] fl_ids.fl.client: Client 7 round 12: 13 of 309 boosting-passed rows flagged; surfacing 13
2026-09-25 01:04:12,687 [INFO] fl_ids.fl.client: Client 8 round 12: 344 of 10306 boosting-passed rows flagged; surfacing 50
2026-09-25 01:04:16,132 [INFO] fl_ids.fl.client: Client 9 round 12: 24 of 1050 boosting-passed rows flagged; surfacing 24
2026-09-25 01:04:56,553 [INFO] fl_ids.models.boosting: Continued boosting training: +50 trees on 93834 rows (now 500 trees)
2026-09-25 01:04:56,553 [INFO] fl_ids.models.boosting_update: Round 12: boosting v5 (continue) from 269 alerts ({'Backdoor': 1, 'DDoS_HTTP': 1, 'Normal': 257, 'Port_Scanning': 6, 'Uploading': 4}); 6 from excluded clients ignored
2026-09-25 01:04:56,789 [WARNING] fl_ids.fl.client: Client 5: no benign validation samples to evaluate on
2026-09-25 01:04:56,800 [INFO] fl_ids.eval.simulation: Round 12: mean_val_loss=0.0209, comm_bytes=583920
2026-09-25 01:05:10,987 [WARNING] fl_ids.fl.client: Client 5: no benign validation samples to evaluate on
2026-09-25 01:05:11,001 [INFO] fl_ids.eval.simulation: Round 13: mean_val_loss=0.0246, comm_bytes=583920
2026-09-25 01:05:25,222 [WARNING] fl_ids.fl.client: Client 5: no benign validation samples to evaluate on
2026-09-25 01:05:25,234 [INFO] fl_ids.eval.simulation: Round 14: mean_val_loss=0.0150, comm_bytes=583920
2026-09-25 01:05:25,348 [INFO] fl_ids.fl.client: Client 0 round 15: 7 of 55 boosting-passed rows flagged; surfacing 7
2026-09-25 01:05:25,707 [INFO] fl_ids.fl.client: Client 1 round 15: 22 of 525 boosting-passed rows flagged; surfacing 22
2026-09-25 01:05:26,069 [INFO] fl_ids.fl.client: Client 2 round 15: 5 of 299 boosting-passed rows flagged; surfacing 5
2026-09-25 01:05:27,215 [INFO] fl_ids.fl.client: Client 3 round 15: 178 of 5643 boosting-passed rows flagged; surfacing 50
2026-09-25 01:05:30,387 [INFO] fl_ids.fl.client: Client 4 round 15: 354 of 11621 boosting-passed rows flagged; surfacing 50
2026-09-25 01:05:33,744 [INFO] fl_ids.fl.client: Client 6 round 15: 70 of 2537 boosting-passed rows flagged; surfacing 50
2026-09-25 01:05:34,532 [INFO] fl_ids.fl.client: Client 7 round 15: 12 of 304 boosting-passed rows flagged; surfacing 12
2026-09-25 01:05:36,312 [INFO] fl_ids.fl.client: Client 8 round 15: 291 of 10303 boosting-passed rows flagged; surfacing 50
2026-09-25 01:05:39,108 [INFO] fl_ids.fl.client: Client 9 round 15: 24 of 1051 boosting-passed rows flagged; surfacing 24
2026-09-25 01:06:23,438 [INFO] fl_ids.models.boosting: Continued boosting training: +50 trees on 94104 rows (now 550 trees)
2026-09-25 01:06:23,438 [INFO] fl_ids.models.boosting_update: Round 15: boosting v6 (continue) from 270 alerts ({'Backdoor': 1, 'Normal': 252, 'Port_Scanning': 11, 'SQL_injection': 1, 'Uploading': 4, 'XSS': 1}); 0 from excluded clients ignored
2026-09-25 01:06:23,758 [WARNING] fl_ids.fl.client: Client 5: no benign validation samples to evaluate on
2026-09-25 01:06:23,781 [INFO] fl_ids.eval.simulation: Round 15: mean_val_loss=0.0183, comm_bytes=583920
2026-09-25 01:06:40,654 [WARNING] fl_ids.fl.client: Client 5: no benign validation samples to evaluate on
2026-09-25 01:06:40,668 [INFO] fl_ids.eval.simulation: Round 16: mean_val_loss=0.0247, comm_bytes=583920
2026-09-25 01:06:55,550 [WARNING] fl_ids.fl.client: Client 5: no benign validation samples to evaluate on
2026-09-25 01:06:55,563 [INFO] fl_ids.eval.simulation: Round 17: mean_val_loss=0.0113, comm_bytes=583920
2026-09-25 01:06:55,693 [INFO] fl_ids.fl.client: Client 0 round 18: 7 of 53 boosting-passed rows flagged; surfacing 7
2026-09-25 01:06:56,083 [INFO] fl_ids.fl.client: Client 1 round 18: 26 of 526 boosting-passed rows flagged; surfacing 26
2026-09-25 01:06:56,457 [INFO] fl_ids.fl.client: Client 2 round 18: 5 of 300 boosting-passed rows flagged; surfacing 5
2026-09-25 01:06:57,692 [INFO] fl_ids.fl.client: Client 3 round 18: 167 of 5641 boosting-passed rows flagged; surfacing 50
2026-09-25 01:07:01,103 [INFO] fl_ids.fl.client: Client 4 round 18: 347 of 11619 boosting-passed rows flagged; surfacing 50
2026-09-25 01:07:04,557 [INFO] fl_ids.fl.client: Client 6 round 18: 85 of 2531 boosting-passed rows flagged; surfacing 50
2026-09-25 01:07:05,389 [INFO] fl_ids.fl.client: Client 7 round 18: 15 of 304 boosting-passed rows flagged; surfacing 15
2026-09-25 01:07:07,381 [INFO] fl_ids.fl.client: Client 8 round 18: 291 of 10299 boosting-passed rows flagged; surfacing 50
2026-09-25 01:07:10,182 [INFO] fl_ids.fl.client: Client 9 round 18: 25 of 1048 boosting-passed rows flagged; surfacing 25
2026-09-25 01:07:56,151 [INFO] fl_ids.models.boosting: Continued boosting training: +50 trees on 94375 rows (now 600 trees)
2026-09-25 01:07:56,151 [INFO] fl_ids.models.boosting_update: Round 18: boosting v7 (continue) from 271 alerts ({'Backdoor': 1, 'Normal': 264, 'Port_Scanning': 1, 'Uploading': 5}); 7 from excluded clients ignored
2026-09-25 01:07:56,566 [WARNING] fl_ids.fl.client: Client 5: no benign validation samples to evaluate on
2026-09-25 01:07:56,624 [INFO] fl_ids.eval.simulation: Round 18: mean_val_loss=0.0165, comm_bytes=583920
2026-09-25 01:08:15,509 [WARNING] fl_ids.fl.client: Client 5: no benign validation samples to evaluate on
2026-09-25 01:08:15,523 [INFO] fl_ids.eval.simulation: Round 19: mean_val_loss=0.0240, comm_bytes=583920
2026-09-25 01:08:34,378 [WARNING] fl_ids.fl.client: Client 5: no benign validation samples to evaluate on
2026-09-25 01:08:34,393 [INFO] fl_ids.eval.simulation: Round 20: mean_val_loss=0.0149, comm_bytes=583920
2026-09-25 01:08:34,436 [WARNING] fl_ids.eval.common: Clients [5] have no benign validation rows (infinite threshold); 127 test rows can't be flagged by the autoencoder
2026-09-25 01:08:35,219 [INFO] fl_ids.eval.zero_day: zero-day holdout=Password run=full_pipeline: detection_rate=0.423
2026-09-25 01:08:48,721 [WARNING] fl_ids.fl.client: Client 5: no benign validation samples to evaluate on
2026-09-25 01:08:48,743 [INFO] fl_ids.eval.simulation: Round 1: mean_val_loss=0.3894, comm_bytes=583920
2026-09-25 01:08:59,727 [WARNING] fl_ids.fl.client: Client 5: no benign validation samples to evaluate on
2026-09-25 01:08:59,739 [INFO] fl_ids.eval.simulation: Round 2: mean_val_loss=0.9963, comm_bytes=583920
2026-09-25 01:08:59,806 [INFO] fl_ids.fl.client: Client 0 round 3: 5 of 60 boosting-passed rows flagged; surfacing 5
2026-09-25 01:09:00,040 [INFO] fl_ids.fl.client: Client 1 round 3: 7 of 532 boosting-passed rows flagged; surfacing 7
2026-09-25 01:09:00,305 [INFO] fl_ids.fl.client: Client 2 round 3: 0 of 305 boosting-passed rows flagged; surfacing 0
2026-09-25 01:09:01,064 [INFO] fl_ids.fl.client: Client 3 round 3: 138 of 5647 boosting-passed rows flagged; surfacing 50
2026-09-25 01:09:03,325 [INFO] fl_ids.fl.client: Client 4 round 3: 356 of 11627 boosting-passed rows flagged; surfacing 50
2026-09-25 01:09:06,304 [INFO] fl_ids.fl.client: Client 6 round 3: 108 of 2544 boosting-passed rows flagged; surfacing 50
2026-09-25 01:09:06,982 [INFO] fl_ids.fl.client: Client 7 round 3: 9 of 311 boosting-passed rows flagged; surfacing 9
2026-09-25 01:09:08,001 [INFO] fl_ids.fl.client: Client 8 round 3: 335 of 10308 boosting-passed rows flagged; surfacing 50
2026-09-25 01:09:10,460 [INFO] fl_ids.fl.client: Client 9 round 3: 36 of 1059 boosting-passed rows flagged; surfacing 36
2026-09-25 01:09:33,698 [INFO] fl_ids.models.boosting: Continued boosting training: +50 trees on 93245 rows (now 350 trees)
2026-09-25 01:09:33,698 [INFO] fl_ids.models.boosting_update: Round 3: boosting v2 (continue) from 257 alerts ({'Normal': 257}); 0 from excluded clients ignored
2026-09-25 01:09:33,887 [WARNING] fl_ids.fl.client: Client 5: no benign validation samples to evaluate on
2026-09-25 01:09:33,901 [INFO] fl_ids.eval.simulation: Round 3: mean_val_loss=6.9014, comm_bytes=583920
2026-09-25 01:09:48,939 [WARNING] fl_ids.fl.client: Client 5: no benign validation samples to evaluate on
2026-09-25 01:09:48,953 [INFO] fl_ids.eval.simulation: Round 4: mean_val_loss=158.8566, comm_bytes=583920
2026-09-25 01:10:01,137 [WARNING] fl_ids.fl.client: Client 5: no benign validation samples to evaluate on
2026-09-25 01:10:01,150 [INFO] fl_ids.eval.simulation: Round 5: mean_val_loss=6987.7251, comm_bytes=583920
2026-09-25 01:10:01,226 [INFO] fl_ids.fl.client: Client 0 round 6: 6 of 59 boosting-passed rows flagged; surfacing 6
2026-09-25 01:10:01,465 [INFO] fl_ids.fl.client: Client 1 round 6: 3 of 530 boosting-passed rows flagged; surfacing 3
2026-09-25 01:10:01,740 [INFO] fl_ids.fl.client: Client 2 round 6: 2 of 305 boosting-passed rows flagged; surfacing 2
2026-09-25 01:10:02,497 [INFO] fl_ids.fl.client: Client 3 round 6: 132 of 5646 boosting-passed rows flagged; surfacing 50
2026-09-25 01:10:04,904 [INFO] fl_ids.fl.client: Client 4 round 6: 369 of 11627 boosting-passed rows flagged; surfacing 50
2026-09-25 01:10:07,923 [INFO] fl_ids.fl.client: Client 6 round 6: 48 of 2545 boosting-passed rows flagged; surfacing 48
2026-09-25 01:10:08,599 [INFO] fl_ids.fl.client: Client 7 round 6: 5 of 309 boosting-passed rows flagged; surfacing 5
2026-09-25 01:10:09,689 [INFO] fl_ids.fl.client: Client 8 round 6: 289 of 10307 boosting-passed rows flagged; surfacing 50
2026-09-25 01:10:12,237 [INFO] fl_ids.fl.client: Client 9 round 6: 51 of 1058 boosting-passed rows flagged; surfacing 50
2026-09-25 01:10:38,499 [INFO] fl_ids.models.boosting: Continued boosting training: +50 trees on 93509 rows (now 400 trees)
2026-09-25 01:10:38,499 [INFO] fl_ids.models.boosting_update: Round 6: boosting v3 (continue) from 264 alerts ({'Normal': 264}); 0 from excluded clients ignored
2026-09-25 01:10:38,798 [WARNING] fl_ids.fl.client: Client 5: no benign validation samples to evaluate on
2026-09-25 01:10:38,820 [INFO] fl_ids.eval.simulation: Round 6: mean_val_loss=213128.2495, comm_bytes=583920
2026-09-25 01:10:54,794 [WARNING] fl_ids.fl.client: Client 5: no benign validation samples to evaluate on
2026-09-25 01:10:54,830 [INFO] fl_ids.eval.simulation: Round 7: mean_val_loss=4827578.5618, comm_bytes=583920
2026-09-25 01:11:09,414 [WARNING] fl_ids.fl.client: Client 5: no benign validation samples to evaluate on
2026-09-25 01:11:09,427 [INFO] fl_ids.eval.simulation: Round 8: mean_val_loss=77198268.7454, comm_bytes=583920
2026-09-25 01:11:09,519 [INFO] fl_ids.fl.client: Client 0 round 9: 5 of 55 boosting-passed rows flagged; surfacing 5
2026-09-25 01:11:09,801 [INFO] fl_ids.fl.client: Client 1 round 9: 5 of 528 boosting-passed rows flagged; surfacing 5
2026-09-25 01:11:10,096 [INFO] fl_ids.fl.client: Client 2 round 9: 2 of 301 boosting-passed rows flagged; surfacing 2
2026-09-25 01:11:11,058 [INFO] fl_ids.fl.client: Client 3 round 9: 142 of 5645 boosting-passed rows flagged; surfacing 50
2026-09-25 01:11:13,748 [INFO] fl_ids.fl.client: Client 4 round 9: 362 of 11625 boosting-passed rows flagged; surfacing 50
2026-09-25 01:11:16,883 [INFO] fl_ids.fl.client: Client 6 round 9: 51 of 2542 boosting-passed rows flagged; surfacing 50
2026-09-25 01:11:17,597 [INFO] fl_ids.fl.client: Client 7 round 9: 9 of 311 boosting-passed rows flagged; surfacing 9
2026-09-25 01:11:18,980 [INFO] fl_ids.fl.client: Client 8 round 9: 331 of 10304 boosting-passed rows flagged; surfacing 50
2026-09-25 01:11:21,572 [INFO] fl_ids.fl.client: Client 9 round 9: 47 of 1051 boosting-passed rows flagged; surfacing 47
2026-09-25 01:11:49,840 [INFO] fl_ids.models.boosting: Continued boosting training: +50 trees on 93777 rows (now 450 trees)
2026-09-25 01:11:49,841 [INFO] fl_ids.models.boosting_update: Round 9: boosting v4 (continue) from 268 alerts ({'Normal': 268}); 0 from excluded clients ignored
2026-09-25 01:11:50,141 [WARNING] fl_ids.fl.client: Client 5: no benign validation samples to evaluate on
2026-09-25 01:11:50,155 [INFO] fl_ids.eval.simulation: Round 9: mean_val_loss=850679692.2553, comm_bytes=583920
2026-09-25 01:12:07,006 [WARNING] fl_ids.fl.client: Client 5: no benign validation samples to evaluate on
2026-09-25 01:12:07,020 [INFO] fl_ids.eval.simulation: Round 10: mean_val_loss=6656319511.2898, comm_bytes=583920
2026-09-25 01:12:22,388 [WARNING] fl_ids.fl.client: Client 5: no benign validation samples to evaluate on
2026-09-25 01:12:22,406 [INFO] fl_ids.eval.simulation: Round 11: mean_val_loss=41081359946.0015, comm_bytes=583920
2026-09-25 01:12:22,494 [INFO] fl_ids.fl.client: Client 0 round 12: 5 of 50 boosting-passed rows flagged; surfacing 5
2026-09-25 01:12:22,756 [INFO] fl_ids.fl.client: Client 1 round 12: 4 of 526 boosting-passed rows flagged; surfacing 4
2026-09-25 01:12:23,048 [INFO] fl_ids.fl.client: Client 2 round 12: 2 of 300 boosting-passed rows flagged; surfacing 2
2026-09-25 01:12:23,882 [INFO] fl_ids.fl.client: Client 3 round 12: 150 of 5645 boosting-passed rows flagged; surfacing 50
2026-09-25 01:12:26,850 [INFO] fl_ids.fl.client: Client 4 round 12: 381 of 11620 boosting-passed rows flagged; surfacing 50
2026-09-25 01:12:30,127 [INFO] fl_ids.fl.client: Client 6 round 12: 84 of 2542 boosting-passed rows flagged; surfacing 50
2026-09-25 01:12:30,879 [INFO] fl_ids.fl.client: Client 7 round 12: 9 of 308 boosting-passed rows flagged; surfacing 9
2026-09-25 01:12:32,314 [INFO] fl_ids.fl.client: Client 8 round 12: 289 of 10304 boosting-passed rows flagged; surfacing 50
2026-09-25 01:12:34,988 [INFO] fl_ids.fl.client: Client 9 round 12: 42 of 1050 boosting-passed rows flagged; surfacing 42
2026-09-25 01:13:05,873 [INFO] fl_ids.models.boosting: Continued boosting training: +50 trees on 94039 rows (now 500 trees)
2026-09-25 01:13:05,873 [INFO] fl_ids.models.boosting_update: Round 12: boosting v5 (continue) from 262 alerts ({'Normal': 262}); 0 from excluded clients ignored
2026-09-25 01:13:06,193 [WARNING] fl_ids.fl.client: Client 5: no benign validation samples to evaluate on
2026-09-25 01:13:06,224 [INFO] fl_ids.eval.simulation: Round 12: mean_val_loss=203369525521.4673, comm_bytes=583920
2026-09-25 01:13:24,267 [WARNING] fl_ids.fl.client: Client 5: no benign validation samples to evaluate on
2026-09-25 01:13:24,281 [INFO] fl_ids.eval.simulation: Round 13: mean_val_loss=833946450309.1650, comm_bytes=583920
2026-09-25 01:13:41,247 [WARNING] fl_ids.fl.client: Client 5: no benign validation samples to evaluate on
2026-09-25 01:13:41,284 [INFO] fl_ids.eval.simulation: Round 14: mean_val_loss=2920582469582.4150, comm_bytes=583920
2026-09-25 01:13:41,505 [INFO] fl_ids.fl.client: Client 0 round 15: 5 of 49 boosting-passed rows flagged; surfacing 5
2026-09-25 01:13:42,267 [INFO] fl_ids.fl.client: Client 1 round 15: 6 of 525 boosting-passed rows flagged; surfacing 6
2026-09-25 01:13:42,718 [INFO] fl_ids.fl.client: Client 2 round 15: 1 of 299 boosting-passed rows flagged; surfacing 1
2026-09-25 01:13:43,728 [INFO] fl_ids.fl.client: Client 3 round 15: 133 of 5644 boosting-passed rows flagged; surfacing 50
2026-09-25 01:13:47,192 [INFO] fl_ids.fl.client: Client 4 round 15: 361 of 11621 boosting-passed rows flagged; surfacing 50
2026-09-25 01:13:51,924 [INFO] fl_ids.fl.client: Client 6 round 15: 106 of 2542 boosting-passed rows flagged; surfacing 50
2026-09-25 01:13:52,893 [INFO] fl_ids.fl.client: Client 7 round 15: 9 of 305 boosting-passed rows flagged; surfacing 9
2026-09-25 01:13:54,684 [INFO] fl_ids.fl.client: Client 8 round 15: 317 of 10305 boosting-passed rows flagged; surfacing 50
2026-09-25 01:13:57,524 [INFO] fl_ids.fl.client: Client 9 round 15: 42 of 1052 boosting-passed rows flagged; surfacing 42
2026-09-25 01:14:31,772 [INFO] fl_ids.models.boosting: Continued boosting training: +50 trees on 94302 rows (now 550 trees)
2026-09-25 01:14:31,773 [INFO] fl_ids.models.boosting_update: Round 15: boosting v6 (continue) from 263 alerts ({'Normal': 263}); 0 from excluded clients ignored
2026-09-25 01:14:32,092 [WARNING] fl_ids.fl.client: Client 5: no benign validation samples to evaluate on
2026-09-25 01:14:32,115 [INFO] fl_ids.eval.simulation: Round 15: mean_val_loss=9058768206153.0625, comm_bytes=583920
2026-09-25 01:14:51,988 [WARNING] fl_ids.fl.client: Client 5: no benign validation samples to evaluate on
2026-09-25 01:14:52,001 [INFO] fl_ids.eval.simulation: Round 16: mean_val_loss=25172856041456.9727, comm_bytes=583920
2026-09-25 01:15:11,636 [WARNING] fl_ids.fl.client: Client 5: no benign validation samples to evaluate on
2026-09-25 01:15:11,649 [INFO] fl_ids.eval.simulation: Round 17: mean_val_loss=63801072209273.8984, comm_bytes=583920
2026-09-25 01:15:11,754 [INFO] fl_ids.fl.client: Client 0 round 18: 5 of 46 boosting-passed rows flagged; surfacing 5
2026-09-25 01:15:12,058 [INFO] fl_ids.fl.client: Client 1 round 18: 6 of 525 boosting-passed rows flagged; surfacing 6
2026-09-25 01:15:12,416 [INFO] fl_ids.fl.client: Client 2 round 18: 1 of 299 boosting-passed rows flagged; surfacing 1
2026-09-25 01:15:13,751 [INFO] fl_ids.fl.client: Client 3 round 18: 134 of 5643 boosting-passed rows flagged; surfacing 50
2026-09-25 01:15:19,278 [INFO] fl_ids.fl.client: Client 4 round 18: 361 of 11621 boosting-passed rows flagged; surfacing 50
2026-09-25 01:15:23,695 [INFO] fl_ids.fl.client: Client 6 round 18: 99 of 2540 boosting-passed rows flagged; surfacing 50
2026-09-25 01:15:24,614 [INFO] fl_ids.fl.client: Client 7 round 18: 9 of 301 boosting-passed rows flagged; surfacing 9
2026-09-25 01:15:27,296 [INFO] fl_ids.fl.client: Client 8 round 18: 331 of 10306 boosting-passed rows flagged; surfacing 50
2026-09-25 01:15:30,486 [INFO] fl_ids.fl.client: Client 9 round 18: 40 of 1050 boosting-passed rows flagged; surfacing 40
2026-09-25 01:16:09,334 [INFO] fl_ids.models.boosting: Continued boosting training: +50 trees on 94563 rows (now 600 trees)
2026-09-25 01:16:09,335 [INFO] fl_ids.models.boosting_update: Round 18: boosting v7 (continue) from 261 alerts ({'Normal': 261}); 0 from excluded clients ignored
2026-09-25 01:16:09,606 [WARNING] fl_ids.fl.client: Client 5: no benign validation samples to evaluate on
2026-09-25 01:16:09,617 [INFO] fl_ids.eval.simulation: Round 18: mean_val_loss=148837350219156.9375, comm_bytes=583920
2026-09-25 01:16:31,044 [WARNING] fl_ids.fl.client: Client 5: no benign validation samples to evaluate on
2026-09-25 01:16:31,060 [INFO] fl_ids.eval.simulation: Round 19: mean_val_loss=326462795161870.4375, comm_bytes=583920
2026-09-25 01:16:52,844 [WARNING] fl_ids.fl.client: Client 5: no benign validation samples to evaluate on
2026-09-25 01:16:52,860 [INFO] fl_ids.eval.simulation: Round 20: mean_val_loss=672807590149699.2500, comm_bytes=583920
2026-09-25 01:16:52,889 [WARNING] fl_ids.eval.common: Clients [5] have no benign validation rows (infinite threshold); 127 test rows can't be flagged by the autoencoder
2026-09-25 01:16:53,861 [INFO] fl_ids.eval.zero_day: zero-day holdout=Password run=plain_fedavg: detection_rate=0.371
2026-09-25 01:17:09,088 [WARNING] fl_ids.fl.client: Client 5: no benign validation samples to evaluate on
2026-09-25 01:17:09,101 [INFO] fl_ids.eval.simulation: Round 1: mean_val_loss=0.3381, comm_bytes=583920
2026-09-25 01:17:23,202 [WARNING] fl_ids.fl.client: Client 5: no benign validation samples to evaluate on
2026-09-25 01:17:23,217 [INFO] fl_ids.eval.simulation: Round 2: mean_val_loss=0.3433, comm_bytes=583920
2026-09-25 01:17:23,283 [INFO] fl_ids.fl.client: Client 0 round 3: 5 of 60 boosting-passed rows flagged; surfacing 5
2026-09-25 01:17:23,464 [INFO] fl_ids.fl.client: Client 1 round 3: 6 of 532 boosting-passed rows flagged; surfacing 6
2026-09-25 01:17:23,756 [INFO] fl_ids.fl.client: Client 2 round 3: 0 of 305 boosting-passed rows flagged; surfacing 0
2026-09-25 01:17:24,347 [INFO] fl_ids.fl.client: Client 3 round 3: 203 of 5647 boosting-passed rows flagged; surfacing 50
2026-09-25 01:17:27,249 [INFO] fl_ids.fl.client: Client 4 round 3: 329 of 11627 boosting-passed rows flagged; surfacing 50
2026-09-25 01:17:31,280 [INFO] fl_ids.fl.client: Client 6 round 3: 81 of 2544 boosting-passed rows flagged; surfacing 50
2026-09-25 01:17:32,154 [INFO] fl_ids.fl.client: Client 7 round 3: 9 of 311 boosting-passed rows flagged; surfacing 9
2026-09-25 01:17:33,482 [INFO] fl_ids.fl.client: Client 8 round 3: 297 of 10308 boosting-passed rows flagged; surfacing 50
2026-09-25 01:17:36,535 [INFO] fl_ids.fl.client: Client 9 round 3: 49 of 1059 boosting-passed rows flagged; surfacing 49
2026-09-25 01:17:55,912 [INFO] fl_ids.models.boosting: Continued boosting training: +50 trees on 93257 rows (now 350 trees)
2026-09-25 01:17:55,912 [INFO] fl_ids.models.boosting_update: Round 3: boosting v2 (continue) from 269 alerts ({'Normal': 269}); 0 from excluded clients ignored
2026-09-25 01:17:56,065 [WARNING] fl_ids.fl.client: Client 5: no benign validation samples to evaluate on
2026-09-25 01:17:56,075 [INFO] fl_ids.eval.simulation: Round 3: mean_val_loss=0.3503, comm_bytes=583920
2026-09-25 01:18:09,403 [WARNING] fl_ids.fl.client: Client 5: no benign validation samples to evaluate on
2026-09-25 01:18:09,411 [INFO] fl_ids.eval.simulation: Round 4: mean_val_loss=0.3611, comm_bytes=583920
2026-09-25 01:18:24,003 [WARNING] fl_ids.fl.client: Client 5: no benign validation samples to evaluate on
2026-09-25 01:18:24,016 [INFO] fl_ids.eval.simulation: Round 5: mean_val_loss=0.3797, comm_bytes=583920
2026-09-25 01:18:24,083 [INFO] fl_ids.fl.client: Client 0 round 6: 5 of 59 boosting-passed rows flagged; surfacing 5
2026-09-25 01:18:24,280 [INFO] fl_ids.fl.client: Client 1 round 6: 5 of 531 boosting-passed rows flagged; surfacing 5
2026-09-25 01:18:24,584 [INFO] fl_ids.fl.client: Client 2 round 6: 0 of 304 boosting-passed rows flagged; surfacing 0
2026-09-25 01:18:25,399 [INFO] fl_ids.fl.client: Client 3 round 6: 183 of 5647 boosting-passed rows flagged; surfacing 50
2026-09-25 01:18:28,367 [INFO] fl_ids.fl.client: Client 4 round 6: 309 of 11623 boosting-passed rows flagged; surfacing 50
2026-09-25 01:18:32,581 [INFO] fl_ids.fl.client: Client 6 round 6: 115 of 2544 boosting-passed rows flagged; surfacing 50
2026-09-25 01:18:33,302 [INFO] fl_ids.fl.client: Client 7 round 6: 9 of 312 boosting-passed rows flagged; surfacing 9
2026-09-25 01:18:34,268 [INFO] fl_ids.fl.client: Client 8 round 6: 320 of 10310 boosting-passed rows flagged; surfacing 50
2026-09-25 01:18:38,195 [INFO] fl_ids.fl.client: Client 9 round 6: 41 of 1057 boosting-passed rows flagged; surfacing 41
2026-09-25 01:19:01,847 [INFO] fl_ids.models.boosting: Continued boosting training: +50 trees on 93517 rows (now 400 trees)
2026-09-25 01:19:01,847 [INFO] fl_ids.models.boosting_update: Round 6: boosting v3 (continue) from 260 alerts ({'Normal': 260}); 0 from excluded clients ignored
2026-09-25 01:19:02,026 [WARNING] fl_ids.fl.client: Client 5: no benign validation samples to evaluate on
2026-09-25 01:19:02,037 [INFO] fl_ids.eval.simulation: Round 6: mean_val_loss=0.4214, comm_bytes=583920
2026-09-25 01:19:15,512 [WARNING] fl_ids.fl.client: Client 5: no benign validation samples to evaluate on
2026-09-25 01:19:15,525 [INFO] fl_ids.eval.simulation: Round 7: mean_val_loss=0.5018, comm_bytes=583920
2026-09-25 01:19:31,425 [WARNING] fl_ids.fl.client: Client 5: no benign validation samples to evaluate on
2026-09-25 01:19:31,443 [INFO] fl_ids.eval.simulation: Round 8: mean_val_loss=0.6404, comm_bytes=583920
2026-09-25 01:19:31,571 [INFO] fl_ids.fl.client: Client 0 round 9: 5 of 57 boosting-passed rows flagged; surfacing 5
2026-09-25 01:19:31,943 [INFO] fl_ids.fl.client: Client 1 round 9: 4 of 530 boosting-passed rows flagged; surfacing 4
2026-09-25 01:19:32,605 [INFO] fl_ids.fl.client: Client 2 round 9: 0 of 302 boosting-passed rows flagged; surfacing 0
2026-09-25 01:19:33,736 [INFO] fl_ids.fl.client: Client 3 round 9: 171 of 5646 boosting-passed rows flagged; surfacing 50
2026-09-25 01:19:36,906 [INFO] fl_ids.fl.client: Client 4 round 9: 314 of 11623 boosting-passed rows flagged; surfacing 50
2026-09-25 01:19:41,153 [INFO] fl_ids.fl.client: Client 6 round 9: 118 of 2540 boosting-passed rows flagged; surfacing 50
2026-09-25 01:19:41,954 [INFO] fl_ids.fl.client: Client 7 round 9: 9 of 308 boosting-passed rows flagged; surfacing 9
2026-09-25 01:19:43,634 [INFO] fl_ids.fl.client: Client 8 round 9: 311 of 10310 boosting-passed rows flagged; surfacing 50
2026-09-25 01:19:47,192 [INFO] fl_ids.fl.client: Client 9 round 9: 33 of 1052 boosting-passed rows flagged; surfacing 33
2026-09-25 01:20:13,871 [INFO] fl_ids.models.boosting: Continued boosting training: +50 trees on 93768 rows (now 450 trees)
2026-09-25 01:20:13,871 [INFO] fl_ids.models.boosting_update: Round 9: boosting v4 (continue) from 251 alerts ({'Normal': 251}); 0 from excluded clients ignored
2026-09-25 01:20:14,076 [WARNING] fl_ids.fl.client: Client 5: no benign validation samples to evaluate on
2026-09-25 01:20:14,087 [INFO] fl_ids.eval.simulation: Round 9: mean_val_loss=0.8779, comm_bytes=583920
2026-09-25 01:20:27,859 [WARNING] fl_ids.fl.client: Client 5: no benign validation samples to evaluate on
2026-09-25 01:20:27,871 [INFO] fl_ids.eval.simulation: Round 10: mean_val_loss=1.4216, comm_bytes=583920
2026-09-25 01:20:44,671 [WARNING] fl_ids.fl.client: Client 5: no benign validation samples to evaluate on
2026-09-25 01:20:44,683 [INFO] fl_ids.eval.simulation: Round 11: mean_val_loss=2.3814, comm_bytes=583920
2026-09-25 01:20:44,763 [INFO] fl_ids.fl.client: Client 0 round 12: 4 of 53 boosting-passed rows flagged; surfacing 4
2026-09-25 01:20:45,020 [INFO] fl_ids.fl.client: Client 1 round 12: 6 of 531 boosting-passed rows flagged; surfacing 6
2026-09-25 01:20:45,340 [INFO] fl_ids.fl.client: Client 2 round 12: 2 of 299 boosting-passed rows flagged; surfacing 2
2026-09-25 01:20:46,722 [INFO] fl_ids.fl.client: Client 3 round 12: 177 of 5645 boosting-passed rows flagged; surfacing 50
2026-09-25 01:20:50,784 [INFO] fl_ids.fl.client: Client 4 round 12: 308 of 11621 boosting-passed rows flagged; surfacing 50
2026-09-25 01:20:54,797 [INFO] fl_ids.fl.client: Client 6 round 12: 113 of 2539 boosting-passed rows flagged; surfacing 50
2026-09-25 01:20:56,172 [INFO] fl_ids.fl.client: Client 7 round 12: 8 of 307 boosting-passed rows flagged; surfacing 8
2026-09-25 01:20:57,889 [INFO] fl_ids.fl.client: Client 8 round 12: 328 of 10312 boosting-passed rows flagged; surfacing 50
2026-09-25 01:21:01,386 [INFO] fl_ids.fl.client: Client 9 round 12: 48 of 1052 boosting-passed rows flagged; surfacing 48
2026-09-25 01:21:33,768 [INFO] fl_ids.models.boosting: Continued boosting training: +50 trees on 94036 rows (now 500 trees)
2026-09-25 01:21:33,768 [INFO] fl_ids.models.boosting_update: Round 12: boosting v5 (continue) from 268 alerts ({'Normal': 261, 'SQL_injection': 3, 'Uploading': 3, 'XSS': 1}); 0 from excluded clients ignored
2026-09-25 01:21:33,990 [WARNING] fl_ids.fl.client: Client 5: no benign validation samples to evaluate on
2026-09-25 01:21:34,000 [INFO] fl_ids.eval.simulation: Round 12: mean_val_loss=4.4268, comm_bytes=583920
2026-09-25 01:21:47,883 [WARNING] fl_ids.fl.client: Client 5: no benign validation samples to evaluate on
2026-09-25 01:21:47,895 [INFO] fl_ids.eval.simulation: Round 13: mean_val_loss=8.3405, comm_bytes=583920
2026-09-25 01:22:06,189 [WARNING] fl_ids.fl.client: Client 5: no benign validation samples to evaluate on
2026-09-25 01:22:06,202 [INFO] fl_ids.eval.simulation: Round 14: mean_val_loss=15.6930, comm_bytes=583920
2026-09-25 01:22:06,308 [INFO] fl_ids.fl.client: Client 0 round 15: 4 of 51 boosting-passed rows flagged; surfacing 4
2026-09-25 01:22:06,620 [INFO] fl_ids.fl.client: Client 1 round 15: 6 of 528 boosting-passed rows flagged; surfacing 6
2026-09-25 01:22:06,955 [INFO] fl_ids.fl.client: Client 2 round 15: 8 of 296 boosting-passed rows flagged; surfacing 8
2026-09-25 01:22:08,394 [INFO] fl_ids.fl.client: Client 3 round 15: 163 of 5645 boosting-passed rows flagged; surfacing 50
2026-09-25 01:22:11,950 [INFO] fl_ids.fl.client: Client 4 round 15: 355 of 11620 boosting-passed rows flagged; surfacing 50
2026-09-25 01:22:17,087 [INFO] fl_ids.fl.client: Client 6 round 15: 86 of 2540 boosting-passed rows flagged; surfacing 50
2026-09-25 01:22:17,960 [INFO] fl_ids.fl.client: Client 7 round 15: 6 of 303 boosting-passed rows flagged; surfacing 6
2026-09-25 01:22:19,471 [INFO] fl_ids.fl.client: Client 8 round 15: 294 of 10305 boosting-passed rows flagged; surfacing 50
2026-09-25 01:22:24,020 [INFO] fl_ids.fl.client: Client 9 round 15: 41 of 1053 boosting-passed rows flagged; surfacing 41
2026-09-25 01:23:01,209 [INFO] fl_ids.models.boosting: Continued boosting training: +50 trees on 94301 rows (now 550 trees)
2026-09-25 01:23:01,209 [INFO] fl_ids.models.boosting_update: Round 15: boosting v6 (continue) from 265 alerts ({'Normal': 265}); 0 from excluded clients ignored
2026-09-25 01:23:01,470 [WARNING] fl_ids.fl.client: Client 5: no benign validation samples to evaluate on
2026-09-25 01:23:01,482 [INFO] fl_ids.eval.simulation: Round 15: mean_val_loss=29.1669, comm_bytes=583920
2026-09-25 01:23:16,464 [WARNING] fl_ids.fl.client: Client 5: no benign validation samples to evaluate on
2026-09-25 01:23:16,477 [INFO] fl_ids.eval.simulation: Round 16: mean_val_loss=52.9093, comm_bytes=583920
2026-09-25 01:23:35,204 [WARNING] fl_ids.fl.client: Client 5: no benign validation samples to evaluate on
2026-09-25 01:23:35,218 [INFO] fl_ids.eval.simulation: Round 17: mean_val_loss=93.4141, comm_bytes=583920
2026-09-25 01:23:35,339 [INFO] fl_ids.fl.client: Client 0 round 18: 4 of 50 boosting-passed rows flagged; surfacing 4
2026-09-25 01:23:35,667 [INFO] fl_ids.fl.client: Client 1 round 18: 5 of 527 boosting-passed rows flagged; surfacing 5
2026-09-25 01:23:35,998 [INFO] fl_ids.fl.client: Client 2 round 18: 8 of 298 boosting-passed rows flagged; surfacing 8
2026-09-25 01:23:37,086 [INFO] fl_ids.fl.client: Client 3 round 18: 148 of 5646 boosting-passed rows flagged; surfacing 50
2026-09-25 01:23:41,176 [INFO] fl_ids.fl.client: Client 4 round 18: 326 of 11620 boosting-passed rows flagged; surfacing 50
2026-09-25 01:23:45,765 [INFO] fl_ids.fl.client: Client 6 round 18: 91 of 2542 boosting-passed rows flagged; surfacing 50
2026-09-25 01:23:46,755 [INFO] fl_ids.fl.client: Client 7 round 18: 6 of 301 boosting-passed rows flagged; surfacing 6
2026-09-25 01:23:49,185 [INFO] fl_ids.fl.client: Client 8 round 18: 301 of 10305 boosting-passed rows flagged; surfacing 50
2026-09-25 01:23:53,181 [INFO] fl_ids.fl.client: Client 9 round 18: 45 of 1054 boosting-passed rows flagged; surfacing 45
2026-09-25 01:24:38,193 [INFO] fl_ids.models.boosting: Continued boosting training: +50 trees on 94569 rows (now 600 trees)
2026-09-25 01:24:38,194 [INFO] fl_ids.models.boosting_update: Round 18: boosting v7 (continue) from 268 alerts ({'Normal': 268}); 0 from excluded clients ignored
2026-09-25 01:24:38,467 [WARNING] fl_ids.fl.client: Client 5: no benign validation samples to evaluate on
2026-09-25 01:24:38,478 [INFO] fl_ids.eval.simulation: Round 18: mean_val_loss=158.3442, comm_bytes=583920
2026-09-25 01:24:54,380 [WARNING] fl_ids.fl.client: Client 5: no benign validation samples to evaluate on
2026-09-25 01:24:54,392 [INFO] fl_ids.eval.simulation: Round 19: mean_val_loss=264.4261, comm_bytes=583920
2026-09-25 01:25:12,318 [WARNING] fl_ids.fl.client: Client 5: no benign validation samples to evaluate on
2026-09-25 01:25:12,333 [INFO] fl_ids.eval.simulation: Round 20: mean_val_loss=432.1928, comm_bytes=583920
2026-09-25 01:25:12,361 [WARNING] fl_ids.eval.common: Clients [5] have no benign validation rows (infinite threshold); 127 test rows can't be flagged by the autoencoder
2026-09-25 01:25:13,413 [INFO] fl_ids.eval.zero_day: zero-day holdout=Password run=trimmed_mean_only: detection_rate=0.373
2026-09-25 01:25:30,279 [WARNING] fl_ids.fl.client: Client 5: no benign validation samples to evaluate on
2026-09-25 01:25:30,291 [INFO] fl_ids.eval.simulation: Round 1: mean_val_loss=0.2627, comm_bytes=583920
2026-09-25 01:25:46,195 [WARNING] fl_ids.fl.client: Client 5: no benign validation samples to evaluate on
2026-09-25 01:25:46,208 [INFO] fl_ids.eval.simulation: Round 2: mean_val_loss=0.1028, comm_bytes=583920
2026-09-25 01:25:46,236 [INFO] fl_ids.fl.client: Client 0 round 3: 5 of 627 boosting-passed rows flagged; surfacing 5
2026-09-25 01:25:46,448 [INFO] fl_ids.fl.client: Client 1 round 3: 35 of 2396 boosting-passed rows flagged; surfacing 35
2026-09-25 01:25:47,762 [INFO] fl_ids.fl.client: Client 2 round 3: 26 of 1113 boosting-passed rows flagged; surfacing 26
2026-09-25 01:25:48,126 [INFO] fl_ids.fl.client: Client 3 round 3: 296 of 7594 boosting-passed rows flagged; surfacing 50
2026-09-25 01:25:50,117 [INFO] fl_ids.fl.client: Client 4 round 3: 899 of 13192 boosting-passed rows flagged; surfacing 50
2026-09-25 01:25:54,616 [INFO] fl_ids.fl.client: Client 6 round 3: 164 of 3141 boosting-passed rows flagged; surfacing 50
2026-09-25 01:25:55,967 [INFO] fl_ids.fl.client: Client 7 round 3: 10 of 782 boosting-passed rows flagged; surfacing 10
2026-09-25 01:25:56,213 [INFO] fl_ids.fl.client: Client 8 round 3: 702 of 12660 boosting-passed rows flagged; surfacing 50
2026-09-25 01:26:00,485 [INFO] fl_ids.fl.client: Client 9 round 3: 63 of 1989 boosting-passed rows flagged; surfacing 50
2026-09-25 01:26:22,692 [INFO] fl_ids.models.boosting: Continued boosting training: +50 trees on 93209 rows (now 350 trees)
2026-09-25 01:26:22,692 [INFO] fl_ids.models.boosting_update: Round 3: boosting v2 (continue) from 221 alerts ({'DDoS_HTTP': 4, 'DDoS_ICMP': 6, 'DDoS_TCP': 18, 'DDoS_UDP': 23, 'Fingerprinting': 4, 'MITM': 3, 'Normal': 112, 'Port_Scanning': 5, 'Ransomware': 1, 'SQL_injection': 4, 'Uploading': 9, 'Vulnerability_scanner': 26, 'XSS': 6}); 105 from excluded clients ignored
2026-09-25 01:26:22,845 [WARNING] fl_ids.fl.client: Client 5: no benign validation samples to evaluate on
2026-09-25 01:26:22,856 [INFO] fl_ids.eval.simulation: Round 3: mean_val_loss=0.0420, comm_bytes=583920
2026-09-25 01:26:33,187 [WARNING] fl_ids.fl.client: Client 5: no benign validation samples to evaluate on
2026-09-25 01:26:33,200 [INFO] fl_ids.eval.simulation: Round 4: mean_val_loss=0.0306, comm_bytes=583920
2026-09-25 01:26:45,445 [WARNING] fl_ids.fl.client: Client 5: no benign validation samples to evaluate on
2026-09-25 01:26:45,457 [INFO] fl_ids.eval.simulation: Round 5: mean_val_loss=0.0245, comm_bytes=583920
2026-09-25 01:26:45,519 [INFO] fl_ids.fl.client: Client 0 round 6: 21 of 627 boosting-passed rows flagged; surfacing 21
2026-09-25 01:26:45,762 [INFO] fl_ids.fl.client: Client 1 round 6: 54 of 2396 boosting-passed rows flagged; surfacing 50
2026-09-25 01:26:46,499 [INFO] fl_ids.fl.client: Client 2 round 6: 10 of 1113 boosting-passed rows flagged; surfacing 10
2026-09-25 01:26:46,897 [INFO] fl_ids.fl.client: Client 3 round 6: 1148 of 7594 boosting-passed rows flagged; surfacing 50
2026-09-25 01:26:49,129 [INFO] fl_ids.fl.client: Client 4 round 6: 743 of 13192 boosting-passed rows flagged; surfacing 50
2026-09-25 01:26:53,789 [INFO] fl_ids.fl.client: Client 6 round 6: 331 of 3141 boosting-passed rows flagged; surfacing 50
2026-09-25 01:26:54,702 [INFO] fl_ids.fl.client: Client 7 round 6: 10 of 782 boosting-passed rows flagged; surfacing 10
2026-09-25 01:26:55,000 [INFO] fl_ids.fl.client: Client 8 round 6: 679 of 12660 boosting-passed rows flagged; surfacing 50
2026-09-25 01:26:59,305 [INFO] fl_ids.fl.client: Client 9 round 6: 154 of 1989 boosting-passed rows flagged; surfacing 50
2026-09-25 01:27:25,412 [INFO] fl_ids.models.boosting: Continued boosting training: +50 trees on 93450 rows (now 400 trees)
2026-09-25 01:27:25,412 [INFO] fl_ids.models.boosting_update: Round 6: boosting v3 (continue) from 241 alerts ({'Backdoor': 4, 'DDoS_ICMP': 35, 'DDoS_TCP': 3, 'DDoS_UDP': 62, 'Fingerprinting': 3, 'MITM': 3, 'Normal': 78, 'Port_Scanning': 3, 'SQL_injection': 6, 'Uploading': 8, 'Vulnerability_scanner': 33, 'XSS': 3}); 100 from excluded clients ignored
2026-09-25 01:27:25,585 [WARNING] fl_ids.fl.client: Client 5: no benign validation samples to evaluate on
2026-09-25 01:27:25,595 [INFO] fl_ids.eval.simulation: Round 6: mean_val_loss=0.0203, comm_bytes=583920
2026-09-25 01:27:36,041 [WARNING] fl_ids.fl.client: Client 5: no benign validation samples to evaluate on
2026-09-25 01:27:36,053 [INFO] fl_ids.eval.simulation: Round 7: mean_val_loss=0.0202, comm_bytes=583920
2026-09-25 01:27:49,305 [WARNING] fl_ids.fl.client: Client 5: no benign validation samples to evaluate on
2026-09-25 01:27:49,318 [INFO] fl_ids.eval.simulation: Round 8: mean_val_loss=0.0183, comm_bytes=583920
2026-09-25 01:27:49,389 [INFO] fl_ids.fl.client: Client 0 round 9: 6 of 627 boosting-passed rows flagged; surfacing 6
2026-09-25 01:27:49,637 [INFO] fl_ids.fl.client: Client 1 round 9: 64 of 2396 boosting-passed rows flagged; surfacing 50
2026-09-25 01:27:50,368 [INFO] fl_ids.fl.client: Client 2 round 9: 7 of 1113 boosting-passed rows flagged; surfacing 7
2026-09-25 01:27:50,927 [INFO] fl_ids.fl.client: Client 3 round 9: 604 of 7594 boosting-passed rows flagged; surfacing 50
2026-09-25 01:27:53,505 [INFO] fl_ids.fl.client: Client 4 round 9: 927 of 13192 boosting-passed rows flagged; surfacing 50
2026-09-25 01:27:57,963 [INFO] fl_ids.fl.client: Client 6 round 9: 326 of 3141 boosting-passed rows flagged; surfacing 50
2026-09-25 01:27:59,568 [INFO] fl_ids.fl.client: Client 7 round 9: 24 of 782 boosting-passed rows flagged; surfacing 24
2026-09-25 01:27:59,904 [INFO] fl_ids.fl.client: Client 8 round 9: 1083 of 12660 boosting-passed rows flagged; surfacing 50
2026-09-25 01:28:03,554 [INFO] fl_ids.fl.client: Client 9 round 9: 155 of 1989 boosting-passed rows flagged; surfacing 50
2026-09-25 01:28:32,157 [INFO] fl_ids.models.boosting: Continued boosting training: +50 trees on 93681 rows (now 450 trees)
2026-09-25 01:28:32,157 [INFO] fl_ids.models.boosting_update: Round 9: boosting v4 (continue) from 231 alerts ({'DDoS_HTTP': 2, 'DDoS_ICMP': 18, 'DDoS_TCP': 16, 'DDoS_UDP': 68, 'Fingerprinting': 3, 'MITM': 3, 'Normal': 65, 'Port_Scanning': 5, 'SQL_injection': 14, 'Uploading': 9, 'Vulnerability_scanner': 27, 'XSS': 1}); 106 from excluded clients ignored
2026-09-25 01:28:32,358 [WARNING] fl_ids.fl.client: Client 5: no benign validation samples to evaluate on
2026-09-25 01:28:32,368 [INFO] fl_ids.eval.simulation: Round 9: mean_val_loss=0.0184, comm_bytes=583920
2026-09-25 01:28:43,195 [WARNING] fl_ids.fl.client: Client 5: no benign validation samples to evaluate on
2026-09-25 01:28:43,207 [INFO] fl_ids.eval.simulation: Round 10: mean_val_loss=0.0168, comm_bytes=583920
2026-09-25 01:28:58,045 [WARNING] fl_ids.fl.client: Client 5: no benign validation samples to evaluate on
2026-09-25 01:28:58,059 [INFO] fl_ids.eval.simulation: Round 11: mean_val_loss=0.0199, comm_bytes=583920
2026-09-25 01:28:58,135 [INFO] fl_ids.fl.client: Client 0 round 12: 7 of 627 boosting-passed rows flagged; surfacing 7
2026-09-25 01:28:58,427 [INFO] fl_ids.fl.client: Client 1 round 12: 89 of 2396 boosting-passed rows flagged; surfacing 50
2026-09-25 01:28:59,162 [INFO] fl_ids.fl.client: Client 2 round 12: 8 of 1113 boosting-passed rows flagged; surfacing 8
2026-09-25 01:28:59,581 [INFO] fl_ids.fl.client: Client 3 round 12: 486 of 7594 boosting-passed rows flagged; surfacing 50
2026-09-25 01:29:02,368 [INFO] fl_ids.fl.client: Client 4 round 12: 510 of 13192 boosting-passed rows flagged; surfacing 50
2026-09-25 01:29:07,458 [INFO] fl_ids.fl.client: Client 6 round 12: 278 of 3141 boosting-passed rows flagged; surfacing 50
2026-09-25 01:29:08,426 [INFO] fl_ids.fl.client: Client 7 round 12: 27 of 782 boosting-passed rows flagged; surfacing 27
2026-09-25 01:29:09,140 [INFO] fl_ids.fl.client: Client 8 round 12: 595 of 12660 boosting-passed rows flagged; surfacing 50
2026-09-25 01:29:13,001 [INFO] fl_ids.fl.client: Client 9 round 12: 124 of 1989 boosting-passed rows flagged; surfacing 50
2026-09-25 01:29:46,614 [INFO] fl_ids.models.boosting: Continued boosting training: +50 trees on 93973 rows (now 500 trees)
2026-09-25 01:29:46,614 [INFO] fl_ids.models.boosting_update: Round 12: boosting v5 (continue) from 292 alerts ({'DDoS_HTTP': 2, 'DDoS_ICMP': 58, 'DDoS_UDP': 29, 'Fingerprinting': 3, 'MITM': 3, 'Normal': 128, 'SQL_injection': 14, 'Uploading': 16, 'Vulnerability_scanner': 31, 'XSS': 8}); 50 from excluded clients ignored
2026-09-25 01:29:46,836 [WARNING] fl_ids.fl.client: Client 5: no benign validation samples to evaluate on
2026-09-25 01:29:46,847 [INFO] fl_ids.eval.simulation: Round 12: mean_val_loss=0.0217, comm_bytes=583920
2026-09-25 01:29:57,704 [WARNING] fl_ids.fl.client: Client 5: no benign validation samples to evaluate on
2026-09-25 01:29:57,716 [INFO] fl_ids.eval.simulation: Round 13: mean_val_loss=0.0178, comm_bytes=583920
2026-09-25 01:30:13,542 [WARNING] fl_ids.fl.client: Client 5: no benign validation samples to evaluate on
2026-09-25 01:30:13,555 [INFO] fl_ids.eval.simulation: Round 14: mean_val_loss=0.0241, comm_bytes=583920
2026-09-25 01:30:13,642 [INFO] fl_ids.fl.client: Client 0 round 15: 5 of 627 boosting-passed rows flagged; surfacing 5
2026-09-25 01:30:13,950 [INFO] fl_ids.fl.client: Client 1 round 15: 71 of 2396 boosting-passed rows flagged; surfacing 50
2026-09-25 01:30:15,438 [INFO] fl_ids.fl.client: Client 2 round 15: 6 of 1113 boosting-passed rows flagged; surfacing 6
2026-09-25 01:30:15,841 [INFO] fl_ids.fl.client: Client 3 round 15: 332 of 7594 boosting-passed rows flagged; surfacing 50
2026-09-25 01:30:18,066 [INFO] fl_ids.fl.client: Client 4 round 15: 570 of 13192 boosting-passed rows flagged; surfacing 50
2026-09-25 01:30:23,109 [INFO] fl_ids.fl.client: Client 6 round 15: 256 of 3141 boosting-passed rows flagged; surfacing 50
2026-09-25 01:30:24,472 [INFO] fl_ids.fl.client: Client 7 round 15: 25 of 782 boosting-passed rows flagged; surfacing 25
2026-09-25 01:30:24,815 [INFO] fl_ids.fl.client: Client 8 round 15: 607 of 12660 boosting-passed rows flagged; surfacing 50
2026-09-25 01:30:29,040 [INFO] fl_ids.fl.client: Client 9 round 15: 140 of 1989 boosting-passed rows flagged; surfacing 50
2026-09-25 01:31:07,058 [INFO] fl_ids.models.boosting: Continued boosting training: +50 trees on 94209 rows (now 550 trees)
2026-09-25 01:31:07,059 [INFO] fl_ids.models.boosting_update: Round 15: boosting v6 (continue) from 236 alerts ({'DDoS_HTTP': 2, 'DDoS_ICMP': 1, 'DDoS_UDP': 35, 'Fingerprinting': 3, 'MITM': 3, 'Normal': 126, 'SQL_injection': 14, 'Uploading': 15, 'Vulnerability_scanner': 30, 'XSS': 7}); 100 from excluded clients ignored
2026-09-25 01:31:07,304 [WARNING] fl_ids.fl.client: Client 5: no benign validation samples to evaluate on
2026-09-25 01:31:07,314 [INFO] fl_ids.eval.simulation: Round 15: mean_val_loss=0.0167, comm_bytes=583920
2026-09-25 01:31:18,439 [WARNING] fl_ids.fl.client: Client 5: no benign validation samples to evaluate on
2026-09-25 01:31:18,456 [INFO] fl_ids.eval.simulation: Round 16: mean_val_loss=0.0240, comm_bytes=583920
2026-09-25 01:31:35,488 [WARNING] fl_ids.fl.client: Client 5: no benign validation samples to evaluate on
2026-09-25 01:31:35,505 [INFO] fl_ids.eval.simulation: Round 17: mean_val_loss=0.0163, comm_bytes=583920
2026-09-25 01:31:35,599 [INFO] fl_ids.fl.client: Client 0 round 18: 6 of 627 boosting-passed rows flagged; surfacing 6
2026-09-25 01:31:35,944 [INFO] fl_ids.fl.client: Client 1 round 18: 58 of 2396 boosting-passed rows flagged; surfacing 50
2026-09-25 01:31:36,707 [INFO] fl_ids.fl.client: Client 2 round 18: 4 of 1113 boosting-passed rows flagged; surfacing 4
2026-09-25 01:31:37,144 [INFO] fl_ids.fl.client: Client 3 round 18: 265 of 7594 boosting-passed rows flagged; surfacing 50
2026-09-25 01:31:40,804 [INFO] fl_ids.fl.client: Client 4 round 18: 724 of 13192 boosting-passed rows flagged; surfacing 50
2026-09-25 01:31:45,442 [INFO] fl_ids.fl.client: Client 6 round 18: 139 of 3141 boosting-passed rows flagged; surfacing 50
2026-09-25 01:31:47,020 [INFO] fl_ids.fl.client: Client 7 round 18: 29 of 782 boosting-passed rows flagged; surfacing 29
2026-09-25 01:31:47,464 [INFO] fl_ids.fl.client: Client 8 round 18: 607 of 12660 boosting-passed rows flagged; surfacing 50
2026-09-25 01:31:51,643 [INFO] fl_ids.fl.client: Client 9 round 18: 85 of 1989 boosting-passed rows flagged; surfacing 50
2026-09-25 01:32:34,670 [INFO] fl_ids.models.boosting: Continued boosting training: +50 trees on 94542 rows (now 600 trees)
2026-09-25 01:32:34,671 [INFO] fl_ids.models.boosting_update: Round 18: boosting v7 (continue) from 333 alerts ({'DDoS_HTTP': 4, 'DDoS_ICMP': 25, 'DDoS_UDP': 37, 'Fingerprinting': 1, 'MITM': 3, 'Normal': 153, 'SQL_injection': 44, 'Uploading': 16, 'Vulnerability_scanner': 36, 'XSS': 14}); 6 from excluded clients ignored
2026-09-25 01:32:34,941 [WARNING] fl_ids.fl.client: Client 5: no benign validation samples to evaluate on
2026-09-25 01:32:34,952 [INFO] fl_ids.eval.simulation: Round 18: mean_val_loss=0.0237, comm_bytes=583920
2026-09-25 01:32:46,295 [WARNING] fl_ids.fl.client: Client 5: no benign validation samples to evaluate on
2026-09-25 01:32:46,308 [INFO] fl_ids.eval.simulation: Round 19: mean_val_loss=0.0160, comm_bytes=583920
2026-09-25 01:33:04,572 [WARNING] fl_ids.fl.client: Client 5: no benign validation samples to evaluate on
2026-09-25 01:33:04,590 [INFO] fl_ids.eval.simulation: Round 20: mean_val_loss=0.0242, comm_bytes=583920
2026-09-25 01:33:04,629 [WARNING] fl_ids.eval.common: Clients [5] have no benign validation rows (infinite threshold); 127 test rows can't be flagged by the autoencoder
2026-09-25 01:33:04,642 [INFO] fl_ids.eval.zero_day: zero-day holdout=Password run=autoencoder_only: detection_rate=0.125
2026-09-25 01:33:05,101 [INFO] fl_ids.eval.zero_day: zero-day holdout=Password run=boosting_only: detection_rate=0.342
2026-09-25 01:33:07,929 [INFO] fl_ids.eval.common: Excluded classes ['Port_Scanning'] from training: removed 999 calibration rows, 628 federated-pool rows
2026-09-25 01:33:07,930 [INFO] fl_ids.models.boosting: Training boosting classifier: 94486 samples, 15 classes, 300 rounds
2026-09-25 01:33:25,434 [WARNING] fl_ids.data.pipeline: Client 5 has zero benign validation samples (heavy Dirichlet skew or too few benign samples in its shard)
2026-09-25 01:33:25,457 [INFO] fl_ids.eval.common: Evaluation setup: 94486 calibration, 59372 federated pool (subsampled), 8899 test rows across 10 clients
2026-09-25 01:33:36,403 [WARNING] fl_ids.fl.client: Client 5: no benign validation samples to evaluate on
2026-09-25 01:33:36,416 [INFO] fl_ids.eval.simulation: Round 1: mean_val_loss=0.2876, comm_bytes=583920
2026-09-25 01:33:50,334 [WARNING] fl_ids.fl.client: Client 5: no benign validation samples to evaluate on
2026-09-25 01:33:50,347 [INFO] fl_ids.eval.simulation: Round 2: mean_val_loss=0.1041, comm_bytes=583920
2026-09-25 01:33:50,435 [INFO] fl_ids.fl.client: Client 0 round 3: 5 of 197 boosting-passed rows flagged; surfacing 5
2026-09-25 01:33:50,653 [INFO] fl_ids.fl.client: Client 1 round 3: 24 of 715 boosting-passed rows flagged; surfacing 24
2026-09-25 01:33:50,990 [INFO] fl_ids.fl.client: Client 2 round 3: 6 of 364 boosting-passed rows flagged; surfacing 6
2026-09-25 01:33:51,574 [INFO] fl_ids.fl.client: Client 3 round 3: 204 of 5623 boosting-passed rows flagged; surfacing 50
2026-09-25 01:33:53,829 [INFO] fl_ids.fl.client: Client 4 round 3: 428 of 11406 boosting-passed rows flagged; surfacing 50
2026-09-25 01:33:58,087 [INFO] fl_ids.fl.client: Client 6 round 3: 70 of 2572 boosting-passed rows flagged; surfacing 50
2026-09-25 01:33:58,967 [INFO] fl_ids.fl.client: Client 7 round 3: 5 of 329 boosting-passed rows flagged; surfacing 5
2026-09-25 01:34:00,262 [INFO] fl_ids.fl.client: Client 8 round 3: 357 of 10270 boosting-passed rows flagged; surfacing 50
2026-09-25 01:34:04,341 [INFO] fl_ids.fl.client: Client 9 round 3: 37 of 1036 boosting-passed rows flagged; surfacing 37
2026-09-25 01:34:26,301 [INFO] fl_ids.models.boosting: Continued boosting training: +50 trees on 94671 rows (now 350 trees)
2026-09-25 01:34:26,301 [INFO] fl_ids.models.boosting_update: Round 3: boosting v2 (continue) from 185 alerts ({'DDoS_HTTP': 2, 'Normal': 183}); 92 from excluded clients ignored
2026-09-25 01:34:26,460 [WARNING] fl_ids.fl.client: Client 5: no benign validation samples to evaluate on
2026-09-25 01:34:26,470 [INFO] fl_ids.eval.simulation: Round 3: mean_val_loss=0.0323, comm_bytes=583920
2026-09-25 01:34:37,943 [WARNING] fl_ids.fl.client: Client 5: no benign validation samples to evaluate on
2026-09-25 01:34:37,955 [INFO] fl_ids.eval.simulation: Round 4: mean_val_loss=0.0251, comm_bytes=583920
2026-09-25 01:34:51,128 [WARNING] fl_ids.fl.client: Client 5: no benign validation samples to evaluate on
2026-09-25 01:34:51,146 [INFO] fl_ids.eval.simulation: Round 5: mean_val_loss=0.0216, comm_bytes=583920
2026-09-25 01:34:51,279 [INFO] fl_ids.fl.client: Client 0 round 6: 8 of 197 boosting-passed rows flagged; surfacing 8
2026-09-25 01:34:51,534 [INFO] fl_ids.fl.client: Client 1 round 6: 8 of 716 boosting-passed rows flagged; surfacing 8
2026-09-25 01:34:51,825 [INFO] fl_ids.fl.client: Client 2 round 6: 6 of 363 boosting-passed rows flagged; surfacing 6
2026-09-25 01:34:52,753 [INFO] fl_ids.fl.client: Client 3 round 6: 169 of 5625 boosting-passed rows flagged; surfacing 50
2026-09-25 01:34:55,814 [INFO] fl_ids.fl.client: Client 4 round 6: 293 of 11406 boosting-passed rows flagged; surfacing 50
2026-09-25 01:34:59,297 [INFO] fl_ids.fl.client: Client 6 round 6: 56 of 2572 boosting-passed rows flagged; surfacing 50
2026-09-25 01:35:00,706 [INFO] fl_ids.fl.client: Client 7 round 6: 5 of 328 boosting-passed rows flagged; surfacing 5
2026-09-25 01:35:01,931 [INFO] fl_ids.fl.client: Client 8 round 6: 347 of 10268 boosting-passed rows flagged; surfacing 50
2026-09-25 01:35:05,854 [INFO] fl_ids.fl.client: Client 9 round 6: 48 of 1034 boosting-passed rows flagged; surfacing 48
2026-09-25 01:35:31,386 [INFO] fl_ids.models.boosting: Continued boosting training: +50 trees on 94840 rows (now 400 trees)
2026-09-25 01:35:31,386 [INFO] fl_ids.models.boosting_update: Round 6: boosting v3 (continue) from 169 alerts ({'Backdoor': 1, 'Fingerprinting': 1, 'Normal': 160, 'Ransomware': 1, 'Uploading': 6}); 106 from excluded clients ignored
2026-09-25 01:35:31,562 [WARNING] fl_ids.fl.client: Client 5: no benign validation samples to evaluate on
2026-09-25 01:35:31,572 [INFO] fl_ids.eval.simulation: Round 6: mean_val_loss=0.0198, comm_bytes=583920
2026-09-25 01:35:43,904 [WARNING] fl_ids.fl.client: Client 5: no benign validation samples to evaluate on
2026-09-25 01:35:43,916 [INFO] fl_ids.eval.simulation: Round 7: mean_val_loss=0.0235, comm_bytes=583920
2026-09-25 01:35:57,291 [WARNING] fl_ids.fl.client: Client 5: no benign validation samples to evaluate on
2026-09-25 01:35:57,308 [INFO] fl_ids.eval.simulation: Round 8: mean_val_loss=0.0239, comm_bytes=583920
2026-09-25 01:35:57,450 [INFO] fl_ids.fl.client: Client 0 round 9: 3 of 196 boosting-passed rows flagged; surfacing 3
2026-09-25 01:35:57,808 [INFO] fl_ids.fl.client: Client 1 round 9: 8 of 716 boosting-passed rows flagged; surfacing 8
2026-09-25 01:35:58,134 [INFO] fl_ids.fl.client: Client 2 round 9: 12 of 355 boosting-passed rows flagged; surfacing 12
2026-09-25 01:35:58,888 [INFO] fl_ids.fl.client: Client 3 round 9: 209 of 5622 boosting-passed rows flagged; surfacing 50
2026-09-25 01:36:02,108 [INFO] fl_ids.fl.client: Client 4 round 9: 321 of 11406 boosting-passed rows flagged; surfacing 50
2026-09-25 01:36:06,812 [INFO] fl_ids.fl.client: Client 6 round 9: 55 of 2572 boosting-passed rows flagged; surfacing 50
2026-09-25 01:36:07,674 [INFO] fl_ids.fl.client: Client 7 round 9: 5 of 331 boosting-passed rows flagged; surfacing 5
2026-09-25 01:36:08,768 [INFO] fl_ids.fl.client: Client 8 round 9: 266 of 10269 boosting-passed rows flagged; surfacing 50
2026-09-25 01:36:12,109 [INFO] fl_ids.fl.client: Client 9 round 9: 49 of 1035 boosting-passed rows flagged; surfacing 49
2026-09-25 01:36:42,779 [INFO] fl_ids.models.boosting: Continued boosting training: +50 trees on 95064 rows (now 450 trees)
2026-09-25 01:36:42,779 [INFO] fl_ids.models.boosting_update: Round 9: boosting v4 (continue) from 224 alerts ({'Backdoor': 2, 'Fingerprinting': 1, 'Normal': 214, 'SQL_injection': 3, 'Uploading': 3, 'XSS': 1}); 53 from excluded clients ignored
2026-09-25 01:36:42,986 [WARNING] fl_ids.fl.client: Client 5: no benign validation samples to evaluate on
2026-09-25 01:36:42,996 [INFO] fl_ids.eval.simulation: Round 9: mean_val_loss=0.0232, comm_bytes=583920
2026-09-25 01:36:56,175 [WARNING] fl_ids.fl.client: Client 5: no benign validation samples to evaluate on
2026-09-25 01:36:56,188 [INFO] fl_ids.eval.simulation: Round 10: mean_val_loss=0.0239, comm_bytes=583920
2026-09-25 01:37:09,312 [WARNING] fl_ids.fl.client: Client 5: no benign validation samples to evaluate on
2026-09-25 01:37:09,324 [INFO] fl_ids.eval.simulation: Round 11: mean_val_loss=0.0200, comm_bytes=583920
2026-09-25 01:37:09,481 [INFO] fl_ids.fl.client: Client 0 round 12: 3 of 192 boosting-passed rows flagged; surfacing 3
2026-09-25 01:37:09,836 [INFO] fl_ids.fl.client: Client 1 round 12: 76 of 716 boosting-passed rows flagged; surfacing 50
2026-09-25 01:37:10,190 [INFO] fl_ids.fl.client: Client 2 round 12: 6 of 355 boosting-passed rows flagged; surfacing 6
2026-09-25 01:37:11,105 [INFO] fl_ids.fl.client: Client 3 round 12: 151 of 5622 boosting-passed rows flagged; surfacing 50
2026-09-25 01:37:14,117 [INFO] fl_ids.fl.client: Client 4 round 12: 314 of 11404 boosting-passed rows flagged; surfacing 50
2026-09-25 01:37:18,517 [INFO] fl_ids.fl.client: Client 6 round 12: 56 of 2571 boosting-passed rows flagged; surfacing 50
2026-09-25 01:37:19,381 [INFO] fl_ids.fl.client: Client 7 round 12: 5 of 329 boosting-passed rows flagged; surfacing 5
2026-09-25 01:37:21,431 [INFO] fl_ids.fl.client: Client 8 round 12: 262 of 10268 boosting-passed rows flagged; surfacing 50
2026-09-25 01:37:25,777 [INFO] fl_ids.fl.client: Client 9 round 12: 38 of 1033 boosting-passed rows flagged; surfacing 38
2026-09-25 01:38:02,508 [INFO] fl_ids.models.boosting: Continued boosting training: +50 trees on 95275 rows (now 500 trees)
2026-09-25 01:38:02,508 [INFO] fl_ids.models.boosting_update: Round 12: boosting v5 (continue) from 211 alerts ({'Backdoor': 4, 'DDoS_HTTP': 3, 'Fingerprinting': 1, 'Normal': 170, 'Password': 24, 'Ransomware': 1, 'Uploading': 3, 'XSS': 5}); 91 from excluded clients ignored
2026-09-25 01:38:02,738 [WARNING] fl_ids.fl.client: Client 5: no benign validation samples to evaluate on
2026-09-25 01:38:02,749 [INFO] fl_ids.eval.simulation: Round 12: mean_val_loss=0.0180, comm_bytes=583920
2026-09-25 01:38:16,873 [WARNING] fl_ids.fl.client: Client 5: no benign validation samples to evaluate on
2026-09-25 01:38:16,886 [INFO] fl_ids.eval.simulation: Round 13: mean_val_loss=0.0241, comm_bytes=583920
2026-09-25 01:38:31,141 [WARNING] fl_ids.fl.client: Client 5: no benign validation samples to evaluate on
2026-09-25 01:38:31,154 [INFO] fl_ids.eval.simulation: Round 14: mean_val_loss=0.0143, comm_bytes=583920
2026-09-25 01:38:31,340 [INFO] fl_ids.fl.client: Client 0 round 15: 3 of 194 boosting-passed rows flagged; surfacing 3
2026-09-25 01:38:31,761 [INFO] fl_ids.fl.client: Client 1 round 15: 28 of 715 boosting-passed rows flagged; surfacing 28
2026-09-25 01:38:32,156 [INFO] fl_ids.fl.client: Client 2 round 15: 9 of 354 boosting-passed rows flagged; surfacing 9
2026-09-25 01:38:33,337 [INFO] fl_ids.fl.client: Client 3 round 15: 174 of 5616 boosting-passed rows flagged; surfacing 50
2026-09-25 01:38:36,327 [INFO] fl_ids.fl.client: Client 4 round 15: 375 of 11403 boosting-passed rows flagged; surfacing 50
2026-09-25 01:38:39,675 [INFO] fl_ids.fl.client: Client 6 round 15: 57 of 2573 boosting-passed rows flagged; surfacing 50
2026-09-25 01:38:41,215 [INFO] fl_ids.fl.client: Client 7 round 15: 4 of 327 boosting-passed rows flagged; surfacing 4
2026-09-25 01:38:42,714 [INFO] fl_ids.fl.client: Client 8 round 15: 261 of 10265 boosting-passed rows flagged; surfacing 50
2026-09-25 01:38:46,682 [INFO] fl_ids.fl.client: Client 9 round 15: 42 of 1029 boosting-passed rows flagged; surfacing 42
2026-09-25 01:39:30,731 [INFO] fl_ids.models.boosting: Continued boosting training: +50 trees on 95558 rows (now 550 trees)
2026-09-25 01:39:30,731 [INFO] fl_ids.models.boosting_update: Round 15: boosting v6 (continue) from 283 alerts ({'Backdoor': 2, 'Fingerprinting': 1, 'Normal': 277, 'Uploading': 2, 'Vulnerability_scanner': 1}); 3 from excluded clients ignored
2026-09-25 01:39:30,978 [WARNING] fl_ids.fl.client: Client 5: no benign validation samples to evaluate on
2026-09-25 01:39:30,988 [INFO] fl_ids.eval.simulation: Round 15: mean_val_loss=0.0220, comm_bytes=583920
2026-09-25 01:39:46,540 [WARNING] fl_ids.fl.client: Client 5: no benign validation samples to evaluate on
2026-09-25 01:39:46,555 [INFO] fl_ids.eval.simulation: Round 16: mean_val_loss=0.0220, comm_bytes=583920
2026-09-25 01:40:02,030 [WARNING] fl_ids.fl.client: Client 5: no benign validation samples to evaluate on
2026-09-25 01:40:02,043 [INFO] fl_ids.eval.simulation: Round 17: mean_val_loss=0.0163, comm_bytes=583920
2026-09-25 01:40:02,246 [INFO] fl_ids.fl.client: Client 0 round 18: 3 of 195 boosting-passed rows flagged; surfacing 3
2026-09-25 01:40:02,711 [INFO] fl_ids.fl.client: Client 1 round 18: 33 of 711 boosting-passed rows flagged; surfacing 33
2026-09-25 01:40:03,145 [INFO] fl_ids.fl.client: Client 2 round 18: 10 of 353 boosting-passed rows flagged; surfacing 10
2026-09-25 01:40:04,503 [INFO] fl_ids.fl.client: Client 3 round 18: 199 of 5617 boosting-passed rows flagged; surfacing 50
2026-09-25 01:40:08,088 [INFO] fl_ids.fl.client: Client 4 round 18: 395 of 11402 boosting-passed rows flagged; surfacing 50
2026-09-25 01:40:11,770 [INFO] fl_ids.fl.client: Client 6 round 18: 57 of 2573 boosting-passed rows flagged; surfacing 50
2026-09-25 01:40:12,644 [INFO] fl_ids.fl.client: Client 7 round 18: 5 of 324 boosting-passed rows flagged; surfacing 5
2026-09-25 01:40:14,424 [INFO] fl_ids.fl.client: Client 8 round 18: 329 of 10265 boosting-passed rows flagged; surfacing 50
2026-09-25 01:40:17,183 [INFO] fl_ids.fl.client: Client 9 round 18: 57 of 1025 boosting-passed rows flagged; surfacing 50
2026-09-25 01:41:09,546 [INFO] fl_ids.models.boosting: Continued boosting training: +50 trees on 95859 rows (now 600 trees)
2026-09-25 01:41:09,546 [INFO] fl_ids.models.boosting_update: Round 18: boosting v7 (continue) from 301 alerts ({'Backdoor': 1, 'Normal': 293, 'Password': 1, 'Uploading': 2, 'Vulnerability_scanner': 1, 'XSS': 3}); 0 from excluded clients ignored
2026-09-25 01:41:09,821 [WARNING] fl_ids.fl.client: Client 5: no benign validation samples to evaluate on
2026-09-25 01:41:09,832 [INFO] fl_ids.eval.simulation: Round 18: mean_val_loss=0.0182, comm_bytes=583920
2026-09-25 01:41:25,634 [WARNING] fl_ids.fl.client: Client 5: no benign validation samples to evaluate on
2026-09-25 01:41:25,647 [INFO] fl_ids.eval.simulation: Round 19: mean_val_loss=0.0240, comm_bytes=583920
2026-09-25 01:41:41,534 [WARNING] fl_ids.fl.client: Client 5: no benign validation samples to evaluate on
2026-09-25 01:41:41,547 [INFO] fl_ids.eval.simulation: Round 20: mean_val_loss=0.0139, comm_bytes=583920
2026-09-25 01:41:41,576 [WARNING] fl_ids.eval.common: Clients [5] have no benign validation rows (infinite threshold); 272 test rows can't be flagged by the autoencoder
2026-09-25 01:41:42,434 [INFO] fl_ids.eval.zero_day: zero-day holdout=Port_Scanning run=full_pipeline: detection_rate=0.981
2026-09-25 01:41:54,276 [WARNING] fl_ids.fl.client: Client 5: no benign validation samples to evaluate on
2026-09-25 01:41:54,289 [INFO] fl_ids.eval.simulation: Round 1: mean_val_loss=0.4150, comm_bytes=583920
2026-09-25 01:42:06,671 [WARNING] fl_ids.fl.client: Client 5: no benign validation samples to evaluate on
2026-09-25 01:42:06,702 [INFO] fl_ids.eval.simulation: Round 2: mean_val_loss=1.8998, comm_bytes=583920
2026-09-25 01:42:06,899 [INFO] fl_ids.fl.client: Client 0 round 3: 3 of 197 boosting-passed rows flagged; surfacing 3
2026-09-25 01:42:07,509 [INFO] fl_ids.fl.client: Client 1 round 3: 10 of 715 boosting-passed rows flagged; surfacing 10
2026-09-25 01:42:08,080 [INFO] fl_ids.fl.client: Client 2 round 3: 4 of 364 boosting-passed rows flagged; surfacing 4
2026-09-25 01:42:08,701 [INFO] fl_ids.fl.client: Client 3 round 3: 143 of 5623 boosting-passed rows flagged; surfacing 50
2026-09-25 01:42:11,436 [INFO] fl_ids.fl.client: Client 4 round 3: 347 of 11406 boosting-passed rows flagged; surfacing 50
2026-09-25 01:42:17,441 [INFO] fl_ids.fl.client: Client 6 round 3: 70 of 2572 boosting-passed rows flagged; surfacing 50
2026-09-25 01:42:18,659 [INFO] fl_ids.fl.client: Client 7 round 3: 2 of 329 boosting-passed rows flagged; surfacing 2
2026-09-25 01:42:19,575 [INFO] fl_ids.fl.client: Client 8 round 3: 305 of 10270 boosting-passed rows flagged; surfacing 50
2026-09-25 01:42:22,973 [INFO] fl_ids.fl.client: Client 9 round 3: 24 of 1036 boosting-passed rows flagged; surfacing 24
2026-09-25 01:42:49,652 [INFO] fl_ids.models.boosting: Continued boosting training: +50 trees on 94729 rows (now 350 trees)
2026-09-25 01:42:49,652 [INFO] fl_ids.models.boosting_update: Round 3: boosting v2 (continue) from 243 alerts ({'Normal': 243}); 0 from excluded clients ignored
2026-09-25 01:42:49,857 [WARNING] fl_ids.fl.client: Client 5: no benign validation samples to evaluate on
2026-09-25 01:42:49,878 [INFO] fl_ids.eval.simulation: Round 3: mean_val_loss=38.7257, comm_bytes=583920
2026-09-25 01:43:04,377 [WARNING] fl_ids.fl.client: Client 5: no benign validation samples to evaluate on
2026-09-25 01:43:04,384 [INFO] fl_ids.eval.simulation: Round 4: mean_val_loss=1603.9914, comm_bytes=583920
2026-09-25 01:43:18,853 [WARNING] fl_ids.fl.client: Client 5: no benign validation samples to evaluate on
2026-09-25 01:43:18,867 [INFO] fl_ids.eval.simulation: Round 5: mean_val_loss=74672.4177, comm_bytes=583920
2026-09-25 01:43:18,987 [INFO] fl_ids.fl.client: Client 0 round 6: 3 of 196 boosting-passed rows flagged; surfacing 3
2026-09-25 01:43:19,240 [INFO] fl_ids.fl.client: Client 1 round 6: 10 of 716 boosting-passed rows flagged; surfacing 10
2026-09-25 01:43:19,549 [INFO] fl_ids.fl.client: Client 2 round 6: 3 of 362 boosting-passed rows flagged; surfacing 3
2026-09-25 01:43:20,362 [INFO] fl_ids.fl.client: Client 3 round 6: 207 of 5624 boosting-passed rows flagged; surfacing 50
2026-09-25 01:43:22,777 [INFO] fl_ids.fl.client: Client 4 round 6: 333 of 11406 boosting-passed rows flagged; surfacing 50
2026-09-25 01:43:25,894 [INFO] fl_ids.fl.client: Client 6 round 6: 39 of 2572 boosting-passed rows flagged; surfacing 39
2026-09-25 01:43:26,616 [INFO] fl_ids.fl.client: Client 7 round 6: 2 of 328 boosting-passed rows flagged; surfacing 2
2026-09-25 01:43:27,715 [INFO] fl_ids.fl.client: Client 8 round 6: 271 of 10271 boosting-passed rows flagged; surfacing 50
2026-09-25 01:43:30,191 [INFO] fl_ids.fl.client: Client 9 round 6: 25 of 1034 boosting-passed rows flagged; surfacing 25
2026-09-25 01:43:54,638 [INFO] fl_ids.models.boosting: Continued boosting training: +50 trees on 94961 rows (now 400 trees)
2026-09-25 01:43:54,638 [INFO] fl_ids.models.boosting_update: Round 6: boosting v3 (continue) from 232 alerts ({'Normal': 232}); 0 from excluded clients ignored
2026-09-25 01:43:54,862 [WARNING] fl_ids.fl.client: Client 5: no benign validation samples to evaluate on
2026-09-25 01:43:54,882 [INFO] fl_ids.eval.simulation: Round 6: mean_val_loss=2396710.7877, comm_bytes=583920
2026-09-25 01:44:10,110 [WARNING] fl_ids.fl.client: Client 5: no benign validation samples to evaluate on
2026-09-25 01:44:10,122 [INFO] fl_ids.eval.simulation: Round 7: mean_val_loss=47206141.1683, comm_bytes=583920
2026-09-25 01:44:24,991 [WARNING] fl_ids.fl.client: Client 5: no benign validation samples to evaluate on
2026-09-25 01:44:25,008 [INFO] fl_ids.eval.simulation: Round 8: mean_val_loss=752836246.6889, comm_bytes=583920
2026-09-25 01:44:25,146 [INFO] fl_ids.fl.client: Client 0 round 9: 3 of 195 boosting-passed rows flagged; surfacing 3
2026-09-25 01:44:25,425 [INFO] fl_ids.fl.client: Client 1 round 9: 5 of 714 boosting-passed rows flagged; surfacing 5
2026-09-25 01:44:25,754 [INFO] fl_ids.fl.client: Client 2 round 9: 1 of 361 boosting-passed rows flagged; surfacing 1
2026-09-25 01:44:26,537 [INFO] fl_ids.fl.client: Client 3 round 9: 135 of 5624 boosting-passed rows flagged; surfacing 50
2026-09-25 01:44:29,316 [INFO] fl_ids.fl.client: Client 4 round 9: 278 of 11405 boosting-passed rows flagged; surfacing 50
2026-09-25 01:44:32,523 [INFO] fl_ids.fl.client: Client 6 round 9: 88 of 2573 boosting-passed rows flagged; surfacing 50
2026-09-25 01:44:33,267 [INFO] fl_ids.fl.client: Client 7 round 9: 2 of 330 boosting-passed rows flagged; surfacing 2
2026-09-25 01:44:34,575 [INFO] fl_ids.fl.client: Client 8 round 9: 395 of 10270 boosting-passed rows flagged; surfacing 50
2026-09-25 01:44:37,101 [INFO] fl_ids.fl.client: Client 9 round 9: 31 of 1033 boosting-passed rows flagged; surfacing 31
2026-09-25 01:45:02,270 [INFO] fl_ids.models.boosting: Continued boosting training: +50 trees on 95203 rows (now 450 trees)
2026-09-25 01:45:02,271 [INFO] fl_ids.models.boosting_update: Round 9: boosting v4 (continue) from 242 alerts ({'Normal': 242}); 0 from excluded clients ignored
2026-09-25 01:45:02,604 [WARNING] fl_ids.fl.client: Client 5: no benign validation samples to evaluate on
2026-09-25 01:45:02,634 [INFO] fl_ids.eval.simulation: Round 9: mean_val_loss=7898560967.1840, comm_bytes=583920
2026-09-25 01:45:19,051 [WARNING] fl_ids.fl.client: Client 5: no benign validation samples to evaluate on
2026-09-25 01:45:19,064 [INFO] fl_ids.eval.simulation: Round 10: mean_val_loss=62284250908.7361, comm_bytes=583920
2026-09-25 01:45:35,974 [WARNING] fl_ids.fl.client: Client 5: no benign validation samples to evaluate on
2026-09-25 01:45:35,993 [INFO] fl_ids.eval.simulation: Round 11: mean_val_loss=375104326719.1913, comm_bytes=583920
2026-09-25 01:45:36,234 [INFO] fl_ids.fl.client: Client 0 round 12: 3 of 194 boosting-passed rows flagged; surfacing 3
2026-09-25 01:45:36,746 [INFO] fl_ids.fl.client: Client 1 round 12: 5 of 716 boosting-passed rows flagged; surfacing 5
2026-09-25 01:45:37,151 [INFO] fl_ids.fl.client: Client 2 round 12: 2 of 359 boosting-passed rows flagged; surfacing 2
2026-09-25 01:45:38,821 [INFO] fl_ids.fl.client: Client 3 round 12: 132 of 5626 boosting-passed rows flagged; surfacing 50
2026-09-25 01:45:42,128 [INFO] fl_ids.fl.client: Client 4 round 12: 286 of 11405 boosting-passed rows flagged; surfacing 50
2026-09-25 01:45:45,809 [INFO] fl_ids.fl.client: Client 6 round 12: 98 of 2572 boosting-passed rows flagged; surfacing 50
2026-09-25 01:45:46,602 [INFO] fl_ids.fl.client: Client 7 round 12: 2 of 328 boosting-passed rows flagged; surfacing 2
2026-09-25 01:45:48,067 [INFO] fl_ids.fl.client: Client 8 round 12: 397 of 10268 boosting-passed rows flagged; surfacing 50
2026-09-25 01:45:50,672 [INFO] fl_ids.fl.client: Client 9 round 12: 31 of 1033 boosting-passed rows flagged; surfacing 31
2026-09-25 01:46:24,530 [INFO] fl_ids.models.boosting: Continued boosting training: +50 trees on 95446 rows (now 500 trees)
2026-09-25 01:46:24,531 [INFO] fl_ids.models.boosting_update: Round 12: boosting v5 (continue) from 243 alerts ({'Normal': 243}); 0 from excluded clients ignored
2026-09-25 01:46:24,820 [WARNING] fl_ids.fl.client: Client 5: no benign validation samples to evaluate on
2026-09-25 01:46:24,843 [INFO] fl_ids.eval.simulation: Round 12: mean_val_loss=1799090071191.6030, comm_bytes=583920
2026-09-25 01:46:42,742 [WARNING] fl_ids.fl.client: Client 5: no benign validation samples to evaluate on
2026-09-25 01:46:42,756 [INFO] fl_ids.eval.simulation: Round 13: mean_val_loss=7203133582655.7070, comm_bytes=583920
2026-09-25 01:47:00,531 [WARNING] fl_ids.fl.client: Client 5: no benign validation samples to evaluate on
2026-09-25 01:47:00,545 [INFO] fl_ids.eval.simulation: Round 14: mean_val_loss=24837917534849.6641, comm_bytes=583920
2026-09-25 01:47:00,736 [INFO] fl_ids.fl.client: Client 0 round 15: 3 of 195 boosting-passed rows flagged; surfacing 3
2026-09-25 01:47:01,076 [INFO] fl_ids.fl.client: Client 1 round 15: 5 of 716 boosting-passed rows flagged; surfacing 5
2026-09-25 01:47:01,431 [INFO] fl_ids.fl.client: Client 2 round 15: 2 of 360 boosting-passed rows flagged; surfacing 2
2026-09-25 01:47:02,401 [INFO] fl_ids.fl.client: Client 3 round 15: 117 of 5625 boosting-passed rows flagged; surfacing 50
2026-09-25 01:47:05,337 [INFO] fl_ids.fl.client: Client 4 round 15: 275 of 11404 boosting-passed rows flagged; surfacing 50
2026-09-25 01:47:08,820 [INFO] fl_ids.fl.client: Client 6 round 15: 101 of 2572 boosting-passed rows flagged; surfacing 50
2026-09-25 01:47:09,677 [INFO] fl_ids.fl.client: Client 7 round 15: 2 of 323 boosting-passed rows flagged; surfacing 2
2026-09-25 01:47:11,393 [INFO] fl_ids.fl.client: Client 8 round 15: 407 of 10266 boosting-passed rows flagged; surfacing 50
2026-09-25 01:47:14,088 [INFO] fl_ids.fl.client: Client 9 round 15: 29 of 1030 boosting-passed rows flagged; surfacing 29
2026-09-25 01:47:46,867 [INFO] fl_ids.models.boosting: Continued boosting training: +50 trees on 95687 rows (now 550 trees)
2026-09-25 01:47:46,867 [INFO] fl_ids.models.boosting_update: Round 15: boosting v6 (continue) from 241 alerts ({'Normal': 241}); 0 from excluded clients ignored
2026-09-25 01:47:47,183 [WARNING] fl_ids.fl.client: Client 5: no benign validation samples to evaluate on
2026-09-25 01:47:47,196 [INFO] fl_ids.eval.simulation: Round 15: mean_val_loss=74830639652295.4688, comm_bytes=583920
2026-09-25 01:48:06,949 [WARNING] fl_ids.fl.client: Client 5: no benign validation samples to evaluate on
2026-09-25 01:48:06,962 [INFO] fl_ids.eval.simulation: Round 16: mean_val_loss=201879221356827.1562, comm_bytes=583920
2026-09-25 01:48:26,318 [WARNING] fl_ids.fl.client: Client 5: no benign validation samples to evaluate on
2026-09-25 01:48:26,331 [INFO] fl_ids.eval.simulation: Round 17: mean_val_loss=490665274015089.9375, comm_bytes=583920
2026-09-25 01:48:26,568 [INFO] fl_ids.fl.client: Client 0 round 18: 3 of 195 boosting-passed rows flagged; surfacing 3
2026-09-25 01:48:26,993 [INFO] fl_ids.fl.client: Client 1 round 18: 5 of 713 boosting-passed rows flagged; surfacing 5
2026-09-25 01:48:27,579 [INFO] fl_ids.fl.client: Client 2 round 18: 2 of 357 boosting-passed rows flagged; surfacing 2
2026-09-25 01:48:29,163 [INFO] fl_ids.fl.client: Client 3 round 18: 114 of 5626 boosting-passed rows flagged; surfacing 50
2026-09-25 01:48:33,340 [INFO] fl_ids.fl.client: Client 4 round 18: 279 of 11402 boosting-passed rows flagged; surfacing 50
2026-09-25 01:48:37,405 [INFO] fl_ids.fl.client: Client 6 round 18: 106 of 2572 boosting-passed rows flagged; surfacing 50
2026-09-25 01:48:38,255 [INFO] fl_ids.fl.client: Client 7 round 18: 2 of 322 boosting-passed rows flagged; surfacing 2
2026-09-25 01:48:40,180 [INFO] fl_ids.fl.client: Client 8 round 18: 405 of 10264 boosting-passed rows flagged; surfacing 50
2026-09-25 01:48:43,056 [INFO] fl_ids.fl.client: Client 9 round 18: 27 of 1029 boosting-passed rows flagged; surfacing 27
2026-09-25 01:49:26,571 [INFO] fl_ids.models.boosting: Continued boosting training: +50 trees on 95926 rows (now 600 trees)
2026-09-25 01:49:26,572 [INFO] fl_ids.models.boosting_update: Round 18: boosting v7 (continue) from 239 alerts ({'Normal': 239}); 0 from excluded clients ignored
2026-09-25 01:49:27,033 [WARNING] fl_ids.fl.client: Client 5: no benign validation samples to evaluate on
2026-09-25 01:49:27,041 [INFO] fl_ids.eval.simulation: Round 18: mean_val_loss=1122587313432623.6250, comm_bytes=583920
2026-09-25 01:49:48,540 [WARNING] fl_ids.fl.client: Client 5: no benign validation samples to evaluate on
2026-09-25 01:49:48,553 [INFO] fl_ids.eval.simulation: Round 19: mean_val_loss=2384477698779351.5000, comm_bytes=583920
2026-09-25 01:50:07,149 [WARNING] fl_ids.fl.client: Client 5: no benign validation samples to evaluate on
2026-09-25 01:50:07,163 [INFO] fl_ids.eval.simulation: Round 20: mean_val_loss=4755780678674414.0000, comm_bytes=583920
2026-09-25 01:50:07,192 [WARNING] fl_ids.eval.common: Clients [5] have no benign validation rows (infinite threshold); 272 test rows can't be flagged by the autoencoder
2026-09-25 01:50:08,849 [INFO] fl_ids.eval.zero_day: zero-day holdout=Port_Scanning run=plain_fedavg: detection_rate=0.921
2026-09-25 01:50:21,573 [WARNING] fl_ids.fl.client: Client 5: no benign validation samples to evaluate on
2026-09-25 01:50:21,586 [INFO] fl_ids.eval.simulation: Round 1: mean_val_loss=0.3461, comm_bytes=583920
2026-09-25 01:50:33,085 [WARNING] fl_ids.fl.client: Client 5: no benign validation samples to evaluate on
2026-09-25 01:50:33,097 [INFO] fl_ids.eval.simulation: Round 2: mean_val_loss=0.3708, comm_bytes=583920
2026-09-25 01:50:33,210 [INFO] fl_ids.fl.client: Client 0 round 3: 3 of 197 boosting-passed rows flagged; surfacing 3
2026-09-25 01:50:33,489 [INFO] fl_ids.fl.client: Client 1 round 3: 6 of 715 boosting-passed rows flagged; surfacing 6
2026-09-25 01:50:33,800 [INFO] fl_ids.fl.client: Client 2 round 3: 3 of 364 boosting-passed rows flagged; surfacing 3
2026-09-25 01:50:34,491 [INFO] fl_ids.fl.client: Client 3 round 3: 136 of 5623 boosting-passed rows flagged; surfacing 50
2026-09-25 01:50:36,713 [INFO] fl_ids.fl.client: Client 4 round 3: 315 of 11406 boosting-passed rows flagged; surfacing 50
2026-09-25 01:50:39,919 [INFO] fl_ids.fl.client: Client 6 round 3: 70 of 2572 boosting-passed rows flagged; surfacing 50
2026-09-25 01:50:40,659 [INFO] fl_ids.fl.client: Client 7 round 3: 2 of 329 boosting-passed rows flagged; surfacing 2
2026-09-25 01:50:41,715 [INFO] fl_ids.fl.client: Client 8 round 3: 344 of 10270 boosting-passed rows flagged; surfacing 50
2026-09-25 01:50:44,265 [INFO] fl_ids.fl.client: Client 9 round 3: 21 of 1036 boosting-passed rows flagged; surfacing 21
2026-09-25 01:51:02,503 [INFO] fl_ids.models.boosting: Continued boosting training: +50 trees on 94721 rows (now 350 trees)
2026-09-25 01:51:02,503 [INFO] fl_ids.models.boosting_update: Round 3: boosting v2 (continue) from 235 alerts ({'Normal': 233, 'Vulnerability_scanner': 1, 'XSS': 1}); 0 from excluded clients ignored
2026-09-25 01:51:02,658 [WARNING] fl_ids.fl.client: Client 5: no benign validation samples to evaluate on
2026-09-25 01:51:02,669 [INFO] fl_ids.eval.simulation: Round 3: mean_val_loss=0.4318, comm_bytes=583920
2026-09-25 01:51:19,334 [WARNING] fl_ids.fl.client: Client 5: no benign validation samples to evaluate on
2026-09-25 01:51:19,351 [INFO] fl_ids.eval.simulation: Round 4: mean_val_loss=0.6291, comm_bytes=583920
2026-09-25 01:51:34,072 [WARNING] fl_ids.fl.client: Client 5: no benign validation samples to evaluate on
2026-09-25 01:51:34,086 [INFO] fl_ids.eval.simulation: Round 5: mean_val_loss=1.4969, comm_bytes=583920
2026-09-25 01:51:34,254 [INFO] fl_ids.fl.client: Client 0 round 6: 5 of 198 boosting-passed rows flagged; surfacing 5
2026-09-25 01:51:34,682 [INFO] fl_ids.fl.client: Client 1 round 6: 10 of 715 boosting-passed rows flagged; surfacing 10
2026-09-25 01:51:35,263 [INFO] fl_ids.fl.client: Client 2 round 6: 3 of 363 boosting-passed rows flagged; surfacing 3
2026-09-25 01:51:36,116 [INFO] fl_ids.fl.client: Client 3 round 6: 198 of 5624 boosting-passed rows flagged; surfacing 50
2026-09-25 01:51:39,982 [INFO] fl_ids.fl.client: Client 4 round 6: 270 of 11407 boosting-passed rows flagged; surfacing 50
2026-09-25 01:51:43,735 [INFO] fl_ids.fl.client: Client 6 round 6: 101 of 2572 boosting-passed rows flagged; surfacing 50
2026-09-25 01:51:44,967 [INFO] fl_ids.fl.client: Client 7 round 6: 2 of 331 boosting-passed rows flagged; surfacing 2
2026-09-25 01:51:45,938 [INFO] fl_ids.fl.client: Client 8 round 6: 410 of 10271 boosting-passed rows flagged; surfacing 50
2026-09-25 01:51:49,353 [INFO] fl_ids.fl.client: Client 9 round 6: 29 of 1034 boosting-passed rows flagged; surfacing 29
2026-09-25 01:52:18,955 [INFO] fl_ids.models.boosting: Continued boosting training: +50 trees on 94970 rows (now 400 trees)
2026-09-25 01:52:18,955 [INFO] fl_ids.models.boosting_update: Round 6: boosting v3 (continue) from 249 alerts ({'DDoS_HTTP': 1, 'Normal': 237, 'Password': 4, 'SQL_injection': 3, 'Uploading': 2, 'Vulnerability_scanner': 1, 'XSS': 1}); 0 from excluded clients ignored
2026-09-25 01:52:19,174 [WARNING] fl_ids.fl.client: Client 5: no benign validation samples to evaluate on
2026-09-25 01:52:19,186 [INFO] fl_ids.eval.simulation: Round 6: mean_val_loss=4.5326, comm_bytes=583920
2026-09-25 01:52:31,491 [WARNING] fl_ids.fl.client: Client 5: no benign validation samples to evaluate on
2026-09-25 01:52:31,497 [INFO] fl_ids.eval.simulation: Round 7: mean_val_loss=15.6635, comm_bytes=583920
2026-09-25 01:52:43,763 [WARNING] fl_ids.fl.client: Client 5: no benign validation samples to evaluate on
2026-09-25 01:52:43,775 [INFO] fl_ids.eval.simulation: Round 8: mean_val_loss=49.0153, comm_bytes=583920
2026-09-25 01:52:43,919 [INFO] fl_ids.fl.client: Client 0 round 9: 2 of 195 boosting-passed rows flagged; surfacing 2
2026-09-25 01:52:44,267 [INFO] fl_ids.fl.client: Client 1 round 9: 9 of 713 boosting-passed rows flagged; surfacing 9
2026-09-25 01:52:44,595 [INFO] fl_ids.fl.client: Client 2 round 9: 3 of 361 boosting-passed rows flagged; surfacing 3
2026-09-25 01:52:45,467 [INFO] fl_ids.fl.client: Client 3 round 9: 179 of 5625 boosting-passed rows flagged; surfacing 50
2026-09-25 01:52:48,306 [INFO] fl_ids.fl.client: Client 4 round 9: 299 of 11408 boosting-passed rows flagged; surfacing 50
2026-09-25 01:52:52,493 [INFO] fl_ids.fl.client: Client 6 round 9: 99 of 2571 boosting-passed rows flagged; surfacing 50
2026-09-25 01:52:53,752 [INFO] fl_ids.fl.client: Client 7 round 9: 2 of 329 boosting-passed rows flagged; surfacing 2
2026-09-25 01:52:54,865 [INFO] fl_ids.fl.client: Client 8 round 9: 430 of 10272 boosting-passed rows flagged; surfacing 50
2026-09-25 01:52:58,899 [INFO] fl_ids.fl.client: Client 9 round 9: 28 of 1032 boosting-passed rows flagged; surfacing 28
2026-09-25 01:53:29,353 [INFO] fl_ids.models.boosting: Continued boosting training: +50 trees on 95214 rows (now 450 trees)
2026-09-25 01:53:29,353 [INFO] fl_ids.models.boosting_update: Round 9: boosting v4 (continue) from 244 alerts ({'Normal': 236, 'Password': 4, 'Uploading': 3, 'XSS': 1}); 0 from excluded clients ignored
2026-09-25 01:53:29,547 [WARNING] fl_ids.fl.client: Client 5: no benign validation samples to evaluate on
2026-09-25 01:53:29,557 [INFO] fl_ids.eval.simulation: Round 9: mean_val_loss=139.7426, comm_bytes=583920
2026-09-25 01:53:42,649 [WARNING] fl_ids.fl.client: Client 5: no benign validation samples to evaluate on
2026-09-25 01:53:42,661 [INFO] fl_ids.eval.simulation: Round 10: mean_val_loss=377.0153, comm_bytes=583920
2026-09-25 01:53:55,700 [WARNING] fl_ids.fl.client: Client 5: no benign validation samples to evaluate on
2026-09-25 01:53:55,712 [INFO] fl_ids.eval.simulation: Round 11: mean_val_loss=946.5890, comm_bytes=583920
2026-09-25 01:53:55,871 [INFO] fl_ids.fl.client: Client 0 round 12: 2 of 194 boosting-passed rows flagged; surfacing 2
2026-09-25 01:53:56,233 [INFO] fl_ids.fl.client: Client 1 round 12: 9 of 718 boosting-passed rows flagged; surfacing 9
2026-09-25 01:53:56,608 [INFO] fl_ids.fl.client: Client 2 round 12: 3 of 357 boosting-passed rows flagged; surfacing 3
2026-09-25 01:53:57,811 [INFO] fl_ids.fl.client: Client 3 round 12: 147 of 5626 boosting-passed rows flagged; surfacing 50
2026-09-25 01:54:01,501 [INFO] fl_ids.fl.client: Client 4 round 12: 349 of 11407 boosting-passed rows flagged; surfacing 50
2026-09-25 01:54:06,215 [INFO] fl_ids.fl.client: Client 6 round 12: 86 of 2569 boosting-passed rows flagged; surfacing 50
2026-09-25 01:54:07,164 [INFO] fl_ids.fl.client: Client 7 round 12: 2 of 326 boosting-passed rows flagged; surfacing 2
2026-09-25 01:54:09,268 [INFO] fl_ids.fl.client: Client 8 round 12: 421 of 10268 boosting-passed rows flagged; surfacing 50
2026-09-25 01:54:12,700 [INFO] fl_ids.fl.client: Client 9 round 12: 28 of 1032 boosting-passed rows flagged; surfacing 28
2026-09-25 01:54:49,922 [INFO] fl_ids.models.boosting: Continued boosting training: +50 trees on 95458 rows (now 500 trees)
2026-09-25 01:54:49,922 [INFO] fl_ids.models.boosting_update: Round 12: boosting v5 (continue) from 244 alerts ({'Normal': 239, 'Password': 1, 'Uploading': 4}); 0 from excluded clients ignored
2026-09-25 01:54:50,145 [WARNING] fl_ids.fl.client: Client 5: no benign validation samples to evaluate on
2026-09-25 01:54:50,156 [INFO] fl_ids.eval.simulation: Round 12: mean_val_loss=2234.6423, comm_bytes=583920
2026-09-25 01:55:04,436 [WARNING] fl_ids.fl.client: Client 5: no benign validation samples to evaluate on
2026-09-25 01:55:04,450 [INFO] fl_ids.eval.simulation: Round 13: mean_val_loss=5462.0684, comm_bytes=583920
2026-09-25 01:55:20,016 [WARNING] fl_ids.fl.client: Client 5: no benign validation samples to evaluate on
2026-09-25 01:55:20,030 [INFO] fl_ids.eval.simulation: Round 14: mean_val_loss=12536.0105, comm_bytes=583920
2026-09-25 01:55:20,227 [INFO] fl_ids.fl.client: Client 0 round 15: 2 of 193 boosting-passed rows flagged; surfacing 2
2026-09-25 01:55:20,702 [INFO] fl_ids.fl.client: Client 1 round 15: 9 of 718 boosting-passed rows flagged; surfacing 9
2026-09-25 01:55:21,350 [INFO] fl_ids.fl.client: Client 2 round 15: 3 of 355 boosting-passed rows flagged; surfacing 3
2026-09-25 01:55:22,540 [INFO] fl_ids.fl.client: Client 3 round 15: 131 of 5626 boosting-passed rows flagged; surfacing 50
2026-09-25 01:55:27,558 [INFO] fl_ids.fl.client: Client 4 round 15: 325 of 11407 boosting-passed rows flagged; surfacing 50
2026-09-25 01:55:31,309 [INFO] fl_ids.fl.client: Client 6 round 15: 70 of 2570 boosting-passed rows flagged; surfacing 50
2026-09-25 01:55:32,696 [INFO] fl_ids.fl.client: Client 7 round 15: 2 of 323 boosting-passed rows flagged; surfacing 2
2026-09-25 01:55:34,244 [INFO] fl_ids.fl.client: Client 8 round 15: 384 of 10269 boosting-passed rows flagged; surfacing 50
2026-09-25 01:55:38,042 [INFO] fl_ids.fl.client: Client 9 round 15: 28 of 1031 boosting-passed rows flagged; surfacing 28
2026-09-25 01:56:16,381 [INFO] fl_ids.models.boosting: Continued boosting training: +50 trees on 95702 rows (now 550 trees)
2026-09-25 01:56:16,382 [INFO] fl_ids.models.boosting_update: Round 15: boosting v6 (continue) from 244 alerts ({'Normal': 243, 'Uploading': 1}); 0 from excluded clients ignored
2026-09-25 01:56:16,628 [WARNING] fl_ids.fl.client: Client 5: no benign validation samples to evaluate on
2026-09-25 01:56:16,639 [INFO] fl_ids.eval.simulation: Round 15: mean_val_loss=27162.5877, comm_bytes=583920
2026-09-25 01:56:31,396 [WARNING] fl_ids.fl.client: Client 5: no benign validation samples to evaluate on
2026-09-25 01:56:31,408 [INFO] fl_ids.eval.simulation: Round 16: mean_val_loss=53343.1207, comm_bytes=583920
2026-09-25 01:56:47,514 [WARNING] fl_ids.fl.client: Client 5: no benign validation samples to evaluate on
2026-09-25 01:56:47,528 [INFO] fl_ids.eval.simulation: Round 17: mean_val_loss=99295.4040, comm_bytes=583920
2026-09-25 01:56:47,744 [INFO] fl_ids.fl.client: Client 0 round 18: 2 of 193 boosting-passed rows flagged; surfacing 2
2026-09-25 01:56:48,137 [INFO] fl_ids.fl.client: Client 1 round 18: 9 of 717 boosting-passed rows flagged; surfacing 9
2026-09-25 01:56:48,594 [INFO] fl_ids.fl.client: Client 2 round 18: 3 of 355 boosting-passed rows flagged; surfacing 3
2026-09-25 01:56:49,693 [INFO] fl_ids.fl.client: Client 3 round 18: 125 of 5625 boosting-passed rows flagged; surfacing 50
2026-09-25 01:56:53,855 [INFO] fl_ids.fl.client: Client 4 round 18: 312 of 11405 boosting-passed rows flagged; surfacing 50
2026-09-25 01:56:59,406 [INFO] fl_ids.fl.client: Client 6 round 18: 75 of 2570 boosting-passed rows flagged; surfacing 50
2026-09-25 01:57:00,356 [INFO] fl_ids.fl.client: Client 7 round 18: 2 of 325 boosting-passed rows flagged; surfacing 2
2026-09-25 01:57:01,970 [INFO] fl_ids.fl.client: Client 8 round 18: 368 of 10268 boosting-passed rows flagged; surfacing 50
2026-09-25 01:57:05,618 [INFO] fl_ids.fl.client: Client 9 round 18: 28 of 1032 boosting-passed rows flagged; surfacing 28
2026-09-25 01:57:53,900 [INFO] fl_ids.models.boosting: Continued boosting training: +50 trees on 95946 rows (now 600 trees)
2026-09-25 01:57:53,900 [INFO] fl_ids.models.boosting_update: Round 18: boosting v7 (continue) from 244 alerts ({'Normal': 241, 'Password': 2, 'Uploading': 1}); 0 from excluded clients ignored
2026-09-25 01:57:54,166 [WARNING] fl_ids.fl.client: Client 5: no benign validation samples to evaluate on
2026-09-25 01:57:54,176 [INFO] fl_ids.eval.simulation: Round 18: mean_val_loss=176034.0114, comm_bytes=583920
2026-09-25 01:58:10,403 [WARNING] fl_ids.fl.client: Client 5: no benign validation samples to evaluate on
2026-09-25 01:58:10,416 [INFO] fl_ids.eval.simulation: Round 19: mean_val_loss=262624.5666, comm_bytes=583920
2026-09-25 01:58:28,781 [WARNING] fl_ids.fl.client: Client 5: no benign validation samples to evaluate on
2026-09-25 01:58:28,798 [INFO] fl_ids.eval.simulation: Round 20: mean_val_loss=381937.8989, comm_bytes=583920
2026-09-25 01:58:28,871 [WARNING] fl_ids.eval.common: Clients [5] have no benign validation rows (infinite threshold); 272 test rows can't be flagged by the autoencoder
2026-09-25 01:58:30,654 [INFO] fl_ids.eval.zero_day: zero-day holdout=Port_Scanning run=trimmed_mean_only: detection_rate=0.922
2026-09-25 01:58:48,343 [WARNING] fl_ids.fl.client: Client 5: no benign validation samples to evaluate on
2026-09-25 01:58:48,357 [INFO] fl_ids.eval.simulation: Round 1: mean_val_loss=0.2598, comm_bytes=583920
2026-09-25 01:59:04,911 [WARNING] fl_ids.fl.client: Client 5: no benign validation samples to evaluate on
2026-09-25 01:59:04,934 [INFO] fl_ids.eval.simulation: Round 2: mean_val_loss=0.1008, comm_bytes=583920
2026-09-25 01:59:04,966 [INFO] fl_ids.fl.client: Client 0 round 3: 9 of 1094 boosting-passed rows flagged; surfacing 9
2026-09-25 01:59:05,347 [INFO] fl_ids.fl.client: Client 1 round 3: 42 of 2509 boosting-passed rows flagged; surfacing 42
2026-09-25 01:59:06,106 [INFO] fl_ids.fl.client: Client 2 round 3: 7 of 1128 boosting-passed rows flagged; surfacing 7
2026-09-25 01:59:06,497 [INFO] fl_ids.fl.client: Client 3 round 3: 446 of 7816 boosting-passed rows flagged; surfacing 50
2026-09-25 01:59:08,602 [INFO] fl_ids.fl.client: Client 4 round 3: 647 of 12446 boosting-passed rows flagged; surfacing 50
2026-09-25 01:59:11,931 [INFO] fl_ids.fl.client: Client 6 round 3: 163 of 3313 boosting-passed rows flagged; surfacing 50
2026-09-25 01:59:12,744 [INFO] fl_ids.fl.client: Client 7 round 3: 23 of 1120 boosting-passed rows flagged; surfacing 23
2026-09-25 01:59:13,048 [INFO] fl_ids.fl.client: Client 8 round 3: 477 of 12330 boosting-passed rows flagged; surfacing 50
2026-09-25 01:59:15,918 [INFO] fl_ids.fl.client: Client 9 round 3: 123 of 1709 boosting-passed rows flagged; surfacing 50
2026-09-25 01:59:34,158 [INFO] fl_ids.models.boosting: Continued boosting training: +50 trees on 94708 rows (now 350 trees)
2026-09-25 01:59:34,159 [INFO] fl_ids.models.boosting_update: Round 3: boosting v2 (continue) from 222 alerts ({'DDoS_HTTP': 2, 'DDoS_ICMP': 4, 'DDoS_TCP': 19, 'DDoS_UDP': 33, 'MITM': 3, 'Normal': 116, 'Password': 13, 'SQL_injection': 1, 'Uploading': 5, 'Vulnerability_scanner': 16, 'XSS': 10}); 109 from excluded clients ignored
2026-09-25 01:59:34,323 [WARNING] fl_ids.fl.client: Client 5: no benign validation samples to evaluate on
2026-09-25 01:59:34,333 [INFO] fl_ids.eval.simulation: Round 3: mean_val_loss=0.0446, comm_bytes=583920
2026-09-25 01:59:45,361 [WARNING] fl_ids.fl.client: Client 5: no benign validation samples to evaluate on
2026-09-25 01:59:45,374 [INFO] fl_ids.eval.simulation: Round 4: mean_val_loss=0.0343, comm_bytes=583920
2026-09-25 01:59:57,684 [WARNING] fl_ids.fl.client: Client 5: no benign validation samples to evaluate on
2026-09-25 01:59:57,697 [INFO] fl_ids.eval.simulation: Round 5: mean_val_loss=0.0277, comm_bytes=583920
2026-09-25 01:59:57,760 [INFO] fl_ids.fl.client: Client 0 round 6: 96 of 1094 boosting-passed rows flagged; surfacing 50
2026-09-25 01:59:58,139 [INFO] fl_ids.fl.client: Client 1 round 6: 179 of 2509 boosting-passed rows flagged; surfacing 50
2026-09-25 01:59:59,221 [INFO] fl_ids.fl.client: Client 2 round 6: 59 of 1128 boosting-passed rows flagged; surfacing 50
2026-09-25 01:59:59,578 [INFO] fl_ids.fl.client: Client 3 round 6: 725 of 7816 boosting-passed rows flagged; surfacing 50
2026-09-25 02:00:02,455 [INFO] fl_ids.fl.client: Client 4 round 6: 541 of 12446 boosting-passed rows flagged; surfacing 50
2026-09-25 02:00:08,316 [INFO] fl_ids.fl.client: Client 6 round 6: 196 of 3313 boosting-passed rows flagged; surfacing 50
2026-09-25 02:00:09,264 [INFO] fl_ids.fl.client: Client 7 round 6: 15 of 1120 boosting-passed rows flagged; surfacing 15
2026-09-25 02:00:09,694 [INFO] fl_ids.fl.client: Client 8 round 6: 535 of 12330 boosting-passed rows flagged; surfacing 50
2026-09-25 02:00:14,303 [INFO] fl_ids.fl.client: Client 9 round 6: 128 of 1709 boosting-passed rows flagged; surfacing 50
2026-09-25 02:00:44,790 [INFO] fl_ids.models.boosting: Continued boosting training: +50 trees on 94973 rows (now 400 trees)
2026-09-25 02:00:44,790 [INFO] fl_ids.models.boosting_update: Round 6: boosting v3 (continue) from 265 alerts ({'Backdoor': 3, 'DDoS_HTTP': 5, 'DDoS_ICMP': 27, 'DDoS_TCP': 4, 'DDoS_UDP': 34, 'Fingerprinting': 4, 'MITM': 2, 'Normal': 89, 'Password': 25, 'SQL_injection': 26, 'Uploading': 8, 'Vulnerability_scanner': 24, 'XSS': 14}); 150 from excluded clients ignored
2026-09-25 02:00:45,026 [WARNING] fl_ids.fl.client: Client 5: no benign validation samples to evaluate on
2026-09-25 02:00:45,048 [INFO] fl_ids.eval.simulation: Round 6: mean_val_loss=0.0250, comm_bytes=583920
2026-09-25 02:01:00,335 [WARNING] fl_ids.fl.client: Client 5: no benign validation samples to evaluate on
2026-09-25 02:01:00,347 [INFO] fl_ids.eval.simulation: Round 7: mean_val_loss=0.0230, comm_bytes=583920
2026-09-25 02:01:11,423 [WARNING] fl_ids.fl.client: Client 5: no benign validation samples to evaluate on
2026-09-25 02:01:11,435 [INFO] fl_ids.eval.simulation: Round 8: mean_val_loss=0.0270, comm_bytes=583920
2026-09-25 02:01:11,499 [INFO] fl_ids.fl.client: Client 0 round 9: 70 of 1094 boosting-passed rows flagged; surfacing 50
2026-09-25 02:01:11,805 [INFO] fl_ids.fl.client: Client 1 round 9: 139 of 2509 boosting-passed rows flagged; surfacing 50
2026-09-25 02:01:12,421 [INFO] fl_ids.fl.client: Client 2 round 9: 55 of 1128 boosting-passed rows flagged; surfacing 50
2026-09-25 02:01:12,745 [INFO] fl_ids.fl.client: Client 3 round 9: 1176 of 7816 boosting-passed rows flagged; surfacing 50
2026-09-25 02:01:14,548 [INFO] fl_ids.fl.client: Client 4 round 9: 520 of 12446 boosting-passed rows flagged; surfacing 50
2026-09-25 02:01:17,802 [INFO] fl_ids.fl.client: Client 6 round 9: 380 of 3313 boosting-passed rows flagged; surfacing 50
2026-09-25 02:01:18,588 [INFO] fl_ids.fl.client: Client 7 round 9: 38 of 1120 boosting-passed rows flagged; surfacing 38
2026-09-25 02:01:18,902 [INFO] fl_ids.fl.client: Client 8 round 9: 581 of 12330 boosting-passed rows flagged; surfacing 50
2026-09-25 02:01:21,652 [INFO] fl_ids.fl.client: Client 9 round 9: 193 of 1709 boosting-passed rows flagged; surfacing 50
2026-09-25 02:01:52,413 [INFO] fl_ids.models.boosting: Continued boosting training: +50 trees on 95311 rows (now 450 trees)
2026-09-25 02:01:52,413 [INFO] fl_ids.models.boosting_update: Round 9: boosting v4 (continue) from 338 alerts ({'DDoS_HTTP': 6, 'DDoS_ICMP': 57, 'DDoS_TCP': 1, 'DDoS_UDP': 29, 'Fingerprinting': 6, 'MITM': 3, 'Normal': 118, 'Password': 32, 'SQL_injection': 50, 'Uploading': 8, 'Vulnerability_scanner': 19, 'XSS': 9}); 100 from excluded clients ignored
2026-09-25 02:01:52,660 [WARNING] fl_ids.fl.client: Client 5: no benign validation samples to evaluate on
2026-09-25 02:01:52,679 [INFO] fl_ids.eval.simulation: Round 9: mean_val_loss=0.0276, comm_bytes=583920
2026-09-25 02:02:06,417 [WARNING] fl_ids.fl.client: Client 5: no benign validation samples to evaluate on
2026-09-25 02:02:06,430 [INFO] fl_ids.eval.simulation: Round 10: mean_val_loss=0.0278, comm_bytes=583920
2026-09-25 02:02:17,229 [WARNING] fl_ids.fl.client: Client 5: no benign validation samples to evaluate on
2026-09-25 02:02:17,241 [INFO] fl_ids.eval.simulation: Round 11: mean_val_loss=0.0407, comm_bytes=583920
2026-09-25 02:02:17,311 [INFO] fl_ids.fl.client: Client 0 round 12: 70 of 1094 boosting-passed rows flagged; surfacing 50
2026-09-25 02:02:17,629 [INFO] fl_ids.fl.client: Client 1 round 12: 146 of 2509 boosting-passed rows flagged; surfacing 50
2026-09-25 02:02:18,269 [INFO] fl_ids.fl.client: Client 2 round 12: 66 of 1128 boosting-passed rows flagged; surfacing 50
2026-09-25 02:02:18,607 [INFO] fl_ids.fl.client: Client 3 round 12: 1158 of 7816 boosting-passed rows flagged; surfacing 50
2026-09-25 02:02:20,477 [INFO] fl_ids.fl.client: Client 4 round 12: 579 of 12446 boosting-passed rows flagged; surfacing 50
2026-09-25 02:02:23,764 [INFO] fl_ids.fl.client: Client 6 round 12: 347 of 3313 boosting-passed rows flagged; surfacing 50
2026-09-25 02:02:24,581 [INFO] fl_ids.fl.client: Client 7 round 12: 14 of 1120 boosting-passed rows flagged; surfacing 14
2026-09-25 02:02:24,911 [INFO] fl_ids.fl.client: Client 8 round 12: 538 of 12330 boosting-passed rows flagged; surfacing 50
2026-09-25 02:02:27,709 [INFO] fl_ids.fl.client: Client 9 round 12: 195 of 1709 boosting-passed rows flagged; surfacing 50
2026-09-25 02:03:06,586 [INFO] fl_ids.models.boosting: Continued boosting training: +50 trees on 95575 rows (now 500 trees)
2026-09-25 02:03:06,587 [INFO] fl_ids.models.boosting_update: Round 12: boosting v5 (continue) from 264 alerts ({'DDoS_HTTP': 3, 'DDoS_ICMP': 36, 'DDoS_UDP': 31, 'Fingerprinting': 4, 'MITM': 2, 'Normal': 94, 'Password': 29, 'SQL_injection': 31, 'Uploading': 7, 'Vulnerability_scanner': 14, 'XSS': 13}); 150 from excluded clients ignored
2026-09-25 02:03:06,874 [WARNING] fl_ids.fl.client: Client 5: no benign validation samples to evaluate on
2026-09-25 02:03:06,895 [INFO] fl_ids.eval.simulation: Round 12: mean_val_loss=0.0220, comm_bytes=583920
2026-09-25 02:03:18,383 [WARNING] fl_ids.fl.client: Client 5: no benign validation samples to evaluate on
2026-09-25 02:03:18,396 [INFO] fl_ids.eval.simulation: Round 13: mean_val_loss=0.0262, comm_bytes=583920
2026-09-25 02:03:29,369 [WARNING] fl_ids.fl.client: Client 5: no benign validation samples to evaluate on
2026-09-25 02:03:29,381 [INFO] fl_ids.eval.simulation: Round 14: mean_val_loss=0.0366, comm_bytes=583920
2026-09-25 02:03:29,464 [INFO] fl_ids.fl.client: Client 0 round 15: 72 of 1094 boosting-passed rows flagged; surfacing 50
2026-09-25 02:03:29,794 [INFO] fl_ids.fl.client: Client 1 round 15: 179 of 2509 boosting-passed rows flagged; surfacing 50
2026-09-25 02:03:30,436 [INFO] fl_ids.fl.client: Client 2 round 15: 57 of 1128 boosting-passed rows flagged; surfacing 50
2026-09-25 02:03:30,780 [INFO] fl_ids.fl.client: Client 3 round 15: 682 of 7816 boosting-passed rows flagged; surfacing 50
2026-09-25 02:03:32,638 [INFO] fl_ids.fl.client: Client 4 round 15: 510 of 12446 boosting-passed rows flagged; surfacing 50
2026-09-25 02:03:35,950 [INFO] fl_ids.fl.client: Client 6 round 15: 313 of 3313 boosting-passed rows flagged; surfacing 50
2026-09-25 02:03:36,776 [INFO] fl_ids.fl.client: Client 7 round 15: 14 of 1120 boosting-passed rows flagged; surfacing 14
2026-09-25 02:03:37,116 [INFO] fl_ids.fl.client: Client 8 round 15: 525 of 12330 boosting-passed rows flagged; surfacing 50
2026-09-25 02:03:39,852 [INFO] fl_ids.fl.client: Client 9 round 15: 177 of 1709 boosting-passed rows flagged; surfacing 50
2026-09-25 02:04:23,509 [INFO] fl_ids.models.boosting: Continued boosting training: +50 trees on 95839 rows (now 550 trees)
2026-09-25 02:04:23,510 [INFO] fl_ids.models.boosting_update: Round 15: boosting v6 (continue) from 264 alerts ({'DDoS_HTTP': 3, 'DDoS_ICMP': 20, 'DDoS_TCP': 3, 'DDoS_UDP': 29, 'Fingerprinting': 4, 'MITM': 3, 'Normal': 104, 'Password': 31, 'SQL_injection': 29, 'Uploading': 6, 'Vulnerability_scanner': 18, 'XSS': 14}); 150 from excluded clients ignored
2026-09-25 02:04:23,748 [WARNING] fl_ids.fl.client: Client 5: no benign validation samples to evaluate on
2026-09-25 02:04:23,759 [INFO] fl_ids.eval.simulation: Round 15: mean_val_loss=0.0196, comm_bytes=583920
2026-09-25 02:04:35,145 [WARNING] fl_ids.fl.client: Client 5: no benign validation samples to evaluate on
2026-09-25 02:04:35,157 [INFO] fl_ids.eval.simulation: Round 16: mean_val_loss=0.0301, comm_bytes=583920
2026-09-25 02:04:46,582 [WARNING] fl_ids.fl.client: Client 5: no benign validation samples to evaluate on
2026-09-25 02:04:46,593 [INFO] fl_ids.eval.simulation: Round 17: mean_val_loss=0.0189, comm_bytes=583920
2026-09-25 02:04:46,681 [INFO] fl_ids.fl.client: Client 0 round 18: 59 of 1094 boosting-passed rows flagged; surfacing 50
2026-09-25 02:04:47,033 [INFO] fl_ids.fl.client: Client 1 round 18: 166 of 2509 boosting-passed rows flagged; surfacing 50
2026-09-25 02:04:47,703 [INFO] fl_ids.fl.client: Client 2 round 18: 58 of 1128 boosting-passed rows flagged; surfacing 50
2026-09-25 02:04:48,054 [INFO] fl_ids.fl.client: Client 3 round 18: 753 of 7816 boosting-passed rows flagged; surfacing 50
2026-09-25 02:04:49,977 [INFO] fl_ids.fl.client: Client 4 round 18: 502 of 12446 boosting-passed rows flagged; surfacing 50
2026-09-25 02:04:53,406 [INFO] fl_ids.fl.client: Client 6 round 18: 303 of 3313 boosting-passed rows flagged; surfacing 50
2026-09-25 02:04:54,259 [INFO] fl_ids.fl.client: Client 7 round 18: 34 of 1120 boosting-passed rows flagged; surfacing 34
2026-09-25 02:04:54,614 [INFO] fl_ids.fl.client: Client 8 round 18: 576 of 12330 boosting-passed rows flagged; surfacing 50
2026-09-25 02:04:57,492 [INFO] fl_ids.fl.client: Client 9 round 18: 163 of 1709 boosting-passed rows flagged; surfacing 50
2026-09-25 02:05:48,791 [INFO] fl_ids.models.boosting: Continued boosting training: +50 trees on 96223 rows (now 600 trees)
2026-09-25 02:05:48,791 [INFO] fl_ids.models.boosting_update: Round 18: boosting v7 (continue) from 384 alerts ({'DDoS_HTTP': 7, 'DDoS_ICMP': 72, 'DDoS_TCP': 7, 'DDoS_UDP': 22, 'Fingerprinting': 5, 'MITM': 4, 'Normal': 131, 'Password': 33, 'Ransomware': 1, 'SQL_injection': 42, 'Uploading': 7, 'Vulnerability_scanner': 38, 'XSS': 15}); 50 from excluded clients ignored
2026-09-25 02:05:49,057 [WARNING] fl_ids.fl.client: Client 5: no benign validation samples to evaluate on
2026-09-25 02:05:49,067 [INFO] fl_ids.eval.simulation: Round 18: mean_val_loss=0.0292, comm_bytes=583920
2026-09-25 02:06:00,756 [WARNING] fl_ids.fl.client: Client 5: no benign validation samples to evaluate on
2026-09-25 02:06:00,768 [INFO] fl_ids.eval.simulation: Round 19: mean_val_loss=0.0188, comm_bytes=583920
2026-09-25 02:06:12,319 [WARNING] fl_ids.fl.client: Client 5: no benign validation samples to evaluate on
2026-09-25 02:06:12,331 [INFO] fl_ids.eval.simulation: Round 20: mean_val_loss=0.0278, comm_bytes=583920
2026-09-25 02:06:12,358 [WARNING] fl_ids.eval.common: Clients [5] have no benign validation rows (infinite threshold); 272 test rows can't be flagged by the autoencoder
2026-09-25 02:06:12,370 [INFO] fl_ids.eval.zero_day: zero-day holdout=Port_Scanning run=autoencoder_only: detection_rate=0.131
2026-09-25 02:06:12,751 [INFO] fl_ids.eval.zero_day: zero-day holdout=Port_Scanning run=boosting_only: detection_rate=0.908
2026-09-25 02:06:15,046 [INFO] fl_ids.eval.common: Excluded classes ['Ransomware'] from training: removed 485 calibration rows, 304 federated-pool rows
2026-09-25 02:06:15,047 [INFO] fl_ids.models.boosting: Training boosting classifier: 95000 samples, 15 classes, 300 rounds
2026-09-25 02:06:31,586 [WARNING] fl_ids.data.pipeline: Client 5 has zero benign validation samples (heavy Dirichlet skew or too few benign samples in its shard)
2026-09-25 02:06:31,614 [INFO] fl_ids.eval.common: Evaluation setup: 95000 calibration, 59696 federated pool (subsampled), 8950 test rows across 10 clients
2026-09-25 02:06:47,215 [WARNING] fl_ids.fl.client: Client 5: no benign validation samples to evaluate on
2026-09-25 02:06:47,252 [INFO] fl_ids.eval.simulation: Round 1: mean_val_loss=0.2767, comm_bytes=583920
2026-09-25 02:07:02,488 [WARNING] fl_ids.fl.client: Client 5: no benign validation samples to evaluate on
2026-09-25 02:07:02,500 [INFO] fl_ids.eval.simulation: Round 2: mean_val_loss=0.0913, comm_bytes=583920
2026-09-25 02:07:02,627 [INFO] fl_ids.fl.client: Client 0 round 3: 11 of 177 boosting-passed rows flagged; surfacing 11
2026-09-25 02:07:02,823 [INFO] fl_ids.fl.client: Client 1 round 3: 7 of 693 boosting-passed rows flagged; surfacing 7
2026-09-25 02:07:03,131 [INFO] fl_ids.fl.client: Client 2 round 3: 2 of 454 boosting-passed rows flagged; surfacing 2
2026-09-25 02:07:03,718 [INFO] fl_ids.fl.client: Client 3 round 3: 288 of 5529 boosting-passed rows flagged; surfacing 50
2026-09-25 02:07:07,135 [INFO] fl_ids.fl.client: Client 4 round 3: 329 of 11656 boosting-passed rows flagged; surfacing 50
2026-09-25 02:07:12,610 [INFO] fl_ids.fl.client: Client 6 round 3: 55 of 2706 boosting-passed rows flagged; surfacing 50
2026-09-25 02:07:13,354 [INFO] fl_ids.fl.client: Client 7 round 3: 2 of 296 boosting-passed rows flagged; surfacing 2
2026-09-25 02:07:14,157 [INFO] fl_ids.fl.client: Client 8 round 3: 350 of 10300 boosting-passed rows flagged; surfacing 50
2026-09-25 02:07:16,984 [INFO] fl_ids.fl.client: Client 9 round 3: 24 of 908 boosting-passed rows flagged; surfacing 24
2026-09-25 02:07:34,319 [INFO] fl_ids.models.boosting: Continued boosting training: +50 trees on 95161 rows (now 350 trees)
2026-09-25 02:07:34,320 [INFO] fl_ids.models.boosting_update: Round 3: boosting v2 (continue) from 161 alerts ({'DDoS_HTTP': 1, 'Normal': 159, 'SQL_injection': 1}); 85 from excluded clients ignored
2026-09-25 02:07:34,480 [WARNING] fl_ids.fl.client: Client 5: no benign validation samples to evaluate on
2026-09-25 02:07:34,490 [INFO] fl_ids.eval.simulation: Round 3: mean_val_loss=0.0256, comm_bytes=583920
2026-09-25 02:07:46,235 [WARNING] fl_ids.fl.client: Client 5: no benign validation samples to evaluate on
2026-09-25 02:07:46,249 [INFO] fl_ids.eval.simulation: Round 4: mean_val_loss=0.0158, comm_bytes=583920
2026-09-25 02:07:57,999 [WARNING] fl_ids.fl.client: Client 5: no benign validation samples to evaluate on
2026-09-25 02:07:58,012 [INFO] fl_ids.eval.simulation: Round 5: mean_val_loss=0.0188, comm_bytes=583920
2026-09-25 02:07:58,192 [INFO] fl_ids.fl.client: Client 0 round 6: 11 of 177 boosting-passed rows flagged; surfacing 11
2026-09-25 02:07:58,464 [INFO] fl_ids.fl.client: Client 1 round 6: 14 of 692 boosting-passed rows flagged; surfacing 14
2026-09-25 02:07:58,815 [INFO] fl_ids.fl.client: Client 2 round 6: 9 of 453 boosting-passed rows flagged; surfacing 9
2026-09-25 02:07:59,506 [INFO] fl_ids.fl.client: Client 3 round 6: 185 of 5528 boosting-passed rows flagged; surfacing 50
2026-09-25 02:08:01,887 [INFO] fl_ids.fl.client: Client 4 round 6: 372 of 11649 boosting-passed rows flagged; surfacing 50
2026-09-25 02:08:04,913 [INFO] fl_ids.fl.client: Client 6 round 6: 66 of 2707 boosting-passed rows flagged; surfacing 50
2026-09-25 02:08:06,335 [INFO] fl_ids.fl.client: Client 7 round 6: 2 of 295 boosting-passed rows flagged; surfacing 2
2026-09-25 02:08:07,311 [INFO] fl_ids.fl.client: Client 8 round 6: 310 of 10298 boosting-passed rows flagged; surfacing 50
2026-09-25 02:08:10,702 [INFO] fl_ids.fl.client: Client 9 round 6: 23 of 907 boosting-passed rows flagged; surfacing 23
2026-09-25 02:08:40,812 [INFO] fl_ids.models.boosting: Continued boosting training: +50 trees on 95359 rows (now 400 trees)
2026-09-25 02:08:40,812 [INFO] fl_ids.models.boosting_update: Round 6: boosting v3 (continue) from 198 alerts ({'Backdoor': 1, 'Normal': 184, 'Port_Scanning': 8, 'SQL_injection': 3, 'Uploading': 1, 'Vulnerability_scanner': 1}); 61 from excluded clients ignored
2026-09-25 02:08:41,041 [WARNING] fl_ids.fl.client: Client 5: no benign validation samples to evaluate on
2026-09-25 02:08:41,062 [INFO] fl_ids.eval.simulation: Round 6: mean_val_loss=0.0247, comm_bytes=583920
2026-09-25 02:08:56,369 [WARNING] fl_ids.fl.client: Client 5: no benign validation samples to evaluate on
2026-09-25 02:08:56,391 [INFO] fl_ids.eval.simulation: Round 7: mean_val_loss=0.0316, comm_bytes=583920
2026-09-25 02:09:11,371 [WARNING] fl_ids.fl.client: Client 5: no benign validation samples to evaluate on
2026-09-25 02:09:11,387 [INFO] fl_ids.eval.simulation: Round 8: mean_val_loss=0.0477, comm_bytes=583920
2026-09-25 02:09:11,550 [INFO] fl_ids.fl.client: Client 0 round 9: 40 of 176 boosting-passed rows flagged; surfacing 40
2026-09-25 02:09:11,807 [INFO] fl_ids.fl.client: Client 1 round 9: 11 of 692 boosting-passed rows flagged; surfacing 11
2026-09-25 02:09:12,221 [INFO] fl_ids.fl.client: Client 2 round 9: 13 of 450 boosting-passed rows flagged; surfacing 13
2026-09-25 02:09:12,958 [INFO] fl_ids.fl.client: Client 3 round 9: 150 of 5529 boosting-passed rows flagged; surfacing 50
2026-09-25 02:09:15,639 [INFO] fl_ids.fl.client: Client 4 round 9: 411 of 11646 boosting-passed rows flagged; surfacing 50
2026-09-25 02:09:19,903 [INFO] fl_ids.fl.client: Client 6 round 9: 88 of 2705 boosting-passed rows flagged; surfacing 50
2026-09-25 02:09:21,419 [INFO] fl_ids.fl.client: Client 7 round 9: 2 of 293 boosting-passed rows flagged; surfacing 2
2026-09-25 02:09:22,529 [INFO] fl_ids.fl.client: Client 8 round 9: 400 of 10294 boosting-passed rows flagged; surfacing 50
2026-09-25 02:09:25,546 [INFO] fl_ids.fl.client: Client 9 round 9: 31 of 904 boosting-passed rows flagged; surfacing 31
2026-09-25 02:09:48,004 [INFO] fl_ids.models.boosting: Continued boosting training: +50 trees on 95606 rows (now 450 trees)
2026-09-25 02:09:48,004 [INFO] fl_ids.models.boosting_update: Round 9: boosting v4 (continue) from 247 alerts ({'Backdoor': 1, 'Normal': 204, 'Password': 22, 'SQL_injection': 6, 'Uploading': 6, 'Vulnerability_scanner': 7, 'XSS': 1}); 50 from excluded clients ignored
2026-09-25 02:09:48,335 [WARNING] fl_ids.fl.client: Client 5: no benign validation samples to evaluate on
2026-09-25 02:09:48,425 [INFO] fl_ids.eval.simulation: Round 9: mean_val_loss=0.0497, comm_bytes=583920
2026-09-25 02:10:04,686 [WARNING] fl_ids.fl.client: Client 5: no benign validation samples to evaluate on
2026-09-25 02:10:04,699 [INFO] fl_ids.eval.simulation: Round 10: mean_val_loss=0.0287, comm_bytes=583920
2026-09-25 02:10:20,581 [WARNING] fl_ids.fl.client: Client 5: no benign validation samples to evaluate on
2026-09-25 02:10:20,596 [INFO] fl_ids.eval.simulation: Round 11: mean_val_loss=0.0493, comm_bytes=583920
2026-09-25 02:10:20,822 [INFO] fl_ids.fl.client: Client 0 round 12: 53 of 175 boosting-passed rows flagged; surfacing 50
2026-09-25 02:10:21,165 [INFO] fl_ids.fl.client: Client 1 round 12: 15 of 689 boosting-passed rows flagged; surfacing 15
2026-09-25 02:10:21,804 [INFO] fl_ids.fl.client: Client 2 round 12: 11 of 450 boosting-passed rows flagged; surfacing 11
2026-09-25 02:10:22,632 [INFO] fl_ids.fl.client: Client 3 round 12: 135 of 5529 boosting-passed rows flagged; surfacing 50
2026-09-25 02:10:26,040 [INFO] fl_ids.fl.client: Client 4 round 12: 406 of 11645 boosting-passed rows flagged; surfacing 50
2026-09-25 02:10:30,392 [INFO] fl_ids.fl.client: Client 6 round 12: 83 of 2704 boosting-passed rows flagged; surfacing 50
2026-09-25 02:10:31,429 [INFO] fl_ids.fl.client: Client 7 round 12: 2 of 294 boosting-passed rows flagged; surfacing 2
2026-09-25 02:10:32,892 [INFO] fl_ids.fl.client: Client 8 round 12: 395 of 10294 boosting-passed rows flagged; surfacing 50
2026-09-25 02:10:35,398 [INFO] fl_ids.fl.client: Client 9 round 12: 32 of 902 boosting-passed rows flagged; surfacing 32
2026-09-25 02:11:03,241 [INFO] fl_ids.models.boosting: Continued boosting training: +50 trees on 95816 rows (now 500 trees)
2026-09-25 02:11:03,242 [INFO] fl_ids.models.boosting_update: Round 12: boosting v5 (continue) from 210 alerts ({'DDoS_HTTP': 1, 'Normal': 198, 'Password': 4, 'SQL_injection': 6, 'Uploading': 1}); 100 from excluded clients ignored
2026-09-25 02:11:03,525 [WARNING] fl_ids.fl.client: Client 5: no benign validation samples to evaluate on
2026-09-25 02:11:03,544 [INFO] fl_ids.eval.simulation: Round 12: mean_val_loss=0.0291, comm_bytes=583920
2026-09-25 02:11:19,708 [WARNING] fl_ids.fl.client: Client 5: no benign validation samples to evaluate on
2026-09-25 02:11:19,721 [INFO] fl_ids.eval.simulation: Round 13: mean_val_loss=0.0454, comm_bytes=583920
2026-09-25 02:11:36,680 [WARNING] fl_ids.fl.client: Client 5: no benign validation samples to evaluate on
2026-09-25 02:11:36,698 [INFO] fl_ids.eval.simulation: Round 14: mean_val_loss=0.0487, comm_bytes=583920
2026-09-25 02:11:37,095 [INFO] fl_ids.fl.client: Client 0 round 15: 62 of 174 boosting-passed rows flagged; surfacing 50
2026-09-25 02:11:37,593 [INFO] fl_ids.fl.client: Client 1 round 15: 11 of 690 boosting-passed rows flagged; surfacing 11
2026-09-25 02:11:37,980 [INFO] fl_ids.fl.client: Client 2 round 15: 6 of 447 boosting-passed rows flagged; surfacing 6
2026-09-25 02:11:38,881 [INFO] fl_ids.fl.client: Client 3 round 15: 125 of 5530 boosting-passed rows flagged; surfacing 50
2026-09-25 02:11:42,730 [INFO] fl_ids.fl.client: Client 4 round 15: 398 of 11644 boosting-passed rows flagged; surfacing 50
2026-09-25 02:11:47,330 [INFO] fl_ids.fl.client: Client 6 round 15: 75 of 2706 boosting-passed rows flagged; surfacing 50
2026-09-25 02:11:48,137 [INFO] fl_ids.fl.client: Client 7 round 15: 2 of 291 boosting-passed rows flagged; surfacing 2
2026-09-25 02:11:49,750 [INFO] fl_ids.fl.client: Client 8 round 15: 368 of 10290 boosting-passed rows flagged; surfacing 50
2026-09-25 02:11:52,348 [INFO] fl_ids.fl.client: Client 9 round 15: 58 of 898 boosting-passed rows flagged; surfacing 50
2026-09-25 02:12:26,332 [INFO] fl_ids.models.boosting: Continued boosting training: +50 trees on 96035 rows (now 550 trees)
2026-09-25 02:12:26,332 [INFO] fl_ids.models.boosting_update: Round 15: boosting v6 (continue) from 219 alerts ({'Backdoor': 1, 'DDoS_HTTP': 1, 'Normal': 171, 'Password': 23, 'SQL_injection': 3, 'Uploading': 7, 'Vulnerability_scanner': 12, 'XSS': 1}); 100 from excluded clients ignored
2026-09-25 02:12:26,840 [WARNING] fl_ids.fl.client: Client 5: no benign validation samples to evaluate on
2026-09-25 02:12:26,925 [INFO] fl_ids.eval.simulation: Round 15: mean_val_loss=0.0260, comm_bytes=583920
2026-09-25 02:12:44,831 [WARNING] fl_ids.fl.client: Client 5: no benign validation samples to evaluate on
2026-09-25 02:12:44,878 [INFO] fl_ids.eval.simulation: Round 16: mean_val_loss=0.0504, comm_bytes=583920
2026-09-25 02:13:03,470 [WARNING] fl_ids.fl.client: Client 5: no benign validation samples to evaluate on
2026-09-25 02:13:03,498 [INFO] fl_ids.eval.simulation: Round 17: mean_val_loss=0.0186, comm_bytes=583920
2026-09-25 02:13:03,990 [INFO] fl_ids.fl.client: Client 0 round 18: 7 of 175 boosting-passed rows flagged; surfacing 7
2026-09-25 02:13:04,584 [INFO] fl_ids.fl.client: Client 1 round 18: 15 of 689 boosting-passed rows flagged; surfacing 15
2026-09-25 02:13:05,054 [INFO] fl_ids.fl.client: Client 2 round 18: 6 of 447 boosting-passed rows flagged; surfacing 6
2026-09-25 02:13:06,061 [INFO] fl_ids.fl.client: Client 3 round 18: 128 of 5529 boosting-passed rows flagged; surfacing 50
2026-09-25 02:13:09,029 [INFO] fl_ids.fl.client: Client 4 round 18: 443 of 11643 boosting-passed rows flagged; surfacing 50
2026-09-25 02:13:12,751 [INFO] fl_ids.fl.client: Client 6 round 18: 87 of 2706 boosting-passed rows flagged; surfacing 50
2026-09-25 02:13:13,568 [INFO] fl_ids.fl.client: Client 7 round 18: 2 of 290 boosting-passed rows flagged; surfacing 2
2026-09-25 02:13:15,307 [INFO] fl_ids.fl.client: Client 8 round 18: 364 of 10291 boosting-passed rows flagged; surfacing 50
2026-09-25 02:13:17,964 [INFO] fl_ids.fl.client: Client 9 round 18: 46 of 898 boosting-passed rows flagged; surfacing 46
2026-09-25 02:13:55,330 [INFO] fl_ids.models.boosting: Continued boosting training: +50 trees on 96211 rows (now 600 trees)
2026-09-25 02:13:55,331 [INFO] fl_ids.models.boosting_update: Round 18: boosting v7 (continue) from 176 alerts ({'Backdoor': 1, 'Normal': 155, 'Password': 7, 'Port_Scanning': 2, 'SQL_injection': 5, 'Uploading': 4, 'Vulnerability_scanner': 1, 'XSS': 1}); 100 from excluded clients ignored
2026-09-25 02:13:55,674 [WARNING] fl_ids.fl.client: Client 5: no benign validation samples to evaluate on
2026-09-25 02:13:55,694 [INFO] fl_ids.eval.simulation: Round 18: mean_val_loss=0.0444, comm_bytes=583920
2026-09-25 02:14:16,350 [WARNING] fl_ids.fl.client: Client 5: no benign validation samples to evaluate on
2026-09-25 02:14:16,368 [INFO] fl_ids.eval.simulation: Round 19: mean_val_loss=0.0228, comm_bytes=583920
2026-09-25 02:14:36,272 [WARNING] fl_ids.fl.client: Client 5: no benign validation samples to evaluate on
2026-09-25 02:14:36,286 [INFO] fl_ids.eval.simulation: Round 20: mean_val_loss=0.0657, comm_bytes=583920
2026-09-25 02:14:36,312 [WARNING] fl_ids.eval.common: Clients [5] have no benign validation rows (infinite threshold); 142 test rows can't be flagged by the autoencoder
2026-09-25 02:14:36,949 [INFO] fl_ids.eval.zero_day: zero-day holdout=Ransomware run=full_pipeline: detection_rate=0.536
2026-09-25 02:14:49,819 [WARNING] fl_ids.fl.client: Client 5: no benign validation samples to evaluate on
2026-09-25 02:14:49,831 [INFO] fl_ids.eval.simulation: Round 1: mean_val_loss=0.4101, comm_bytes=583920
2026-09-25 02:15:01,054 [WARNING] fl_ids.fl.client: Client 5: no benign validation samples to evaluate on
2026-09-25 02:15:01,068 [INFO] fl_ids.eval.simulation: Round 2: mean_val_loss=1.6790, comm_bytes=583920
2026-09-25 02:15:01,223 [INFO] fl_ids.fl.client: Client 0 round 3: 9 of 177 boosting-passed rows flagged; surfacing 9
2026-09-25 02:15:01,474 [INFO] fl_ids.fl.client: Client 1 round 3: 29 of 693 boosting-passed rows flagged; surfacing 29
2026-09-25 02:15:01,805 [INFO] fl_ids.fl.client: Client 2 round 3: 6 of 454 boosting-passed rows flagged; surfacing 6
2026-09-25 02:15:02,465 [INFO] fl_ids.fl.client: Client 3 round 3: 152 of 5529 boosting-passed rows flagged; surfacing 50
2026-09-25 02:15:04,709 [INFO] fl_ids.fl.client: Client 4 round 3: 338 of 11656 boosting-passed rows flagged; surfacing 50
2026-09-25 02:15:07,838 [INFO] fl_ids.fl.client: Client 6 round 3: 91 of 2706 boosting-passed rows flagged; surfacing 50
2026-09-25 02:15:08,570 [INFO] fl_ids.fl.client: Client 7 round 3: 2 of 296 boosting-passed rows flagged; surfacing 2
2026-09-25 02:15:09,596 [INFO] fl_ids.fl.client: Client 8 round 3: 317 of 10300 boosting-passed rows flagged; surfacing 50
2026-09-25 02:15:12,078 [INFO] fl_ids.fl.client: Client 9 round 3: 25 of 908 boosting-passed rows flagged; surfacing 25
2026-09-25 02:15:31,926 [INFO] fl_ids.models.boosting: Continued boosting training: +50 trees on 95271 rows (now 350 trees)
2026-09-25 02:15:31,926 [INFO] fl_ids.models.boosting_update: Round 3: boosting v2 (continue) from 271 alerts ({'Normal': 270, 'Vulnerability_scanner': 1}); 0 from excluded clients ignored
2026-09-25 02:15:32,126 [WARNING] fl_ids.fl.client: Client 5: no benign validation samples to evaluate on
2026-09-25 02:15:32,142 [INFO] fl_ids.eval.simulation: Round 3: mean_val_loss=44.8421, comm_bytes=583920
2026-09-25 02:15:48,086 [WARNING] fl_ids.fl.client: Client 5: no benign validation samples to evaluate on
2026-09-25 02:15:48,099 [INFO] fl_ids.eval.simulation: Round 4: mean_val_loss=3629.8832, comm_bytes=583920
2026-09-25 02:16:03,878 [WARNING] fl_ids.fl.client: Client 5: no benign validation samples to evaluate on
2026-09-25 02:16:03,890 [INFO] fl_ids.eval.simulation: Round 5: mean_val_loss=177896.7980, comm_bytes=583920
2026-09-25 02:16:04,037 [INFO] fl_ids.fl.client: Client 0 round 6: 4 of 176 boosting-passed rows flagged; surfacing 4
2026-09-25 02:16:04,293 [INFO] fl_ids.fl.client: Client 1 round 6: 13 of 692 boosting-passed rows flagged; surfacing 13
2026-09-25 02:16:04,686 [INFO] fl_ids.fl.client: Client 2 round 6: 16 of 451 boosting-passed rows flagged; surfacing 16
2026-09-25 02:16:05,364 [INFO] fl_ids.fl.client: Client 3 round 6: 155 of 5528 boosting-passed rows flagged; surfacing 50
2026-09-25 02:16:08,714 [INFO] fl_ids.fl.client: Client 4 round 6: 314 of 11651 boosting-passed rows flagged; surfacing 50
2026-09-25 02:16:13,794 [INFO] fl_ids.fl.client: Client 6 round 6: 77 of 2704 boosting-passed rows flagged; surfacing 50
2026-09-25 02:16:14,612 [INFO] fl_ids.fl.client: Client 7 round 6: 6 of 292 boosting-passed rows flagged; surfacing 6
2026-09-25 02:16:15,577 [INFO] fl_ids.fl.client: Client 8 round 6: 329 of 10298 boosting-passed rows flagged; surfacing 50
2026-09-25 02:16:18,378 [INFO] fl_ids.fl.client: Client 9 round 6: 32 of 908 boosting-passed rows flagged; surfacing 32
2026-09-25 02:16:39,216 [INFO] fl_ids.models.boosting: Continued boosting training: +50 trees on 95542 rows (now 400 trees)
2026-09-25 02:16:39,217 [INFO] fl_ids.models.boosting_update: Round 6: boosting v3 (continue) from 271 alerts ({'Normal': 271}); 0 from excluded clients ignored
2026-09-25 02:16:39,399 [WARNING] fl_ids.fl.client: Client 5: no benign validation samples to evaluate on
2026-09-25 02:16:39,409 [INFO] fl_ids.eval.simulation: Round 6: mean_val_loss=5991867.0677, comm_bytes=583920
2026-09-25 02:16:51,964 [WARNING] fl_ids.fl.client: Client 5: no benign validation samples to evaluate on
2026-09-25 02:16:51,977 [INFO] fl_ids.eval.simulation: Round 7: mean_val_loss=108508619.4204, comm_bytes=583920
2026-09-25 02:17:04,455 [WARNING] fl_ids.fl.client: Client 5: no benign validation samples to evaluate on
2026-09-25 02:17:04,467 [INFO] fl_ids.eval.simulation: Round 8: mean_val_loss=1292820374.6447, comm_bytes=583920
2026-09-25 02:17:04,672 [INFO] fl_ids.fl.client: Client 0 round 9: 8 of 172 boosting-passed rows flagged; surfacing 8
2026-09-25 02:17:04,983 [INFO] fl_ids.fl.client: Client 1 round 9: 19 of 691 boosting-passed rows flagged; surfacing 19
2026-09-25 02:17:05,474 [INFO] fl_ids.fl.client: Client 2 round 9: 10 of 443 boosting-passed rows flagged; surfacing 10
2026-09-25 02:17:06,974 [INFO] fl_ids.fl.client: Client 3 round 9: 181 of 5528 boosting-passed rows flagged; surfacing 50
2026-09-25 02:17:10,674 [INFO] fl_ids.fl.client: Client 4 round 9: 321 of 11650 boosting-passed rows flagged; surfacing 50
2026-09-25 02:17:15,476 [INFO] fl_ids.fl.client: Client 6 round 9: 77 of 2707 boosting-passed rows flagged; surfacing 50
2026-09-25 02:17:16,852 [INFO] fl_ids.fl.client: Client 7 round 9: 3 of 292 boosting-passed rows flagged; surfacing 3
2026-09-25 02:17:18,305 [INFO] fl_ids.fl.client: Client 8 round 9: 321 of 10298 boosting-passed rows flagged; surfacing 50
2026-09-25 02:17:22,255 [INFO] fl_ids.fl.client: Client 9 round 9: 22 of 908 boosting-passed rows flagged; surfacing 22
2026-09-25 02:17:53,079 [INFO] fl_ids.models.boosting: Continued boosting training: +50 trees on 95804 rows (now 450 trees)
2026-09-25 02:17:53,080 [INFO] fl_ids.models.boosting_update: Round 9: boosting v4 (continue) from 262 alerts ({'Normal': 262}); 0 from excluded clients ignored
2026-09-25 02:17:53,308 [WARNING] fl_ids.fl.client: Client 5: no benign validation samples to evaluate on
2026-09-25 02:17:53,320 [INFO] fl_ids.eval.simulation: Round 9: mean_val_loss=10941566420.5371, comm_bytes=583920
2026-09-25 02:18:08,387 [WARNING] fl_ids.fl.client: Client 5: no benign validation samples to evaluate on
2026-09-25 02:18:08,401 [INFO] fl_ids.eval.simulation: Round 10: mean_val_loss=68998087793.5280, comm_bytes=583920
2026-09-25 02:18:24,592 [WARNING] fl_ids.fl.client: Client 5: no benign validation samples to evaluate on
2026-09-25 02:18:24,605 [INFO] fl_ids.eval.simulation: Round 11: mean_val_loss=346006116070.9901, comm_bytes=583920
2026-09-25 02:18:24,808 [INFO] fl_ids.fl.client: Client 0 round 12: 9 of 173 boosting-passed rows flagged; surfacing 9
2026-09-25 02:18:25,090 [INFO] fl_ids.fl.client: Client 1 round 12: 31 of 691 boosting-passed rows flagged; surfacing 31
2026-09-25 02:18:25,441 [INFO] fl_ids.fl.client: Client 2 round 12: 6 of 442 boosting-passed rows flagged; surfacing 6
2026-09-25 02:18:26,520 [INFO] fl_ids.fl.client: Client 3 round 12: 163 of 5529 boosting-passed rows flagged; surfacing 50
2026-09-25 02:18:30,222 [INFO] fl_ids.fl.client: Client 4 round 12: 337 of 11646 boosting-passed rows flagged; surfacing 50
2026-09-25 02:18:34,572 [INFO] fl_ids.fl.client: Client 6 round 12: 99 of 2708 boosting-passed rows flagged; surfacing 50
2026-09-25 02:18:35,980 [INFO] fl_ids.fl.client: Client 7 round 12: 2 of 290 boosting-passed rows flagged; surfacing 2
2026-09-25 02:18:37,229 [INFO] fl_ids.fl.client: Client 8 round 12: 324 of 10295 boosting-passed rows flagged; surfacing 50
2026-09-25 02:18:40,745 [INFO] fl_ids.fl.client: Client 9 round 12: 21 of 908 boosting-passed rows flagged; surfacing 21
2026-09-25 02:19:13,144 [INFO] fl_ids.models.boosting: Continued boosting training: +50 trees on 96073 rows (now 500 trees)
2026-09-25 02:19:13,145 [INFO] fl_ids.models.boosting_update: Round 12: boosting v5 (continue) from 269 alerts ({'Normal': 269}); 0 from excluded clients ignored
2026-09-25 02:19:13,411 [WARNING] fl_ids.fl.client: Client 5: no benign validation samples to evaluate on
2026-09-25 02:19:13,429 [INFO] fl_ids.eval.simulation: Round 12: mean_val_loss=1436931646222.3315, comm_bytes=583920
2026-09-25 02:19:29,815 [WARNING] fl_ids.fl.client: Client 5: no benign validation samples to evaluate on
2026-09-25 02:19:29,828 [INFO] fl_ids.eval.simulation: Round 13: mean_val_loss=5158561768757.8604, comm_bytes=583920
2026-09-25 02:19:46,286 [WARNING] fl_ids.fl.client: Client 5: no benign validation samples to evaluate on
2026-09-25 02:19:46,299 [INFO] fl_ids.eval.simulation: Round 14: mean_val_loss=16228530988239.9473, comm_bytes=583920
2026-09-25 02:19:46,517 [INFO] fl_ids.fl.client: Client 0 round 15: 9 of 174 boosting-passed rows flagged; surfacing 9
2026-09-25 02:19:46,865 [INFO] fl_ids.fl.client: Client 1 round 15: 29 of 691 boosting-passed rows flagged; surfacing 29
2026-09-25 02:19:47,260 [INFO] fl_ids.fl.client: Client 2 round 15: 6 of 440 boosting-passed rows flagged; surfacing 6
2026-09-25 02:19:48,169 [INFO] fl_ids.fl.client: Client 3 round 15: 179 of 5531 boosting-passed rows flagged; surfacing 50
2026-09-25 02:19:51,446 [INFO] fl_ids.fl.client: Client 4 round 15: 331 of 11644 boosting-passed rows flagged; surfacing 50
2026-09-25 02:19:54,780 [INFO] fl_ids.fl.client: Client 6 round 15: 89 of 2707 boosting-passed rows flagged; surfacing 50
2026-09-25 02:19:55,565 [INFO] fl_ids.fl.client: Client 7 round 15: 3 of 289 boosting-passed rows flagged; surfacing 3
2026-09-25 02:19:57,183 [INFO] fl_ids.fl.client: Client 8 round 15: 324 of 10294 boosting-passed rows flagged; surfacing 50
2026-09-25 02:19:59,759 [INFO] fl_ids.fl.client: Client 9 round 15: 21 of 908 boosting-passed rows flagged; surfacing 21
2026-09-25 02:20:36,555 [INFO] fl_ids.models.boosting: Continued boosting training: +50 trees on 96341 rows (now 550 trees)
2026-09-25 02:20:36,556 [INFO] fl_ids.models.boosting_update: Round 15: boosting v6 (continue) from 268 alerts ({'Normal': 268}); 0 from excluded clients ignored
2026-09-25 02:20:36,972 [WARNING] fl_ids.fl.client: Client 5: no benign validation samples to evaluate on
2026-09-25 02:20:37,036 [INFO] fl_ids.eval.simulation: Round 15: mean_val_loss=45674357967515.6797, comm_bytes=583920
2026-09-25 02:20:54,820 [WARNING] fl_ids.fl.client: Client 5: no benign validation samples to evaluate on
2026-09-25 02:20:54,833 [INFO] fl_ids.eval.simulation: Round 16: mean_val_loss=116012843150054.6094, comm_bytes=583920
2026-09-25 02:21:09,886 [WARNING] fl_ids.fl.client: Client 5: no benign validation samples to evaluate on
2026-09-25 02:21:09,899 [INFO] fl_ids.eval.simulation: Round 17: mean_val_loss=272045985010495.7812, comm_bytes=583920
2026-09-25 02:21:10,208 [INFO] fl_ids.fl.client: Client 0 round 18: 9 of 174 boosting-passed rows flagged; surfacing 9
2026-09-25 02:21:10,651 [INFO] fl_ids.fl.client: Client 1 round 18: 27 of 693 boosting-passed rows flagged; surfacing 27
2026-09-25 02:21:11,128 [INFO] fl_ids.fl.client: Client 2 round 18: 6 of 443 boosting-passed rows flagged; surfacing 6
2026-09-25 02:21:12,323 [INFO] fl_ids.fl.client: Client 3 round 18: 188 of 5531 boosting-passed rows flagged; surfacing 50
2026-09-25 02:21:15,499 [INFO] fl_ids.fl.client: Client 4 round 18: 337 of 11645 boosting-passed rows flagged; surfacing 50
2026-09-25 02:21:19,009 [INFO] fl_ids.fl.client: Client 6 round 18: 92 of 2707 boosting-passed rows flagged; surfacing 50
2026-09-25 02:21:19,831 [INFO] fl_ids.fl.client: Client 7 round 18: 3 of 289 boosting-passed rows flagged; surfacing 3
2026-09-25 02:21:21,925 [INFO] fl_ids.fl.client: Client 8 round 18: 319 of 10291 boosting-passed rows flagged; surfacing 50
2026-09-25 02:21:24,566 [INFO] fl_ids.fl.client: Client 9 round 18: 21 of 907 boosting-passed rows flagged; surfacing 21
2026-09-25 02:22:12,320 [INFO] fl_ids.models.boosting: Continued boosting training: +50 trees on 96607 rows (now 600 trees)
2026-09-25 02:22:12,320 [INFO] fl_ids.models.boosting_update: Round 18: boosting v7 (continue) from 266 alerts ({'Normal': 266}); 0 from excluded clients ignored
2026-09-25 02:22:12,581 [WARNING] fl_ids.fl.client: Client 5: no benign validation samples to evaluate on
2026-09-25 02:22:12,592 [INFO] fl_ids.eval.simulation: Round 18: mean_val_loss=595412413209212.2500, comm_bytes=583920
2026-09-25 02:22:28,415 [WARNING] fl_ids.fl.client: Client 5: no benign validation samples to evaluate on
2026-09-25 02:22:28,430 [INFO] fl_ids.eval.simulation: Round 19: mean_val_loss=1245135131659183.5000, comm_bytes=583920
2026-09-25 02:22:44,219 [WARNING] fl_ids.fl.client: Client 5: no benign validation samples to evaluate on
2026-09-25 02:22:44,232 [INFO] fl_ids.eval.simulation: Round 20: mean_val_loss=2465542949261958.0000, comm_bytes=583920
2026-09-25 02:22:44,258 [WARNING] fl_ids.eval.common: Clients [5] have no benign validation rows (infinite threshold); 142 test rows can't be flagged by the autoencoder
2026-09-25 02:22:45,034 [INFO] fl_ids.eval.zero_day: zero-day holdout=Ransomware run=plain_fedavg: detection_rate=0.533
2026-09-25 02:22:57,743 [WARNING] fl_ids.fl.client: Client 5: no benign validation samples to evaluate on
2026-09-25 02:22:57,777 [INFO] fl_ids.eval.simulation: Round 1: mean_val_loss=0.3379, comm_bytes=583920
2026-09-25 02:23:12,748 [WARNING] fl_ids.fl.client: Client 5: no benign validation samples to evaluate on
2026-09-25 02:23:12,762 [INFO] fl_ids.eval.simulation: Round 2: mean_val_loss=0.3514, comm_bytes=583920
2026-09-25 02:23:12,918 [INFO] fl_ids.fl.client: Client 0 round 3: 9 of 177 boosting-passed rows flagged; surfacing 9
2026-09-25 02:23:13,126 [INFO] fl_ids.fl.client: Client 1 round 3: 29 of 693 boosting-passed rows flagged; surfacing 29
2026-09-25 02:23:13,420 [INFO] fl_ids.fl.client: Client 2 round 3: 4 of 454 boosting-passed rows flagged; surfacing 4
2026-09-25 02:23:13,969 [INFO] fl_ids.fl.client: Client 3 round 3: 193 of 5529 boosting-passed rows flagged; surfacing 50
2026-09-25 02:23:17,325 [INFO] fl_ids.fl.client: Client 4 round 3: 356 of 11656 boosting-passed rows flagged; surfacing 50
2026-09-25 02:23:20,993 [INFO] fl_ids.fl.client: Client 6 round 3: 94 of 2706 boosting-passed rows flagged; surfacing 50
2026-09-25 02:23:22,630 [INFO] fl_ids.fl.client: Client 7 round 3: 2 of 296 boosting-passed rows flagged; surfacing 2
2026-09-25 02:23:23,631 [INFO] fl_ids.fl.client: Client 8 round 3: 321 of 10300 boosting-passed rows flagged; surfacing 50
2026-09-25 02:23:26,645 [INFO] fl_ids.fl.client: Client 9 round 3: 18 of 908 boosting-passed rows flagged; surfacing 18
2026-09-25 02:23:48,619 [INFO] fl_ids.models.boosting: Continued boosting training: +50 trees on 95262 rows (now 350 trees)
2026-09-25 02:23:48,620 [INFO] fl_ids.models.boosting_update: Round 3: boosting v2 (continue) from 262 alerts ({'Normal': 260, 'Vulnerability_scanner': 1, 'XSS': 1}); 0 from excluded clients ignored
2026-09-25 02:23:48,783 [WARNING] fl_ids.fl.client: Client 5: no benign validation samples to evaluate on
2026-09-25 02:23:48,793 [INFO] fl_ids.eval.simulation: Round 3: mean_val_loss=0.3850, comm_bytes=583920
2026-09-25 02:24:00,608 [WARNING] fl_ids.fl.client: Client 5: no benign validation samples to evaluate on
2026-09-25 02:24:00,621 [INFO] fl_ids.eval.simulation: Round 4: mean_val_loss=0.4650, comm_bytes=583920
2026-09-25 02:24:12,282 [WARNING] fl_ids.fl.client: Client 5: no benign validation samples to evaluate on
2026-09-25 02:24:12,294 [INFO] fl_ids.eval.simulation: Round 5: mean_val_loss=0.6970, comm_bytes=583920
2026-09-25 02:24:12,472 [INFO] fl_ids.fl.client: Client 0 round 6: 50 of 177 boosting-passed rows flagged; surfacing 50
2026-09-25 02:24:12,744 [INFO] fl_ids.fl.client: Client 1 round 6: 29 of 691 boosting-passed rows flagged; surfacing 29
2026-09-25 02:24:13,087 [INFO] fl_ids.fl.client: Client 2 round 6: 4 of 450 boosting-passed rows flagged; surfacing 4
2026-09-25 02:24:13,853 [INFO] fl_ids.fl.client: Client 3 round 6: 181 of 5528 boosting-passed rows flagged; surfacing 50
2026-09-25 02:24:16,152 [INFO] fl_ids.fl.client: Client 4 round 6: 300 of 11651 boosting-passed rows flagged; surfacing 50
2026-09-25 02:24:19,215 [INFO] fl_ids.fl.client: Client 6 round 6: 94 of 2705 boosting-passed rows flagged; surfacing 50
2026-09-25 02:24:20,326 [INFO] fl_ids.fl.client: Client 7 round 6: 2 of 293 boosting-passed rows flagged; surfacing 2
2026-09-25 02:24:22,163 [INFO] fl_ids.fl.client: Client 8 round 6: 323 of 10297 boosting-passed rows flagged; surfacing 50
2026-09-25 02:24:25,966 [INFO] fl_ids.fl.client: Client 9 round 6: 21 of 907 boosting-passed rows flagged; surfacing 21
2026-09-25 02:24:57,389 [INFO] fl_ids.models.boosting: Continued boosting training: +50 trees on 95568 rows (now 400 trees)
2026-09-25 02:24:57,389 [INFO] fl_ids.models.boosting_update: Round 6: boosting v3 (continue) from 306 alerts ({'Normal': 266, 'Password': 23, 'Uploading': 6, 'Vulnerability_scanner': 10, 'XSS': 1}); 0 from excluded clients ignored
2026-09-25 02:24:57,676 [WARNING] fl_ids.fl.client: Client 5: no benign validation samples to evaluate on
2026-09-25 02:24:57,712 [INFO] fl_ids.eval.simulation: Round 6: mean_val_loss=1.4798, comm_bytes=583920
2026-09-25 02:25:11,932 [WARNING] fl_ids.fl.client: Client 5: no benign validation samples to evaluate on
2026-09-25 02:25:11,945 [INFO] fl_ids.eval.simulation: Round 7: mean_val_loss=4.0992, comm_bytes=583920
2026-09-25 02:25:24,479 [WARNING] fl_ids.fl.client: Client 5: no benign validation samples to evaluate on
2026-09-25 02:25:24,491 [INFO] fl_ids.eval.simulation: Round 8: mean_val_loss=12.2960, comm_bytes=583920
2026-09-25 02:25:24,708 [INFO] fl_ids.fl.client: Client 0 round 9: 50 of 177 boosting-passed rows flagged; surfacing 50
2026-09-25 02:25:25,032 [INFO] fl_ids.fl.client: Client 1 round 9: 16 of 690 boosting-passed rows flagged; surfacing 16
2026-09-25 02:25:25,418 [INFO] fl_ids.fl.client: Client 2 round 9: 1 of 450 boosting-passed rows flagged; surfacing 1
2026-09-25 02:25:26,277 [INFO] fl_ids.fl.client: Client 3 round 9: 155 of 5528 boosting-passed rows flagged; surfacing 50
2026-09-25 02:25:28,876 [INFO] fl_ids.fl.client: Client 4 round 9: 382 of 11648 boosting-passed rows flagged; surfacing 50
2026-09-25 02:25:32,179 [INFO] fl_ids.fl.client: Client 6 round 9: 51 of 2705 boosting-passed rows flagged; surfacing 50
2026-09-25 02:25:32,947 [INFO] fl_ids.fl.client: Client 7 round 9: 5 of 293 boosting-passed rows flagged; surfacing 5
2026-09-25 02:25:34,252 [INFO] fl_ids.fl.client: Client 8 round 9: 367 of 10297 boosting-passed rows flagged; surfacing 50
2026-09-25 02:25:36,879 [INFO] fl_ids.fl.client: Client 9 round 9: 41 of 908 boosting-passed rows flagged; surfacing 41
2026-09-25 02:26:03,779 [INFO] fl_ids.models.boosting: Continued boosting training: +50 trees on 95881 rows (now 450 trees)
2026-09-25 02:26:03,779 [INFO] fl_ids.models.boosting_update: Round 9: boosting v4 (continue) from 313 alerts ({'DDoS_HTTP': 1, 'Normal': 254, 'Password': 27, 'SQL_injection': 11, 'Uploading': 8, 'Vulnerability_scanner': 10, 'XSS': 2}); 0 from excluded clients ignored
2026-09-25 02:26:04,090 [WARNING] fl_ids.fl.client: Client 5: no benign validation samples to evaluate on
2026-09-25 02:26:04,105 [INFO] fl_ids.eval.simulation: Round 9: mean_val_loss=34.8556, comm_bytes=583920
2026-09-25 02:26:20,329 [WARNING] fl_ids.fl.client: Client 5: no benign validation samples to evaluate on
2026-09-25 02:26:20,349 [INFO] fl_ids.eval.simulation: Round 10: mean_val_loss=95.3253, comm_bytes=583920
2026-09-25 02:26:36,448 [WARNING] fl_ids.fl.client: Client 5: no benign validation samples to evaluate on
2026-09-25 02:26:36,460 [INFO] fl_ids.eval.simulation: Round 11: mean_val_loss=239.2516, comm_bytes=583920
2026-09-25 02:26:36,665 [INFO] fl_ids.fl.client: Client 0 round 12: 50 of 176 boosting-passed rows flagged; surfacing 50
2026-09-25 02:26:36,942 [INFO] fl_ids.fl.client: Client 1 round 12: 15 of 690 boosting-passed rows flagged; surfacing 15
2026-09-25 02:26:37,321 [INFO] fl_ids.fl.client: Client 2 round 12: 2 of 445 boosting-passed rows flagged; surfacing 2
2026-09-25 02:26:38,125 [INFO] fl_ids.fl.client: Client 3 round 12: 183 of 5528 boosting-passed rows flagged; surfacing 50
2026-09-25 02:26:41,792 [INFO] fl_ids.fl.client: Client 4 round 12: 293 of 11646 boosting-passed rows flagged; surfacing 50
2026-09-25 02:26:46,223 [INFO] fl_ids.fl.client: Client 6 round 12: 65 of 2705 boosting-passed rows flagged; surfacing 50
2026-09-25 02:26:47,088 [INFO] fl_ids.fl.client: Client 7 round 12: 4 of 292 boosting-passed rows flagged; surfacing 4
2026-09-25 02:26:48,338 [INFO] fl_ids.fl.client: Client 8 round 12: 304 of 10293 boosting-passed rows flagged; surfacing 50
2026-09-25 02:26:51,747 [INFO] fl_ids.fl.client: Client 9 round 12: 48 of 907 boosting-passed rows flagged; surfacing 48
2026-09-25 02:27:24,160 [INFO] fl_ids.models.boosting: Continued boosting training: +50 trees on 96200 rows (now 500 trees)
2026-09-25 02:27:24,160 [INFO] fl_ids.models.boosting_update: Round 12: boosting v5 (continue) from 319 alerts ({'Normal': 277, 'Password': 24, 'SQL_injection': 1, 'Uploading': 6, 'Vulnerability_scanner': 10, 'XSS': 1}); 0 from excluded clients ignored
2026-09-25 02:27:24,378 [WARNING] fl_ids.fl.client: Client 5: no benign validation samples to evaluate on
2026-09-25 02:27:24,389 [INFO] fl_ids.eval.simulation: Round 12: mean_val_loss=568.4775, comm_bytes=583920
2026-09-25 02:27:40,716 [WARNING] fl_ids.fl.client: Client 5: no benign validation samples to evaluate on
2026-09-25 02:27:40,728 [INFO] fl_ids.eval.simulation: Round 13: mean_val_loss=1252.4935, comm_bytes=583920
2026-09-25 02:27:57,666 [WARNING] fl_ids.fl.client: Client 5: no benign validation samples to evaluate on
2026-09-25 02:27:57,679 [INFO] fl_ids.eval.simulation: Round 14: mean_val_loss=2645.8378, comm_bytes=583920
2026-09-25 02:27:58,008 [INFO] fl_ids.fl.client: Client 0 round 15: 50 of 175 boosting-passed rows flagged; surfacing 50
2026-09-25 02:27:58,326 [INFO] fl_ids.fl.client: Client 1 round 15: 23 of 691 boosting-passed rows flagged; surfacing 23
2026-09-25 02:27:58,767 [INFO] fl_ids.fl.client: Client 2 round 15: 3 of 449 boosting-passed rows flagged; surfacing 3
2026-09-25 02:28:00,369 [INFO] fl_ids.fl.client: Client 3 round 15: 179 of 5528 boosting-passed rows flagged; surfacing 50
2026-09-25 02:28:03,708 [INFO] fl_ids.fl.client: Client 4 round 15: 284 of 11644 boosting-passed rows flagged; surfacing 50
2026-09-25 02:28:07,683 [INFO] fl_ids.fl.client: Client 6 round 15: 64 of 2708 boosting-passed rows flagged; surfacing 50
2026-09-25 02:28:08,777 [INFO] fl_ids.fl.client: Client 7 round 15: 3 of 293 boosting-passed rows flagged; surfacing 3
2026-09-25 02:28:11,106 [INFO] fl_ids.fl.client: Client 8 round 15: 319 of 10294 boosting-passed rows flagged; surfacing 50
2026-09-25 02:28:14,242 [INFO] fl_ids.fl.client: Client 9 round 15: 42 of 906 boosting-passed rows flagged; surfacing 42
2026-09-25 02:28:47,381 [INFO] fl_ids.models.boosting: Continued boosting training: +50 trees on 96521 rows (now 550 trees)
2026-09-25 02:28:47,382 [INFO] fl_ids.models.boosting_update: Round 15: boosting v6 (continue) from 321 alerts ({'Normal': 281, 'Password': 23, 'Uploading': 6, 'Vulnerability_scanner': 10, 'XSS': 1}); 0 from excluded clients ignored
2026-09-25 02:28:47,696 [WARNING] fl_ids.fl.client: Client 5: no benign validation samples to evaluate on
2026-09-25 02:28:47,719 [INFO] fl_ids.eval.simulation: Round 15: mean_val_loss=5295.8295, comm_bytes=583920
2026-09-25 02:29:05,715 [WARNING] fl_ids.fl.client: Client 5: no benign validation samples to evaluate on
2026-09-25 02:29:05,727 [INFO] fl_ids.eval.simulation: Round 16: mean_val_loss=10507.3568, comm_bytes=583920
2026-09-25 02:29:22,996 [WARNING] fl_ids.fl.client: Client 5: no benign validation samples to evaluate on
2026-09-25 02:29:23,011 [INFO] fl_ids.eval.simulation: Round 17: mean_val_loss=20452.3806, comm_bytes=583920
2026-09-25 02:29:23,301 [INFO] fl_ids.fl.client: Client 0 round 18: 40 of 163 boosting-passed rows flagged; surfacing 40
2026-09-25 02:29:23,665 [INFO] fl_ids.fl.client: Client 1 round 18: 22 of 691 boosting-passed rows flagged; surfacing 22
2026-09-25 02:29:24,124 [INFO] fl_ids.fl.client: Client 2 round 18: 3 of 445 boosting-passed rows flagged; surfacing 3
2026-09-25 02:29:25,306 [INFO] fl_ids.fl.client: Client 3 round 18: 180 of 5528 boosting-passed rows flagged; surfacing 50
2026-09-25 02:29:28,534 [INFO] fl_ids.fl.client: Client 4 round 18: 290 of 11643 boosting-passed rows flagged; surfacing 50
2026-09-25 02:29:31,942 [INFO] fl_ids.fl.client: Client 6 round 18: 63 of 2705 boosting-passed rows flagged; surfacing 50
2026-09-25 02:29:32,757 [INFO] fl_ids.fl.client: Client 7 round 18: 3 of 290 boosting-passed rows flagged; surfacing 3
2026-09-25 02:29:34,609 [INFO] fl_ids.fl.client: Client 8 round 18: 317 of 10294 boosting-passed rows flagged; surfacing 50
2026-09-25 02:29:37,216 [INFO] fl_ids.fl.client: Client 9 round 18: 42 of 903 boosting-passed rows flagged; surfacing 42
2026-09-25 02:30:22,609 [INFO] fl_ids.models.boosting: Continued boosting training: +50 trees on 96831 rows (now 600 trees)
2026-09-25 02:30:22,609 [INFO] fl_ids.models.boosting_update: Round 18: boosting v7 (continue) from 310 alerts ({'Normal': 281, 'Password': 22, 'Uploading': 6, 'XSS': 1}); 0 from excluded clients ignored
2026-09-25 02:30:22,948 [WARNING] fl_ids.fl.client: Client 5: no benign validation samples to evaluate on
2026-09-25 02:30:22,971 [INFO] fl_ids.eval.simulation: Round 18: mean_val_loss=39575.6111, comm_bytes=583920
2026-09-25 02:30:41,579 [WARNING] fl_ids.fl.client: Client 5: no benign validation samples to evaluate on
2026-09-25 02:30:41,594 [INFO] fl_ids.eval.simulation: Round 19: mean_val_loss=72368.2980, comm_bytes=583920
2026-09-25 02:30:57,389 [WARNING] fl_ids.fl.client: Client 5: no benign validation samples to evaluate on
2026-09-25 02:30:57,402 [INFO] fl_ids.eval.simulation: Round 20: mean_val_loss=127932.3377, comm_bytes=583920
2026-09-25 02:30:57,429 [WARNING] fl_ids.eval.common: Clients [5] have no benign validation rows (infinite threshold); 142 test rows can't be flagged by the autoencoder
2026-09-25 02:30:58,252 [INFO] fl_ids.eval.zero_day: zero-day holdout=Ransomware run=trimmed_mean_only: detection_rate=0.533
2026-09-25 02:31:09,538 [WARNING] fl_ids.fl.client: Client 5: no benign validation samples to evaluate on
2026-09-25 02:31:09,550 [INFO] fl_ids.eval.simulation: Round 1: mean_val_loss=0.2487, comm_bytes=583920
2026-09-25 02:31:21,539 [WARNING] fl_ids.fl.client: Client 5: no benign validation samples to evaluate on
2026-09-25 02:31:21,554 [INFO] fl_ids.eval.simulation: Round 2: mean_val_loss=0.0924, comm_bytes=583920
2026-09-25 02:31:21,586 [INFO] fl_ids.fl.client: Client 0 round 3: 58 of 1791 boosting-passed rows flagged; surfacing 50
2026-09-25 02:31:23,014 [INFO] fl_ids.fl.client: Client 1 round 3: 37 of 2383 boosting-passed rows flagged; surfacing 37
2026-09-25 02:31:23,722 [INFO] fl_ids.fl.client: Client 2 round 3: 35 of 1535 boosting-passed rows flagged; surfacing 35
2026-09-25 02:31:24,168 [INFO] fl_ids.fl.client: Client 3 round 3: 470 of 7248 boosting-passed rows flagged; surfacing 50
2026-09-25 02:31:26,111 [INFO] fl_ids.fl.client: Client 4 round 3: 708 of 13165 boosting-passed rows flagged; surfacing 50
2026-09-25 02:31:31,157 [INFO] fl_ids.fl.client: Client 6 round 3: 312 of 3581 boosting-passed rows flagged; surfacing 50
2026-09-25 02:31:32,111 [INFO] fl_ids.fl.client: Client 7 round 3: 8 of 766 boosting-passed rows flagged; surfacing 8
2026-09-25 02:31:32,343 [INFO] fl_ids.fl.client: Client 8 round 3: 949 of 12682 boosting-passed rows flagged; surfacing 50
2026-09-25 02:31:37,920 [INFO] fl_ids.fl.client: Client 9 round 3: 98 of 1323 boosting-passed rows flagged; surfacing 50
2026-09-25 02:32:02,194 [INFO] fl_ids.models.boosting: Continued boosting training: +50 trees on 95230 rows (now 350 trees)
2026-09-25 02:32:02,194 [INFO] fl_ids.models.boosting_update: Round 3: boosting v2 (continue) from 230 alerts ({'DDoS_HTTP': 6, 'DDoS_ICMP': 11, 'DDoS_TCP': 18, 'DDoS_UDP': 33, 'Fingerprinting': 3, 'MITM': 4, 'Normal': 68, 'Password': 35, 'SQL_injection': 11, 'Uploading': 1, 'Vulnerability_scanner': 22, 'XSS': 18}); 150 from excluded clients ignored
2026-09-25 02:32:02,353 [WARNING] fl_ids.fl.client: Client 5: no benign validation samples to evaluate on
2026-09-25 02:32:02,363 [INFO] fl_ids.eval.simulation: Round 3: mean_val_loss=0.0415, comm_bytes=583920
2026-09-25 02:32:13,261 [WARNING] fl_ids.fl.client: Client 5: no benign validation samples to evaluate on
2026-09-25 02:32:13,273 [INFO] fl_ids.eval.simulation: Round 4: mean_val_loss=0.0310, comm_bytes=583920
2026-09-25 02:32:24,087 [WARNING] fl_ids.fl.client: Client 5: no benign validation samples to evaluate on
2026-09-25 02:32:24,099 [INFO] fl_ids.eval.simulation: Round 5: mean_val_loss=0.0251, comm_bytes=583920
2026-09-25 02:32:24,158 [INFO] fl_ids.fl.client: Client 0 round 6: 578 of 1791 boosting-passed rows flagged; surfacing 50
2026-09-25 02:32:24,611 [INFO] fl_ids.fl.client: Client 1 round 6: 163 of 2383 boosting-passed rows flagged; surfacing 50
2026-09-25 02:32:25,212 [INFO] fl_ids.fl.client: Client 2 round 6: 71 of 1535 boosting-passed rows flagged; surfacing 50
2026-09-25 02:32:25,617 [INFO] fl_ids.fl.client: Client 3 round 6: 749 of 7248 boosting-passed rows flagged; surfacing 50
2026-09-25 02:32:27,330 [INFO] fl_ids.fl.client: Client 4 round 6: 685 of 13165 boosting-passed rows flagged; surfacing 50
2026-09-25 02:32:30,612 [INFO] fl_ids.fl.client: Client 6 round 6: 288 of 3581 boosting-passed rows flagged; surfacing 50
2026-09-25 02:32:31,474 [INFO] fl_ids.fl.client: Client 7 round 6: 14 of 766 boosting-passed rows flagged; surfacing 14
2026-09-25 02:32:31,717 [INFO] fl_ids.fl.client: Client 8 round 6: 783 of 12682 boosting-passed rows flagged; surfacing 50
2026-09-25 02:32:34,583 [INFO] fl_ids.fl.client: Client 9 round 6: 108 of 1323 boosting-passed rows flagged; surfacing 50
2026-09-25 02:33:04,801 [INFO] fl_ids.models.boosting: Continued boosting training: +50 trees on 95544 rows (now 400 trees)
2026-09-25 02:33:04,802 [INFO] fl_ids.models.boosting_update: Round 6: boosting v3 (continue) from 314 alerts ({'Backdoor': 5, 'DDoS_HTTP': 2, 'DDoS_ICMP': 60, 'DDoS_TCP': 7, 'DDoS_UDP': 36, 'Fingerprinting': 3, 'MITM': 2, 'Normal': 84, 'Password': 30, 'Port_Scanning': 4, 'SQL_injection': 20, 'Uploading': 29, 'Vulnerability_scanner': 25, 'XSS': 7}); 100 from excluded clients ignored
2026-09-25 02:33:05,031 [WARNING] fl_ids.fl.client: Client 5: no benign validation samples to evaluate on
2026-09-25 02:33:05,045 [INFO] fl_ids.eval.simulation: Round 6: mean_val_loss=0.0301, comm_bytes=583920
2026-09-25 02:33:21,609 [WARNING] fl_ids.fl.client: Client 5: no benign validation samples to evaluate on
2026-09-25 02:33:21,622 [INFO] fl_ids.eval.simulation: Round 7: mean_val_loss=0.0317, comm_bytes=583920
2026-09-25 02:33:32,633 [WARNING] fl_ids.fl.client: Client 5: no benign validation samples to evaluate on
2026-09-25 02:33:32,645 [INFO] fl_ids.eval.simulation: Round 8: mean_val_loss=0.0376, comm_bytes=583920
2026-09-25 02:33:32,714 [INFO] fl_ids.fl.client: Client 0 round 9: 353 of 1791 boosting-passed rows flagged; surfacing 50
2026-09-25 02:33:33,185 [INFO] fl_ids.fl.client: Client 1 round 9: 146 of 2383 boosting-passed rows flagged; surfacing 50
2026-09-25 02:33:33,804 [INFO] fl_ids.fl.client: Client 2 round 9: 54 of 1535 boosting-passed rows flagged; surfacing 50
2026-09-25 02:33:34,223 [INFO] fl_ids.fl.client: Client 3 round 9: 987 of 7248 boosting-passed rows flagged; surfacing 50
2026-09-25 02:33:36,001 [INFO] fl_ids.fl.client: Client 4 round 9: 563 of 13165 boosting-passed rows flagged; surfacing 50
2026-09-25 02:33:39,327 [INFO] fl_ids.fl.client: Client 6 round 9: 430 of 3581 boosting-passed rows flagged; surfacing 50
2026-09-25 02:33:40,214 [INFO] fl_ids.fl.client: Client 7 round 9: 9 of 766 boosting-passed rows flagged; surfacing 9
2026-09-25 02:33:40,477 [INFO] fl_ids.fl.client: Client 8 round 9: 865 of 12682 boosting-passed rows flagged; surfacing 50
2026-09-25 02:33:43,533 [INFO] fl_ids.fl.client: Client 9 round 9: 123 of 1323 boosting-passed rows flagged; surfacing 50
2026-09-25 02:34:08,325 [INFO] fl_ids.models.boosting: Continued boosting training: +50 trees on 95853 rows (now 450 trees)
2026-09-25 02:34:08,326 [INFO] fl_ids.models.boosting_update: Round 9: boosting v4 (continue) from 309 alerts ({'DDoS_HTTP': 6, 'DDoS_ICMP': 64, 'DDoS_TCP': 4, 'DDoS_UDP': 21, 'Fingerprinting': 5, 'MITM': 4, 'Normal': 90, 'Password': 35, 'Port_Scanning': 2, 'SQL_injection': 18, 'Uploading': 16, 'Vulnerability_scanner': 25, 'XSS': 19}); 100 from excluded clients ignored
2026-09-25 02:34:08,612 [WARNING] fl_ids.fl.client: Client 5: no benign validation samples to evaluate on
2026-09-25 02:34:08,627 [INFO] fl_ids.eval.simulation: Round 9: mean_val_loss=0.0307, comm_bytes=583920
2026-09-25 02:34:25,615 [WARNING] fl_ids.fl.client: Client 5: no benign validation samples to evaluate on
2026-09-25 02:34:25,627 [INFO] fl_ids.eval.simulation: Round 10: mean_val_loss=0.0497, comm_bytes=583920
2026-09-25 02:34:41,712 [WARNING] fl_ids.fl.client: Client 5: no benign validation samples to evaluate on
2026-09-25 02:34:41,724 [INFO] fl_ids.eval.simulation: Round 11: mean_val_loss=0.0210, comm_bytes=583920
2026-09-25 02:34:41,801 [INFO] fl_ids.fl.client: Client 0 round 12: 473 of 1791 boosting-passed rows flagged; surfacing 50
2026-09-25 02:34:42,548 [INFO] fl_ids.fl.client: Client 1 round 12: 206 of 2383 boosting-passed rows flagged; surfacing 50
2026-09-25 02:34:43,309 [INFO] fl_ids.fl.client: Client 2 round 12: 43 of 1535 boosting-passed rows flagged; surfacing 43
2026-09-25 02:34:44,319 [INFO] fl_ids.fl.client: Client 3 round 12: 648 of 7248 boosting-passed rows flagged; surfacing 50
2026-09-25 02:34:46,385 [INFO] fl_ids.fl.client: Client 4 round 12: 670 of 13165 boosting-passed rows flagged; surfacing 50
2026-09-25 02:34:51,346 [INFO] fl_ids.fl.client: Client 6 round 12: 406 of 3581 boosting-passed rows flagged; surfacing 50
2026-09-25 02:34:52,398 [INFO] fl_ids.fl.client: Client 7 round 12: 17 of 766 boosting-passed rows flagged; surfacing 17
2026-09-25 02:34:52,709 [INFO] fl_ids.fl.client: Client 8 round 12: 846 of 12682 boosting-passed rows flagged; surfacing 50
2026-09-25 02:34:57,086 [INFO] fl_ids.fl.client: Client 9 round 12: 120 of 1323 boosting-passed rows flagged; surfacing 50
2026-09-25 02:35:29,013 [INFO] fl_ids.models.boosting: Continued boosting training: +50 trees on 96263 rows (now 500 trees)
2026-09-25 02:35:29,013 [INFO] fl_ids.models.boosting_update: Round 12: boosting v5 (continue) from 410 alerts ({'Backdoor': 2, 'DDoS_HTTP': 9, 'DDoS_ICMP': 118, 'DDoS_TCP': 6, 'DDoS_UDP': 22, 'Fingerprinting': 5, 'MITM': 2, 'Normal': 91, 'Password': 41, 'Port_Scanning': 4, 'SQL_injection': 25, 'Uploading': 21, 'Vulnerability_scanner': 54, 'XSS': 10}); 0 from excluded clients ignored
2026-09-25 02:35:29,266 [WARNING] fl_ids.fl.client: Client 5: no benign validation samples to evaluate on
2026-09-25 02:35:29,289 [INFO] fl_ids.eval.simulation: Round 12: mean_val_loss=0.0358, comm_bytes=583920
2026-09-25 02:35:45,926 [WARNING] fl_ids.fl.client: Client 5: no benign validation samples to evaluate on
2026-09-25 02:35:45,938 [INFO] fl_ids.eval.simulation: Round 13: mean_val_loss=0.0281, comm_bytes=583920
2026-09-25 02:36:01,191 [WARNING] fl_ids.fl.client: Client 5: no benign validation samples to evaluate on
2026-09-25 02:36:01,204 [INFO] fl_ids.eval.simulation: Round 14: mean_val_loss=0.0432, comm_bytes=583920
2026-09-25 02:36:01,295 [INFO] fl_ids.fl.client: Client 0 round 15: 799 of 1791 boosting-passed rows flagged; surfacing 50
2026-09-25 02:36:02,521 [INFO] fl_ids.fl.client: Client 1 round 15: 132 of 2383 boosting-passed rows flagged; surfacing 50
2026-09-25 02:36:03,292 [INFO] fl_ids.fl.client: Client 2 round 15: 32 of 1535 boosting-passed rows flagged; surfacing 32
2026-09-25 02:36:03,762 [INFO] fl_ids.fl.client: Client 3 round 15: 492 of 7248 boosting-passed rows flagged; surfacing 50
2026-09-25 02:36:05,942 [INFO] fl_ids.fl.client: Client 4 round 15: 705 of 13165 boosting-passed rows flagged; surfacing 50
2026-09-25 02:36:09,227 [INFO] fl_ids.fl.client: Client 6 round 15: 444 of 3581 boosting-passed rows flagged; surfacing 50
2026-09-25 02:36:10,104 [INFO] fl_ids.fl.client: Client 7 round 15: 9 of 766 boosting-passed rows flagged; surfacing 9
2026-09-25 02:36:10,365 [INFO] fl_ids.fl.client: Client 8 round 15: 844 of 12682 boosting-passed rows flagged; surfacing 50
2026-09-25 02:36:13,261 [INFO] fl_ids.fl.client: Client 9 round 15: 153 of 1323 boosting-passed rows flagged; surfacing 50
2026-09-25 02:36:49,050 [INFO] fl_ids.models.boosting: Continued boosting training: +50 trees on 96504 rows (now 550 trees)
2026-09-25 02:36:49,051 [INFO] fl_ids.models.boosting_update: Round 15: boosting v6 (continue) from 241 alerts ({'DDoS_HTTP': 2, 'DDoS_ICMP': 28, 'DDoS_TCP': 8, 'DDoS_UDP': 19, 'Fingerprinting': 5, 'MITM': 2, 'Normal': 78, 'Password': 34, 'Port_Scanning': 2, 'SQL_injection': 13, 'Uploading': 16, 'Vulnerability_scanner': 29, 'XSS': 5}); 150 from excluded clients ignored
2026-09-25 02:36:49,345 [WARNING] fl_ids.fl.client: Client 5: no benign validation samples to evaluate on
2026-09-25 02:36:49,360 [INFO] fl_ids.eval.simulation: Round 15: mean_val_loss=0.0202, comm_bytes=583920
2026-09-25 02:37:05,825 [WARNING] fl_ids.fl.client: Client 5: no benign validation samples to evaluate on
2026-09-25 02:37:05,841 [INFO] fl_ids.eval.simulation: Round 16: mean_val_loss=0.0341, comm_bytes=583920
2026-09-25 02:37:17,302 [WARNING] fl_ids.fl.client: Client 5: no benign validation samples to evaluate on
2026-09-25 02:37:17,315 [INFO] fl_ids.eval.simulation: Round 17: mean_val_loss=0.0346, comm_bytes=583920
2026-09-25 02:37:17,401 [INFO] fl_ids.fl.client: Client 0 round 18: 778 of 1791 boosting-passed rows flagged; surfacing 50
2026-09-25 02:37:17,896 [INFO] fl_ids.fl.client: Client 1 round 18: 146 of 2383 boosting-passed rows flagged; surfacing 50
2026-09-25 02:37:18,516 [INFO] fl_ids.fl.client: Client 2 round 18: 15 of 1535 boosting-passed rows flagged; surfacing 15
2026-09-25 02:37:18,953 [INFO] fl_ids.fl.client: Client 3 round 18: 463 of 7248 boosting-passed rows flagged; surfacing 50
2026-09-25 02:37:20,689 [INFO] fl_ids.fl.client: Client 4 round 18: 590 of 13165 boosting-passed rows flagged; surfacing 50
2026-09-25 02:37:24,046 [INFO] fl_ids.fl.client: Client 6 round 18: 391 of 3581 boosting-passed rows flagged; surfacing 50
2026-09-25 02:37:24,925 [INFO] fl_ids.fl.client: Client 7 round 18: 17 of 766 boosting-passed rows flagged; surfacing 17
2026-09-25 02:37:25,188 [INFO] fl_ids.fl.client: Client 8 round 18: 814 of 12682 boosting-passed rows flagged; surfacing 50
2026-09-25 02:37:28,136 [INFO] fl_ids.fl.client: Client 9 round 18: 144 of 1323 boosting-passed rows flagged; surfacing 50
2026-09-25 02:38:15,640 [INFO] fl_ids.models.boosting: Continued boosting training: +50 trees on 96786 rows (now 600 trees)
2026-09-25 02:38:15,641 [INFO] fl_ids.models.boosting_update: Round 18: boosting v7 (continue) from 282 alerts ({'DDoS_HTTP': 2, 'DDoS_ICMP': 60, 'DDoS_TCP': 7, 'DDoS_UDP': 15, 'Fingerprinting': 5, 'MITM': 3, 'Normal': 108, 'Password': 36, 'Port_Scanning': 1, 'SQL_injection': 19, 'Uploading': 1, 'Vulnerability_scanner': 20, 'XSS': 5}); 100 from excluded clients ignored
2026-09-25 02:38:15,902 [WARNING] fl_ids.fl.client: Client 5: no benign validation samples to evaluate on
2026-09-25 02:38:15,912 [INFO] fl_ids.eval.simulation: Round 18: mean_val_loss=0.0270, comm_bytes=583920
2026-09-25 02:38:27,397 [WARNING] fl_ids.fl.client: Client 5: no benign validation samples to evaluate on
2026-09-25 02:38:27,409 [INFO] fl_ids.eval.simulation: Round 19: mean_val_loss=0.0401, comm_bytes=583920
2026-09-25 02:38:38,867 [WARNING] fl_ids.fl.client: Client 5: no benign validation samples to evaluate on
2026-09-25 02:38:38,879 [INFO] fl_ids.eval.simulation: Round 20: mean_val_loss=0.0194, comm_bytes=583920
2026-09-25 02:38:38,905 [WARNING] fl_ids.eval.common: Clients [5] have no benign validation rows (infinite threshold); 142 test rows can't be flagged by the autoencoder
2026-09-25 02:38:38,916 [INFO] fl_ids.eval.zero_day: zero-day holdout=Ransomware run=autoencoder_only: detection_rate=0.016
2026-09-25 02:38:39,279 [INFO] fl_ids.eval.zero_day: zero-day holdout=Ransomware run=boosting_only: detection_rate=0.530
2026-09-25 02:38:41,646 [INFO] fl_ids.eval.common: Excluded classes ['SQL_injection'] from training: removed 2541 calibration rows, 1597 federated-pool rows
2026-09-25 02:38:41,647 [INFO] fl_ids.models.boosting: Training boosting classifier: 92944 samples, 15 classes, 300 rounds
2026-09-25 02:38:59,345 [WARNING] fl_ids.data.pipeline: Client 5 has zero benign validation samples (heavy Dirichlet skew or too few benign samples in its shard)
2026-09-25 02:38:59,371 [INFO] fl_ids.eval.common: Evaluation setup: 92944 calibration, 58403 federated pool (subsampled), 8754 test rows across 10 clients
2026-09-25 02:39:15,193 [WARNING] fl_ids.fl.client: Client 5: no benign validation samples to evaluate on
2026-09-25 02:39:15,210 [INFO] fl_ids.eval.simulation: Round 1: mean_val_loss=0.2468, comm_bytes=583920
2026-09-25 02:39:28,895 [WARNING] fl_ids.fl.client: Client 5: no benign validation samples to evaluate on
2026-09-25 02:39:28,908 [INFO] fl_ids.eval.simulation: Round 2: mean_val_loss=0.0710, comm_bytes=583920
2026-09-25 02:39:28,967 [INFO] fl_ids.fl.client: Client 0 round 3: 2 of 111 boosting-passed rows flagged; surfacing 2
2026-09-25 02:39:29,262 [INFO] fl_ids.fl.client: Client 1 round 3: 10 of 717 boosting-passed rows flagged; surfacing 10
2026-09-25 02:39:29,870 [INFO] fl_ids.fl.client: Client 2 round 3: 9 of 268 boosting-passed rows flagged; surfacing 9
2026-09-25 02:39:30,424 [INFO] fl_ids.fl.client: Client 3 round 3: 155 of 5659 boosting-passed rows flagged; surfacing 50
2026-09-25 02:39:33,541 [INFO] fl_ids.fl.client: Client 4 round 3: 409 of 11496 boosting-passed rows flagged; surfacing 50
2026-09-25 02:39:37,202 [INFO] fl_ids.fl.client: Client 6 round 3: 60 of 2596 boosting-passed rows flagged; surfacing 50
2026-09-25 02:39:37,908 [INFO] fl_ids.fl.client: Client 7 round 3: 0 of 281 boosting-passed rows flagged; surfacing 0
2026-09-25 02:39:38,924 [INFO] fl_ids.fl.client: Client 8 round 3: 298 of 10260 boosting-passed rows flagged; surfacing 50
2026-09-25 02:39:41,484 [INFO] fl_ids.fl.client: Client 9 round 3: 18 of 927 boosting-passed rows flagged; surfacing 18
2026-09-25 02:39:59,923 [INFO] fl_ids.models.boosting: Continued boosting training: +50 trees on 93113 rows (now 350 trees)
2026-09-25 02:39:59,923 [INFO] fl_ids.models.boosting_update: Round 3: boosting v2 (continue) from 169 alerts ({'DDoS_HTTP': 1, 'Normal': 163, 'Port_Scanning': 1, 'Uploading': 3, 'Vulnerability_scanner': 1}); 70 from excluded clients ignored
2026-09-25 02:40:00,114 [WARNING] fl_ids.fl.client: Client 5: no benign validation samples to evaluate on
2026-09-25 02:40:00,125 [INFO] fl_ids.eval.simulation: Round 3: mean_val_loss=0.0242, comm_bytes=583920
2026-09-25 02:40:11,934 [WARNING] fl_ids.fl.client: Client 5: no benign validation samples to evaluate on
2026-09-25 02:40:11,946 [INFO] fl_ids.eval.simulation: Round 4: mean_val_loss=0.0219, comm_bytes=583920
2026-09-25 02:40:27,864 [WARNING] fl_ids.fl.client: Client 5: no benign validation samples to evaluate on
2026-09-25 02:40:27,878 [INFO] fl_ids.eval.simulation: Round 5: mean_val_loss=0.0208, comm_bytes=583920
2026-09-25 02:40:27,947 [INFO] fl_ids.fl.client: Client 0 round 6: 15 of 110 boosting-passed rows flagged; surfacing 15
2026-09-25 02:40:28,198 [INFO] fl_ids.fl.client: Client 1 round 6: 28 of 717 boosting-passed rows flagged; surfacing 28
2026-09-25 02:40:28,517 [INFO] fl_ids.fl.client: Client 2 round 6: 11 of 265 boosting-passed rows flagged; surfacing 11
2026-09-25 02:40:29,143 [INFO] fl_ids.fl.client: Client 3 round 6: 209 of 5655 boosting-passed rows flagged; surfacing 50
2026-09-25 02:40:33,078 [INFO] fl_ids.fl.client: Client 4 round 6: 353 of 11497 boosting-passed rows flagged; surfacing 50
2026-09-25 02:40:37,503 [INFO] fl_ids.fl.client: Client 6 round 6: 117 of 2595 boosting-passed rows flagged; surfacing 50
2026-09-25 02:40:38,354 [INFO] fl_ids.fl.client: Client 7 round 6: 0 of 281 boosting-passed rows flagged; surfacing 0
2026-09-25 02:40:39,300 [INFO] fl_ids.fl.client: Client 8 round 6: 242 of 10258 boosting-passed rows flagged; surfacing 50
2026-09-25 02:40:43,699 [INFO] fl_ids.fl.client: Client 9 round 6: 68 of 926 boosting-passed rows flagged; surfacing 50
2026-09-25 02:41:09,694 [INFO] fl_ids.models.boosting: Continued boosting training: +50 trees on 93352 rows (now 400 trees)
2026-09-25 02:41:09,694 [INFO] fl_ids.models.boosting_update: Round 6: boosting v3 (continue) from 239 alerts ({'Backdoor': 5, 'Normal': 220, 'Password': 2, 'Port_Scanning': 8, 'Ransomware': 1, 'Uploading': 2, 'Vulnerability_scanner': 1}); 65 from excluded clients ignored
2026-09-25 02:41:09,879 [WARNING] fl_ids.fl.client: Client 5: no benign validation samples to evaluate on
2026-09-25 02:41:09,890 [INFO] fl_ids.eval.simulation: Round 6: mean_val_loss=0.0268, comm_bytes=583920
2026-09-25 02:41:22,545 [WARNING] fl_ids.fl.client: Client 5: no benign validation samples to evaluate on
2026-09-25 02:41:22,558 [INFO] fl_ids.eval.simulation: Round 7: mean_val_loss=0.0280, comm_bytes=583920
2026-09-25 02:41:35,041 [WARNING] fl_ids.fl.client: Client 5: no benign validation samples to evaluate on
2026-09-25 02:41:35,054 [INFO] fl_ids.eval.simulation: Round 8: mean_val_loss=0.0237, comm_bytes=583920
2026-09-25 02:41:35,160 [INFO] fl_ids.fl.client: Client 0 round 9: 16 of 109 boosting-passed rows flagged; surfacing 16
2026-09-25 02:41:35,525 [INFO] fl_ids.fl.client: Client 1 round 9: 29 of 717 boosting-passed rows flagged; surfacing 29
2026-09-25 02:41:35,879 [INFO] fl_ids.fl.client: Client 2 round 9: 14 of 263 boosting-passed rows flagged; surfacing 14
2026-09-25 02:41:36,761 [INFO] fl_ids.fl.client: Client 3 round 9: 146 of 5656 boosting-passed rows flagged; surfacing 50
2026-09-25 02:41:39,424 [INFO] fl_ids.fl.client: Client 4 round 9: 366 of 11495 boosting-passed rows flagged; surfacing 50
2026-09-25 02:41:42,696 [INFO] fl_ids.fl.client: Client 6 round 9: 115 of 2593 boosting-passed rows flagged; surfacing 50
2026-09-25 02:41:43,468 [INFO] fl_ids.fl.client: Client 7 round 9: 0 of 279 boosting-passed rows flagged; surfacing 0
2026-09-25 02:41:44,842 [INFO] fl_ids.fl.client: Client 8 round 9: 329 of 10256 boosting-passed rows flagged; surfacing 50
2026-09-25 02:41:47,397 [INFO] fl_ids.fl.client: Client 9 round 9: 91 of 927 boosting-passed rows flagged; surfacing 50
2026-09-25 02:42:22,359 [INFO] fl_ids.models.boosting: Continued boosting training: +50 trees on 93595 rows (now 450 trees)
2026-09-25 02:42:22,359 [INFO] fl_ids.models.boosting_update: Round 9: boosting v4 (continue) from 243 alerts ({'Backdoor': 3, 'DDoS_HTTP': 1, 'Normal': 231, 'Port_Scanning': 6, 'Uploading': 2}); 66 from excluded clients ignored
2026-09-25 02:42:22,673 [WARNING] fl_ids.fl.client: Client 5: no benign validation samples to evaluate on
2026-09-25 02:42:22,697 [INFO] fl_ids.eval.simulation: Round 9: mean_val_loss=0.0264, comm_bytes=583920
2026-09-25 02:42:39,010 [WARNING] fl_ids.fl.client: Client 5: no benign validation samples to evaluate on
2026-09-25 02:42:39,023 [INFO] fl_ids.eval.simulation: Round 10: mean_val_loss=0.0266, comm_bytes=583920
2026-09-25 02:42:54,545 [WARNING] fl_ids.fl.client: Client 5: no benign validation samples to evaluate on
2026-09-25 02:42:54,560 [INFO] fl_ids.eval.simulation: Round 11: mean_val_loss=0.0415, comm_bytes=583920
2026-09-25 02:42:54,650 [INFO] fl_ids.fl.client: Client 0 round 12: 11 of 108 boosting-passed rows flagged; surfacing 11
2026-09-25 02:42:55,003 [INFO] fl_ids.fl.client: Client 1 round 12: 19 of 715 boosting-passed rows flagged; surfacing 19
2026-09-25 02:42:55,415 [INFO] fl_ids.fl.client: Client 2 round 12: 3 of 262 boosting-passed rows flagged; surfacing 3
2026-09-25 02:42:56,933 [INFO] fl_ids.fl.client: Client 3 round 12: 152 of 5654 boosting-passed rows flagged; surfacing 50
2026-09-25 02:42:59,766 [INFO] fl_ids.fl.client: Client 4 round 12: 309 of 11495 boosting-passed rows flagged; surfacing 50
2026-09-25 02:43:03,866 [INFO] fl_ids.fl.client: Client 6 round 12: 108 of 2592 boosting-passed rows flagged; surfacing 50
2026-09-25 02:43:04,743 [INFO] fl_ids.fl.client: Client 7 round 12: 0 of 279 boosting-passed rows flagged; surfacing 0
2026-09-25 02:43:05,984 [INFO] fl_ids.fl.client: Client 8 round 12: 257 of 10258 boosting-passed rows flagged; surfacing 50
2026-09-25 02:43:08,938 [INFO] fl_ids.fl.client: Client 9 round 12: 46 of 920 boosting-passed rows flagged; surfacing 46
2026-09-25 02:43:39,426 [INFO] fl_ids.models.boosting: Continued boosting training: +50 trees on 93778 rows (now 500 trees)
2026-09-25 02:43:39,426 [INFO] fl_ids.models.boosting_update: Round 12: boosting v5 (continue) from 183 alerts ({'Backdoor': 3, 'Normal': 170, 'Password': 3, 'Port_Scanning': 4, 'Uploading': 3}); 96 from excluded clients ignored
2026-09-25 02:43:39,797 [WARNING] fl_ids.fl.client: Client 5: no benign validation samples to evaluate on
2026-09-25 02:43:39,810 [INFO] fl_ids.eval.simulation: Round 12: mean_val_loss=0.0128, comm_bytes=583920
2026-09-25 02:43:55,694 [WARNING] fl_ids.fl.client: Client 5: no benign validation samples to evaluate on
2026-09-25 02:43:55,708 [INFO] fl_ids.eval.simulation: Round 13: mean_val_loss=0.0272, comm_bytes=583920
2026-09-25 02:44:11,257 [WARNING] fl_ids.fl.client: Client 5: no benign validation samples to evaluate on
2026-09-25 02:44:11,269 [INFO] fl_ids.eval.simulation: Round 14: mean_val_loss=0.0392, comm_bytes=583920
2026-09-25 02:44:11,400 [INFO] fl_ids.fl.client: Client 0 round 15: 15 of 108 boosting-passed rows flagged; surfacing 15
2026-09-25 02:44:11,851 [INFO] fl_ids.fl.client: Client 1 round 15: 19 of 713 boosting-passed rows flagged; surfacing 19
2026-09-25 02:44:12,235 [INFO] fl_ids.fl.client: Client 2 round 15: 11 of 262 boosting-passed rows flagged; surfacing 11
2026-09-25 02:44:13,349 [INFO] fl_ids.fl.client: Client 3 round 15: 138 of 5652 boosting-passed rows flagged; surfacing 50
2026-09-25 02:44:16,349 [INFO] fl_ids.fl.client: Client 4 round 15: 324 of 11497 boosting-passed rows flagged; surfacing 50
2026-09-25 02:44:19,603 [INFO] fl_ids.fl.client: Client 6 round 15: 97 of 2591 boosting-passed rows flagged; surfacing 50
2026-09-25 02:44:20,355 [INFO] fl_ids.fl.client: Client 7 round 15: 0 of 279 boosting-passed rows flagged; surfacing 0
2026-09-25 02:44:22,012 [INFO] fl_ids.fl.client: Client 8 round 15: 309 of 10255 boosting-passed rows flagged; surfacing 50
2026-09-25 02:44:24,605 [INFO] fl_ids.fl.client: Client 9 round 15: 80 of 920 boosting-passed rows flagged; surfacing 50
2026-09-25 02:45:01,603 [INFO] fl_ids.models.boosting: Continued boosting training: +50 trees on 93973 rows (now 550 trees)
2026-09-25 02:45:01,603 [INFO] fl_ids.models.boosting_update: Round 15: boosting v6 (continue) from 195 alerts ({'Backdoor': 1, 'Normal': 183, 'Password': 5, 'Port_Scanning': 4, 'Uploading': 2}); 100 from excluded clients ignored
2026-09-25 02:45:01,981 [WARNING] fl_ids.fl.client: Client 5: no benign validation samples to evaluate on
2026-09-25 02:45:01,997 [INFO] fl_ids.eval.simulation: Round 15: mean_val_loss=0.0172, comm_bytes=583920
2026-09-25 02:45:20,630 [WARNING] fl_ids.fl.client: Client 5: no benign validation samples to evaluate on
2026-09-25 02:45:20,644 [INFO] fl_ids.eval.simulation: Round 16: mean_val_loss=0.0323, comm_bytes=583920
2026-09-25 02:45:35,244 [WARNING] fl_ids.fl.client: Client 5: no benign validation samples to evaluate on
2026-09-25 02:45:35,257 [INFO] fl_ids.eval.simulation: Round 17: mean_val_loss=0.0191, comm_bytes=583920
2026-09-25 02:45:35,408 [INFO] fl_ids.fl.client: Client 0 round 18: 8 of 104 boosting-passed rows flagged; surfacing 8
2026-09-25 02:45:35,912 [INFO] fl_ids.fl.client: Client 1 round 18: 17 of 713 boosting-passed rows flagged; surfacing 17
2026-09-25 02:45:36,350 [INFO] fl_ids.fl.client: Client 2 round 18: 11 of 261 boosting-passed rows flagged; surfacing 11
2026-09-25 02:45:37,640 [INFO] fl_ids.fl.client: Client 3 round 18: 142 of 5650 boosting-passed rows flagged; surfacing 50
2026-09-25 02:45:40,859 [INFO] fl_ids.fl.client: Client 4 round 18: 314 of 11497 boosting-passed rows flagged; surfacing 50
2026-09-25 02:45:44,352 [INFO] fl_ids.fl.client: Client 6 round 18: 88 of 2591 boosting-passed rows flagged; surfacing 50
2026-09-25 02:45:45,150 [INFO] fl_ids.fl.client: Client 7 round 18: 0 of 280 boosting-passed rows flagged; surfacing 0
2026-09-25 02:45:47,156 [INFO] fl_ids.fl.client: Client 8 round 18: 288 of 10253 boosting-passed rows flagged; surfacing 50
2026-09-25 02:45:49,874 [INFO] fl_ids.fl.client: Client 9 round 18: 38 of 922 boosting-passed rows flagged; surfacing 38
2026-09-25 02:46:37,152 [INFO] fl_ids.models.boosting: Continued boosting training: +50 trees on 94239 rows (now 600 trees)
2026-09-25 02:46:37,152 [INFO] fl_ids.models.boosting_update: Round 18: boosting v7 (continue) from 266 alerts ({'Backdoor': 3, 'DDoS_HTTP': 1, 'Normal': 250, 'Password': 5, 'Port_Scanning': 5, 'Vulnerability_scanner': 2}); 8 from excluded clients ignored
2026-09-25 02:46:37,416 [WARNING] fl_ids.fl.client: Client 5: no benign validation samples to evaluate on
2026-09-25 02:46:37,427 [INFO] fl_ids.eval.simulation: Round 18: mean_val_loss=0.0324, comm_bytes=583920
2026-09-25 02:46:52,994 [WARNING] fl_ids.fl.client: Client 5: no benign validation samples to evaluate on
2026-09-25 02:46:53,006 [INFO] fl_ids.eval.simulation: Round 19: mean_val_loss=0.0152, comm_bytes=583920
2026-09-25 02:47:08,710 [WARNING] fl_ids.fl.client: Client 5: no benign validation samples to evaluate on
2026-09-25 02:47:08,724 [INFO] fl_ids.eval.simulation: Round 20: mean_val_loss=0.0287, comm_bytes=583920
2026-09-25 02:47:08,750 [WARNING] fl_ids.eval.common: Clients [5] have no benign validation rows (infinite threshold); 126 test rows can't be flagged by the autoencoder
2026-09-25 02:47:09,677 [INFO] fl_ids.eval.zero_day: zero-day holdout=SQL_injection run=full_pipeline: detection_rate=0.614
2026-09-25 02:47:22,238 [WARNING] fl_ids.fl.client: Client 5: no benign validation samples to evaluate on
2026-09-25 02:47:22,251 [INFO] fl_ids.eval.simulation: Round 1: mean_val_loss=0.3962, comm_bytes=583920
2026-09-25 02:47:37,990 [WARNING] fl_ids.fl.client: Client 5: no benign validation samples to evaluate on
2026-09-25 02:47:38,002 [INFO] fl_ids.eval.simulation: Round 2: mean_val_loss=1.2731, comm_bytes=583920
2026-09-25 02:47:38,090 [INFO] fl_ids.fl.client: Client 0 round 3: 6 of 111 boosting-passed rows flagged; surfacing 6
2026-09-25 02:47:38,337 [INFO] fl_ids.fl.client: Client 1 round 3: 15 of 717 boosting-passed rows flagged; surfacing 15
2026-09-25 02:47:38,638 [INFO] fl_ids.fl.client: Client 2 round 3: 12 of 268 boosting-passed rows flagged; surfacing 12
2026-09-25 02:47:39,243 [INFO] fl_ids.fl.client: Client 3 round 3: 198 of 5659 boosting-passed rows flagged; surfacing 50
2026-09-25 02:47:42,718 [INFO] fl_ids.fl.client: Client 4 round 3: 280 of 11496 boosting-passed rows flagged; surfacing 50
2026-09-25 02:47:46,548 [INFO] fl_ids.fl.client: Client 6 round 3: 77 of 2596 boosting-passed rows flagged; surfacing 50
2026-09-25 02:47:47,292 [INFO] fl_ids.fl.client: Client 7 round 3: 9 of 281 boosting-passed rows flagged; surfacing 9
2026-09-25 02:47:48,578 [INFO] fl_ids.fl.client: Client 8 round 3: 345 of 10260 boosting-passed rows flagged; surfacing 50
2026-09-25 02:47:51,986 [INFO] fl_ids.fl.client: Client 9 round 3: 14 of 927 boosting-passed rows flagged; surfacing 14
2026-09-25 02:48:14,997 [INFO] fl_ids.models.boosting: Continued boosting training: +50 trees on 93200 rows (now 350 trees)
2026-09-25 02:48:14,997 [INFO] fl_ids.models.boosting_update: Round 3: boosting v2 (continue) from 256 alerts ({'Normal': 256}); 0 from excluded clients ignored
2026-09-25 02:48:15,162 [WARNING] fl_ids.fl.client: Client 5: no benign validation samples to evaluate on
2026-09-25 02:48:15,173 [INFO] fl_ids.eval.simulation: Round 3: mean_val_loss=48.3825, comm_bytes=583920
2026-09-25 02:48:26,859 [WARNING] fl_ids.fl.client: Client 5: no benign validation samples to evaluate on
2026-09-25 02:48:26,871 [INFO] fl_ids.eval.simulation: Round 4: mean_val_loss=2988.2982, comm_bytes=583920
2026-09-25 02:48:38,501 [WARNING] fl_ids.fl.client: Client 5: no benign validation samples to evaluate on
2026-09-25 02:48:38,513 [INFO] fl_ids.eval.simulation: Round 5: mean_val_loss=123767.7595, comm_bytes=583920
2026-09-25 02:48:38,606 [INFO] fl_ids.fl.client: Client 0 round 6: 10 of 110 boosting-passed rows flagged; surfacing 10
2026-09-25 02:48:38,926 [INFO] fl_ids.fl.client: Client 1 round 6: 18 of 717 boosting-passed rows flagged; surfacing 18
2026-09-25 02:48:39,255 [INFO] fl_ids.fl.client: Client 2 round 6: 12 of 264 boosting-passed rows flagged; surfacing 12
2026-09-25 02:48:40,034 [INFO] fl_ids.fl.client: Client 3 round 6: 176 of 5654 boosting-passed rows flagged; surfacing 50
2026-09-25 02:48:42,601 [INFO] fl_ids.fl.client: Client 4 round 6: 309 of 11497 boosting-passed rows flagged; surfacing 50
2026-09-25 02:48:45,634 [INFO] fl_ids.fl.client: Client 6 round 6: 76 of 2593 boosting-passed rows flagged; surfacing 50
2026-09-25 02:48:46,323 [INFO] fl_ids.fl.client: Client 7 round 6: 9 of 280 boosting-passed rows flagged; surfacing 9
2026-09-25 02:48:47,653 [INFO] fl_ids.fl.client: Client 8 round 6: 345 of 10258 boosting-passed rows flagged; surfacing 50
2026-09-25 02:48:52,378 [INFO] fl_ids.fl.client: Client 9 round 6: 9 of 926 boosting-passed rows flagged; surfacing 9
2026-09-25 02:49:24,679 [INFO] fl_ids.models.boosting: Continued boosting training: +50 trees on 93458 rows (now 400 trees)
2026-09-25 02:49:24,679 [INFO] fl_ids.models.boosting_update: Round 6: boosting v3 (continue) from 258 alerts ({'Normal': 258}); 0 from excluded clients ignored
2026-09-25 02:49:24,913 [WARNING] fl_ids.fl.client: Client 5: no benign validation samples to evaluate on
2026-09-25 02:49:24,936 [INFO] fl_ids.eval.simulation: Round 6: mean_val_loss=3046557.9463, comm_bytes=583920
2026-09-25 02:49:38,851 [WARNING] fl_ids.fl.client: Client 5: no benign validation samples to evaluate on
2026-09-25 02:49:38,864 [INFO] fl_ids.eval.simulation: Round 7: mean_val_loss=56112709.3328, comm_bytes=583920
2026-09-25 02:49:51,594 [WARNING] fl_ids.fl.client: Client 5: no benign validation samples to evaluate on
2026-09-25 02:49:51,607 [INFO] fl_ids.eval.simulation: Round 8: mean_val_loss=645800028.0395, comm_bytes=583920
2026-09-25 02:49:51,719 [INFO] fl_ids.fl.client: Client 0 round 9: 8 of 109 boosting-passed rows flagged; surfacing 8
2026-09-25 02:49:52,102 [INFO] fl_ids.fl.client: Client 1 round 9: 13 of 715 boosting-passed rows flagged; surfacing 13
2026-09-25 02:49:52,480 [INFO] fl_ids.fl.client: Client 2 round 9: 12 of 263 boosting-passed rows flagged; surfacing 12
2026-09-25 02:49:53,415 [INFO] fl_ids.fl.client: Client 3 round 9: 175 of 5655 boosting-passed rows flagged; surfacing 50
2026-09-25 02:49:56,084 [INFO] fl_ids.fl.client: Client 4 round 9: 300 of 11496 boosting-passed rows flagged; surfacing 50
2026-09-25 02:49:59,308 [INFO] fl_ids.fl.client: Client 6 round 9: 66 of 2593 boosting-passed rows flagged; surfacing 50
2026-09-25 02:50:00,065 [INFO] fl_ids.fl.client: Client 7 round 9: 9 of 281 boosting-passed rows flagged; surfacing 9
2026-09-25 02:50:01,398 [INFO] fl_ids.fl.client: Client 8 round 9: 359 of 10254 boosting-passed rows flagged; surfacing 50
2026-09-25 02:50:03,985 [INFO] fl_ids.fl.client: Client 9 round 9: 10 of 926 boosting-passed rows flagged; surfacing 10
2026-09-25 02:50:31,771 [INFO] fl_ids.models.boosting: Continued boosting training: +50 trees on 93710 rows (now 450 trees)
2026-09-25 02:50:31,771 [INFO] fl_ids.models.boosting_update: Round 9: boosting v4 (continue) from 252 alerts ({'Normal': 252}); 0 from excluded clients ignored
2026-09-25 02:50:32,021 [WARNING] fl_ids.fl.client: Client 5: no benign validation samples to evaluate on
2026-09-25 02:50:32,028 [INFO] fl_ids.eval.simulation: Round 9: mean_val_loss=5206856096.9491, comm_bytes=583920
2026-09-25 02:50:48,522 [WARNING] fl_ids.fl.client: Client 5: no benign validation samples to evaluate on
2026-09-25 02:50:48,535 [INFO] fl_ids.eval.simulation: Round 10: mean_val_loss=31457859324.9066, comm_bytes=583920
2026-09-25 02:51:05,362 [WARNING] fl_ids.fl.client: Client 5: no benign validation samples to evaluate on
2026-09-25 02:51:05,375 [INFO] fl_ids.eval.simulation: Round 11: mean_val_loss=148274337011.3453, comm_bytes=583920
2026-09-25 02:51:05,478 [INFO] fl_ids.fl.client: Client 0 round 12: 6 of 110 boosting-passed rows flagged; surfacing 6
2026-09-25 02:51:05,997 [INFO] fl_ids.fl.client: Client 1 round 12: 11 of 714 boosting-passed rows flagged; surfacing 11
2026-09-25 02:51:06,432 [INFO] fl_ids.fl.client: Client 2 round 12: 12 of 261 boosting-passed rows flagged; surfacing 12
2026-09-25 02:51:07,537 [INFO] fl_ids.fl.client: Client 3 round 12: 166 of 5654 boosting-passed rows flagged; surfacing 50
2026-09-25 02:51:10,623 [INFO] fl_ids.fl.client: Client 4 round 12: 312 of 11495 boosting-passed rows flagged; surfacing 50
2026-09-25 02:51:14,770 [INFO] fl_ids.fl.client: Client 6 round 12: 65 of 2593 boosting-passed rows flagged; surfacing 50
2026-09-25 02:51:15,569 [INFO] fl_ids.fl.client: Client 7 round 12: 9 of 280 boosting-passed rows flagged; surfacing 9
2026-09-25 02:51:17,509 [INFO] fl_ids.fl.client: Client 8 round 12: 355 of 10254 boosting-passed rows flagged; surfacing 50
2026-09-25 02:51:20,423 [INFO] fl_ids.fl.client: Client 9 round 12: 12 of 924 boosting-passed rows flagged; surfacing 12
2026-09-25 02:51:53,533 [INFO] fl_ids.models.boosting: Continued boosting training: +50 trees on 93960 rows (now 500 trees)
2026-09-25 02:51:53,533 [INFO] fl_ids.models.boosting_update: Round 12: boosting v5 (continue) from 250 alerts ({'Normal': 250}); 0 from excluded clients ignored
2026-09-25 02:51:53,745 [WARNING] fl_ids.fl.client: Client 5: no benign validation samples to evaluate on
2026-09-25 02:51:53,755 [INFO] fl_ids.eval.simulation: Round 12: mean_val_loss=589893473481.3505, comm_bytes=583920
2026-09-25 02:52:10,453 [WARNING] fl_ids.fl.client: Client 5: no benign validation samples to evaluate on
2026-09-25 02:52:10,466 [INFO] fl_ids.eval.simulation: Round 13: mean_val_loss=2028951624249.1804, comm_bytes=583920
2026-09-25 02:52:27,767 [WARNING] fl_ids.fl.client: Client 5: no benign validation samples to evaluate on
2026-09-25 02:52:27,780 [INFO] fl_ids.eval.simulation: Round 14: mean_val_loss=6158954860887.4580, comm_bytes=583920
2026-09-25 02:52:27,922 [INFO] fl_ids.fl.client: Client 0 round 15: 6 of 111 boosting-passed rows flagged; surfacing 6
2026-09-25 02:52:28,379 [INFO] fl_ids.fl.client: Client 1 round 15: 9 of 715 boosting-passed rows flagged; surfacing 9
2026-09-25 02:52:28,777 [INFO] fl_ids.fl.client: Client 2 round 15: 12 of 264 boosting-passed rows flagged; surfacing 12
2026-09-25 02:52:29,718 [INFO] fl_ids.fl.client: Client 3 round 15: 166 of 5655 boosting-passed rows flagged; surfacing 50
2026-09-25 02:52:33,280 [INFO] fl_ids.fl.client: Client 4 round 15: 310 of 11496 boosting-passed rows flagged; surfacing 50
2026-09-25 02:52:37,880 [INFO] fl_ids.fl.client: Client 6 round 15: 65 of 2593 boosting-passed rows flagged; surfacing 50
2026-09-25 02:52:38,746 [INFO] fl_ids.fl.client: Client 7 round 15: 9 of 280 boosting-passed rows flagged; surfacing 9
2026-09-25 02:52:40,229 [INFO] fl_ids.fl.client: Client 8 round 15: 363 of 10253 boosting-passed rows flagged; surfacing 50
2026-09-25 02:52:43,201 [INFO] fl_ids.fl.client: Client 9 round 15: 14 of 924 boosting-passed rows flagged; surfacing 14
2026-09-25 02:53:17,771 [INFO] fl_ids.models.boosting: Continued boosting training: +50 trees on 94210 rows (now 550 trees)
2026-09-25 02:53:17,771 [INFO] fl_ids.models.boosting_update: Round 15: boosting v6 (continue) from 250 alerts ({'Normal': 250}); 0 from excluded clients ignored
2026-09-25 02:53:18,151 [WARNING] fl_ids.fl.client: Client 5: no benign validation samples to evaluate on
2026-09-25 02:53:18,210 [INFO] fl_ids.eval.simulation: Round 15: mean_val_loss=16815003195241.2676, comm_bytes=583920
2026-09-25 02:53:36,318 [WARNING] fl_ids.fl.client: Client 5: no benign validation samples to evaluate on
2026-09-25 02:53:36,335 [INFO] fl_ids.eval.simulation: Round 16: mean_val_loss=42703524549557.3828, comm_bytes=583920
2026-09-25 02:53:52,765 [WARNING] fl_ids.fl.client: Client 5: no benign validation samples to evaluate on
2026-09-25 02:53:52,777 [INFO] fl_ids.eval.simulation: Round 17: mean_val_loss=100064316301255.0000, comm_bytes=583920
2026-09-25 02:53:52,931 [INFO] fl_ids.fl.client: Client 0 round 18: 6 of 110 boosting-passed rows flagged; surfacing 6
2026-09-25 02:53:53,425 [INFO] fl_ids.fl.client: Client 1 round 18: 9 of 713 boosting-passed rows flagged; surfacing 9
2026-09-25 02:53:53,853 [INFO] fl_ids.fl.client: Client 2 round 18: 12 of 263 boosting-passed rows flagged; surfacing 12
2026-09-25 02:53:55,062 [INFO] fl_ids.fl.client: Client 3 round 18: 163 of 5654 boosting-passed rows flagged; surfacing 50
2026-09-25 02:53:58,385 [INFO] fl_ids.fl.client: Client 4 round 18: 307 of 11498 boosting-passed rows flagged; surfacing 50
2026-09-25 02:54:01,809 [INFO] fl_ids.fl.client: Client 6 round 18: 63 of 2592 boosting-passed rows flagged; surfacing 50
2026-09-25 02:54:02,624 [INFO] fl_ids.fl.client: Client 7 round 18: 9 of 280 boosting-passed rows flagged; surfacing 9
2026-09-25 02:54:04,584 [INFO] fl_ids.fl.client: Client 8 round 18: 364 of 10254 boosting-passed rows flagged; surfacing 50
2026-09-25 02:54:07,275 [INFO] fl_ids.fl.client: Client 9 round 18: 15 of 925 boosting-passed rows flagged; surfacing 15
2026-09-25 02:54:54,283 [INFO] fl_ids.models.boosting: Continued boosting training: +50 trees on 94461 rows (now 600 trees)
2026-09-25 02:54:54,283 [INFO] fl_ids.models.boosting_update: Round 18: boosting v7 (continue) from 251 alerts ({'Normal': 251}); 0 from excluded clients ignored
2026-09-25 02:54:54,643 [WARNING] fl_ids.fl.client: Client 5: no benign validation samples to evaluate on
2026-09-25 02:54:54,662 [INFO] fl_ids.eval.simulation: Round 18: mean_val_loss=218653373692584.1562, comm_bytes=583920
2026-09-25 02:55:11,318 [WARNING] fl_ids.fl.client: Client 5: no benign validation samples to evaluate on
2026-09-25 02:55:11,331 [INFO] fl_ids.eval.simulation: Round 19: mean_val_loss=441416517438013.6875, comm_bytes=583920
2026-09-25 02:55:26,932 [WARNING] fl_ids.fl.client: Client 5: no benign validation samples to evaluate on
2026-09-25 02:55:26,945 [INFO] fl_ids.eval.simulation: Round 20: mean_val_loss=846024886270326.2500, comm_bytes=583920
2026-09-25 02:55:26,972 [WARNING] fl_ids.eval.common: Clients [5] have no benign validation rows (infinite threshold); 126 test rows can't be flagged by the autoencoder
2026-09-25 02:55:27,859 [INFO] fl_ids.eval.zero_day: zero-day holdout=SQL_injection run=plain_fedavg: detection_rate=0.570
2026-09-25 02:55:39,225 [WARNING] fl_ids.fl.client: Client 5: no benign validation samples to evaluate on
2026-09-25 02:55:39,238 [INFO] fl_ids.eval.simulation: Round 1: mean_val_loss=0.3401, comm_bytes=583920
2026-09-25 02:55:52,498 [WARNING] fl_ids.fl.client: Client 5: no benign validation samples to evaluate on
2026-09-25 02:55:52,513 [INFO] fl_ids.eval.simulation: Round 2: mean_val_loss=0.3568, comm_bytes=583920
2026-09-25 02:55:52,603 [INFO] fl_ids.fl.client: Client 0 round 3: 5 of 111 boosting-passed rows flagged; surfacing 5
2026-09-25 02:55:52,877 [INFO] fl_ids.fl.client: Client 1 round 3: 11 of 717 boosting-passed rows flagged; surfacing 11
2026-09-25 02:55:53,196 [INFO] fl_ids.fl.client: Client 2 round 3: 12 of 268 boosting-passed rows flagged; surfacing 12
2026-09-25 02:55:53,765 [INFO] fl_ids.fl.client: Client 3 round 3: 155 of 5659 boosting-passed rows flagged; surfacing 50
2026-09-25 02:55:56,554 [INFO] fl_ids.fl.client: Client 4 round 3: 291 of 11496 boosting-passed rows flagged; surfacing 50
2026-09-25 02:56:00,975 [INFO] fl_ids.fl.client: Client 6 round 3: 59 of 2596 boosting-passed rows flagged; surfacing 50
2026-09-25 02:56:01,771 [INFO] fl_ids.fl.client: Client 7 round 3: 9 of 281 boosting-passed rows flagged; surfacing 9
2026-09-25 02:56:02,949 [INFO] fl_ids.fl.client: Client 8 round 3: 369 of 10260 boosting-passed rows flagged; surfacing 50
2026-09-25 02:56:06,859 [INFO] fl_ids.fl.client: Client 9 round 3: 15 of 927 boosting-passed rows flagged; surfacing 15
2026-09-25 02:56:32,561 [INFO] fl_ids.models.boosting: Continued boosting training: +50 trees on 93196 rows (now 350 trees)
2026-09-25 02:56:32,561 [INFO] fl_ids.models.boosting_update: Round 3: boosting v2 (continue) from 252 alerts ({'Normal': 252}); 0 from excluded clients ignored
2026-09-25 02:56:32,715 [WARNING] fl_ids.fl.client: Client 5: no benign validation samples to evaluate on
2026-09-25 02:56:32,725 [INFO] fl_ids.eval.simulation: Round 3: mean_val_loss=0.3851, comm_bytes=583920
2026-09-25 02:56:44,469 [WARNING] fl_ids.fl.client: Client 5: no benign validation samples to evaluate on
2026-09-25 02:56:44,481 [INFO] fl_ids.eval.simulation: Round 4: mean_val_loss=0.4587, comm_bytes=583920
2026-09-25 02:56:56,084 [WARNING] fl_ids.fl.client: Client 5: no benign validation samples to evaluate on
2026-09-25 02:56:56,096 [INFO] fl_ids.eval.simulation: Round 5: mean_val_loss=0.6968, comm_bytes=583920
2026-09-25 02:56:56,187 [INFO] fl_ids.fl.client: Client 0 round 6: 6 of 111 boosting-passed rows flagged; surfacing 6
2026-09-25 02:56:56,508 [INFO] fl_ids.fl.client: Client 1 round 6: 9 of 716 boosting-passed rows flagged; surfacing 9
2026-09-25 02:56:56,844 [INFO] fl_ids.fl.client: Client 2 round 6: 12 of 264 boosting-passed rows flagged; surfacing 12
2026-09-25 02:56:57,576 [INFO] fl_ids.fl.client: Client 3 round 6: 152 of 5656 boosting-passed rows flagged; surfacing 50
2026-09-25 02:57:00,036 [INFO] fl_ids.fl.client: Client 4 round 6: 314 of 11497 boosting-passed rows flagged; surfacing 50
2026-09-25 02:57:03,167 [INFO] fl_ids.fl.client: Client 6 round 6: 55 of 2596 boosting-passed rows flagged; surfacing 50
2026-09-25 02:57:03,893 [INFO] fl_ids.fl.client: Client 7 round 6: 9 of 281 boosting-passed rows flagged; surfacing 9
2026-09-25 02:57:04,990 [INFO] fl_ids.fl.client: Client 8 round 6: 368 of 10259 boosting-passed rows flagged; surfacing 50
2026-09-25 02:57:07,538 [INFO] fl_ids.fl.client: Client 9 round 6: 21 of 925 boosting-passed rows flagged; surfacing 21
2026-09-25 02:57:38,445 [INFO] fl_ids.models.boosting: Continued boosting training: +50 trees on 93453 rows (now 400 trees)
2026-09-25 02:57:38,445 [INFO] fl_ids.models.boosting_update: Round 6: boosting v3 (continue) from 257 alerts ({'Normal': 257}); 0 from excluded clients ignored
2026-09-25 02:57:38,701 [WARNING] fl_ids.fl.client: Client 5: no benign validation samples to evaluate on
2026-09-25 02:57:38,721 [INFO] fl_ids.eval.simulation: Round 6: mean_val_loss=1.4287, comm_bytes=583920
2026-09-25 02:57:55,289 [WARNING] fl_ids.fl.client: Client 5: no benign validation samples to evaluate on
2026-09-25 02:57:55,303 [INFO] fl_ids.eval.simulation: Round 7: mean_val_loss=3.6649, comm_bytes=583920
2026-09-25 02:58:07,971 [WARNING] fl_ids.fl.client: Client 5: no benign validation samples to evaluate on
2026-09-25 02:58:07,984 [INFO] fl_ids.eval.simulation: Round 8: mean_val_loss=9.5291, comm_bytes=583920
2026-09-25 02:58:08,094 [INFO] fl_ids.fl.client: Client 0 round 9: 7 of 110 boosting-passed rows flagged; surfacing 7
2026-09-25 02:58:08,452 [INFO] fl_ids.fl.client: Client 1 round 9: 12 of 712 boosting-passed rows flagged; surfacing 12
2026-09-25 02:58:08,823 [INFO] fl_ids.fl.client: Client 2 round 9: 2 of 265 boosting-passed rows flagged; surfacing 2
2026-09-25 02:58:09,735 [INFO] fl_ids.fl.client: Client 3 round 9: 124 of 5656 boosting-passed rows flagged; surfacing 50
2026-09-25 02:58:12,422 [INFO] fl_ids.fl.client: Client 4 round 9: 270 of 11497 boosting-passed rows flagged; surfacing 50
2026-09-25 02:58:15,647 [INFO] fl_ids.fl.client: Client 6 round 9: 80 of 2596 boosting-passed rows flagged; surfacing 50
2026-09-25 02:58:16,407 [INFO] fl_ids.fl.client: Client 7 round 9: 4 of 282 boosting-passed rows flagged; surfacing 4
2026-09-25 02:58:17,717 [INFO] fl_ids.fl.client: Client 8 round 9: 224 of 10259 boosting-passed rows flagged; surfacing 50
2026-09-25 02:58:20,360 [INFO] fl_ids.fl.client: Client 9 round 9: 20 of 924 boosting-passed rows flagged; surfacing 20
2026-09-25 02:58:43,409 [INFO] fl_ids.models.boosting: Continued boosting training: +50 trees on 93698 rows (now 450 trees)
2026-09-25 02:58:43,409 [INFO] fl_ids.models.boosting_update: Round 9: boosting v4 (continue) from 245 alerts ({'Normal': 235, 'Password': 6, 'Uploading': 4}); 0 from excluded clients ignored
2026-09-25 02:58:43,685 [WARNING] fl_ids.fl.client: Client 5: no benign validation samples to evaluate on
2026-09-25 02:58:43,701 [INFO] fl_ids.eval.simulation: Round 9: mean_val_loss=23.1936, comm_bytes=583920
2026-09-25 02:59:01,512 [WARNING] fl_ids.fl.client: Client 5: no benign validation samples to evaluate on
2026-09-25 02:59:01,527 [INFO] fl_ids.eval.simulation: Round 10: mean_val_loss=54.1025, comm_bytes=583920
2026-09-25 02:59:18,907 [WARNING] fl_ids.fl.client: Client 5: no benign validation samples to evaluate on
2026-09-25 02:59:18,916 [INFO] fl_ids.eval.simulation: Round 11: mean_val_loss=120.5666, comm_bytes=583920
2026-09-25 02:59:19,033 [INFO] fl_ids.fl.client: Client 0 round 12: 4 of 110 boosting-passed rows flagged; surfacing 4
2026-09-25 02:59:19,361 [INFO] fl_ids.fl.client: Client 1 round 12: 12 of 715 boosting-passed rows flagged; surfacing 12
2026-09-25 02:59:19,789 [INFO] fl_ids.fl.client: Client 2 round 12: 2 of 265 boosting-passed rows flagged; surfacing 2
2026-09-25 02:59:20,652 [INFO] fl_ids.fl.client: Client 3 round 12: 148 of 5655 boosting-passed rows flagged; surfacing 50
2026-09-25 02:59:24,343 [INFO] fl_ids.fl.client: Client 4 round 12: 379 of 11496 boosting-passed rows flagged; surfacing 50
2026-09-25 02:59:27,712 [INFO] fl_ids.fl.client: Client 6 round 12: 46 of 2594 boosting-passed rows flagged; surfacing 46
2026-09-25 02:59:28,452 [INFO] fl_ids.fl.client: Client 7 round 12: 4 of 281 boosting-passed rows flagged; surfacing 4
2026-09-25 02:59:29,855 [INFO] fl_ids.fl.client: Client 8 round 12: 307 of 10256 boosting-passed rows flagged; surfacing 50
2026-09-25 02:59:32,406 [INFO] fl_ids.fl.client: Client 9 round 12: 16 of 925 boosting-passed rows flagged; surfacing 16
2026-09-25 03:00:06,470 [INFO] fl_ids.models.boosting: Continued boosting training: +50 trees on 93932 rows (now 500 trees)
2026-09-25 03:00:06,472 [INFO] fl_ids.models.boosting_update: Round 12: boosting v5 (continue) from 234 alerts ({'Normal': 226, 'Password': 2, 'Uploading': 6}); 0 from excluded clients ignored
2026-09-25 03:00:06,835 [WARNING] fl_ids.fl.client: Client 5: no benign validation samples to evaluate on
2026-09-25 03:00:06,849 [INFO] fl_ids.eval.simulation: Round 12: mean_val_loss=256.1866, comm_bytes=583920
2026-09-25 03:00:23,144 [WARNING] fl_ids.fl.client: Client 5: no benign validation samples to evaluate on
2026-09-25 03:00:23,156 [INFO] fl_ids.eval.simulation: Round 13: mean_val_loss=520.6693, comm_bytes=583920
2026-09-25 03:00:36,637 [WARNING] fl_ids.fl.client: Client 5: no benign validation samples to evaluate on
2026-09-25 03:00:36,650 [INFO] fl_ids.eval.simulation: Round 14: mean_val_loss=1027.0240, comm_bytes=583920
2026-09-25 03:00:36,788 [INFO] fl_ids.fl.client: Client 0 round 15: 3 of 109 boosting-passed rows flagged; surfacing 3
2026-09-25 03:00:37,247 [INFO] fl_ids.fl.client: Client 1 round 15: 7 of 715 boosting-passed rows flagged; surfacing 7
2026-09-25 03:00:37,650 [INFO] fl_ids.fl.client: Client 2 round 15: 0 of 264 boosting-passed rows flagged; surfacing 0
2026-09-25 03:00:38,808 [INFO] fl_ids.fl.client: Client 3 round 15: 138 of 5655 boosting-passed rows flagged; surfacing 50
2026-09-25 03:00:41,751 [INFO] fl_ids.fl.client: Client 4 round 15: 414 of 11497 boosting-passed rows flagged; surfacing 50
2026-09-25 03:00:45,025 [INFO] fl_ids.fl.client: Client 6 round 15: 62 of 2595 boosting-passed rows flagged; surfacing 50
2026-09-25 03:00:45,779 [INFO] fl_ids.fl.client: Client 7 round 15: 6 of 280 boosting-passed rows flagged; surfacing 6
2026-09-25 03:00:47,415 [INFO] fl_ids.fl.client: Client 8 round 15: 281 of 10255 boosting-passed rows flagged; surfacing 50
2026-09-25 03:00:50,193 [INFO] fl_ids.fl.client: Client 9 round 15: 13 of 924 boosting-passed rows flagged; surfacing 13
2026-09-25 03:01:29,609 [INFO] fl_ids.models.boosting: Continued boosting training: +50 trees on 94161 rows (now 550 trees)
2026-09-25 03:01:29,609 [INFO] fl_ids.models.boosting_update: Round 15: boosting v6 (continue) from 229 alerts ({'Normal': 228, 'Uploading': 1}); 0 from excluded clients ignored
2026-09-25 03:01:29,849 [WARNING] fl_ids.fl.client: Client 5: no benign validation samples to evaluate on
2026-09-25 03:01:29,860 [INFO] fl_ids.eval.simulation: Round 15: mean_val_loss=1973.8833, comm_bytes=583920
2026-09-25 03:01:44,272 [WARNING] fl_ids.fl.client: Client 5: no benign validation samples to evaluate on
2026-09-25 03:01:44,286 [INFO] fl_ids.eval.simulation: Round 16: mean_val_loss=3619.4473, comm_bytes=583920
2026-09-25 03:02:00,359 [WARNING] fl_ids.fl.client: Client 5: no benign validation samples to evaluate on
2026-09-25 03:02:00,373 [INFO] fl_ids.eval.simulation: Round 17: mean_val_loss=6389.9571, comm_bytes=583920
2026-09-25 03:02:00,534 [INFO] fl_ids.fl.client: Client 0 round 18: 2 of 109 boosting-passed rows flagged; surfacing 2
2026-09-25 03:02:01,085 [INFO] fl_ids.fl.client: Client 1 round 18: 5 of 714 boosting-passed rows flagged; surfacing 5
2026-09-25 03:02:01,522 [INFO] fl_ids.fl.client: Client 2 round 18: 0 of 263 boosting-passed rows flagged; surfacing 0
2026-09-25 03:02:02,570 [INFO] fl_ids.fl.client: Client 3 round 18: 129 of 5656 boosting-passed rows flagged; surfacing 50
2026-09-25 03:02:06,118 [INFO] fl_ids.fl.client: Client 4 round 18: 414 of 11496 boosting-passed rows flagged; surfacing 50
2026-09-25 03:02:10,727 [INFO] fl_ids.fl.client: Client 6 round 18: 62 of 2593 boosting-passed rows flagged; surfacing 50
2026-09-25 03:02:11,691 [INFO] fl_ids.fl.client: Client 7 round 18: 6 of 280 boosting-passed rows flagged; surfacing 6
2026-09-25 03:02:13,750 [INFO] fl_ids.fl.client: Client 8 round 18: 283 of 10254 boosting-passed rows flagged; surfacing 50
2026-09-25 03:02:17,841 [INFO] fl_ids.fl.client: Client 9 round 18: 11 of 924 boosting-passed rows flagged; surfacing 11
2026-09-25 03:03:01,636 [INFO] fl_ids.models.boosting: Continued boosting training: +50 trees on 94385 rows (now 600 trees)
2026-09-25 03:03:01,637 [INFO] fl_ids.models.boosting_update: Round 18: boosting v7 (continue) from 224 alerts ({'Normal': 224}); 0 from excluded clients ignored
2026-09-25 03:03:01,894 [WARNING] fl_ids.fl.client: Client 5: no benign validation samples to evaluate on
2026-09-25 03:03:01,904 [INFO] fl_ids.eval.simulation: Round 18: mean_val_loss=10921.4850, comm_bytes=583920
2026-09-25 03:03:20,927 [WARNING] fl_ids.fl.client: Client 5: no benign validation samples to evaluate on
2026-09-25 03:03:20,940 [INFO] fl_ids.eval.simulation: Round 19: mean_val_loss=18280.2035, comm_bytes=583920
2026-09-25 03:03:41,251 [WARNING] fl_ids.fl.client: Client 5: no benign validation samples to evaluate on
2026-09-25 03:03:41,270 [INFO] fl_ids.eval.simulation: Round 20: mean_val_loss=29543.7889, comm_bytes=583920
2026-09-25 03:03:41,304 [WARNING] fl_ids.eval.common: Clients [5] have no benign validation rows (infinite threshold); 126 test rows can't be flagged by the autoencoder
2026-09-25 03:03:42,126 [INFO] fl_ids.eval.zero_day: zero-day holdout=SQL_injection run=trimmed_mean_only: detection_rate=0.567
2026-09-25 03:03:56,193 [WARNING] fl_ids.fl.client: Client 5: no benign validation samples to evaluate on
2026-09-25 03:03:56,207 [INFO] fl_ids.eval.simulation: Round 1: mean_val_loss=0.2605, comm_bytes=583920
2026-09-25 03:04:06,858 [WARNING] fl_ids.fl.client: Client 5: no benign validation samples to evaluate on
2026-09-25 03:04:06,870 [INFO] fl_ids.eval.simulation: Round 2: mean_val_loss=0.0759, comm_bytes=583920
2026-09-25 03:04:06,899 [INFO] fl_ids.fl.client: Client 0 round 3: 39 of 745 boosting-passed rows flagged; surfacing 39
2026-09-25 03:04:07,112 [INFO] fl_ids.fl.client: Client 1 round 3: 50 of 2976 boosting-passed rows flagged; surfacing 50
2026-09-25 03:04:07,843 [INFO] fl_ids.fl.client: Client 2 round 3: 11 of 1219 boosting-passed rows flagged; surfacing 11
2026-09-25 03:04:08,173 [INFO] fl_ids.fl.client: Client 3 round 3: 374 of 7649 boosting-passed rows flagged; surfacing 50
2026-09-25 03:04:09,955 [INFO] fl_ids.fl.client: Client 4 round 3: 851 of 12747 boosting-passed rows flagged; surfacing 50
2026-09-25 03:04:13,140 [INFO] fl_ids.fl.client: Client 6 round 3: 213 of 3278 boosting-passed rows flagged; surfacing 50
2026-09-25 03:04:13,932 [INFO] fl_ids.fl.client: Client 7 round 3: 10 of 759 boosting-passed rows flagged; surfacing 10
2026-09-25 03:04:14,146 [INFO] fl_ids.fl.client: Client 8 round 3: 692 of 12513 boosting-passed rows flagged; surfacing 50
2026-09-25 03:04:17,049 [INFO] fl_ids.fl.client: Client 9 round 3: 77 of 1581 boosting-passed rows flagged; surfacing 50
2026-09-25 03:04:38,994 [INFO] fl_ids.models.boosting: Continued boosting training: +50 trees on 93165 rows (now 350 trees)
2026-09-25 03:04:38,994 [INFO] fl_ids.models.boosting_update: Round 3: boosting v2 (continue) from 221 alerts ({'DDoS_ICMP': 3, 'DDoS_TCP': 26, 'DDoS_UDP': 31, 'Fingerprinting': 2, 'MITM': 3, 'Normal': 106, 'Password': 11, 'Uploading': 7, 'Vulnerability_scanner': 26, 'XSS': 6}); 139 from excluded clients ignored
2026-09-25 03:04:39,205 [WARNING] fl_ids.fl.client: Client 5: no benign validation samples to evaluate on
2026-09-25 03:04:39,227 [INFO] fl_ids.eval.simulation: Round 3: mean_val_loss=0.0402, comm_bytes=583920
2026-09-25 03:04:54,923 [WARNING] fl_ids.fl.client: Client 5: no benign validation samples to evaluate on
2026-09-25 03:04:54,946 [INFO] fl_ids.eval.simulation: Round 4: mean_val_loss=0.0308, comm_bytes=583920
2026-09-25 03:05:11,028 [WARNING] fl_ids.fl.client: Client 5: no benign validation samples to evaluate on
2026-09-25 03:05:11,041 [INFO] fl_ids.eval.simulation: Round 5: mean_val_loss=0.0253, comm_bytes=583920
2026-09-25 03:05:11,097 [INFO] fl_ids.fl.client: Client 0 round 6: 71 of 745 boosting-passed rows flagged; surfacing 50
2026-09-25 03:05:11,326 [INFO] fl_ids.fl.client: Client 1 round 6: 121 of 2976 boosting-passed rows flagged; surfacing 50
2026-09-25 03:05:12,057 [INFO] fl_ids.fl.client: Client 2 round 6: 31 of 1219 boosting-passed rows flagged; surfacing 31
2026-09-25 03:05:12,411 [INFO] fl_ids.fl.client: Client 3 round 6: 748 of 7649 boosting-passed rows flagged; surfacing 50
2026-09-25 03:05:14,229 [INFO] fl_ids.fl.client: Client 4 round 6: 717 of 12747 boosting-passed rows flagged; surfacing 50
2026-09-25 03:05:17,429 [INFO] fl_ids.fl.client: Client 6 round 6: 280 of 3278 boosting-passed rows flagged; surfacing 50
2026-09-25 03:05:18,237 [INFO] fl_ids.fl.client: Client 7 round 6: 4 of 759 boosting-passed rows flagged; surfacing 4
2026-09-25 03:05:18,488 [INFO] fl_ids.fl.client: Client 8 round 6: 644 of 12513 boosting-passed rows flagged; surfacing 50
2026-09-25 03:05:21,383 [INFO] fl_ids.fl.client: Client 9 round 6: 121 of 1581 boosting-passed rows flagged; surfacing 50
2026-09-25 03:05:43,526 [INFO] fl_ids.models.boosting: Continued boosting training: +50 trees on 93400 rows (now 400 trees)
2026-09-25 03:05:43,526 [INFO] fl_ids.models.boosting_update: Round 6: boosting v3 (continue) from 235 alerts ({'Backdoor': 1, 'DDoS_HTTP': 1, 'DDoS_ICMP': 37, 'DDoS_TCP': 6, 'DDoS_UDP': 47, 'Fingerprinting': 4, 'MITM': 2, 'Normal': 78, 'Password': 25, 'Port_Scanning': 2, 'Uploading': 3, 'Vulnerability_scanner': 23, 'XSS': 6}); 150 from excluded clients ignored
2026-09-25 03:05:43,699 [WARNING] fl_ids.fl.client: Client 5: no benign validation samples to evaluate on
2026-09-25 03:05:43,709 [INFO] fl_ids.eval.simulation: Round 6: mean_val_loss=0.0229, comm_bytes=583920
2026-09-25 03:06:01,201 [WARNING] fl_ids.fl.client: Client 5: no benign validation samples to evaluate on
2026-09-25 03:06:01,213 [INFO] fl_ids.eval.simulation: Round 7: mean_val_loss=0.0221, comm_bytes=583920
2026-09-25 03:06:17,176 [WARNING] fl_ids.fl.client: Client 5: no benign validation samples to evaluate on
2026-09-25 03:06:17,190 [INFO] fl_ids.eval.simulation: Round 8: mean_val_loss=0.0273, comm_bytes=583920
2026-09-25 03:06:17,286 [INFO] fl_ids.fl.client: Client 0 round 9: 61 of 745 boosting-passed rows flagged; surfacing 50
2026-09-25 03:06:18,181 [INFO] fl_ids.fl.client: Client 1 round 9: 109 of 2976 boosting-passed rows flagged; surfacing 50
2026-09-25 03:06:19,310 [INFO] fl_ids.fl.client: Client 2 round 9: 30 of 1219 boosting-passed rows flagged; surfacing 30
2026-09-25 03:06:19,743 [INFO] fl_ids.fl.client: Client 3 round 9: 962 of 7649 boosting-passed rows flagged; surfacing 50
2026-09-25 03:06:21,844 [INFO] fl_ids.fl.client: Client 4 round 9: 728 of 12747 boosting-passed rows flagged; surfacing 50
2026-09-25 03:06:26,816 [INFO] fl_ids.fl.client: Client 6 round 9: 362 of 3278 boosting-passed rows flagged; surfacing 50
2026-09-25 03:06:27,786 [INFO] fl_ids.fl.client: Client 7 round 9: 4 of 759 boosting-passed rows flagged; surfacing 4
2026-09-25 03:06:28,083 [INFO] fl_ids.fl.client: Client 8 round 9: 705 of 12513 boosting-passed rows flagged; surfacing 50
2026-09-25 03:06:31,204 [INFO] fl_ids.fl.client: Client 9 round 9: 117 of 1581 boosting-passed rows flagged; surfacing 50
2026-09-25 03:06:54,555 [INFO] fl_ids.models.boosting: Continued boosting training: +50 trees on 93684 rows (now 450 trees)
2026-09-25 03:06:54,556 [INFO] fl_ids.models.boosting_update: Round 9: boosting v4 (continue) from 284 alerts ({'Backdoor': 1, 'DDoS_ICMP': 58, 'DDoS_TCP': 14, 'DDoS_UDP': 28, 'Fingerprinting': 4, 'MITM': 4, 'Normal': 97, 'Password': 37, 'Port_Scanning': 1, 'Uploading': 8, 'Vulnerability_scanner': 29, 'XSS': 3}); 100 from excluded clients ignored
2026-09-25 03:06:54,759 [WARNING] fl_ids.fl.client: Client 5: no benign validation samples to evaluate on
2026-09-25 03:06:54,769 [INFO] fl_ids.eval.simulation: Round 9: mean_val_loss=0.0284, comm_bytes=583920
2026-09-25 03:07:05,857 [WARNING] fl_ids.fl.client: Client 5: no benign validation samples to evaluate on
2026-09-25 03:07:05,870 [INFO] fl_ids.eval.simulation: Round 10: mean_val_loss=0.0379, comm_bytes=583920
2026-09-25 03:07:20,091 [WARNING] fl_ids.fl.client: Client 5: no benign validation samples to evaluate on
2026-09-25 03:07:20,104 [INFO] fl_ids.eval.simulation: Round 11: mean_val_loss=0.0223, comm_bytes=583920
2026-09-25 03:07:20,183 [INFO] fl_ids.fl.client: Client 0 round 12: 65 of 745 boosting-passed rows flagged; surfacing 50
2026-09-25 03:07:20,507 [INFO] fl_ids.fl.client: Client 1 round 12: 109 of 2976 boosting-passed rows flagged; surfacing 50
2026-09-25 03:07:22,368 [INFO] fl_ids.fl.client: Client 2 round 12: 21 of 1219 boosting-passed rows flagged; surfacing 21
2026-09-25 03:07:23,143 [INFO] fl_ids.fl.client: Client 3 round 12: 829 of 7649 boosting-passed rows flagged; surfacing 50
2026-09-25 03:07:26,062 [INFO] fl_ids.fl.client: Client 4 round 12: 682 of 12747 boosting-passed rows flagged; surfacing 50
2026-09-25 03:07:32,066 [INFO] fl_ids.fl.client: Client 6 round 12: 270 of 3278 boosting-passed rows flagged; surfacing 50
2026-09-25 03:07:33,611 [INFO] fl_ids.fl.client: Client 7 round 12: 4 of 759 boosting-passed rows flagged; surfacing 4
2026-09-25 03:07:33,928 [INFO] fl_ids.fl.client: Client 8 round 12: 751 of 12513 boosting-passed rows flagged; surfacing 50
2026-09-25 03:07:38,293 [INFO] fl_ids.fl.client: Client 9 round 12: 111 of 1581 boosting-passed rows flagged; surfacing 50
2026-09-25 03:08:20,188 [INFO] fl_ids.models.boosting: Continued boosting training: +50 trees on 93959 rows (now 500 trees)
2026-09-25 03:08:20,189 [INFO] fl_ids.models.boosting_update: Round 12: boosting v5 (continue) from 275 alerts ({'DDoS_ICMP': 71, 'DDoS_TCP': 25, 'DDoS_UDP': 24, 'Fingerprinting': 4, 'MITM': 3, 'Normal': 78, 'Password': 32, 'Uploading': 7, 'Vulnerability_scanner': 27, 'XSS': 4}); 100 from excluded clients ignored
2026-09-25 03:08:20,500 [WARNING] fl_ids.fl.client: Client 5: no benign validation samples to evaluate on
2026-09-25 03:08:20,525 [INFO] fl_ids.eval.simulation: Round 12: mean_val_loss=0.0282, comm_bytes=583920
2026-09-25 03:08:32,244 [WARNING] fl_ids.fl.client: Client 5: no benign validation samples to evaluate on
2026-09-25 03:08:32,257 [INFO] fl_ids.eval.simulation: Round 13: mean_val_loss=0.0271, comm_bytes=583920
2026-09-25 03:08:43,479 [WARNING] fl_ids.fl.client: Client 5: no benign validation samples to evaluate on
2026-09-25 03:08:43,491 [INFO] fl_ids.eval.simulation: Round 14: mean_val_loss=0.0203, comm_bytes=583920
2026-09-25 03:08:43,573 [INFO] fl_ids.fl.client: Client 0 round 15: 69 of 745 boosting-passed rows flagged; surfacing 50
2026-09-25 03:08:43,832 [INFO] fl_ids.fl.client: Client 1 round 15: 120 of 2976 boosting-passed rows flagged; surfacing 50
2026-09-25 03:08:44,583 [INFO] fl_ids.fl.client: Client 2 round 15: 22 of 1219 boosting-passed rows flagged; surfacing 22
2026-09-25 03:08:44,950 [INFO] fl_ids.fl.client: Client 3 round 15: 1010 of 7649 boosting-passed rows flagged; surfacing 50
2026-09-25 03:08:47,552 [INFO] fl_ids.fl.client: Client 4 round 15: 572 of 12747 boosting-passed rows flagged; surfacing 50
2026-09-25 03:08:52,042 [INFO] fl_ids.fl.client: Client 6 round 15: 293 of 3278 boosting-passed rows flagged; surfacing 50
2026-09-25 03:08:53,074 [INFO] fl_ids.fl.client: Client 7 round 15: 4 of 759 boosting-passed rows flagged; surfacing 4
2026-09-25 03:08:53,501 [INFO] fl_ids.fl.client: Client 8 round 15: 659 of 12513 boosting-passed rows flagged; surfacing 50
2026-09-25 03:08:58,046 [INFO] fl_ids.fl.client: Client 9 round 15: 79 of 1581 boosting-passed rows flagged; surfacing 50
2026-09-25 03:09:37,522 [INFO] fl_ids.models.boosting: Continued boosting training: +50 trees on 94285 rows (now 550 trees)
2026-09-25 03:09:37,522 [INFO] fl_ids.models.boosting_update: Round 15: boosting v6 (continue) from 326 alerts ({'DDoS_HTTP': 1, 'DDoS_ICMP': 88, 'DDoS_TCP': 15, 'DDoS_UDP': 15, 'Fingerprinting': 4, 'MITM': 5, 'Normal': 115, 'Password': 43, 'Port_Scanning': 3, 'Uploading': 12, 'Vulnerability_scanner': 20, 'XSS': 5}); 50 from excluded clients ignored
2026-09-25 03:09:37,775 [WARNING] fl_ids.fl.client: Client 5: no benign validation samples to evaluate on
2026-09-25 03:09:37,786 [INFO] fl_ids.eval.simulation: Round 15: mean_val_loss=0.0338, comm_bytes=583920
2026-09-25 03:09:49,467 [WARNING] fl_ids.fl.client: Client 5: no benign validation samples to evaluate on
2026-09-25 03:09:49,480 [INFO] fl_ids.eval.simulation: Round 16: mean_val_loss=0.0181, comm_bytes=583920
2026-09-25 03:10:05,924 [WARNING] fl_ids.fl.client: Client 5: no benign validation samples to evaluate on
2026-09-25 03:10:05,939 [INFO] fl_ids.eval.simulation: Round 17: mean_val_loss=0.0243, comm_bytes=583920
2026-09-25 03:10:06,034 [INFO] fl_ids.fl.client: Client 0 round 18: 69 of 745 boosting-passed rows flagged; surfacing 50
2026-09-25 03:10:06,417 [INFO] fl_ids.fl.client: Client 1 round 18: 127 of 2976 boosting-passed rows flagged; surfacing 50
2026-09-25 03:10:07,975 [INFO] fl_ids.fl.client: Client 2 round 18: 22 of 1219 boosting-passed rows flagged; surfacing 22
2026-09-25 03:10:08,436 [INFO] fl_ids.fl.client: Client 3 round 18: 658 of 7649 boosting-passed rows flagged; surfacing 50
2026-09-25 03:10:10,542 [INFO] fl_ids.fl.client: Client 4 round 18: 718 of 12747 boosting-passed rows flagged; surfacing 50
2026-09-25 03:10:15,624 [INFO] fl_ids.fl.client: Client 6 round 18: 276 of 3278 boosting-passed rows flagged; surfacing 50
2026-09-25 03:10:16,717 [INFO] fl_ids.fl.client: Client 7 round 18: 4 of 759 boosting-passed rows flagged; surfacing 4
2026-09-25 03:10:17,207 [INFO] fl_ids.fl.client: Client 8 round 18: 635 of 12513 boosting-passed rows flagged; surfacing 50
2026-09-25 03:10:21,949 [INFO] fl_ids.fl.client: Client 9 round 18: 67 of 1581 boosting-passed rows flagged; surfacing 50
2026-09-25 03:11:08,038 [INFO] fl_ids.models.boosting: Continued boosting training: +50 trees on 94661 rows (now 600 trees)
2026-09-25 03:11:08,038 [INFO] fl_ids.models.boosting_update: Round 18: boosting v7 (continue) from 376 alerts ({'DDoS_HTTP': 3, 'DDoS_ICMP': 89, 'DDoS_TCP': 11, 'DDoS_UDP': 28, 'Fingerprinting': 4, 'MITM': 3, 'Normal': 115, 'Password': 86, 'Port_Scanning': 2, 'Uploading': 6, 'Vulnerability_scanner': 20, 'XSS': 9}); 0 from excluded clients ignored
2026-09-25 03:11:08,399 [WARNING] fl_ids.fl.client: Client 5: no benign validation samples to evaluate on
2026-09-25 03:11:08,415 [INFO] fl_ids.eval.simulation: Round 18: mean_val_loss=0.0309, comm_bytes=583920
2026-09-25 03:11:26,456 [WARNING] fl_ids.fl.client: Client 5: no benign validation samples to evaluate on
2026-09-25 03:11:26,488 [INFO] fl_ids.eval.simulation: Round 19: mean_val_loss=0.0189, comm_bytes=583920
2026-09-25 03:11:40,460 [WARNING] fl_ids.fl.client: Client 5: no benign validation samples to evaluate on
2026-09-25 03:11:40,472 [INFO] fl_ids.eval.simulation: Round 20: mean_val_loss=0.0319, comm_bytes=583920
2026-09-25 03:11:40,502 [WARNING] fl_ids.eval.common: Clients [5] have no benign validation rows (infinite threshold); 126 test rows can't be flagged by the autoencoder
2026-09-25 03:11:40,514 [INFO] fl_ids.eval.zero_day: zero-day holdout=SQL_injection run=autoencoder_only: detection_rate=0.097
2026-09-25 03:11:40,958 [INFO] fl_ids.eval.zero_day: zero-day holdout=SQL_injection run=boosting_only: detection_rate=0.526
2026-09-25 03:11:43,248 [INFO] fl_ids.eval.common: Excluded classes ['Uploading'] from training: removed 1841 calibration rows, 1156 federated-pool rows
2026-09-25 03:11:43,249 [INFO] fl_ids.models.boosting: Training boosting classifier: 93644 samples, 15 classes, 300 rounds
2026-09-25 03:11:57,912 [WARNING] fl_ids.data.pipeline: Client 5 has zero benign validation samples (heavy Dirichlet skew or too few benign samples in its shard)
2026-09-25 03:11:57,935 [INFO] fl_ids.eval.common: Evaluation setup: 93644 calibration, 58844 federated pool (subsampled), 8823 test rows across 10 clients
2026-09-25 03:12:09,408 [WARNING] fl_ids.fl.client: Client 5: no benign validation samples to evaluate on
2026-09-25 03:12:09,418 [INFO] fl_ids.eval.simulation: Round 1: mean_val_loss=0.2819, comm_bytes=583920
2026-09-25 03:12:24,749 [WARNING] fl_ids.fl.client: Client 5: no benign validation samples to evaluate on
2026-09-25 03:12:24,762 [INFO] fl_ids.eval.simulation: Round 2: mean_val_loss=0.1008, comm_bytes=583920
2026-09-25 03:12:24,854 [INFO] fl_ids.fl.client: Client 0 round 3: 2 of 168 boosting-passed rows flagged; surfacing 2
2026-09-25 03:12:25,062 [INFO] fl_ids.fl.client: Client 1 round 3: 8 of 691 boosting-passed rows flagged; surfacing 8
2026-09-25 03:12:25,362 [INFO] fl_ids.fl.client: Client 2 round 3: 9 of 278 boosting-passed rows flagged; surfacing 9
2026-09-25 03:12:26,021 [INFO] fl_ids.fl.client: Client 3 round 3: 175 of 5602 boosting-passed rows flagged; surfacing 50
2026-09-25 03:12:28,753 [INFO] fl_ids.fl.client: Client 4 round 3: 407 of 11381 boosting-passed rows flagged; surfacing 50
2026-09-25 03:12:33,868 [INFO] fl_ids.fl.client: Client 6 round 3: 95 of 2587 boosting-passed rows flagged; surfacing 50
2026-09-25 03:12:34,780 [INFO] fl_ids.fl.client: Client 7 round 3: 2 of 573 boosting-passed rows flagged; surfacing 2
2026-09-25 03:12:35,788 [INFO] fl_ids.fl.client: Client 8 round 3: 275 of 10206 boosting-passed rows flagged; surfacing 50
2026-09-25 03:12:39,974 [INFO] fl_ids.fl.client: Client 9 round 3: 12 of 902 boosting-passed rows flagged; surfacing 12
2026-09-25 03:13:03,661 [INFO] fl_ids.models.boosting: Continued boosting training: +50 trees on 93813 rows (now 350 trees)
2026-09-25 03:13:03,662 [INFO] fl_ids.models.boosting_update: Round 3: boosting v2 (continue) from 169 alerts ({'DDoS_HTTP': 1, 'Normal': 166, 'Vulnerability_scanner': 2}); 64 from excluded clients ignored
2026-09-25 03:13:03,823 [WARNING] fl_ids.fl.client: Client 5: no benign validation samples to evaluate on
2026-09-25 03:13:03,835 [INFO] fl_ids.eval.simulation: Round 3: mean_val_loss=0.0296, comm_bytes=583920
2026-09-25 03:13:15,963 [WARNING] fl_ids.fl.client: Client 5: no benign validation samples to evaluate on
2026-09-25 03:13:15,976 [INFO] fl_ids.eval.simulation: Round 4: mean_val_loss=0.0230, comm_bytes=583920
2026-09-25 03:13:27,916 [WARNING] fl_ids.fl.client: Client 5: no benign validation samples to evaluate on
2026-09-25 03:13:27,928 [INFO] fl_ids.eval.simulation: Round 5: mean_val_loss=0.0209, comm_bytes=583920
2026-09-25 03:13:28,050 [INFO] fl_ids.fl.client: Client 0 round 6: 7 of 169 boosting-passed rows flagged; surfacing 7
2026-09-25 03:13:28,347 [INFO] fl_ids.fl.client: Client 1 round 6: 24 of 692 boosting-passed rows flagged; surfacing 24
2026-09-25 03:13:28,663 [INFO] fl_ids.fl.client: Client 2 round 6: 1 of 276 boosting-passed rows flagged; surfacing 1
2026-09-25 03:13:29,385 [INFO] fl_ids.fl.client: Client 3 round 6: 173 of 5601 boosting-passed rows flagged; surfacing 50
2026-09-25 03:13:31,829 [INFO] fl_ids.fl.client: Client 4 round 6: 336 of 11376 boosting-passed rows flagged; surfacing 50
2026-09-25 03:13:35,040 [INFO] fl_ids.fl.client: Client 6 round 6: 71 of 2586 boosting-passed rows flagged; surfacing 50
2026-09-25 03:13:35,885 [INFO] fl_ids.fl.client: Client 7 round 6: 4 of 572 boosting-passed rows flagged; surfacing 4
2026-09-25 03:13:37,022 [INFO] fl_ids.fl.client: Client 8 round 6: 349 of 10205 boosting-passed rows flagged; surfacing 50
2026-09-25 03:13:39,567 [INFO] fl_ids.fl.client: Client 9 round 6: 41 of 902 boosting-passed rows flagged; surfacing 41
2026-09-25 03:14:10,539 [INFO] fl_ids.models.boosting: Continued boosting training: +50 trees on 93992 rows (now 400 trees)
2026-09-25 03:14:10,540 [INFO] fl_ids.models.boosting_update: Round 6: boosting v3 (continue) from 179 alerts ({'Normal': 174, 'Password': 1, 'Ransomware': 1, 'Vulnerability_scanner': 3}); 98 from excluded clients ignored
2026-09-25 03:14:10,786 [WARNING] fl_ids.fl.client: Client 5: no benign validation samples to evaluate on
2026-09-25 03:14:10,804 [INFO] fl_ids.eval.simulation: Round 6: mean_val_loss=0.0196, comm_bytes=583920
2026-09-25 03:14:27,903 [WARNING] fl_ids.fl.client: Client 5: no benign validation samples to evaluate on
2026-09-25 03:14:27,915 [INFO] fl_ids.eval.simulation: Round 7: mean_val_loss=0.0189, comm_bytes=583920
2026-09-25 03:14:40,580 [WARNING] fl_ids.fl.client: Client 5: no benign validation samples to evaluate on
2026-09-25 03:14:40,592 [INFO] fl_ids.eval.simulation: Round 8: mean_val_loss=0.0250, comm_bytes=583920
2026-09-25 03:14:40,735 [INFO] fl_ids.fl.client: Client 0 round 9: 24 of 169 boosting-passed rows flagged; surfacing 24
2026-09-25 03:14:41,075 [INFO] fl_ids.fl.client: Client 1 round 9: 19 of 692 boosting-passed rows flagged; surfacing 19
2026-09-25 03:14:41,440 [INFO] fl_ids.fl.client: Client 2 round 9: 15 of 271 boosting-passed rows flagged; surfacing 15
2026-09-25 03:14:42,302 [INFO] fl_ids.fl.client: Client 3 round 9: 167 of 5603 boosting-passed rows flagged; surfacing 50
2026-09-25 03:14:44,972 [INFO] fl_ids.fl.client: Client 4 round 9: 302 of 11375 boosting-passed rows flagged; surfacing 50
2026-09-25 03:14:48,290 [INFO] fl_ids.fl.client: Client 6 round 9: 126 of 2585 boosting-passed rows flagged; surfacing 50
2026-09-25 03:14:49,165 [INFO] fl_ids.fl.client: Client 7 round 9: 4 of 571 boosting-passed rows flagged; surfacing 4
2026-09-25 03:14:50,642 [INFO] fl_ids.fl.client: Client 8 round 9: 366 of 10204 boosting-passed rows flagged; surfacing 50
2026-09-25 03:14:53,300 [INFO] fl_ids.fl.client: Client 9 round 9: 30 of 903 boosting-passed rows flagged; surfacing 30
2026-09-25 03:15:16,239 [INFO] fl_ids.models.boosting: Continued boosting training: +50 trees on 94260 rows (now 450 trees)
2026-09-25 03:15:16,239 [INFO] fl_ids.models.boosting_update: Round 9: boosting v4 (continue) from 268 alerts ({'Backdoor': 3, 'DDoS_HTTP': 1, 'Normal': 254, 'Port_Scanning': 9, 'Vulnerability_scanner': 1}); 24 from excluded clients ignored
2026-09-25 03:15:16,435 [WARNING] fl_ids.fl.client: Client 5: no benign validation samples to evaluate on
2026-09-25 03:15:16,445 [INFO] fl_ids.eval.simulation: Round 9: mean_val_loss=0.0443, comm_bytes=583920
2026-09-25 03:15:34,637 [WARNING] fl_ids.fl.client: Client 5: no benign validation samples to evaluate on
2026-09-25 03:15:34,651 [INFO] fl_ids.eval.simulation: Round 10: mean_val_loss=0.0190, comm_bytes=583920
2026-09-25 03:15:53,450 [WARNING] fl_ids.fl.client: Client 5: no benign validation samples to evaluate on
2026-09-25 03:15:53,466 [INFO] fl_ids.eval.simulation: Round 11: mean_val_loss=0.0383, comm_bytes=583920
2026-09-25 03:15:53,624 [INFO] fl_ids.fl.client: Client 0 round 12: 6 of 167 boosting-passed rows flagged; surfacing 6
2026-09-25 03:15:54,017 [INFO] fl_ids.fl.client: Client 1 round 12: 28 of 690 boosting-passed rows flagged; surfacing 28
2026-09-25 03:15:54,403 [INFO] fl_ids.fl.client: Client 2 round 12: 4 of 263 boosting-passed rows flagged; surfacing 4
2026-09-25 03:15:55,212 [INFO] fl_ids.fl.client: Client 3 round 12: 186 of 5602 boosting-passed rows flagged; surfacing 50
2026-09-25 03:15:57,909 [INFO] fl_ids.fl.client: Client 4 round 12: 345 of 11377 boosting-passed rows flagged; surfacing 50
2026-09-25 03:16:03,083 [INFO] fl_ids.fl.client: Client 6 round 12: 136 of 2583 boosting-passed rows flagged; surfacing 50
2026-09-25 03:16:04,464 [INFO] fl_ids.fl.client: Client 7 round 12: 4 of 570 boosting-passed rows flagged; surfacing 4
2026-09-25 03:16:05,753 [INFO] fl_ids.fl.client: Client 8 round 12: 357 of 10201 boosting-passed rows flagged; surfacing 50
2026-09-25 03:16:09,066 [INFO] fl_ids.fl.client: Client 9 round 12: 29 of 901 boosting-passed rows flagged; surfacing 29
2026-09-25 03:16:42,920 [INFO] fl_ids.models.boosting: Continued boosting training: +50 trees on 94481 rows (now 500 trees)
2026-09-25 03:16:42,920 [INFO] fl_ids.models.boosting_update: Round 12: boosting v5 (continue) from 221 alerts ({'Backdoor': 1, 'DDoS_ICMP': 1, 'Normal': 217, 'Port_Scanning': 1, 'Ransomware': 1}); 50 from excluded clients ignored
2026-09-25 03:16:43,135 [WARNING] fl_ids.fl.client: Client 5: no benign validation samples to evaluate on
2026-09-25 03:16:43,146 [INFO] fl_ids.eval.simulation: Round 12: mean_val_loss=0.0281, comm_bytes=583920
2026-09-25 03:16:56,757 [WARNING] fl_ids.fl.client: Client 5: no benign validation samples to evaluate on
2026-09-25 03:16:56,769 [INFO] fl_ids.eval.simulation: Round 13: mean_val_loss=0.0434, comm_bytes=583920
2026-09-25 03:17:12,293 [WARNING] fl_ids.fl.client: Client 5: no benign validation samples to evaluate on
2026-09-25 03:17:12,306 [INFO] fl_ids.eval.simulation: Round 14: mean_val_loss=0.0194, comm_bytes=583920
2026-09-25 03:17:12,498 [INFO] fl_ids.fl.client: Client 0 round 15: 4 of 164 boosting-passed rows flagged; surfacing 4
2026-09-25 03:17:12,899 [INFO] fl_ids.fl.client: Client 1 round 15: 24 of 690 boosting-passed rows flagged; surfacing 24
2026-09-25 03:17:13,659 [INFO] fl_ids.fl.client: Client 2 round 15: 5 of 265 boosting-passed rows flagged; surfacing 5
2026-09-25 03:17:14,836 [INFO] fl_ids.fl.client: Client 3 round 15: 188 of 5601 boosting-passed rows flagged; surfacing 50
2026-09-25 03:17:17,883 [INFO] fl_ids.fl.client: Client 4 round 15: 344 of 11379 boosting-passed rows flagged; surfacing 50
2026-09-25 03:17:22,691 [INFO] fl_ids.fl.client: Client 6 round 15: 131 of 2584 boosting-passed rows flagged; surfacing 50
2026-09-25 03:17:24,026 [INFO] fl_ids.fl.client: Client 7 round 15: 4 of 563 boosting-passed rows flagged; surfacing 4
2026-09-25 03:17:25,788 [INFO] fl_ids.fl.client: Client 8 round 15: 344 of 10201 boosting-passed rows flagged; surfacing 50
2026-09-25 03:17:30,130 [INFO] fl_ids.fl.client: Client 9 round 15: 33 of 900 boosting-passed rows flagged; surfacing 33
2026-09-25 03:18:06,329 [INFO] fl_ids.models.boosting: Continued boosting training: +50 trees on 94697 rows (now 550 trees)
2026-09-25 03:18:06,329 [INFO] fl_ids.models.boosting_update: Round 15: boosting v6 (continue) from 216 alerts ({'Backdoor': 1, 'Normal': 210, 'Port_Scanning': 3, 'Ransomware': 1, 'Vulnerability_scanner': 1}); 54 from excluded clients ignored
2026-09-25 03:18:06,572 [WARNING] fl_ids.fl.client: Client 5: no benign validation samples to evaluate on
2026-09-25 03:18:06,582 [INFO] fl_ids.eval.simulation: Round 15: mean_val_loss=0.0453, comm_bytes=583920
2026-09-25 03:18:24,948 [WARNING] fl_ids.fl.client: Client 5: no benign validation samples to evaluate on
2026-09-25 03:18:24,963 [INFO] fl_ids.eval.simulation: Round 16: mean_val_loss=0.0145, comm_bytes=583920
2026-09-25 03:18:43,065 [WARNING] fl_ids.fl.client: Client 5: no benign validation samples to evaluate on
2026-09-25 03:18:43,086 [INFO] fl_ids.eval.simulation: Round 17: mean_val_loss=0.0309, comm_bytes=583920
2026-09-25 03:18:43,295 [INFO] fl_ids.fl.client: Client 0 round 18: 24 of 165 boosting-passed rows flagged; surfacing 24
2026-09-25 03:18:43,758 [INFO] fl_ids.fl.client: Client 1 round 18: 23 of 688 boosting-passed rows flagged; surfacing 23
2026-09-25 03:18:44,169 [INFO] fl_ids.fl.client: Client 2 round 18: 3 of 261 boosting-passed rows flagged; surfacing 3
2026-09-25 03:18:45,128 [INFO] fl_ids.fl.client: Client 3 round 18: 190 of 5602 boosting-passed rows flagged; surfacing 50
2026-09-25 03:18:48,412 [INFO] fl_ids.fl.client: Client 4 round 18: 407 of 11378 boosting-passed rows flagged; surfacing 50
2026-09-25 03:18:53,601 [INFO] fl_ids.fl.client: Client 6 round 18: 114 of 2583 boosting-passed rows flagged; surfacing 50
2026-09-25 03:18:54,593 [INFO] fl_ids.fl.client: Client 7 round 18: 4 of 556 boosting-passed rows flagged; surfacing 4
2026-09-25 03:18:56,216 [INFO] fl_ids.fl.client: Client 8 round 18: 359 of 10201 boosting-passed rows flagged; surfacing 50
2026-09-25 03:19:00,411 [INFO] fl_ids.fl.client: Client 9 round 18: 29 of 900 boosting-passed rows flagged; surfacing 29
2026-09-25 03:19:40,990 [INFO] fl_ids.models.boosting: Continued boosting training: +50 trees on 94956 rows (now 600 trees)
2026-09-25 03:19:40,990 [INFO] fl_ids.models.boosting_update: Round 18: boosting v7 (continue) from 259 alerts ({'Normal': 259}); 24 from excluded clients ignored
2026-09-25 03:19:41,394 [WARNING] fl_ids.fl.client: Client 5: no benign validation samples to evaluate on
2026-09-25 03:19:41,470 [INFO] fl_ids.eval.simulation: Round 18: mean_val_loss=0.0431, comm_bytes=583920
2026-09-25 03:20:00,546 [WARNING] fl_ids.fl.client: Client 5: no benign validation samples to evaluate on
2026-09-25 03:20:00,582 [INFO] fl_ids.eval.simulation: Round 19: mean_val_loss=0.0179, comm_bytes=583920
2026-09-25 03:20:18,214 [WARNING] fl_ids.fl.client: Client 5: no benign validation samples to evaluate on
2026-09-25 03:20:18,226 [INFO] fl_ids.eval.simulation: Round 20: mean_val_loss=0.0336, comm_bytes=583920
2026-09-25 03:20:18,253 [WARNING] fl_ids.eval.common: Clients [5] have no benign validation rows (infinite threshold); 182 test rows can't be flagged by the autoencoder
2026-09-25 03:20:19,221 [INFO] fl_ids.eval.zero_day: zero-day holdout=Uploading run=full_pipeline: detection_rate=0.513
2026-09-25 03:20:30,293 [WARNING] fl_ids.fl.client: Client 5: no benign validation samples to evaluate on
2026-09-25 03:20:30,306 [INFO] fl_ids.eval.simulation: Round 1: mean_val_loss=0.4115, comm_bytes=583920
2026-09-25 03:20:41,204 [WARNING] fl_ids.fl.client: Client 5: no benign validation samples to evaluate on
2026-09-25 03:20:41,217 [INFO] fl_ids.eval.simulation: Round 2: mean_val_loss=1.8947, comm_bytes=583920
2026-09-25 03:20:41,323 [INFO] fl_ids.fl.client: Client 0 round 3: 3 of 168 boosting-passed rows flagged; surfacing 3
2026-09-25 03:20:41,605 [INFO] fl_ids.fl.client: Client 1 round 3: 13 of 691 boosting-passed rows flagged; surfacing 13
2026-09-25 03:20:41,893 [INFO] fl_ids.fl.client: Client 2 round 3: 8 of 278 boosting-passed rows flagged; surfacing 8
2026-09-25 03:20:42,539 [INFO] fl_ids.fl.client: Client 3 round 3: 200 of 5602 boosting-passed rows flagged; surfacing 50
2026-09-25 03:20:44,754 [INFO] fl_ids.fl.client: Client 4 round 3: 361 of 11381 boosting-passed rows flagged; surfacing 50
2026-09-25 03:20:47,793 [INFO] fl_ids.fl.client: Client 6 round 3: 64 of 2587 boosting-passed rows flagged; surfacing 50
2026-09-25 03:20:48,575 [INFO] fl_ids.fl.client: Client 7 round 3: 2 of 573 boosting-passed rows flagged; surfacing 2
2026-09-25 03:20:49,555 [INFO] fl_ids.fl.client: Client 8 round 3: 259 of 10206 boosting-passed rows flagged; surfacing 50
2026-09-25 03:20:52,051 [INFO] fl_ids.fl.client: Client 9 round 3: 13 of 902 boosting-passed rows flagged; surfacing 13
2026-09-25 03:21:16,173 [INFO] fl_ids.models.boosting: Continued boosting training: +50 trees on 93883 rows (now 350 trees)
2026-09-25 03:21:16,173 [INFO] fl_ids.models.boosting_update: Round 3: boosting v2 (continue) from 239 alerts ({'Normal': 238, 'Vulnerability_scanner': 1}); 0 from excluded clients ignored
2026-09-25 03:21:16,387 [WARNING] fl_ids.fl.client: Client 5: no benign validation samples to evaluate on
2026-09-25 03:21:16,410 [INFO] fl_ids.eval.simulation: Round 3: mean_val_loss=65.2175, comm_bytes=583920
2026-09-25 03:21:31,990 [WARNING] fl_ids.fl.client: Client 5: no benign validation samples to evaluate on
2026-09-25 03:21:31,998 [INFO] fl_ids.eval.simulation: Round 4: mean_val_loss=3712.7561, comm_bytes=583920
2026-09-25 03:21:45,123 [WARNING] fl_ids.fl.client: Client 5: no benign validation samples to evaluate on
2026-09-25 03:21:45,136 [INFO] fl_ids.eval.simulation: Round 5: mean_val_loss=153462.6838, comm_bytes=583920
2026-09-25 03:21:45,257 [INFO] fl_ids.fl.client: Client 0 round 6: 5 of 168 boosting-passed rows flagged; surfacing 5
2026-09-25 03:21:45,545 [INFO] fl_ids.fl.client: Client 1 round 6: 16 of 696 boosting-passed rows flagged; surfacing 16
2026-09-25 03:21:45,851 [INFO] fl_ids.fl.client: Client 2 round 6: 8 of 275 boosting-passed rows flagged; surfacing 8
2026-09-25 03:21:46,571 [INFO] fl_ids.fl.client: Client 3 round 6: 215 of 5601 boosting-passed rows flagged; surfacing 50
2026-09-25 03:21:48,892 [INFO] fl_ids.fl.client: Client 4 round 6: 369 of 11378 boosting-passed rows flagged; surfacing 50
2026-09-25 03:21:51,963 [INFO] fl_ids.fl.client: Client 6 round 6: 47 of 2585 boosting-passed rows flagged; surfacing 47
2026-09-25 03:21:52,763 [INFO] fl_ids.fl.client: Client 7 round 6: 2 of 570 boosting-passed rows flagged; surfacing 2
2026-09-25 03:21:53,919 [INFO] fl_ids.fl.client: Client 8 round 6: 238 of 10206 boosting-passed rows flagged; surfacing 50
2026-09-25 03:21:56,405 [INFO] fl_ids.fl.client: Client 9 round 6: 19 of 902 boosting-passed rows flagged; surfacing 19
2026-09-25 03:22:18,042 [INFO] fl_ids.models.boosting: Continued boosting training: +50 trees on 94130 rows (now 400 trees)
2026-09-25 03:22:18,042 [INFO] fl_ids.models.boosting_update: Round 6: boosting v3 (continue) from 247 alerts ({'Normal': 247}); 0 from excluded clients ignored
2026-09-25 03:22:18,369 [WARNING] fl_ids.fl.client: Client 5: no benign validation samples to evaluate on
2026-09-25 03:22:18,459 [INFO] fl_ids.eval.simulation: Round 6: mean_val_loss=3862864.1860, comm_bytes=583920
2026-09-25 03:22:34,373 [WARNING] fl_ids.fl.client: Client 5: no benign validation samples to evaluate on
2026-09-25 03:22:34,386 [INFO] fl_ids.eval.simulation: Round 7: mean_val_loss=61274551.0026, comm_bytes=583920
2026-09-25 03:22:50,984 [WARNING] fl_ids.fl.client: Client 5: no benign validation samples to evaluate on
2026-09-25 03:22:50,997 [INFO] fl_ids.eval.simulation: Round 8: mean_val_loss=611516588.2270, comm_bytes=583920
2026-09-25 03:22:51,111 [INFO] fl_ids.fl.client: Client 0 round 9: 3 of 167 boosting-passed rows flagged; surfacing 3
2026-09-25 03:22:51,405 [INFO] fl_ids.fl.client: Client 1 round 9: 2 of 694 boosting-passed rows flagged; surfacing 2
2026-09-25 03:22:51,742 [INFO] fl_ids.fl.client: Client 2 round 9: 8 of 274 boosting-passed rows flagged; surfacing 8
2026-09-25 03:22:52,689 [INFO] fl_ids.fl.client: Client 3 round 9: 203 of 5602 boosting-passed rows flagged; surfacing 50
2026-09-25 03:22:56,449 [INFO] fl_ids.fl.client: Client 4 round 9: 315 of 11376 boosting-passed rows flagged; surfacing 50
2026-09-25 03:23:00,922 [INFO] fl_ids.fl.client: Client 6 round 9: 95 of 2584 boosting-passed rows flagged; surfacing 50
2026-09-25 03:23:01,758 [INFO] fl_ids.fl.client: Client 7 round 9: 2 of 571 boosting-passed rows flagged; surfacing 2
2026-09-25 03:23:02,899 [INFO] fl_ids.fl.client: Client 8 round 9: 270 of 10205 boosting-passed rows flagged; surfacing 50
2026-09-25 03:23:07,311 [INFO] fl_ids.fl.client: Client 9 round 9: 26 of 903 boosting-passed rows flagged; surfacing 26
2026-09-25 03:23:30,184 [INFO] fl_ids.models.boosting: Continued boosting training: +50 trees on 94371 rows (now 450 trees)
2026-09-25 03:23:30,184 [INFO] fl_ids.models.boosting_update: Round 9: boosting v4 (continue) from 241 alerts ({'Normal': 241}); 0 from excluded clients ignored
2026-09-25 03:23:30,382 [WARNING] fl_ids.fl.client: Client 5: no benign validation samples to evaluate on
2026-09-25 03:23:30,392 [INFO] fl_ids.eval.simulation: Round 9: mean_val_loss=4547237931.7759, comm_bytes=583920
2026-09-25 03:23:43,564 [WARNING] fl_ids.fl.client: Client 5: no benign validation samples to evaluate on
2026-09-25 03:23:43,576 [INFO] fl_ids.eval.simulation: Round 10: mean_val_loss=27645910589.3050, comm_bytes=583920
2026-09-25 03:23:57,804 [WARNING] fl_ids.fl.client: Client 5: no benign validation samples to evaluate on
2026-09-25 03:23:57,818 [INFO] fl_ids.eval.simulation: Round 11: mean_val_loss=138560268377.2391, comm_bytes=583920
2026-09-25 03:23:57,955 [INFO] fl_ids.fl.client: Client 0 round 12: 3 of 169 boosting-passed rows flagged; surfacing 3
2026-09-25 03:23:58,273 [INFO] fl_ids.fl.client: Client 1 round 12: 3 of 693 boosting-passed rows flagged; surfacing 3
2026-09-25 03:23:58,591 [INFO] fl_ids.fl.client: Client 2 round 12: 8 of 272 boosting-passed rows flagged; surfacing 8
2026-09-25 03:23:59,369 [INFO] fl_ids.fl.client: Client 3 round 12: 172 of 5602 boosting-passed rows flagged; surfacing 50
2026-09-25 03:24:03,254 [INFO] fl_ids.fl.client: Client 4 round 12: 307 of 11378 boosting-passed rows flagged; surfacing 50
2026-09-25 03:24:07,475 [INFO] fl_ids.fl.client: Client 6 round 12: 91 of 2585 boosting-passed rows flagged; surfacing 50
2026-09-25 03:24:09,509 [INFO] fl_ids.fl.client: Client 7 round 12: 2 of 568 boosting-passed rows flagged; surfacing 2
2026-09-25 03:24:10,895 [INFO] fl_ids.fl.client: Client 8 round 12: 293 of 10201 boosting-passed rows flagged; surfacing 50
2026-09-25 03:24:14,258 [INFO] fl_ids.fl.client: Client 9 round 12: 27 of 903 boosting-passed rows flagged; surfacing 27
2026-09-25 03:24:53,581 [INFO] fl_ids.models.boosting: Continued boosting training: +50 trees on 94614 rows (now 500 trees)
2026-09-25 03:24:53,581 [INFO] fl_ids.models.boosting_update: Round 12: boosting v5 (continue) from 243 alerts ({'Normal': 243}); 0 from excluded clients ignored
2026-09-25 03:24:53,862 [WARNING] fl_ids.fl.client: Client 5: no benign validation samples to evaluate on
2026-09-25 03:24:53,879 [INFO] fl_ids.eval.simulation: Round 12: mean_val_loss=558488568113.9626, comm_bytes=583920
2026-09-25 03:25:09,990 [WARNING] fl_ids.fl.client: Client 5: no benign validation samples to evaluate on
2026-09-25 03:25:10,003 [INFO] fl_ids.eval.simulation: Round 13: mean_val_loss=1960362887393.7224, comm_bytes=583920
2026-09-25 03:25:23,670 [WARNING] fl_ids.fl.client: Client 5: no benign validation samples to evaluate on
2026-09-25 03:25:23,682 [INFO] fl_ids.eval.simulation: Round 14: mean_val_loss=5939349625863.1240, comm_bytes=583920
2026-09-25 03:25:23,858 [INFO] fl_ids.fl.client: Client 0 round 15: 3 of 168 boosting-passed rows flagged; surfacing 3
2026-09-25 03:25:24,259 [INFO] fl_ids.fl.client: Client 1 round 15: 3 of 694 boosting-passed rows flagged; surfacing 3
2026-09-25 03:25:24,626 [INFO] fl_ids.fl.client: Client 2 round 15: 8 of 269 boosting-passed rows flagged; surfacing 8
2026-09-25 03:25:25,723 [INFO] fl_ids.fl.client: Client 3 round 15: 155 of 5602 boosting-passed rows flagged; surfacing 50
2026-09-25 03:25:28,586 [INFO] fl_ids.fl.client: Client 4 round 15: 305 of 11378 boosting-passed rows flagged; surfacing 50
2026-09-25 03:25:31,804 [INFO] fl_ids.fl.client: Client 6 round 15: 93 of 2584 boosting-passed rows flagged; surfacing 50
2026-09-25 03:25:32,693 [INFO] fl_ids.fl.client: Client 7 round 15: 2 of 557 boosting-passed rows flagged; surfacing 2
2026-09-25 03:25:34,277 [INFO] fl_ids.fl.client: Client 8 round 15: 291 of 10203 boosting-passed rows flagged; surfacing 50
2026-09-25 03:25:37,534 [INFO] fl_ids.fl.client: Client 9 round 15: 24 of 902 boosting-passed rows flagged; surfacing 24
2026-09-25 03:26:15,513 [INFO] fl_ids.models.boosting: Continued boosting training: +50 trees on 94854 rows (now 550 trees)
2026-09-25 03:26:15,513 [INFO] fl_ids.models.boosting_update: Round 15: boosting v6 (continue) from 240 alerts ({'Normal': 240}); 0 from excluded clients ignored
2026-09-25 03:26:15,734 [WARNING] fl_ids.fl.client: Client 5: no benign validation samples to evaluate on
2026-09-25 03:26:15,744 [INFO] fl_ids.eval.simulation: Round 15: mean_val_loss=16035912743088.2285, comm_bytes=583920
2026-09-25 03:26:29,807 [WARNING] fl_ids.fl.client: Client 5: no benign validation samples to evaluate on
2026-09-25 03:26:29,820 [INFO] fl_ids.eval.simulation: Round 16: mean_val_loss=39674462415766.6406, comm_bytes=583920
2026-09-25 03:26:44,631 [WARNING] fl_ids.fl.client: Client 5: no benign validation samples to evaluate on
2026-09-25 03:26:44,644 [INFO] fl_ids.eval.simulation: Round 17: mean_val_loss=90238927210595.7344, comm_bytes=583920
2026-09-25 03:26:44,822 [INFO] fl_ids.fl.client: Client 0 round 18: 3 of 168 boosting-passed rows flagged; surfacing 3
2026-09-25 03:26:45,206 [INFO] fl_ids.fl.client: Client 1 round 18: 3 of 694 boosting-passed rows flagged; surfacing 3
2026-09-25 03:26:45,614 [INFO] fl_ids.fl.client: Client 2 round 18: 8 of 268 boosting-passed rows flagged; surfacing 8
2026-09-25 03:26:47,317 [INFO] fl_ids.fl.client: Client 3 round 18: 158 of 5602 boosting-passed rows flagged; surfacing 50
2026-09-25 03:26:50,466 [INFO] fl_ids.fl.client: Client 4 round 18: 306 of 11372 boosting-passed rows flagged; surfacing 50
2026-09-25 03:26:55,167 [INFO] fl_ids.fl.client: Client 6 round 18: 93 of 2582 boosting-passed rows flagged; surfacing 50
2026-09-25 03:26:56,163 [INFO] fl_ids.fl.client: Client 7 round 18: 2 of 558 boosting-passed rows flagged; surfacing 2
2026-09-25 03:26:57,735 [INFO] fl_ids.fl.client: Client 8 round 18: 289 of 10200 boosting-passed rows flagged; surfacing 50
2026-09-25 03:27:01,608 [INFO] fl_ids.fl.client: Client 9 round 18: 24 of 902 boosting-passed rows flagged; surfacing 24
2026-09-25 03:27:44,050 [INFO] fl_ids.models.boosting: Continued boosting training: +50 trees on 95094 rows (now 600 trees)
2026-09-25 03:27:44,050 [INFO] fl_ids.models.boosting_update: Round 18: boosting v7 (continue) from 240 alerts ({'Normal': 240}); 0 from excluded clients ignored
2026-09-25 03:27:44,298 [WARNING] fl_ids.fl.client: Client 5: no benign validation samples to evaluate on
2026-09-25 03:27:44,308 [INFO] fl_ids.eval.simulation: Round 18: mean_val_loss=189024660292135.9375, comm_bytes=583920
2026-09-25 03:28:02,709 [WARNING] fl_ids.fl.client: Client 5: no benign validation samples to evaluate on
2026-09-25 03:28:02,721 [INFO] fl_ids.eval.simulation: Round 19: mean_val_loss=375697356018793.3750, comm_bytes=583920
2026-09-25 03:28:21,024 [WARNING] fl_ids.fl.client: Client 5: no benign validation samples to evaluate on
2026-09-25 03:28:21,038 [INFO] fl_ids.eval.simulation: Round 20: mean_val_loss=710828900245309.0000, comm_bytes=583920
2026-09-25 03:28:21,067 [WARNING] fl_ids.eval.common: Clients [5] have no benign validation rows (infinite threshold); 182 test rows can't be flagged by the autoencoder
2026-09-25 03:28:21,799 [INFO] fl_ids.eval.zero_day: zero-day holdout=Uploading run=plain_fedavg: detection_rate=0.478
2026-09-25 03:28:35,742 [WARNING] fl_ids.fl.client: Client 5: no benign validation samples to evaluate on
2026-09-25 03:28:35,765 [INFO] fl_ids.eval.simulation: Round 1: mean_val_loss=0.3426, comm_bytes=583920
2026-09-25 03:28:47,358 [WARNING] fl_ids.fl.client: Client 5: no benign validation samples to evaluate on
2026-09-25 03:28:47,370 [INFO] fl_ids.eval.simulation: Round 2: mean_val_loss=0.3680, comm_bytes=583920
2026-09-25 03:28:47,474 [INFO] fl_ids.fl.client: Client 0 round 3: 3 of 168 boosting-passed rows flagged; surfacing 3
2026-09-25 03:28:47,727 [INFO] fl_ids.fl.client: Client 1 round 3: 9 of 691 boosting-passed rows flagged; surfacing 9
2026-09-25 03:28:48,015 [INFO] fl_ids.fl.client: Client 2 round 3: 8 of 278 boosting-passed rows flagged; surfacing 8
2026-09-25 03:28:48,642 [INFO] fl_ids.fl.client: Client 3 round 3: 166 of 5602 boosting-passed rows flagged; surfacing 50
2026-09-25 03:28:50,802 [INFO] fl_ids.fl.client: Client 4 round 3: 328 of 11381 boosting-passed rows flagged; surfacing 50
2026-09-25 03:28:53,821 [INFO] fl_ids.fl.client: Client 6 round 3: 75 of 2587 boosting-passed rows flagged; surfacing 50
2026-09-25 03:28:54,606 [INFO] fl_ids.fl.client: Client 7 round 3: 9 of 573 boosting-passed rows flagged; surfacing 9
2026-09-25 03:28:55,598 [INFO] fl_ids.fl.client: Client 8 round 3: 285 of 10206 boosting-passed rows flagged; surfacing 50
2026-09-25 03:28:58,112 [INFO] fl_ids.fl.client: Client 9 round 3: 15 of 902 boosting-passed rows flagged; surfacing 15
2026-09-25 03:29:16,238 [INFO] fl_ids.models.boosting: Continued boosting training: +50 trees on 93888 rows (now 350 trees)
2026-09-25 03:29:16,238 [INFO] fl_ids.models.boosting_update: Round 3: boosting v2 (continue) from 244 alerts ({'Normal': 244}); 0 from excluded clients ignored
2026-09-25 03:29:16,523 [WARNING] fl_ids.fl.client: Client 5: no benign validation samples to evaluate on
2026-09-25 03:29:16,560 [INFO] fl_ids.eval.simulation: Round 3: mean_val_loss=0.4292, comm_bytes=583920
2026-09-25 03:29:31,730 [WARNING] fl_ids.fl.client: Client 5: no benign validation samples to evaluate on
2026-09-25 03:29:31,742 [INFO] fl_ids.eval.simulation: Round 4: mean_val_loss=0.7228, comm_bytes=583920
2026-09-25 03:29:46,709 [WARNING] fl_ids.fl.client: Client 5: no benign validation samples to evaluate on
2026-09-25 03:29:46,722 [INFO] fl_ids.eval.simulation: Round 5: mean_val_loss=1.7142, comm_bytes=583920
2026-09-25 03:29:46,820 [INFO] fl_ids.fl.client: Client 0 round 6: 3 of 168 boosting-passed rows flagged; surfacing 3
2026-09-25 03:29:47,068 [INFO] fl_ids.fl.client: Client 1 round 6: 8 of 693 boosting-passed rows flagged; surfacing 8
2026-09-25 03:29:47,355 [INFO] fl_ids.fl.client: Client 2 round 6: 8 of 277 boosting-passed rows flagged; surfacing 8
2026-09-25 03:29:47,981 [INFO] fl_ids.fl.client: Client 3 round 6: 163 of 5602 boosting-passed rows flagged; surfacing 50
2026-09-25 03:29:51,611 [INFO] fl_ids.fl.client: Client 4 round 6: 282 of 11377 boosting-passed rows flagged; surfacing 50
2026-09-25 03:29:55,826 [INFO] fl_ids.fl.client: Client 6 round 6: 82 of 2585 boosting-passed rows flagged; surfacing 50
2026-09-25 03:29:56,716 [INFO] fl_ids.fl.client: Client 7 round 6: 2 of 572 boosting-passed rows flagged; surfacing 2
2026-09-25 03:29:57,691 [INFO] fl_ids.fl.client: Client 8 round 6: 287 of 10204 boosting-passed rows flagged; surfacing 50
2026-09-25 03:30:01,955 [INFO] fl_ids.fl.client: Client 9 round 6: 22 of 902 boosting-passed rows flagged; surfacing 22
2026-09-25 03:30:23,633 [INFO] fl_ids.models.boosting: Continued boosting training: +50 trees on 94131 rows (now 400 trees)
2026-09-25 03:30:23,633 [INFO] fl_ids.models.boosting_update: Round 6: boosting v3 (continue) from 243 alerts ({'Normal': 242, 'SQL_injection': 1}); 0 from excluded clients ignored
2026-09-25 03:30:23,810 [WARNING] fl_ids.fl.client: Client 5: no benign validation samples to evaluate on
2026-09-25 03:30:23,820 [INFO] fl_ids.eval.simulation: Round 6: mean_val_loss=4.8864, comm_bytes=583920
2026-09-25 03:30:36,059 [WARNING] fl_ids.fl.client: Client 5: no benign validation samples to evaluate on
2026-09-25 03:30:36,073 [INFO] fl_ids.eval.simulation: Round 7: mean_val_loss=15.3807, comm_bytes=583920
2026-09-25 03:30:50,589 [WARNING] fl_ids.fl.client: Client 5: no benign validation samples to evaluate on
2026-09-25 03:30:50,619 [INFO] fl_ids.eval.simulation: Round 8: mean_val_loss=47.6793, comm_bytes=583920
2026-09-25 03:30:50,841 [INFO] fl_ids.fl.client: Client 0 round 9: 3 of 169 boosting-passed rows flagged; surfacing 3
2026-09-25 03:30:51,387 [INFO] fl_ids.fl.client: Client 1 round 9: 10 of 695 boosting-passed rows flagged; surfacing 10
2026-09-25 03:30:51,735 [INFO] fl_ids.fl.client: Client 2 round 9: 5 of 281 boosting-passed rows flagged; surfacing 5
2026-09-25 03:30:52,505 [INFO] fl_ids.fl.client: Client 3 round 9: 143 of 5602 boosting-passed rows flagged; surfacing 50
2026-09-25 03:30:56,080 [INFO] fl_ids.fl.client: Client 4 round 9: 338 of 11376 boosting-passed rows flagged; surfacing 50
2026-09-25 03:31:00,983 [INFO] fl_ids.fl.client: Client 6 round 9: 107 of 2583 boosting-passed rows flagged; surfacing 50
2026-09-25 03:31:01,863 [INFO] fl_ids.fl.client: Client 7 round 9: 22 of 573 boosting-passed rows flagged; surfacing 22
2026-09-25 03:31:03,047 [INFO] fl_ids.fl.client: Client 8 round 9: 356 of 10205 boosting-passed rows flagged; surfacing 50
2026-09-25 03:31:06,740 [INFO] fl_ids.fl.client: Client 9 round 9: 18 of 903 boosting-passed rows flagged; surfacing 18
2026-09-25 03:31:36,159 [INFO] fl_ids.models.boosting: Continued boosting training: +50 trees on 94389 rows (now 450 trees)
2026-09-25 03:31:36,159 [INFO] fl_ids.models.boosting_update: Round 9: boosting v4 (continue) from 258 alerts ({'Normal': 258}); 0 from excluded clients ignored
2026-09-25 03:31:36,361 [WARNING] fl_ids.fl.client: Client 5: no benign validation samples to evaluate on
2026-09-25 03:31:36,372 [INFO] fl_ids.eval.simulation: Round 9: mean_val_loss=132.1297, comm_bytes=583920
2026-09-25 03:31:49,116 [WARNING] fl_ids.fl.client: Client 5: no benign validation samples to evaluate on
2026-09-25 03:31:49,128 [INFO] fl_ids.eval.simulation: Round 10: mean_val_loss=330.0189, comm_bytes=583920
2026-09-25 03:32:02,109 [WARNING] fl_ids.fl.client: Client 5: no benign validation samples to evaluate on
2026-09-25 03:32:02,121 [INFO] fl_ids.eval.simulation: Round 11: mean_val_loss=783.5907, comm_bytes=583920
2026-09-25 03:32:02,278 [INFO] fl_ids.fl.client: Client 0 round 12: 3 of 167 boosting-passed rows flagged; surfacing 3
2026-09-25 03:32:02,641 [INFO] fl_ids.fl.client: Client 1 round 12: 11 of 694 boosting-passed rows flagged; surfacing 11
2026-09-25 03:32:02,996 [INFO] fl_ids.fl.client: Client 2 round 12: 6 of 277 boosting-passed rows flagged; surfacing 6
2026-09-25 03:32:03,948 [INFO] fl_ids.fl.client: Client 3 round 12: 131 of 5602 boosting-passed rows flagged; surfacing 50
2026-09-25 03:32:06,651 [INFO] fl_ids.fl.client: Client 4 round 12: 356 of 11377 boosting-passed rows flagged; surfacing 50
2026-09-25 03:32:09,853 [INFO] fl_ids.fl.client: Client 6 round 12: 107 of 2585 boosting-passed rows flagged; surfacing 50
2026-09-25 03:32:10,754 [INFO] fl_ids.fl.client: Client 7 round 12: 22 of 570 boosting-passed rows flagged; surfacing 22
2026-09-25 03:32:12,224 [INFO] fl_ids.fl.client: Client 8 round 12: 393 of 10204 boosting-passed rows flagged; surfacing 50
2026-09-25 03:32:14,771 [INFO] fl_ids.fl.client: Client 9 round 12: 16 of 902 boosting-passed rows flagged; surfacing 16
2026-09-25 03:32:55,016 [INFO] fl_ids.models.boosting: Continued boosting training: +50 trees on 94647 rows (now 500 trees)
2026-09-25 03:32:55,016 [INFO] fl_ids.models.boosting_update: Round 12: boosting v5 (continue) from 258 alerts ({'Normal': 258}); 0 from excluded clients ignored
2026-09-25 03:32:55,290 [WARNING] fl_ids.fl.client: Client 5: no benign validation samples to evaluate on
2026-09-25 03:32:55,309 [INFO] fl_ids.eval.simulation: Round 12: mean_val_loss=1745.3231, comm_bytes=583920
2026-09-25 03:33:11,289 [WARNING] fl_ids.fl.client: Client 5: no benign validation samples to evaluate on
2026-09-25 03:33:11,303 [INFO] fl_ids.eval.simulation: Round 13: mean_val_loss=3733.4009, comm_bytes=583920
2026-09-25 03:33:27,542 [WARNING] fl_ids.fl.client: Client 5: no benign validation samples to evaluate on
2026-09-25 03:33:27,556 [INFO] fl_ids.eval.simulation: Round 14: mean_val_loss=7543.8350, comm_bytes=583920
2026-09-25 03:33:27,707 [INFO] fl_ids.fl.client: Client 0 round 15: 5 of 167 boosting-passed rows flagged; surfacing 5
2026-09-25 03:33:28,035 [INFO] fl_ids.fl.client: Client 1 round 15: 13 of 697 boosting-passed rows flagged; surfacing 13
2026-09-25 03:33:28,370 [INFO] fl_ids.fl.client: Client 2 round 15: 6 of 274 boosting-passed rows flagged; surfacing 6
2026-09-25 03:33:29,237 [INFO] fl_ids.fl.client: Client 3 round 15: 131 of 5603 boosting-passed rows flagged; surfacing 50
2026-09-25 03:33:32,959 [INFO] fl_ids.fl.client: Client 4 round 15: 369 of 11372 boosting-passed rows flagged; surfacing 50
2026-09-25 03:33:36,463 [INFO] fl_ids.fl.client: Client 6 round 15: 113 of 2584 boosting-passed rows flagged; surfacing 50
2026-09-25 03:33:37,354 [INFO] fl_ids.fl.client: Client 7 round 15: 22 of 567 boosting-passed rows flagged; surfacing 22
2026-09-25 03:33:38,921 [INFO] fl_ids.fl.client: Client 8 round 15: 392 of 10200 boosting-passed rows flagged; surfacing 50
2026-09-25 03:33:41,457 [INFO] fl_ids.fl.client: Client 9 round 15: 16 of 903 boosting-passed rows flagged; surfacing 16
2026-09-25 03:34:15,052 [INFO] fl_ids.models.boosting: Continued boosting training: +50 trees on 94909 rows (now 550 trees)
2026-09-25 03:34:15,052 [INFO] fl_ids.models.boosting_update: Round 15: boosting v6 (continue) from 262 alerts ({'Normal': 262}); 0 from excluded clients ignored
2026-09-25 03:34:15,473 [WARNING] fl_ids.fl.client: Client 5: no benign validation samples to evaluate on
2026-09-25 03:34:15,562 [INFO] fl_ids.eval.simulation: Round 15: mean_val_loss=14345.9496, comm_bytes=583920
2026-09-25 03:34:32,571 [WARNING] fl_ids.fl.client: Client 5: no benign validation samples to evaluate on
2026-09-25 03:34:32,584 [INFO] fl_ids.eval.simulation: Round 16: mean_val_loss=25246.8544, comm_bytes=583920
2026-09-25 03:34:46,790 [WARNING] fl_ids.fl.client: Client 5: no benign validation samples to evaluate on
2026-09-25 03:34:46,803 [INFO] fl_ids.eval.simulation: Round 17: mean_val_loss=42275.8655, comm_bytes=583920
2026-09-25 03:34:46,992 [INFO] fl_ids.fl.client: Client 0 round 18: 5 of 167 boosting-passed rows flagged; surfacing 5
2026-09-25 03:34:47,429 [INFO] fl_ids.fl.client: Client 1 round 18: 13 of 697 boosting-passed rows flagged; surfacing 13
2026-09-25 03:34:47,815 [INFO] fl_ids.fl.client: Client 2 round 18: 7 of 271 boosting-passed rows flagged; surfacing 7
2026-09-25 03:34:48,971 [INFO] fl_ids.fl.client: Client 3 round 18: 130 of 5602 boosting-passed rows flagged; surfacing 50
2026-09-25 03:34:51,848 [INFO] fl_ids.fl.client: Client 4 round 18: 380 of 11374 boosting-passed rows flagged; surfacing 50
2026-09-25 03:34:55,179 [INFO] fl_ids.fl.client: Client 6 round 18: 118 of 2584 boosting-passed rows flagged; surfacing 50
2026-09-25 03:34:56,085 [INFO] fl_ids.fl.client: Client 7 round 18: 21 of 561 boosting-passed rows flagged; surfacing 21
2026-09-25 03:34:57,921 [INFO] fl_ids.fl.client: Client 8 round 18: 368 of 10200 boosting-passed rows flagged; surfacing 50
2026-09-25 03:35:00,522 [INFO] fl_ids.fl.client: Client 9 round 18: 16 of 901 boosting-passed rows flagged; surfacing 16
2026-09-25 03:35:45,537 [INFO] fl_ids.models.boosting: Continued boosting training: +50 trees on 95171 rows (now 600 trees)
2026-09-25 03:35:45,537 [INFO] fl_ids.models.boosting_update: Round 18: boosting v7 (continue) from 262 alerts ({'Normal': 262}); 0 from excluded clients ignored
2026-09-25 03:35:45,794 [WARNING] fl_ids.fl.client: Client 5: no benign validation samples to evaluate on
2026-09-25 03:35:45,805 [INFO] fl_ids.eval.simulation: Round 18: mean_val_loss=68640.1590, comm_bytes=583920
2026-09-25 03:36:01,251 [WARNING] fl_ids.fl.client: Client 5: no benign validation samples to evaluate on
2026-09-25 03:36:01,263 [INFO] fl_ids.eval.simulation: Round 19: mean_val_loss=111328.1703, comm_bytes=583920
2026-09-25 03:36:16,672 [WARNING] fl_ids.fl.client: Client 5: no benign validation samples to evaluate on
2026-09-25 03:36:16,684 [INFO] fl_ids.eval.simulation: Round 20: mean_val_loss=176095.7173, comm_bytes=583920
2026-09-25 03:36:16,711 [WARNING] fl_ids.eval.common: Clients [5] have no benign validation rows (infinite threshold); 182 test rows can't be flagged by the autoencoder
2026-09-25 03:36:17,522 [INFO] fl_ids.eval.zero_day: zero-day holdout=Uploading run=trimmed_mean_only: detection_rate=0.478
2026-09-25 03:36:32,069 [WARNING] fl_ids.fl.client: Client 5: no benign validation samples to evaluate on
2026-09-25 03:36:32,085 [INFO] fl_ids.eval.simulation: Round 1: mean_val_loss=0.2555, comm_bytes=583920
2026-09-25 03:36:47,462 [WARNING] fl_ids.fl.client: Client 5: no benign validation samples to evaluate on
2026-09-25 03:36:47,475 [INFO] fl_ids.eval.simulation: Round 2: mean_val_loss=0.0679, comm_bytes=583920
2026-09-25 03:36:47,506 [INFO] fl_ids.fl.client: Client 0 round 3: 35 of 1074 boosting-passed rows flagged; surfacing 35
2026-09-25 03:36:47,981 [INFO] fl_ids.fl.client: Client 1 round 3: 31 of 2595 boosting-passed rows flagged; surfacing 31
2026-09-25 03:36:49,119 [INFO] fl_ids.fl.client: Client 2 round 3: 12 of 1157 boosting-passed rows flagged; surfacing 12
2026-09-25 03:36:49,843 [INFO] fl_ids.fl.client: Client 3 round 3: 372 of 7525 boosting-passed rows flagged; surfacing 50
2026-09-25 03:36:52,126 [INFO] fl_ids.fl.client: Client 4 round 3: 749 of 12436 boosting-passed rows flagged; surfacing 50
2026-09-25 03:36:56,221 [INFO] fl_ids.fl.client: Client 6 round 3: 230 of 3457 boosting-passed rows flagged; surfacing 50
2026-09-25 03:36:57,509 [INFO] fl_ids.fl.client: Client 7 round 3: 22 of 1669 boosting-passed rows flagged; surfacing 22
2026-09-25 03:36:58,564 [INFO] fl_ids.fl.client: Client 8 round 3: 589 of 12299 boosting-passed rows flagged; surfacing 50
2026-09-25 03:37:02,194 [INFO] fl_ids.fl.client: Client 9 round 3: 91 of 1315 boosting-passed rows flagged; surfacing 50
2026-09-25 03:37:19,802 [INFO] fl_ids.models.boosting: Continued boosting training: +50 trees on 93859 rows (now 350 trees)
2026-09-25 03:37:19,802 [INFO] fl_ids.models.boosting_update: Round 3: boosting v2 (continue) from 215 alerts ({'DDoS_ICMP': 9, 'DDoS_TCP': 23, 'DDoS_UDP': 24, 'Fingerprinting': 2, 'MITM': 4, 'Normal': 100, 'Password': 15, 'Port_Scanning': 1, 'SQL_injection': 6, 'Vulnerability_scanner': 26, 'XSS': 5}); 135 from excluded clients ignored
2026-09-25 03:37:19,955 [WARNING] fl_ids.fl.client: Client 5: no benign validation samples to evaluate on
2026-09-25 03:37:19,966 [INFO] fl_ids.eval.simulation: Round 3: mean_val_loss=0.0364, comm_bytes=583920
2026-09-25 03:37:30,728 [WARNING] fl_ids.fl.client: Client 5: no benign validation samples to evaluate on
2026-09-25 03:37:30,740 [INFO] fl_ids.eval.simulation: Round 4: mean_val_loss=0.0279, comm_bytes=583920
2026-09-25 03:37:44,523 [WARNING] fl_ids.fl.client: Client 5: no benign validation samples to evaluate on
2026-09-25 03:37:44,561 [INFO] fl_ids.eval.simulation: Round 5: mean_val_loss=0.0239, comm_bytes=583920
2026-09-25 03:37:44,633 [INFO] fl_ids.fl.client: Client 0 round 6: 90 of 1074 boosting-passed rows flagged; surfacing 50
2026-09-25 03:37:45,330 [INFO] fl_ids.fl.client: Client 1 round 6: 150 of 2595 boosting-passed rows flagged; surfacing 50
2026-09-25 03:37:46,066 [INFO] fl_ids.fl.client: Client 2 round 6: 36 of 1157 boosting-passed rows flagged; surfacing 36
2026-09-25 03:37:46,456 [INFO] fl_ids.fl.client: Client 3 round 6: 1077 of 7525 boosting-passed rows flagged; surfacing 50
2026-09-25 03:37:48,655 [INFO] fl_ids.fl.client: Client 4 round 6: 585 of 12436 boosting-passed rows flagged; surfacing 50
2026-09-25 03:37:54,038 [INFO] fl_ids.fl.client: Client 6 round 6: 335 of 3457 boosting-passed rows flagged; surfacing 50
2026-09-25 03:37:55,090 [INFO] fl_ids.fl.client: Client 7 round 6: 16 of 1669 boosting-passed rows flagged; surfacing 16
2026-09-25 03:37:55,587 [INFO] fl_ids.fl.client: Client 8 round 6: 521 of 12299 boosting-passed rows flagged; surfacing 50
2026-09-25 03:38:00,300 [INFO] fl_ids.fl.client: Client 9 round 6: 110 of 1315 boosting-passed rows flagged; surfacing 50
2026-09-25 03:38:26,321 [INFO] fl_ids.models.boosting: Continued boosting training: +50 trees on 94111 rows (now 400 trees)
2026-09-25 03:38:26,321 [INFO] fl_ids.models.boosting_update: Round 6: boosting v3 (continue) from 252 alerts ({'Backdoor': 3, 'DDoS_HTTP': 3, 'DDoS_ICMP': 32, 'DDoS_TCP': 10, 'DDoS_UDP': 49, 'Fingerprinting': 3, 'MITM': 2, 'Normal': 86, 'Password': 33, 'SQL_injection': 5, 'Vulnerability_scanner': 23, 'XSS': 3}); 150 from excluded clients ignored
2026-09-25 03:38:26,495 [WARNING] fl_ids.fl.client: Client 5: no benign validation samples to evaluate on
2026-09-25 03:38:26,505 [INFO] fl_ids.eval.simulation: Round 6: mean_val_loss=0.0228, comm_bytes=583920
2026-09-25 03:38:37,317 [WARNING] fl_ids.fl.client: Client 5: no benign validation samples to evaluate on
2026-09-25 03:38:37,329 [INFO] fl_ids.eval.simulation: Round 7: mean_val_loss=0.0294, comm_bytes=583920
2026-09-25 03:38:48,177 [WARNING] fl_ids.fl.client: Client 5: no benign validation samples to evaluate on
2026-09-25 03:38:48,189 [INFO] fl_ids.eval.simulation: Round 8: mean_val_loss=0.0317, comm_bytes=583920
2026-09-25 03:38:48,253 [INFO] fl_ids.fl.client: Client 0 round 9: 95 of 1074 boosting-passed rows flagged; surfacing 50
2026-09-25 03:38:48,557 [INFO] fl_ids.fl.client: Client 1 round 9: 121 of 2595 boosting-passed rows flagged; surfacing 50
2026-09-25 03:38:49,187 [INFO] fl_ids.fl.client: Client 2 round 9: 31 of 1157 boosting-passed rows flagged; surfacing 31
2026-09-25 03:38:49,504 [INFO] fl_ids.fl.client: Client 3 round 9: 735 of 7525 boosting-passed rows flagged; surfacing 50
2026-09-25 03:38:51,260 [INFO] fl_ids.fl.client: Client 4 round 9: 591 of 12436 boosting-passed rows flagged; surfacing 50
2026-09-25 03:38:56,900 [INFO] fl_ids.fl.client: Client 6 round 9: 424 of 3457 boosting-passed rows flagged; surfacing 50
2026-09-25 03:38:57,952 [INFO] fl_ids.fl.client: Client 7 round 9: 15 of 1669 boosting-passed rows flagged; surfacing 15
2026-09-25 03:38:58,475 [INFO] fl_ids.fl.client: Client 8 round 9: 565 of 12299 boosting-passed rows flagged; surfacing 50
2026-09-25 03:39:03,552 [INFO] fl_ids.fl.client: Client 9 round 9: 118 of 1315 boosting-passed rows flagged; surfacing 50
2026-09-25 03:39:36,482 [INFO] fl_ids.models.boosting: Continued boosting training: +50 trees on 94407 rows (now 450 trees)
2026-09-25 03:39:36,482 [INFO] fl_ids.models.boosting_update: Round 9: boosting v4 (continue) from 296 alerts ({'Backdoor': 1, 'DDoS_HTTP': 2, 'DDoS_ICMP': 59, 'DDoS_TCP': 4, 'DDoS_UDP': 35, 'Fingerprinting': 3, 'MITM': 4, 'Normal': 120, 'Password': 37, 'Port_Scanning': 2, 'SQL_injection': 4, 'Vulnerability_scanner': 24, 'XSS': 1}); 100 from excluded clients ignored
2026-09-25 03:39:36,675 [WARNING] fl_ids.fl.client: Client 5: no benign validation samples to evaluate on
2026-09-25 03:39:36,685 [INFO] fl_ids.eval.simulation: Round 9: mean_val_loss=0.0331, comm_bytes=583920
2026-09-25 03:39:47,797 [WARNING] fl_ids.fl.client: Client 5: no benign validation samples to evaluate on
2026-09-25 03:39:47,809 [INFO] fl_ids.eval.simulation: Round 10: mean_val_loss=0.0345, comm_bytes=583920
2026-09-25 03:39:58,902 [WARNING] fl_ids.fl.client: Client 5: no benign validation samples to evaluate on
2026-09-25 03:39:58,914 [INFO] fl_ids.eval.simulation: Round 11: mean_val_loss=0.0573, comm_bytes=583920
2026-09-25 03:39:58,987 [INFO] fl_ids.fl.client: Client 0 round 12: 63 of 1074 boosting-passed rows flagged; surfacing 50
2026-09-25 03:39:59,306 [INFO] fl_ids.fl.client: Client 1 round 12: 75 of 2595 boosting-passed rows flagged; surfacing 50
2026-09-25 03:39:59,992 [INFO] fl_ids.fl.client: Client 2 round 12: 15 of 1157 boosting-passed rows flagged; surfacing 15
2026-09-25 03:40:00,412 [INFO] fl_ids.fl.client: Client 3 round 12: 785 of 7525 boosting-passed rows flagged; surfacing 50
2026-09-25 03:40:02,275 [INFO] fl_ids.fl.client: Client 4 round 12: 608 of 12436 boosting-passed rows flagged; surfacing 50
2026-09-25 03:40:05,603 [INFO] fl_ids.fl.client: Client 6 round 12: 479 of 3457 boosting-passed rows flagged; surfacing 50
2026-09-25 03:40:06,607 [INFO] fl_ids.fl.client: Client 7 round 12: 14 of 1669 boosting-passed rows flagged; surfacing 14
2026-09-25 03:40:07,101 [INFO] fl_ids.fl.client: Client 8 round 12: 422 of 12299 boosting-passed rows flagged; surfacing 50
2026-09-25 03:40:10,048 [INFO] fl_ids.fl.client: Client 9 round 12: 107 of 1315 boosting-passed rows flagged; surfacing 50
2026-09-25 03:40:49,221 [INFO] fl_ids.models.boosting: Continued boosting training: +50 trees on 94636 rows (now 500 trees)
2026-09-25 03:40:49,222 [INFO] fl_ids.models.boosting_update: Round 12: boosting v5 (continue) from 229 alerts ({'DDoS_ICMP': 40, 'DDoS_TCP': 4, 'DDoS_UDP': 23, 'Fingerprinting': 3, 'MITM': 3, 'Normal': 87, 'Password': 33, 'Port_Scanning': 2, 'SQL_injection': 3, 'Vulnerability_scanner': 29, 'XSS': 2}); 150 from excluded clients ignored
2026-09-25 03:40:49,464 [WARNING] fl_ids.fl.client: Client 5: no benign validation samples to evaluate on
2026-09-25 03:40:49,476 [INFO] fl_ids.eval.simulation: Round 12: mean_val_loss=0.0229, comm_bytes=583920
2026-09-25 03:41:00,583 [WARNING] fl_ids.fl.client: Client 5: no benign validation samples to evaluate on
2026-09-25 03:41:00,595 [INFO] fl_ids.eval.simulation: Round 13: mean_val_loss=0.0310, comm_bytes=583920
2026-09-25 03:41:12,876 [WARNING] fl_ids.fl.client: Client 5: no benign validation samples to evaluate on
2026-09-25 03:41:12,890 [INFO] fl_ids.eval.simulation: Round 14: mean_val_loss=0.0218, comm_bytes=583920
2026-09-25 03:41:12,976 [INFO] fl_ids.fl.client: Client 0 round 15: 87 of 1074 boosting-passed rows flagged; surfacing 50
2026-09-25 03:41:13,357 [INFO] fl_ids.fl.client: Client 1 round 15: 97 of 2595 boosting-passed rows flagged; surfacing 50
2026-09-25 03:41:14,207 [INFO] fl_ids.fl.client: Client 2 round 15: 21 of 1157 boosting-passed rows flagged; surfacing 21
2026-09-25 03:41:14,648 [INFO] fl_ids.fl.client: Client 3 round 15: 1213 of 7525 boosting-passed rows flagged; surfacing 50
2026-09-25 03:41:17,279 [INFO] fl_ids.fl.client: Client 4 round 15: 559 of 12436 boosting-passed rows flagged; surfacing 50
2026-09-25 03:41:21,229 [INFO] fl_ids.fl.client: Client 6 round 15: 493 of 3457 boosting-passed rows flagged; surfacing 50
2026-09-25 03:41:22,678 [INFO] fl_ids.fl.client: Client 7 round 15: 12 of 1669 boosting-passed rows flagged; surfacing 12
2026-09-25 03:41:23,255 [INFO] fl_ids.fl.client: Client 8 round 15: 583 of 12299 boosting-passed rows flagged; surfacing 50
2026-09-25 03:41:27,063 [INFO] fl_ids.fl.client: Client 9 round 15: 191 of 1315 boosting-passed rows flagged; surfacing 50
2026-09-25 03:42:01,028 [INFO] fl_ids.models.boosting: Continued boosting training: +50 trees on 94919 rows (now 550 trees)
2026-09-25 03:42:01,028 [INFO] fl_ids.models.boosting_update: Round 15: boosting v6 (continue) from 283 alerts ({'Backdoor': 17, 'DDoS_HTTP': 3, 'DDoS_ICMP': 57, 'DDoS_TCP': 2, 'DDoS_UDP': 29, 'Fingerprinting': 3, 'MITM': 2, 'Normal': 104, 'Password': 38, 'Port_Scanning': 1, 'SQL_injection': 3, 'Vulnerability_scanner': 23, 'XSS': 1}); 100 from excluded clients ignored
2026-09-25 03:42:01,256 [WARNING] fl_ids.fl.client: Client 5: no benign validation samples to evaluate on
2026-09-25 03:42:01,266 [INFO] fl_ids.eval.simulation: Round 15: mean_val_loss=0.0290, comm_bytes=583920
2026-09-25 03:42:16,383 [WARNING] fl_ids.fl.client: Client 5: no benign validation samples to evaluate on
2026-09-25 03:42:16,396 [INFO] fl_ids.eval.simulation: Round 16: mean_val_loss=0.0210, comm_bytes=583920
2026-09-25 03:42:31,761 [WARNING] fl_ids.fl.client: Client 5: no benign validation samples to evaluate on
2026-09-25 03:42:31,774 [INFO] fl_ids.eval.simulation: Round 17: mean_val_loss=0.0315, comm_bytes=583920
2026-09-25 03:42:31,865 [INFO] fl_ids.fl.client: Client 0 round 18: 242 of 1074 boosting-passed rows flagged; surfacing 50
2026-09-25 03:42:32,265 [INFO] fl_ids.fl.client: Client 1 round 18: 64 of 2595 boosting-passed rows flagged; surfacing 50
2026-09-25 03:42:32,972 [INFO] fl_ids.fl.client: Client 2 round 18: 17 of 1157 boosting-passed rows flagged; surfacing 17
2026-09-25 03:42:33,413 [INFO] fl_ids.fl.client: Client 3 round 18: 715 of 7525 boosting-passed rows flagged; surfacing 50
2026-09-25 03:42:36,146 [INFO] fl_ids.fl.client: Client 4 round 18: 653 of 12436 boosting-passed rows flagged; surfacing 50
2026-09-25 03:42:39,811 [INFO] fl_ids.fl.client: Client 6 round 18: 541 of 3457 boosting-passed rows flagged; surfacing 50
2026-09-25 03:42:40,657 [INFO] fl_ids.fl.client: Client 7 round 18: 13 of 1669 boosting-passed rows flagged; surfacing 13
2026-09-25 03:42:41,107 [INFO] fl_ids.fl.client: Client 8 round 18: 649 of 12299 boosting-passed rows flagged; surfacing 50
2026-09-25 03:42:43,951 [INFO] fl_ids.fl.client: Client 9 round 18: 229 of 1315 boosting-passed rows flagged; surfacing 50
2026-09-25 03:43:26,064 [INFO] fl_ids.models.boosting: Continued boosting training: +50 trees on 95149 rows (now 600 trees)
2026-09-25 03:43:26,064 [INFO] fl_ids.models.boosting_update: Round 18: boosting v7 (continue) from 230 alerts ({'Backdoor': 3, 'DDoS_ICMP': 28, 'DDoS_TCP': 3, 'DDoS_UDP': 22, 'Fingerprinting': 3, 'MITM': 3, 'Normal': 92, 'Password': 42, 'Port_Scanning': 1, 'SQL_injection': 2, 'Vulnerability_scanner': 28, 'XSS': 3}); 150 from excluded clients ignored
2026-09-25 03:43:26,395 [WARNING] fl_ids.fl.client: Client 5: no benign validation samples to evaluate on
2026-09-25 03:43:26,433 [INFO] fl_ids.eval.simulation: Round 18: mean_val_loss=0.0210, comm_bytes=583920
2026-09-25 03:43:41,040 [WARNING] fl_ids.fl.client: Client 5: no benign validation samples to evaluate on
2026-09-25 03:43:41,052 [INFO] fl_ids.eval.simulation: Round 19: mean_val_loss=0.0310, comm_bytes=583920
2026-09-25 03:43:52,101 [WARNING] fl_ids.fl.client: Client 5: no benign validation samples to evaluate on
2026-09-25 03:43:52,113 [INFO] fl_ids.eval.simulation: Round 20: mean_val_loss=0.0301, comm_bytes=583920
2026-09-25 03:43:52,139 [WARNING] fl_ids.eval.common: Clients [5] have no benign validation rows (infinite threshold); 182 test rows can't be flagged by the autoencoder
2026-09-25 03:43:52,151 [INFO] fl_ids.eval.zero_day: zero-day holdout=Uploading run=autoencoder_only: detection_rate=0.095
2026-09-25 03:43:52,569 [INFO] fl_ids.eval.zero_day: zero-day holdout=Uploading run=boosting_only: detection_rate=0.426
2026-09-25 03:43:54,762 [INFO] fl_ids.eval.common: Excluded classes ['Vulnerability_scanner'] from training: removed 2501 calibration rows, 1572 federated-pool rows
2026-09-25 03:43:54,763 [INFO] fl_ids.models.boosting: Training boosting classifier: 92984 samples, 15 classes, 300 rounds
2026-09-25 03:44:10,148 [WARNING] fl_ids.data.pipeline: Client 5 has zero benign validation samples (heavy Dirichlet skew or too few benign samples in its shard)
2026-09-25 03:44:10,174 [INFO] fl_ids.eval.common: Evaluation setup: 92984 calibration, 58428 federated pool (subsampled), 8760 test rows across 10 clients
2026-09-25 03:44:25,054 [WARNING] fl_ids.fl.client: Client 5: no benign validation samples to evaluate on
2026-09-25 03:44:25,071 [INFO] fl_ids.eval.simulation: Round 1: mean_val_loss=0.2742, comm_bytes=583920
2026-09-25 03:44:39,133 [WARNING] fl_ids.fl.client: Client 5: no benign validation samples to evaluate on
2026-09-25 03:44:39,211 [INFO] fl_ids.eval.simulation: Round 2: mean_val_loss=0.0884, comm_bytes=583920
2026-09-25 03:44:39,334 [INFO] fl_ids.fl.client: Client 0 round 3: 9 of 113 boosting-passed rows flagged; surfacing 9
2026-09-25 03:44:39,754 [INFO] fl_ids.fl.client: Client 1 round 3: 20 of 683 boosting-passed rows flagged; surfacing 20
2026-09-25 03:44:40,119 [INFO] fl_ids.fl.client: Client 2 round 3: 7 of 300 boosting-passed rows flagged; surfacing 7
2026-09-25 03:44:40,765 [INFO] fl_ids.fl.client: Client 3 round 3: 156 of 5646 boosting-passed rows flagged; surfacing 50
2026-09-25 03:44:43,286 [INFO] fl_ids.fl.client: Client 4 round 3: 346 of 11386 boosting-passed rows flagged; surfacing 50
2026-09-25 03:44:47,636 [INFO] fl_ids.fl.client: Client 6 round 3: 85 of 2735 boosting-passed rows flagged; surfacing 50
2026-09-25 03:44:48,564 [INFO] fl_ids.fl.client: Client 7 round 3: 5 of 696 boosting-passed rows flagged; surfacing 5
2026-09-25 03:44:49,459 [INFO] fl_ids.fl.client: Client 8 round 3: 332 of 10203 boosting-passed rows flagged; surfacing 50
2026-09-25 03:44:52,175 [INFO] fl_ids.fl.client: Client 9 round 3: 30 of 935 boosting-passed rows flagged; surfacing 30
2026-09-25 03:45:09,767 [INFO] fl_ids.models.boosting: Continued boosting training: +50 trees on 93166 rows (now 350 trees)
2026-09-25 03:45:09,767 [INFO] fl_ids.models.boosting_update: Round 3: boosting v2 (continue) from 182 alerts ({'Normal': 181, 'Uploading': 1}); 89 from excluded clients ignored
2026-09-25 03:45:09,925 [WARNING] fl_ids.fl.client: Client 5: no benign validation samples to evaluate on
2026-09-25 03:45:09,936 [INFO] fl_ids.eval.simulation: Round 3: mean_val_loss=0.0281, comm_bytes=583920
2026-09-25 03:45:21,314 [WARNING] fl_ids.fl.client: Client 5: no benign validation samples to evaluate on
2026-09-25 03:45:21,326 [INFO] fl_ids.eval.simulation: Round 4: mean_val_loss=0.0217, comm_bytes=583920
2026-09-25 03:45:36,560 [WARNING] fl_ids.fl.client: Client 5: no benign validation samples to evaluate on
2026-09-25 03:45:36,574 [INFO] fl_ids.eval.simulation: Round 5: mean_val_loss=0.0182, comm_bytes=583920
2026-09-25 03:45:36,669 [INFO] fl_ids.fl.client: Client 0 round 6: 22 of 115 boosting-passed rows flagged; surfacing 22
2026-09-25 03:45:36,864 [INFO] fl_ids.fl.client: Client 1 round 6: 38 of 683 boosting-passed rows flagged; surfacing 38
2026-09-25 03:45:37,124 [INFO] fl_ids.fl.client: Client 2 round 6: 0 of 295 boosting-passed rows flagged; surfacing 0
2026-09-25 03:45:37,724 [INFO] fl_ids.fl.client: Client 3 round 6: 139 of 5648 boosting-passed rows flagged; surfacing 50
2026-09-25 03:45:40,461 [INFO] fl_ids.fl.client: Client 4 round 6: 348 of 11385 boosting-passed rows flagged; surfacing 50
2026-09-25 03:45:45,726 [INFO] fl_ids.fl.client: Client 6 round 6: 99 of 2732 boosting-passed rows flagged; surfacing 50
2026-09-25 03:45:46,649 [INFO] fl_ids.fl.client: Client 7 round 6: 9 of 691 boosting-passed rows flagged; surfacing 9
2026-09-25 03:45:47,725 [INFO] fl_ids.fl.client: Client 8 round 6: 325 of 10202 boosting-passed rows flagged; surfacing 50
2026-09-25 03:45:51,105 [INFO] fl_ids.fl.client: Client 9 round 6: 57 of 936 boosting-passed rows flagged; surfacing 50
2026-09-25 03:46:16,407 [INFO] fl_ids.models.boosting: Continued boosting training: +50 trees on 93363 rows (now 400 trees)
2026-09-25 03:46:16,408 [INFO] fl_ids.models.boosting_update: Round 6: boosting v3 (continue) from 197 alerts ({'Backdoor': 2, 'Normal': 192, 'Ransomware': 1, 'Uploading': 1, 'XSS': 1}); 122 from excluded clients ignored
2026-09-25 03:46:16,588 [WARNING] fl_ids.fl.client: Client 5: no benign validation samples to evaluate on
2026-09-25 03:46:16,599 [INFO] fl_ids.eval.simulation: Round 6: mean_val_loss=0.0164, comm_bytes=583920
2026-09-25 03:46:28,915 [WARNING] fl_ids.fl.client: Client 5: no benign validation samples to evaluate on
2026-09-25 03:46:28,927 [INFO] fl_ids.eval.simulation: Round 7: mean_val_loss=0.0209, comm_bytes=583920
2026-09-25 03:46:41,226 [WARNING] fl_ids.fl.client: Client 5: no benign validation samples to evaluate on
2026-09-25 03:46:41,239 [INFO] fl_ids.eval.simulation: Round 8: mean_val_loss=0.0217, comm_bytes=583920
2026-09-25 03:46:41,348 [INFO] fl_ids.fl.client: Client 0 round 9: 25 of 115 boosting-passed rows flagged; surfacing 25
2026-09-25 03:46:41,646 [INFO] fl_ids.fl.client: Client 1 round 9: 34 of 683 boosting-passed rows flagged; surfacing 34
2026-09-25 03:46:41,972 [INFO] fl_ids.fl.client: Client 2 round 9: 1 of 292 boosting-passed rows flagged; surfacing 1
2026-09-25 03:46:42,847 [INFO] fl_ids.fl.client: Client 3 round 9: 148 of 5647 boosting-passed rows flagged; surfacing 50
2026-09-25 03:46:45,380 [INFO] fl_ids.fl.client: Client 4 round 9: 347 of 11382 boosting-passed rows flagged; surfacing 50
2026-09-25 03:46:48,503 [INFO] fl_ids.fl.client: Client 6 round 9: 90 of 2730 boosting-passed rows flagged; surfacing 50
2026-09-25 03:46:49,376 [INFO] fl_ids.fl.client: Client 7 round 9: 8 of 693 boosting-passed rows flagged; surfacing 8
2026-09-25 03:46:51,037 [INFO] fl_ids.fl.client: Client 8 round 9: 328 of 10204 boosting-passed rows flagged; surfacing 50
2026-09-25 03:46:55,714 [INFO] fl_ids.fl.client: Client 9 round 9: 42 of 936 boosting-passed rows flagged; surfacing 42
2026-09-25 03:47:28,157 [INFO] fl_ids.models.boosting: Continued boosting training: +50 trees on 93648 rows (now 450 trees)
2026-09-25 03:47:28,157 [INFO] fl_ids.models.boosting_update: Round 9: boosting v4 (continue) from 285 alerts ({'Backdoor': 5, 'Normal': 255, 'Port_Scanning': 17, 'Ransomware': 1, 'Uploading': 6, 'XSS': 1}); 25 from excluded clients ignored
2026-09-25 03:47:28,415 [WARNING] fl_ids.fl.client: Client 5: no benign validation samples to evaluate on
2026-09-25 03:47:28,449 [INFO] fl_ids.eval.simulation: Round 9: mean_val_loss=0.0332, comm_bytes=583920
2026-09-25 03:47:43,195 [WARNING] fl_ids.fl.client: Client 5: no benign validation samples to evaluate on
2026-09-25 03:47:43,207 [INFO] fl_ids.eval.simulation: Round 10: mean_val_loss=0.0170, comm_bytes=583920
2026-09-25 03:47:56,129 [WARNING] fl_ids.fl.client: Client 5: no benign validation samples to evaluate on
2026-09-25 03:47:56,140 [INFO] fl_ids.eval.simulation: Round 11: mean_val_loss=0.0274, comm_bytes=583920
2026-09-25 03:47:56,263 [INFO] fl_ids.fl.client: Client 0 round 12: 22 of 114 boosting-passed rows flagged; surfacing 22
2026-09-25 03:47:56,591 [INFO] fl_ids.fl.client: Client 1 round 12: 14 of 683 boosting-passed rows flagged; surfacing 14
2026-09-25 03:47:56,925 [INFO] fl_ids.fl.client: Client 2 round 12: 33 of 287 boosting-passed rows flagged; surfacing 33
2026-09-25 03:47:57,843 [INFO] fl_ids.fl.client: Client 3 round 12: 147 of 5645 boosting-passed rows flagged; surfacing 50
2026-09-25 03:48:00,547 [INFO] fl_ids.fl.client: Client 4 round 12: 362 of 11383 boosting-passed rows flagged; surfacing 50
2026-09-25 03:48:03,833 [INFO] fl_ids.fl.client: Client 6 round 12: 74 of 2723 boosting-passed rows flagged; surfacing 50
2026-09-25 03:48:04,798 [INFO] fl_ids.fl.client: Client 7 round 12: 8 of 692 boosting-passed rows flagged; surfacing 8
2026-09-25 03:48:06,266 [INFO] fl_ids.fl.client: Client 8 round 12: 267 of 10204 boosting-passed rows flagged; surfacing 50
2026-09-25 03:48:08,864 [INFO] fl_ids.fl.client: Client 9 round 12: 28 of 931 boosting-passed rows flagged; surfacing 28
2026-09-25 03:48:40,078 [INFO] fl_ids.models.boosting: Continued boosting training: +50 trees on 93931 rows (now 500 trees)
2026-09-25 03:48:40,078 [INFO] fl_ids.models.boosting_update: Round 12: boosting v5 (continue) from 283 alerts ({'Backdoor': 2, 'Normal': 240, 'Port_Scanning': 31, 'Ransomware': 2, 'Uploading': 7, 'XSS': 1}); 22 from excluded clients ignored
2026-09-25 03:48:40,378 [WARNING] fl_ids.fl.client: Client 5: no benign validation samples to evaluate on
2026-09-25 03:48:40,395 [INFO] fl_ids.eval.simulation: Round 12: mean_val_loss=0.0340, comm_bytes=583920
2026-09-25 03:48:59,008 [WARNING] fl_ids.fl.client: Client 5: no benign validation samples to evaluate on
2026-09-25 03:48:59,022 [INFO] fl_ids.eval.simulation: Round 13: mean_val_loss=0.0171, comm_bytes=583920
2026-09-25 03:49:16,427 [WARNING] fl_ids.fl.client: Client 5: no benign validation samples to evaluate on
2026-09-25 03:49:16,441 [INFO] fl_ids.eval.simulation: Round 14: mean_val_loss=0.0271, comm_bytes=583920
2026-09-25 03:49:16,642 [INFO] fl_ids.fl.client: Client 0 round 15: 17 of 114 boosting-passed rows flagged; surfacing 17
2026-09-25 03:49:16,952 [INFO] fl_ids.fl.client: Client 1 round 15: 15 of 681 boosting-passed rows flagged; surfacing 15
2026-09-25 03:49:17,383 [INFO] fl_ids.fl.client: Client 2 round 15: 10 of 268 boosting-passed rows flagged; surfacing 10
2026-09-25 03:49:18,793 [INFO] fl_ids.fl.client: Client 3 round 15: 150 of 5645 boosting-passed rows flagged; surfacing 50
2026-09-25 03:49:22,306 [INFO] fl_ids.fl.client: Client 4 round 15: 358 of 11384 boosting-passed rows flagged; surfacing 50
2026-09-25 03:49:26,181 [INFO] fl_ids.fl.client: Client 6 round 15: 90 of 2715 boosting-passed rows flagged; surfacing 50
2026-09-25 03:49:27,749 [INFO] fl_ids.fl.client: Client 7 round 15: 8 of 689 boosting-passed rows flagged; surfacing 8
2026-09-25 03:49:29,179 [INFO] fl_ids.fl.client: Client 8 round 15: 223 of 10207 boosting-passed rows flagged; surfacing 50
2026-09-25 03:49:32,434 [INFO] fl_ids.fl.client: Client 9 round 15: 28 of 926 boosting-passed rows flagged; surfacing 28
2026-09-25 03:50:04,506 [INFO] fl_ids.models.boosting: Continued boosting training: +50 trees on 94209 rows (now 550 trees)
2026-09-25 03:50:04,506 [INFO] fl_ids.models.boosting_update: Round 15: boosting v6 (continue) from 278 alerts ({'Backdoor': 1, 'Fingerprinting': 1, 'Normal': 260, 'Port_Scanning': 9, 'Ransomware': 3, 'Uploading': 3, 'XSS': 1}); 0 from excluded clients ignored
2026-09-25 03:50:04,859 [WARNING] fl_ids.fl.client: Client 5: no benign validation samples to evaluate on
2026-09-25 03:50:04,894 [INFO] fl_ids.eval.simulation: Round 15: mean_val_loss=0.0374, comm_bytes=583920
2026-09-25 03:50:22,560 [WARNING] fl_ids.fl.client: Client 5: no benign validation samples to evaluate on
2026-09-25 03:50:22,572 [INFO] fl_ids.eval.simulation: Round 16: mean_val_loss=0.0139, comm_bytes=583920
2026-09-25 03:50:39,886 [WARNING] fl_ids.fl.client: Client 5: no benign validation samples to evaluate on
2026-09-25 03:50:39,899 [INFO] fl_ids.eval.simulation: Round 17: mean_val_loss=0.0168, comm_bytes=583920
2026-09-25 03:50:40,019 [INFO] fl_ids.fl.client: Client 0 round 18: 13 of 112 boosting-passed rows flagged; surfacing 13
2026-09-25 03:50:40,332 [INFO] fl_ids.fl.client: Client 1 round 18: 28 of 682 boosting-passed rows flagged; surfacing 28
2026-09-25 03:50:40,756 [INFO] fl_ids.fl.client: Client 2 round 18: 15 of 263 boosting-passed rows flagged; surfacing 15
2026-09-25 03:50:41,991 [INFO] fl_ids.fl.client: Client 3 round 18: 146 of 5644 boosting-passed rows flagged; surfacing 50
2026-09-25 03:50:45,421 [INFO] fl_ids.fl.client: Client 4 round 18: 362 of 11382 boosting-passed rows flagged; surfacing 50
2026-09-25 03:50:49,164 [INFO] fl_ids.fl.client: Client 6 round 18: 78 of 2712 boosting-passed rows flagged; surfacing 50
2026-09-25 03:50:50,153 [INFO] fl_ids.fl.client: Client 7 round 18: 11 of 685 boosting-passed rows flagged; surfacing 11
2026-09-25 03:50:51,920 [INFO] fl_ids.fl.client: Client 8 round 18: 285 of 10206 boosting-passed rows flagged; surfacing 50
2026-09-25 03:50:54,482 [INFO] fl_ids.fl.client: Client 9 round 18: 27 of 926 boosting-passed rows flagged; surfacing 27
2026-09-25 03:51:34,020 [INFO] fl_ids.models.boosting: Continued boosting training: +50 trees on 94440 rows (now 600 trees)
2026-09-25 03:51:34,020 [INFO] fl_ids.models.boosting_update: Round 18: boosting v7 (continue) from 231 alerts ({'Backdoor': 2, 'Normal': 217, 'Port_Scanning': 7, 'Ransomware': 2, 'Uploading': 2, 'XSS': 1}); 63 from excluded clients ignored
2026-09-25 03:51:34,354 [WARNING] fl_ids.fl.client: Client 5: no benign validation samples to evaluate on
2026-09-25 03:51:34,376 [INFO] fl_ids.eval.simulation: Round 18: mean_val_loss=0.0311, comm_bytes=583920
2026-09-25 03:51:52,083 [WARNING] fl_ids.fl.client: Client 5: no benign validation samples to evaluate on
2026-09-25 03:51:52,096 [INFO] fl_ids.eval.simulation: Round 19: mean_val_loss=0.0159, comm_bytes=583920
2026-09-25 03:52:07,217 [WARNING] fl_ids.fl.client: Client 5: no benign validation samples to evaluate on
2026-09-25 03:52:07,229 [INFO] fl_ids.eval.simulation: Round 20: mean_val_loss=0.0232, comm_bytes=583920
2026-09-25 03:52:07,255 [WARNING] fl_ids.eval.common: Clients [5] have no benign validation rows (infinite threshold); 135 test rows can't be flagged by the autoencoder
2026-09-25 03:52:07,985 [INFO] fl_ids.eval.zero_day: zero-day holdout=Vulnerability_scanner run=full_pipeline: detection_rate=0.835
2026-09-25 03:52:18,992 [WARNING] fl_ids.fl.client: Client 5: no benign validation samples to evaluate on
2026-09-25 03:52:19,003 [INFO] fl_ids.eval.simulation: Round 1: mean_val_loss=0.3996, comm_bytes=583920
2026-09-25 03:52:30,161 [WARNING] fl_ids.fl.client: Client 5: no benign validation samples to evaluate on
2026-09-25 03:52:30,196 [INFO] fl_ids.eval.simulation: Round 2: mean_val_loss=1.2014, comm_bytes=583920
2026-09-25 03:52:30,384 [INFO] fl_ids.fl.client: Client 0 round 3: 8 of 113 boosting-passed rows flagged; surfacing 8
2026-09-25 03:52:30,823 [INFO] fl_ids.fl.client: Client 1 round 3: 6 of 683 boosting-passed rows flagged; surfacing 6
2026-09-25 03:52:31,149 [INFO] fl_ids.fl.client: Client 2 round 3: 7 of 300 boosting-passed rows flagged; surfacing 7
2026-09-25 03:52:31,697 [INFO] fl_ids.fl.client: Client 3 round 3: 186 of 5646 boosting-passed rows flagged; surfacing 50
2026-09-25 03:52:34,948 [INFO] fl_ids.fl.client: Client 4 round 3: 324 of 11386 boosting-passed rows flagged; surfacing 50
2026-09-25 03:52:38,336 [INFO] fl_ids.fl.client: Client 6 round 3: 84 of 2735 boosting-passed rows flagged; surfacing 50
2026-09-25 03:52:39,616 [INFO] fl_ids.fl.client: Client 7 round 3: 2 of 696 boosting-passed rows flagged; surfacing 2
2026-09-25 03:52:41,456 [INFO] fl_ids.fl.client: Client 8 round 3: 305 of 10203 boosting-passed rows flagged; surfacing 50
2026-09-25 03:52:44,383 [INFO] fl_ids.fl.client: Client 9 round 3: 36 of 935 boosting-passed rows flagged; surfacing 36
2026-09-25 03:53:08,810 [INFO] fl_ids.models.boosting: Continued boosting training: +50 trees on 93243 rows (now 350 trees)
2026-09-25 03:53:08,810 [INFO] fl_ids.models.boosting_update: Round 3: boosting v2 (continue) from 259 alerts ({'Normal': 259}); 0 from excluded clients ignored
2026-09-25 03:53:09,008 [WARNING] fl_ids.fl.client: Client 5: no benign validation samples to evaluate on
2026-09-25 03:53:09,029 [INFO] fl_ids.eval.simulation: Round 3: mean_val_loss=27.5242, comm_bytes=583920
2026-09-25 03:53:20,598 [WARNING] fl_ids.fl.client: Client 5: no benign validation samples to evaluate on
2026-09-25 03:53:20,610 [INFO] fl_ids.eval.simulation: Round 4: mean_val_loss=1597.4247, comm_bytes=583920
2026-09-25 03:53:31,989 [WARNING] fl_ids.fl.client: Client 5: no benign validation samples to evaluate on
2026-09-25 03:53:32,001 [INFO] fl_ids.eval.simulation: Round 5: mean_val_loss=67801.7672, comm_bytes=583920
2026-09-25 03:53:32,095 [INFO] fl_ids.fl.client: Client 0 round 6: 11 of 114 boosting-passed rows flagged; surfacing 11
2026-09-25 03:53:32,333 [INFO] fl_ids.fl.client: Client 1 round 6: 5 of 685 boosting-passed rows flagged; surfacing 5
2026-09-25 03:53:32,623 [INFO] fl_ids.fl.client: Client 2 round 6: 7 of 294 boosting-passed rows flagged; surfacing 7
2026-09-25 03:53:33,332 [INFO] fl_ids.fl.client: Client 3 round 6: 189 of 5648 boosting-passed rows flagged; surfacing 50
2026-09-25 03:53:35,550 [INFO] fl_ids.fl.client: Client 4 round 6: 284 of 11388 boosting-passed rows flagged; surfacing 50
2026-09-25 03:53:38,615 [INFO] fl_ids.fl.client: Client 6 round 6: 62 of 2730 boosting-passed rows flagged; surfacing 50
2026-09-25 03:53:39,456 [INFO] fl_ids.fl.client: Client 7 round 6: 2 of 696 boosting-passed rows flagged; surfacing 2
2026-09-25 03:53:40,597 [INFO] fl_ids.fl.client: Client 8 round 6: 323 of 10203 boosting-passed rows flagged; surfacing 50
2026-09-25 03:53:43,071 [INFO] fl_ids.fl.client: Client 9 round 6: 39 of 936 boosting-passed rows flagged; surfacing 39
2026-09-25 03:54:10,707 [INFO] fl_ids.models.boosting: Continued boosting training: +50 trees on 93507 rows (now 400 trees)
2026-09-25 03:54:10,708 [INFO] fl_ids.models.boosting_update: Round 6: boosting v3 (continue) from 264 alerts ({'Normal': 264}); 0 from excluded clients ignored
2026-09-25 03:54:11,016 [WARNING] fl_ids.fl.client: Client 5: no benign validation samples to evaluate on
2026-09-25 03:54:11,106 [INFO] fl_ids.eval.simulation: Round 6: mean_val_loss=1578515.4385, comm_bytes=583920
2026-09-25 03:54:26,956 [WARNING] fl_ids.fl.client: Client 5: no benign validation samples to evaluate on
2026-09-25 03:54:26,968 [INFO] fl_ids.eval.simulation: Round 7: mean_val_loss=25391966.2724, comm_bytes=583920
2026-09-25 03:54:40,362 [WARNING] fl_ids.fl.client: Client 5: no benign validation samples to evaluate on
2026-09-25 03:54:40,375 [INFO] fl_ids.eval.simulation: Round 8: mean_val_loss=278535035.0143, comm_bytes=583920
2026-09-25 03:54:40,488 [INFO] fl_ids.fl.client: Client 0 round 9: 10 of 114 boosting-passed rows flagged; surfacing 10
2026-09-25 03:54:40,797 [INFO] fl_ids.fl.client: Client 1 round 9: 6 of 685 boosting-passed rows flagged; surfacing 6
2026-09-25 03:54:41,109 [INFO] fl_ids.fl.client: Client 2 round 9: 7 of 292 boosting-passed rows flagged; surfacing 7
2026-09-25 03:54:42,027 [INFO] fl_ids.fl.client: Client 3 round 9: 168 of 5649 boosting-passed rows flagged; surfacing 50
2026-09-25 03:54:44,567 [INFO] fl_ids.fl.client: Client 4 round 9: 304 of 11386 boosting-passed rows flagged; surfacing 50
2026-09-25 03:54:47,723 [INFO] fl_ids.fl.client: Client 6 round 9: 65 of 2733 boosting-passed rows flagged; surfacing 50
2026-09-25 03:54:48,655 [INFO] fl_ids.fl.client: Client 7 round 9: 2 of 692 boosting-passed rows flagged; surfacing 2
2026-09-25 03:54:50,053 [INFO] fl_ids.fl.client: Client 8 round 9: 332 of 10205 boosting-passed rows flagged; surfacing 50
2026-09-25 03:54:52,624 [INFO] fl_ids.fl.client: Client 9 round 9: 25 of 936 boosting-passed rows flagged; surfacing 25
2026-09-25 03:55:17,670 [INFO] fl_ids.models.boosting: Continued boosting training: +50 trees on 93757 rows (now 450 trees)
2026-09-25 03:55:17,670 [INFO] fl_ids.models.boosting_update: Round 9: boosting v4 (continue) from 250 alerts ({'Normal': 250}); 0 from excluded clients ignored
2026-09-25 03:55:17,927 [WARNING] fl_ids.fl.client: Client 5: no benign validation samples to evaluate on
2026-09-25 03:55:17,950 [INFO] fl_ids.eval.simulation: Round 9: mean_val_loss=2246121723.5709, comm_bytes=583920
2026-09-25 03:55:35,700 [WARNING] fl_ids.fl.client: Client 5: no benign validation samples to evaluate on
2026-09-25 03:55:35,712 [INFO] fl_ids.eval.simulation: Round 10: mean_val_loss=14310004924.2270, comm_bytes=583920
2026-09-25 03:55:52,662 [WARNING] fl_ids.fl.client: Client 5: no benign validation samples to evaluate on
2026-09-25 03:55:52,681 [INFO] fl_ids.eval.simulation: Round 11: mean_val_loss=72809131646.5471, comm_bytes=583920
2026-09-25 03:55:52,844 [INFO] fl_ids.fl.client: Client 0 round 12: 10 of 114 boosting-passed rows flagged; surfacing 10
2026-09-25 03:55:53,103 [INFO] fl_ids.fl.client: Client 1 round 12: 6 of 686 boosting-passed rows flagged; surfacing 6
2026-09-25 03:55:53,476 [INFO] fl_ids.fl.client: Client 2 round 12: 7 of 290 boosting-passed rows flagged; surfacing 7
2026-09-25 03:55:54,540 [INFO] fl_ids.fl.client: Client 3 round 12: 164 of 5648 boosting-passed rows flagged; surfacing 50
2026-09-25 03:55:57,187 [INFO] fl_ids.fl.client: Client 4 round 12: 317 of 11385 boosting-passed rows flagged; surfacing 50
2026-09-25 03:56:02,198 [INFO] fl_ids.fl.client: Client 6 round 12: 70 of 2731 boosting-passed rows flagged; surfacing 50
2026-09-25 03:56:03,166 [INFO] fl_ids.fl.client: Client 7 round 12: 2 of 687 boosting-passed rows flagged; surfacing 2
2026-09-25 03:56:04,474 [INFO] fl_ids.fl.client: Client 8 round 12: 352 of 10205 boosting-passed rows flagged; surfacing 50
2026-09-25 03:56:07,301 [INFO] fl_ids.fl.client: Client 9 round 12: 26 of 936 boosting-passed rows flagged; surfacing 26
2026-09-25 03:56:34,785 [INFO] fl_ids.models.boosting: Continued boosting training: +50 trees on 94008 rows (now 500 trees)
2026-09-25 03:56:34,785 [INFO] fl_ids.models.boosting_update: Round 12: boosting v5 (continue) from 251 alerts ({'Normal': 251}); 0 from excluded clients ignored
2026-09-25 03:56:35,013 [WARNING] fl_ids.fl.client: Client 5: no benign validation samples to evaluate on
2026-09-25 03:56:35,025 [INFO] fl_ids.eval.simulation: Round 12: mean_val_loss=307298874815.3204, comm_bytes=583920
2026-09-25 03:56:48,754 [WARNING] fl_ids.fl.client: Client 5: no benign validation samples to evaluate on
2026-09-25 03:56:48,774 [INFO] fl_ids.eval.simulation: Round 13: mean_val_loss=1067601981840.4512, comm_bytes=583920
2026-09-25 03:57:08,231 [WARNING] fl_ids.fl.client: Client 5: no benign validation samples to evaluate on
2026-09-25 03:57:08,243 [INFO] fl_ids.eval.simulation: Round 14: mean_val_loss=3277756177583.1035, comm_bytes=583920
2026-09-25 03:57:08,364 [INFO] fl_ids.fl.client: Client 0 round 15: 10 of 113 boosting-passed rows flagged; surfacing 10
2026-09-25 03:57:08,666 [INFO] fl_ids.fl.client: Client 1 round 15: 6 of 687 boosting-passed rows flagged; surfacing 6
2026-09-25 03:57:08,978 [INFO] fl_ids.fl.client: Client 2 round 15: 7 of 285 boosting-passed rows flagged; surfacing 7
2026-09-25 03:57:10,107 [INFO] fl_ids.fl.client: Client 3 round 15: 164 of 5646 boosting-passed rows flagged; surfacing 50
2026-09-25 03:57:14,280 [INFO] fl_ids.fl.client: Client 4 round 15: 314 of 11385 boosting-passed rows flagged; surfacing 50
2026-09-25 03:57:18,962 [INFO] fl_ids.fl.client: Client 6 round 15: 71 of 2728 boosting-passed rows flagged; surfacing 50
2026-09-25 03:57:20,017 [INFO] fl_ids.fl.client: Client 7 round 15: 2 of 689 boosting-passed rows flagged; surfacing 2
2026-09-25 03:57:21,538 [INFO] fl_ids.fl.client: Client 8 round 15: 350 of 10205 boosting-passed rows flagged; surfacing 50
2026-09-25 03:57:26,088 [INFO] fl_ids.fl.client: Client 9 round 15: 29 of 934 boosting-passed rows flagged; surfacing 29
2026-09-25 03:58:04,732 [INFO] fl_ids.models.boosting: Continued boosting training: +50 trees on 94262 rows (now 550 trees)
2026-09-25 03:58:04,733 [INFO] fl_ids.models.boosting_update: Round 15: boosting v6 (continue) from 254 alerts ({'Normal': 254}); 0 from excluded clients ignored
2026-09-25 03:58:04,965 [WARNING] fl_ids.fl.client: Client 5: no benign validation samples to evaluate on
2026-09-25 03:58:04,975 [INFO] fl_ids.eval.simulation: Round 15: mean_val_loss=9055249430776.2188, comm_bytes=583920
2026-09-25 03:58:19,333 [WARNING] fl_ids.fl.client: Client 5: no benign validation samples to evaluate on
2026-09-25 03:58:19,346 [INFO] fl_ids.eval.simulation: Round 16: mean_val_loss=23119676355770.3516, comm_bytes=583920
2026-09-25 03:58:35,031 [WARNING] fl_ids.fl.client: Client 5: no benign validation samples to evaluate on
2026-09-25 03:58:35,048 [INFO] fl_ids.eval.simulation: Round 17: mean_val_loss=54460591488082.1172, comm_bytes=583920
2026-09-25 03:58:35,168 [INFO] fl_ids.fl.client: Client 0 round 18: 10 of 114 boosting-passed rows flagged; surfacing 10
2026-09-25 03:58:35,489 [INFO] fl_ids.fl.client: Client 1 round 18: 6 of 686 boosting-passed rows flagged; surfacing 6
2026-09-25 03:58:35,880 [INFO] fl_ids.fl.client: Client 2 round 18: 7 of 289 boosting-passed rows flagged; surfacing 7
2026-09-25 03:58:37,190 [INFO] fl_ids.fl.client: Client 3 round 18: 163 of 5648 boosting-passed rows flagged; surfacing 50
2026-09-25 03:58:40,573 [INFO] fl_ids.fl.client: Client 4 round 18: 320 of 11385 boosting-passed rows flagged; surfacing 50
2026-09-25 03:58:44,681 [INFO] fl_ids.fl.client: Client 6 round 18: 69 of 2726 boosting-passed rows flagged; surfacing 50
2026-09-25 03:58:45,726 [INFO] fl_ids.fl.client: Client 7 round 18: 2 of 686 boosting-passed rows flagged; surfacing 2
2026-09-25 03:58:47,920 [INFO] fl_ids.fl.client: Client 8 round 18: 350 of 10204 boosting-passed rows flagged; surfacing 50
2026-09-25 03:58:51,826 [INFO] fl_ids.fl.client: Client 9 round 18: 29 of 936 boosting-passed rows flagged; surfacing 29
2026-09-25 03:59:32,058 [INFO] fl_ids.models.boosting: Continued boosting training: +50 trees on 94516 rows (now 600 trees)
2026-09-25 03:59:32,058 [INFO] fl_ids.models.boosting_update: Round 18: boosting v7 (continue) from 254 alerts ({'Normal': 254}); 0 from excluded clients ignored
2026-09-25 03:59:32,313 [WARNING] fl_ids.fl.client: Client 5: no benign validation samples to evaluate on
2026-09-25 03:59:32,323 [INFO] fl_ids.eval.simulation: Round 18: mean_val_loss=119632078145491.7500, comm_bytes=583920
2026-09-25 03:59:49,808 [WARNING] fl_ids.fl.client: Client 5: no benign validation samples to evaluate on
2026-09-25 03:59:49,821 [INFO] fl_ids.eval.simulation: Round 19: mean_val_loss=244234907488455.4688, comm_bytes=583920
2026-09-25 04:00:08,913 [WARNING] fl_ids.fl.client: Client 5: no benign validation samples to evaluate on
2026-09-25 04:00:08,934 [INFO] fl_ids.eval.simulation: Round 20: mean_val_loss=475258487219594.8125, comm_bytes=583920
2026-09-25 04:00:08,966 [WARNING] fl_ids.eval.common: Clients [5] have no benign validation rows (infinite threshold); 135 test rows can't be flagged by the autoencoder
2026-09-25 04:00:10,008 [INFO] fl_ids.eval.zero_day: zero-day holdout=Vulnerability_scanner run=plain_fedavg: detection_rate=0.104
2026-09-25 04:00:24,228 [WARNING] fl_ids.fl.client: Client 5: no benign validation samples to evaluate on
2026-09-25 04:00:24,241 [INFO] fl_ids.eval.simulation: Round 1: mean_val_loss=0.3374, comm_bytes=583920
2026-09-25 04:00:34,991 [WARNING] fl_ids.fl.client: Client 5: no benign validation samples to evaluate on
2026-09-25 04:00:35,003 [INFO] fl_ids.eval.simulation: Round 2: mean_val_loss=0.3526, comm_bytes=583920
2026-09-25 04:00:35,084 [INFO] fl_ids.fl.client: Client 0 round 3: 9 of 113 boosting-passed rows flagged; surfacing 9
2026-09-25 04:00:35,307 [INFO] fl_ids.fl.client: Client 1 round 3: 11 of 683 boosting-passed rows flagged; surfacing 11
2026-09-25 04:00:35,591 [INFO] fl_ids.fl.client: Client 2 round 3: 7 of 300 boosting-passed rows flagged; surfacing 7
2026-09-25 04:00:36,242 [INFO] fl_ids.fl.client: Client 3 round 3: 158 of 5646 boosting-passed rows flagged; surfacing 50
2026-09-25 04:00:38,437 [INFO] fl_ids.fl.client: Client 4 round 3: 324 of 11386 boosting-passed rows flagged; surfacing 50
2026-09-25 04:00:41,446 [INFO] fl_ids.fl.client: Client 6 round 3: 76 of 2735 boosting-passed rows flagged; surfacing 50
2026-09-25 04:00:42,279 [INFO] fl_ids.fl.client: Client 7 round 3: 2 of 696 boosting-passed rows flagged; surfacing 2
2026-09-25 04:00:43,278 [INFO] fl_ids.fl.client: Client 8 round 3: 341 of 10203 boosting-passed rows flagged; surfacing 50
2026-09-25 04:00:45,739 [INFO] fl_ids.fl.client: Client 9 round 3: 23 of 935 boosting-passed rows flagged; surfacing 23
2026-09-25 04:01:07,130 [INFO] fl_ids.models.boosting: Continued boosting training: +50 trees on 93236 rows (now 350 trees)
2026-09-25 04:01:07,131 [INFO] fl_ids.models.boosting_update: Round 3: boosting v2 (continue) from 252 alerts ({'Normal': 252}); 0 from excluded clients ignored
2026-09-25 04:01:07,412 [WARNING] fl_ids.fl.client: Client 5: no benign validation samples to evaluate on
2026-09-25 04:01:07,462 [INFO] fl_ids.eval.simulation: Round 3: mean_val_loss=0.3811, comm_bytes=583920
2026-09-25 04:01:22,064 [WARNING] fl_ids.fl.client: Client 5: no benign validation samples to evaluate on
2026-09-25 04:01:22,078 [INFO] fl_ids.eval.simulation: Round 4: mean_val_loss=0.4625, comm_bytes=583920
2026-09-25 04:01:36,783 [WARNING] fl_ids.fl.client: Client 5: no benign validation samples to evaluate on
2026-09-25 04:01:36,796 [INFO] fl_ids.eval.simulation: Round 5: mean_val_loss=0.6721, comm_bytes=583920
2026-09-25 04:01:36,874 [INFO] fl_ids.fl.client: Client 0 round 6: 8 of 113 boosting-passed rows flagged; surfacing 8
2026-09-25 04:01:37,070 [INFO] fl_ids.fl.client: Client 1 round 6: 8 of 684 boosting-passed rows flagged; surfacing 8
2026-09-25 04:01:37,433 [INFO] fl_ids.fl.client: Client 2 round 6: 7 of 296 boosting-passed rows flagged; surfacing 7
2026-09-25 04:01:38,073 [INFO] fl_ids.fl.client: Client 3 round 6: 163 of 5647 boosting-passed rows flagged; surfacing 50
2026-09-25 04:01:40,355 [INFO] fl_ids.fl.client: Client 4 round 6: 328 of 11384 boosting-passed rows flagged; surfacing 50
2026-09-25 04:01:43,442 [INFO] fl_ids.fl.client: Client 6 round 6: 91 of 2732 boosting-passed rows flagged; surfacing 50
2026-09-25 04:01:44,284 [INFO] fl_ids.fl.client: Client 7 round 6: 2 of 695 boosting-passed rows flagged; surfacing 2
2026-09-25 04:01:45,431 [INFO] fl_ids.fl.client: Client 8 round 6: 345 of 10203 boosting-passed rows flagged; surfacing 50
2026-09-25 04:01:47,879 [INFO] fl_ids.fl.client: Client 9 round 6: 24 of 937 boosting-passed rows flagged; surfacing 24
2026-09-25 04:02:08,505 [INFO] fl_ids.models.boosting: Continued boosting training: +50 trees on 93485 rows (now 400 trees)
2026-09-25 04:02:08,505 [INFO] fl_ids.models.boosting_update: Round 6: boosting v3 (continue) from 249 alerts ({'Normal': 249}); 0 from excluded clients ignored
2026-09-25 04:02:08,679 [WARNING] fl_ids.fl.client: Client 5: no benign validation samples to evaluate on
2026-09-25 04:02:08,689 [INFO] fl_ids.eval.simulation: Round 6: mean_val_loss=1.1840, comm_bytes=583920
2026-09-25 04:02:24,576 [WARNING] fl_ids.fl.client: Client 5: no benign validation samples to evaluate on
2026-09-25 04:02:24,592 [INFO] fl_ids.eval.simulation: Round 7: mean_val_loss=2.2997, comm_bytes=583920
2026-09-25 04:02:39,669 [WARNING] fl_ids.fl.client: Client 5: no benign validation samples to evaluate on
2026-09-25 04:02:39,704 [INFO] fl_ids.eval.simulation: Round 8: mean_val_loss=5.1611, comm_bytes=583920
2026-09-25 04:02:39,935 [INFO] fl_ids.fl.client: Client 0 round 9: 8 of 112 boosting-passed rows flagged; surfacing 8
2026-09-25 04:02:40,501 [INFO] fl_ids.fl.client: Client 1 round 9: 9 of 685 boosting-passed rows flagged; surfacing 9
2026-09-25 04:02:41,104 [INFO] fl_ids.fl.client: Client 2 round 9: 8 of 295 boosting-passed rows flagged; surfacing 8
2026-09-25 04:02:41,861 [INFO] fl_ids.fl.client: Client 3 round 9: 154 of 5648 boosting-passed rows flagged; surfacing 50
2026-09-25 04:02:44,741 [INFO] fl_ids.fl.client: Client 4 round 9: 362 of 11383 boosting-passed rows flagged; surfacing 50
2026-09-25 04:02:50,376 [INFO] fl_ids.fl.client: Client 6 round 9: 83 of 2734 boosting-passed rows flagged; surfacing 50
2026-09-25 04:02:51,320 [INFO] fl_ids.fl.client: Client 7 round 9: 2 of 690 boosting-passed rows flagged; surfacing 2
2026-09-25 04:02:52,528 [INFO] fl_ids.fl.client: Client 8 round 9: 301 of 10203 boosting-passed rows flagged; surfacing 50
2026-09-25 04:02:55,744 [INFO] fl_ids.fl.client: Client 9 round 9: 52 of 937 boosting-passed rows flagged; surfacing 50
2026-09-25 04:03:19,323 [INFO] fl_ids.models.boosting: Continued boosting training: +50 trees on 93762 rows (now 450 trees)
2026-09-25 04:03:19,323 [INFO] fl_ids.models.boosting_update: Round 9: boosting v4 (continue) from 277 alerts ({'Normal': 267, 'Password': 2, 'SQL_injection': 3, 'Uploading': 4, 'XSS': 1}); 0 from excluded clients ignored
2026-09-25 04:03:19,525 [WARNING] fl_ids.fl.client: Client 5: no benign validation samples to evaluate on
2026-09-25 04:03:19,536 [INFO] fl_ids.eval.simulation: Round 9: mean_val_loss=11.6337, comm_bytes=583920
2026-09-25 04:03:32,488 [WARNING] fl_ids.fl.client: Client 5: no benign validation samples to evaluate on
2026-09-25 04:03:32,500 [INFO] fl_ids.eval.simulation: Round 10: mean_val_loss=25.1055, comm_bytes=583920
2026-09-25 04:03:48,661 [WARNING] fl_ids.fl.client: Client 5: no benign validation samples to evaluate on
2026-09-25 04:03:48,698 [INFO] fl_ids.eval.simulation: Round 11: mean_val_loss=51.5039, comm_bytes=583920
2026-09-25 04:03:48,913 [INFO] fl_ids.fl.client: Client 0 round 12: 8 of 113 boosting-passed rows flagged; surfacing 8
2026-09-25 04:03:49,514 [INFO] fl_ids.fl.client: Client 1 round 12: 13 of 687 boosting-passed rows flagged; surfacing 13
2026-09-25 04:03:50,294 [INFO] fl_ids.fl.client: Client 2 round 12: 10 of 291 boosting-passed rows flagged; surfacing 10
2026-09-25 04:03:51,234 [INFO] fl_ids.fl.client: Client 3 round 12: 148 of 5647 boosting-passed rows flagged; surfacing 50
2026-09-25 04:03:53,901 [INFO] fl_ids.fl.client: Client 4 round 12: 390 of 11384 boosting-passed rows flagged; surfacing 50
2026-09-25 04:03:58,970 [INFO] fl_ids.fl.client: Client 6 round 12: 76 of 2733 boosting-passed rows flagged; surfacing 50
2026-09-25 04:04:01,615 [INFO] fl_ids.fl.client: Client 7 round 12: 8 of 687 boosting-passed rows flagged; surfacing 8
2026-09-25 04:04:03,046 [INFO] fl_ids.fl.client: Client 8 round 12: 271 of 10202 boosting-passed rows flagged; surfacing 50
2026-09-25 04:04:06,395 [INFO] fl_ids.fl.client: Client 9 round 12: 36 of 938 boosting-passed rows flagged; surfacing 36
2026-09-25 04:04:40,265 [INFO] fl_ids.models.boosting: Continued boosting training: +50 trees on 94037 rows (now 500 trees)
2026-09-25 04:04:40,265 [INFO] fl_ids.models.boosting_update: Round 12: boosting v5 (continue) from 275 alerts ({'Normal': 272, 'Password': 2, 'SQL_injection': 1}); 0 from excluded clients ignored
2026-09-25 04:04:40,496 [WARNING] fl_ids.fl.client: Client 5: no benign validation samples to evaluate on
2026-09-25 04:04:40,507 [INFO] fl_ids.eval.simulation: Round 12: mean_val_loss=101.5830, comm_bytes=583920
2026-09-25 04:04:54,612 [WARNING] fl_ids.fl.client: Client 5: no benign validation samples to evaluate on
2026-09-25 04:04:54,627 [INFO] fl_ids.eval.simulation: Round 13: mean_val_loss=183.5884, comm_bytes=583920
2026-09-25 04:05:08,827 [WARNING] fl_ids.fl.client: Client 5: no benign validation samples to evaluate on
2026-09-25 04:05:08,840 [INFO] fl_ids.eval.simulation: Round 14: mean_val_loss=325.2670, comm_bytes=583920
2026-09-25 04:05:08,984 [INFO] fl_ids.fl.client: Client 0 round 15: 8 of 113 boosting-passed rows flagged; surfacing 8
2026-09-25 04:05:09,354 [INFO] fl_ids.fl.client: Client 1 round 15: 9 of 688 boosting-passed rows flagged; surfacing 9
2026-09-25 04:05:09,720 [INFO] fl_ids.fl.client: Client 2 round 15: 7 of 287 boosting-passed rows flagged; surfacing 7
2026-09-25 04:05:10,819 [INFO] fl_ids.fl.client: Client 3 round 15: 149 of 5646 boosting-passed rows flagged; surfacing 50
2026-09-25 04:05:13,631 [INFO] fl_ids.fl.client: Client 4 round 15: 403 of 11384 boosting-passed rows flagged; surfacing 50
2026-09-25 04:05:19,219 [INFO] fl_ids.fl.client: Client 6 round 15: 76 of 2731 boosting-passed rows flagged; surfacing 50
2026-09-25 04:05:20,854 [INFO] fl_ids.fl.client: Client 7 round 15: 4 of 681 boosting-passed rows flagged; surfacing 4
2026-09-25 04:05:22,689 [INFO] fl_ids.fl.client: Client 8 round 15: 304 of 10203 boosting-passed rows flagged; surfacing 50
2026-09-25 04:05:26,782 [INFO] fl_ids.fl.client: Client 9 round 15: 32 of 935 boosting-passed rows flagged; surfacing 32
2026-09-25 04:06:08,121 [INFO] fl_ids.models.boosting: Continued boosting training: +50 trees on 94297 rows (now 550 trees)
2026-09-25 04:06:08,121 [INFO] fl_ids.models.boosting_update: Round 15: boosting v6 (continue) from 260 alerts ({'Normal': 260}); 0 from excluded clients ignored
2026-09-25 04:06:08,427 [WARNING] fl_ids.fl.client: Client 5: no benign validation samples to evaluate on
2026-09-25 04:06:08,446 [INFO] fl_ids.eval.simulation: Round 15: mean_val_loss=580.1172, comm_bytes=583920
2026-09-25 04:06:24,877 [WARNING] fl_ids.fl.client: Client 5: no benign validation samples to evaluate on
2026-09-25 04:06:24,890 [INFO] fl_ids.eval.simulation: Round 16: mean_val_loss=1029.1811, comm_bytes=583920
2026-09-25 04:06:38,707 [WARNING] fl_ids.fl.client: Client 5: no benign validation samples to evaluate on
2026-09-25 04:06:38,719 [INFO] fl_ids.eval.simulation: Round 17: mean_val_loss=1724.2765, comm_bytes=583920
2026-09-25 04:06:38,869 [INFO] fl_ids.fl.client: Client 0 round 18: 8 of 113 boosting-passed rows flagged; surfacing 8
2026-09-25 04:06:39,249 [INFO] fl_ids.fl.client: Client 1 round 18: 14 of 686 boosting-passed rows flagged; surfacing 14
2026-09-25 04:06:39,619 [INFO] fl_ids.fl.client: Client 2 round 18: 8 of 287 boosting-passed rows flagged; surfacing 8
2026-09-25 04:06:40,741 [INFO] fl_ids.fl.client: Client 3 round 18: 149 of 5645 boosting-passed rows flagged; surfacing 50
2026-09-25 04:06:43,752 [INFO] fl_ids.fl.client: Client 4 round 18: 398 of 11385 boosting-passed rows flagged; surfacing 50
2026-09-25 04:06:47,022 [INFO] fl_ids.fl.client: Client 6 round 18: 77 of 2728 boosting-passed rows flagged; surfacing 50
2026-09-25 04:06:48,021 [INFO] fl_ids.fl.client: Client 7 round 18: 3 of 683 boosting-passed rows flagged; surfacing 3
2026-09-25 04:06:49,827 [INFO] fl_ids.fl.client: Client 8 round 18: 292 of 10204 boosting-passed rows flagged; surfacing 50
2026-09-25 04:06:52,363 [INFO] fl_ids.fl.client: Client 9 round 18: 29 of 937 boosting-passed rows flagged; surfacing 29
2026-09-25 04:07:35,374 [INFO] fl_ids.models.boosting: Continued boosting training: +50 trees on 94559 rows (now 600 trees)
2026-09-25 04:07:35,375 [INFO] fl_ids.models.boosting_update: Round 18: boosting v7 (continue) from 262 alerts ({'Normal': 262}); 0 from excluded clients ignored
2026-09-25 04:07:35,635 [WARNING] fl_ids.fl.client: Client 5: no benign validation samples to evaluate on
2026-09-25 04:07:35,646 [INFO] fl_ids.eval.simulation: Round 18: mean_val_loss=2758.8748, comm_bytes=583920
2026-09-25 04:07:50,366 [WARNING] fl_ids.fl.client: Client 5: no benign validation samples to evaluate on
2026-09-25 04:07:50,378 [INFO] fl_ids.eval.simulation: Round 19: mean_val_loss=4155.4985, comm_bytes=583920
2026-09-25 04:08:07,444 [WARNING] fl_ids.fl.client: Client 5: no benign validation samples to evaluate on
2026-09-25 04:08:07,457 [INFO] fl_ids.eval.simulation: Round 20: mean_val_loss=6134.4854, comm_bytes=583920
2026-09-25 04:08:07,489 [WARNING] fl_ids.eval.common: Clients [5] have no benign validation rows (infinite threshold); 135 test rows can't be flagged by the autoencoder
2026-09-25 04:08:08,116 [INFO] fl_ids.eval.zero_day: zero-day holdout=Vulnerability_scanner run=trimmed_mean_only: detection_rate=0.100
2026-09-25 04:08:22,996 [WARNING] fl_ids.fl.client: Client 5: no benign validation samples to evaluate on
2026-09-25 04:08:23,026 [INFO] fl_ids.eval.simulation: Round 1: mean_val_loss=0.2421, comm_bytes=583920
2026-09-25 04:08:38,186 [WARNING] fl_ids.fl.client: Client 5: no benign validation samples to evaluate on
2026-09-25 04:08:38,199 [INFO] fl_ids.eval.simulation: Round 2: mean_val_loss=0.0851, comm_bytes=583920
2026-09-25 04:08:38,223 [INFO] fl_ids.fl.client: Client 0 round 3: 53 of 794 boosting-passed rows flagged; surfacing 50
2026-09-25 04:08:38,471 [INFO] fl_ids.fl.client: Client 1 round 3: 97 of 2304 boosting-passed rows flagged; surfacing 50
2026-09-25 04:08:39,053 [INFO] fl_ids.fl.client: Client 2 round 3: 21 of 1053 boosting-passed rows flagged; surfacing 21
2026-09-25 04:08:39,367 [INFO] fl_ids.fl.client: Client 3 round 3: 494 of 7615 boosting-passed rows flagged; surfacing 50
2026-09-25 04:08:41,351 [INFO] fl_ids.fl.client: Client 4 round 3: 667 of 12378 boosting-passed rows flagged; surfacing 50
2026-09-25 04:08:44,442 [INFO] fl_ids.fl.client: Client 6 round 3: 295 of 3668 boosting-passed rows flagged; surfacing 50
2026-09-25 04:08:45,291 [INFO] fl_ids.fl.client: Client 7 round 3: 36 of 2057 boosting-passed rows flagged; surfacing 36
2026-09-25 04:08:45,812 [INFO] fl_ids.fl.client: Client 8 round 3: 571 of 12174 boosting-passed rows flagged; surfacing 50
2026-09-25 04:08:48,561 [INFO] fl_ids.fl.client: Client 9 round 3: 110 of 1395 boosting-passed rows flagged; surfacing 50
2026-09-25 04:09:06,110 [INFO] fl_ids.models.boosting: Continued boosting training: +50 trees on 93241 rows (now 350 trees)
2026-09-25 04:09:06,111 [INFO] fl_ids.models.boosting_update: Round 3: boosting v2 (continue) from 257 alerts ({'DDoS_HTTP': 14, 'DDoS_ICMP': 8, 'DDoS_TCP': 28, 'DDoS_UDP': 30, 'Fingerprinting': 3, 'MITM': 2, 'Normal': 99, 'Password': 41, 'Port_Scanning': 2, 'Ransomware': 3, 'SQL_injection': 13, 'Uploading': 1, 'XSS': 13}); 150 from excluded clients ignored
2026-09-25 04:09:06,310 [WARNING] fl_ids.fl.client: Client 5: no benign validation samples to evaluate on
2026-09-25 04:09:06,340 [INFO] fl_ids.eval.simulation: Round 3: mean_val_loss=0.0421, comm_bytes=583920
2026-09-25 04:09:21,688 [WARNING] fl_ids.fl.client: Client 5: no benign validation samples to evaluate on
2026-09-25 04:09:21,700 [INFO] fl_ids.eval.simulation: Round 4: mean_val_loss=0.0314, comm_bytes=583920
2026-09-25 04:09:36,835 [WARNING] fl_ids.fl.client: Client 5: no benign validation samples to evaluate on
2026-09-25 04:09:36,855 [INFO] fl_ids.eval.simulation: Round 5: mean_val_loss=0.0284, comm_bytes=583920
2026-09-25 04:09:36,986 [INFO] fl_ids.fl.client: Client 0 round 6: 239 of 794 boosting-passed rows flagged; surfacing 50
2026-09-25 04:09:37,447 [INFO] fl_ids.fl.client: Client 1 round 6: 144 of 2304 boosting-passed rows flagged; surfacing 50
2026-09-25 04:09:38,121 [INFO] fl_ids.fl.client: Client 2 round 6: 28 of 1053 boosting-passed rows flagged; surfacing 28
2026-09-25 04:09:38,493 [INFO] fl_ids.fl.client: Client 3 round 6: 1016 of 7615 boosting-passed rows flagged; surfacing 50
2026-09-25 04:09:40,991 [INFO] fl_ids.fl.client: Client 4 round 6: 577 of 12378 boosting-passed rows flagged; surfacing 50
2026-09-25 04:09:45,250 [INFO] fl_ids.fl.client: Client 6 round 6: 404 of 3668 boosting-passed rows flagged; surfacing 50
2026-09-25 04:09:46,324 [INFO] fl_ids.fl.client: Client 7 round 6: 73 of 2057 boosting-passed rows flagged; surfacing 50
2026-09-25 04:09:46,841 [INFO] fl_ids.fl.client: Client 8 round 6: 523 of 12174 boosting-passed rows flagged; surfacing 50
2026-09-25 04:09:49,631 [INFO] fl_ids.fl.client: Client 9 round 6: 108 of 1395 boosting-passed rows flagged; surfacing 50
2026-09-25 04:10:10,088 [INFO] fl_ids.models.boosting: Continued boosting training: +50 trees on 93519 rows (now 400 trees)
2026-09-25 04:10:10,089 [INFO] fl_ids.models.boosting_update: Round 6: boosting v3 (continue) from 278 alerts ({'Backdoor': 1, 'DDoS_HTTP': 12, 'DDoS_ICMP': 37, 'DDoS_TCP': 11, 'DDoS_UDP': 44, 'Fingerprinting': 5, 'MITM': 2, 'Normal': 89, 'Password': 32, 'Port_Scanning': 1, 'SQL_injection': 33, 'Uploading': 2, 'XSS': 9}); 150 from excluded clients ignored
2026-09-25 04:10:10,264 [WARNING] fl_ids.fl.client: Client 5: no benign validation samples to evaluate on
2026-09-25 04:10:10,274 [INFO] fl_ids.eval.simulation: Round 6: mean_val_loss=0.0274, comm_bytes=583920
2026-09-25 04:10:23,212 [WARNING] fl_ids.fl.client: Client 5: no benign validation samples to evaluate on
2026-09-25 04:10:23,225 [INFO] fl_ids.eval.simulation: Round 7: mean_val_loss=0.0267, comm_bytes=583920
2026-09-25 04:10:39,122 [WARNING] fl_ids.fl.client: Client 5: no benign validation samples to evaluate on
2026-09-25 04:10:39,135 [INFO] fl_ids.eval.simulation: Round 8: mean_val_loss=0.0342, comm_bytes=583920
2026-09-25 04:10:39,206 [INFO] fl_ids.fl.client: Client 0 round 9: 236 of 794 boosting-passed rows flagged; surfacing 50
2026-09-25 04:10:39,500 [INFO] fl_ids.fl.client: Client 1 round 9: 152 of 2304 boosting-passed rows flagged; surfacing 50
2026-09-25 04:10:40,254 [INFO] fl_ids.fl.client: Client 2 round 9: 31 of 1053 boosting-passed rows flagged; surfacing 31
2026-09-25 04:10:41,044 [INFO] fl_ids.fl.client: Client 3 round 9: 1126 of 7615 boosting-passed rows flagged; surfacing 50
2026-09-25 04:10:43,315 [INFO] fl_ids.fl.client: Client 4 round 9: 410 of 12378 boosting-passed rows flagged; surfacing 50
2026-09-25 04:10:48,032 [INFO] fl_ids.fl.client: Client 6 round 9: 354 of 3668 boosting-passed rows flagged; surfacing 50
2026-09-25 04:10:49,978 [INFO] fl_ids.fl.client: Client 7 round 9: 34 of 2057 boosting-passed rows flagged; surfacing 34
2026-09-25 04:10:50,651 [INFO] fl_ids.fl.client: Client 8 round 9: 501 of 12174 boosting-passed rows flagged; surfacing 50
2026-09-25 04:10:54,513 [INFO] fl_ids.fl.client: Client 9 round 9: 163 of 1395 boosting-passed rows flagged; surfacing 50
2026-09-25 04:11:18,805 [INFO] fl_ids.models.boosting: Continued boosting training: +50 trees on 93884 rows (now 450 trees)
2026-09-25 04:11:18,806 [INFO] fl_ids.models.boosting_update: Round 9: boosting v4 (continue) from 365 alerts ({'Backdoor': 1, 'DDoS_HTTP': 12, 'DDoS_ICMP': 85, 'DDoS_TCP': 9, 'DDoS_UDP': 30, 'Fingerprinting': 5, 'MITM': 5, 'Normal': 135, 'Password': 35, 'Port_Scanning': 11, 'SQL_injection': 7, 'Uploading': 11, 'XSS': 19}); 50 from excluded clients ignored
2026-09-25 04:11:19,008 [WARNING] fl_ids.fl.client: Client 5: no benign validation samples to evaluate on
2026-09-25 04:11:19,020 [INFO] fl_ids.eval.simulation: Round 9: mean_val_loss=0.0533, comm_bytes=583920
2026-09-25 04:11:29,747 [WARNING] fl_ids.fl.client: Client 5: no benign validation samples to evaluate on
2026-09-25 04:11:29,758 [INFO] fl_ids.eval.simulation: Round 10: mean_val_loss=0.0277, comm_bytes=583920
2026-09-25 04:11:44,932 [WARNING] fl_ids.fl.client: Client 5: no benign validation samples to evaluate on
2026-09-25 04:11:44,945 [INFO] fl_ids.eval.simulation: Round 11: mean_val_loss=0.0339, comm_bytes=583920
2026-09-25 04:11:45,021 [INFO] fl_ids.fl.client: Client 0 round 12: 219 of 794 boosting-passed rows flagged; surfacing 50
2026-09-25 04:11:45,332 [INFO] fl_ids.fl.client: Client 1 round 12: 142 of 2304 boosting-passed rows flagged; surfacing 50
2026-09-25 04:11:46,098 [INFO] fl_ids.fl.client: Client 2 round 12: 26 of 1053 boosting-passed rows flagged; surfacing 26
2026-09-25 04:11:46,529 [INFO] fl_ids.fl.client: Client 3 round 12: 937 of 7615 boosting-passed rows flagged; surfacing 50
2026-09-25 04:11:49,245 [INFO] fl_ids.fl.client: Client 4 round 12: 440 of 12378 boosting-passed rows flagged; surfacing 50
2026-09-25 04:11:54,511 [INFO] fl_ids.fl.client: Client 6 round 12: 345 of 3668 boosting-passed rows flagged; surfacing 50
2026-09-25 04:11:55,599 [INFO] fl_ids.fl.client: Client 7 round 12: 41 of 2057 boosting-passed rows flagged; surfacing 41
2026-09-25 04:11:56,281 [INFO] fl_ids.fl.client: Client 8 round 12: 448 of 12174 boosting-passed rows flagged; surfacing 50
2026-09-25 04:12:00,887 [INFO] fl_ids.fl.client: Client 9 round 12: 156 of 1395 boosting-passed rows flagged; surfacing 50
2026-09-25 04:12:33,240 [INFO] fl_ids.models.boosting: Continued boosting training: +50 trees on 94251 rows (now 500 trees)
2026-09-25 04:12:33,240 [INFO] fl_ids.models.boosting_update: Round 12: boosting v5 (continue) from 367 alerts ({'DDoS_HTTP': 14, 'DDoS_ICMP': 77, 'DDoS_TCP': 13, 'DDoS_UDP': 32, 'Fingerprinting': 5, 'MITM': 7, 'Normal': 127, 'Password': 29, 'Port_Scanning': 11, 'SQL_injection': 18, 'Uploading': 18, 'XSS': 16}); 50 from excluded clients ignored
2026-09-25 04:12:33,465 [WARNING] fl_ids.fl.client: Client 5: no benign validation samples to evaluate on
2026-09-25 04:12:33,476 [INFO] fl_ids.eval.simulation: Round 12: mean_val_loss=0.0515, comm_bytes=583920
2026-09-25 04:12:44,372 [WARNING] fl_ids.fl.client: Client 5: no benign validation samples to evaluate on
2026-09-25 04:12:44,384 [INFO] fl_ids.eval.simulation: Round 13: mean_val_loss=0.0178, comm_bytes=583920
2026-09-25 04:12:55,232 [WARNING] fl_ids.fl.client: Client 5: no benign validation samples to evaluate on
2026-09-25 04:12:55,244 [INFO] fl_ids.eval.simulation: Round 14: mean_val_loss=0.0212, comm_bytes=583920
2026-09-25 04:12:55,320 [INFO] fl_ids.fl.client: Client 0 round 15: 175 of 794 boosting-passed rows flagged; surfacing 50
2026-09-25 04:12:55,568 [INFO] fl_ids.fl.client: Client 1 round 15: 135 of 2304 boosting-passed rows flagged; surfacing 50
2026-09-25 04:12:56,142 [INFO] fl_ids.fl.client: Client 2 round 15: 21 of 1053 boosting-passed rows flagged; surfacing 21
2026-09-25 04:12:56,447 [INFO] fl_ids.fl.client: Client 3 round 15: 1067 of 7615 boosting-passed rows flagged; surfacing 50
2026-09-25 04:12:59,463 [INFO] fl_ids.fl.client: Client 4 round 15: 481 of 12378 boosting-passed rows flagged; surfacing 50
2026-09-25 04:13:04,057 [INFO] fl_ids.fl.client: Client 6 round 15: 332 of 3668 boosting-passed rows flagged; surfacing 50
2026-09-25 04:13:05,146 [INFO] fl_ids.fl.client: Client 7 round 15: 31 of 2057 boosting-passed rows flagged; surfacing 31
2026-09-25 04:13:05,858 [INFO] fl_ids.fl.client: Client 8 round 15: 471 of 12174 boosting-passed rows flagged; surfacing 50
2026-09-25 04:13:10,562 [INFO] fl_ids.fl.client: Client 9 round 15: 139 of 1395 boosting-passed rows flagged; surfacing 50
2026-09-25 04:13:51,588 [INFO] fl_ids.models.boosting: Continued boosting training: +50 trees on 94603 rows (now 550 trees)
2026-09-25 04:13:51,588 [INFO] fl_ids.models.boosting_update: Round 15: boosting v6 (continue) from 352 alerts ({'DDoS_HTTP': 13, 'DDoS_ICMP': 61, 'DDoS_TCP': 19, 'DDoS_UDP': 24, 'Fingerprinting': 5, 'MITM': 4, 'Normal': 133, 'Password': 38, 'Port_Scanning': 8, 'SQL_injection': 13, 'Uploading': 15, 'XSS': 19}); 50 from excluded clients ignored
2026-09-25 04:13:51,942 [WARNING] fl_ids.fl.client: Client 5: no benign validation samples to evaluate on
2026-09-25 04:13:51,957 [INFO] fl_ids.eval.simulation: Round 15: mean_val_loss=0.0377, comm_bytes=583920
2026-09-25 04:14:06,253 [WARNING] fl_ids.fl.client: Client 5: no benign validation samples to evaluate on
2026-09-25 04:14:06,265 [INFO] fl_ids.eval.simulation: Round 16: mean_val_loss=0.0226, comm_bytes=583920
2026-09-25 04:14:16,972 [WARNING] fl_ids.fl.client: Client 5: no benign validation samples to evaluate on
2026-09-25 04:14:16,984 [INFO] fl_ids.eval.simulation: Round 17: mean_val_loss=0.0390, comm_bytes=583920
2026-09-25 04:14:17,067 [INFO] fl_ids.fl.client: Client 0 round 18: 238 of 794 boosting-passed rows flagged; surfacing 50
2026-09-25 04:14:17,335 [INFO] fl_ids.fl.client: Client 1 round 18: 121 of 2304 boosting-passed rows flagged; surfacing 50
2026-09-25 04:14:17,915 [INFO] fl_ids.fl.client: Client 2 round 18: 21 of 1053 boosting-passed rows flagged; surfacing 21
2026-09-25 04:14:18,237 [INFO] fl_ids.fl.client: Client 3 round 18: 920 of 7615 boosting-passed rows flagged; surfacing 50
2026-09-25 04:14:20,003 [INFO] fl_ids.fl.client: Client 4 round 18: 459 of 12378 boosting-passed rows flagged; surfacing 50
2026-09-25 04:14:23,039 [INFO] fl_ids.fl.client: Client 6 round 18: 325 of 3668 boosting-passed rows flagged; surfacing 50
2026-09-25 04:14:23,933 [INFO] fl_ids.fl.client: Client 7 round 18: 96 of 2057 boosting-passed rows flagged; surfacing 50
2026-09-25 04:14:24,466 [INFO] fl_ids.fl.client: Client 8 round 18: 422 of 12174 boosting-passed rows flagged; surfacing 50
2026-09-25 04:14:27,765 [INFO] fl_ids.fl.client: Client 9 round 18: 138 of 1395 boosting-passed rows flagged; surfacing 50
2026-09-25 04:15:10,539 [INFO] fl_ids.models.boosting: Continued boosting training: +50 trees on 94924 rows (now 600 trees)
2026-09-25 04:15:10,540 [INFO] fl_ids.models.boosting_update: Round 18: boosting v7 (continue) from 321 alerts ({'Backdoor': 1, 'DDoS_HTTP': 9, 'DDoS_ICMP': 44, 'DDoS_TCP': 16, 'DDoS_UDP': 22, 'Fingerprinting': 5, 'MITM': 1, 'Normal': 99, 'Password': 54, 'Port_Scanning': 5, 'Ransomware': 1, 'SQL_injection': 43, 'Uploading': 11, 'XSS': 10}); 100 from excluded clients ignored
2026-09-25 04:15:10,791 [WARNING] fl_ids.fl.client: Client 5: no benign validation samples to evaluate on
2026-09-25 04:15:10,801 [INFO] fl_ids.eval.simulation: Round 18: mean_val_loss=0.0190, comm_bytes=583920
2026-09-25 04:15:21,568 [WARNING] fl_ids.fl.client: Client 5: no benign validation samples to evaluate on
2026-09-25 04:15:21,580 [INFO] fl_ids.eval.simulation: Round 19: mean_val_loss=0.0348, comm_bytes=583920
2026-09-25 04:15:35,571 [WARNING] fl_ids.fl.client: Client 5: no benign validation samples to evaluate on
2026-09-25 04:15:35,584 [INFO] fl_ids.eval.simulation: Round 20: mean_val_loss=0.0184, comm_bytes=583920
2026-09-25 04:15:35,597 [WARNING] fl_ids.eval.common: Clients [5] have no benign validation rows (infinite threshold); 135 test rows can't be flagged by the autoencoder
2026-09-25 04:15:35,609 [INFO] fl_ids.eval.zero_day: zero-day holdout=Vulnerability_scanner run=autoencoder_only: detection_rate=0.680
2026-09-25 04:15:35,958 [INFO] fl_ids.eval.zero_day: zero-day holdout=Vulnerability_scanner run=boosting_only: detection_rate=0.103
2026-09-25 04:15:38,580 [INFO] fl_ids.eval.common: Excluded classes ['XSS'] from training: removed 753 calibration rows, 473 federated-pool rows
2026-09-25 04:15:38,580 [INFO] fl_ids.models.boosting: Training boosting classifier: 94732 samples, 15 classes, 300 rounds
2026-09-25 04:15:57,208 [WARNING] fl_ids.data.pipeline: Client 5 has zero benign validation samples (heavy Dirichlet skew or too few benign samples in its shard)
2026-09-25 04:15:57,236 [INFO] fl_ids.eval.common: Evaluation setup: 94732 calibration, 59527 federated pool (subsampled), 8925 test rows across 10 clients
2026-09-25 04:16:10,132 [WARNING] fl_ids.fl.client: Client 5: no benign validation samples to evaluate on
2026-09-25 04:16:10,146 [INFO] fl_ids.eval.simulation: Round 1: mean_val_loss=0.2459, comm_bytes=583920
2026-09-25 04:16:21,037 [WARNING] fl_ids.fl.client: Client 5: no benign validation samples to evaluate on
2026-09-25 04:16:21,048 [INFO] fl_ids.eval.simulation: Round 2: mean_val_loss=0.0648, comm_bytes=583920
2026-09-25 04:16:21,129 [INFO] fl_ids.fl.client: Client 0 round 3: 1 of 120 boosting-passed rows flagged; surfacing 1
2026-09-25 04:16:21,338 [INFO] fl_ids.fl.client: Client 1 round 3: 21 of 673 boosting-passed rows flagged; surfacing 21
2026-09-25 04:16:21,649 [INFO] fl_ids.fl.client: Client 2 round 3: 13 of 317 boosting-passed rows flagged; surfacing 13
2026-09-25 04:16:22,349 [INFO] fl_ids.fl.client: Client 3 round 3: 200 of 5635 boosting-passed rows flagged; surfacing 50
2026-09-25 04:16:24,480 [INFO] fl_ids.fl.client: Client 4 round 3: 399 of 11385 boosting-passed rows flagged; surfacing 50
2026-09-25 04:16:27,450 [INFO] fl_ids.fl.client: Client 6 round 3: 121 of 2714 boosting-passed rows flagged; surfacing 50
2026-09-25 04:16:28,261 [INFO] fl_ids.fl.client: Client 7 round 3: 10 of 687 boosting-passed rows flagged; surfacing 10
2026-09-25 04:16:29,233 [INFO] fl_ids.fl.client: Client 8 round 3: 405 of 10212 boosting-passed rows flagged; surfacing 50
2026-09-25 04:16:31,651 [INFO] fl_ids.fl.client: Client 9 round 3: 45 of 944 boosting-passed rows flagged; surfacing 45
2026-09-25 04:16:55,825 [INFO] fl_ids.models.boosting: Continued boosting training: +50 trees on 94926 rows (now 350 trees)
2026-09-25 04:16:55,825 [INFO] fl_ids.models.boosting_update: Round 3: boosting v2 (continue) from 194 alerts ({'Backdoor': 2, 'Normal': 191, 'Vulnerability_scanner': 1}); 96 from excluded clients ignored
2026-09-25 04:16:56,130 [WARNING] fl_ids.fl.client: Client 5: no benign validation samples to evaluate on
2026-09-25 04:16:56,218 [INFO] fl_ids.eval.simulation: Round 3: mean_val_loss=0.0239, comm_bytes=583920
2026-09-25 04:17:12,193 [WARNING] fl_ids.fl.client: Client 5: no benign validation samples to evaluate on
2026-09-25 04:17:12,229 [INFO] fl_ids.eval.simulation: Round 4: mean_val_loss=0.0228, comm_bytes=583920
2026-09-25 04:17:24,472 [WARNING] fl_ids.fl.client: Client 5: no benign validation samples to evaluate on
2026-09-25 04:17:24,484 [INFO] fl_ids.eval.simulation: Round 5: mean_val_loss=0.0214, comm_bytes=583920
2026-09-25 04:17:24,579 [INFO] fl_ids.fl.client: Client 0 round 6: 1 of 120 boosting-passed rows flagged; surfacing 1
2026-09-25 04:17:24,821 [INFO] fl_ids.fl.client: Client 1 round 6: 19 of 672 boosting-passed rows flagged; surfacing 19
2026-09-25 04:17:25,151 [INFO] fl_ids.fl.client: Client 2 round 6: 6 of 309 boosting-passed rows flagged; surfacing 6
2026-09-25 04:17:25,900 [INFO] fl_ids.fl.client: Client 3 round 6: 156 of 5634 boosting-passed rows flagged; surfacing 50
2026-09-25 04:17:28,229 [INFO] fl_ids.fl.client: Client 4 round 6: 329 of 11384 boosting-passed rows flagged; surfacing 50
2026-09-25 04:17:31,289 [INFO] fl_ids.fl.client: Client 6 round 6: 71 of 2713 boosting-passed rows flagged; surfacing 50
2026-09-25 04:17:32,143 [INFO] fl_ids.fl.client: Client 7 round 6: 7 of 684 boosting-passed rows flagged; surfacing 7
2026-09-25 04:17:33,287 [INFO] fl_ids.fl.client: Client 8 round 6: 369 of 10209 boosting-passed rows flagged; surfacing 50
2026-09-25 04:17:35,781 [INFO] fl_ids.fl.client: Client 9 round 6: 50 of 942 boosting-passed rows flagged; surfacing 50
2026-09-25 04:17:57,545 [INFO] fl_ids.models.boosting: Continued boosting training: +50 trees on 95108 rows (now 400 trees)
2026-09-25 04:17:57,545 [INFO] fl_ids.models.boosting_update: Round 6: boosting v3 (continue) from 182 alerts ({'Backdoor': 3, 'DDoS_HTTP': 1, 'Normal': 170, 'Port_Scanning': 1, 'SQL_injection': 1, 'Uploading': 3, 'Vulnerability_scanner': 3}); 101 from excluded clients ignored
2026-09-25 04:17:57,775 [WARNING] fl_ids.fl.client: Client 5: no benign validation samples to evaluate on
2026-09-25 04:17:57,798 [INFO] fl_ids.eval.simulation: Round 6: mean_val_loss=0.0204, comm_bytes=583920
2026-09-25 04:18:14,238 [WARNING] fl_ids.fl.client: Client 5: no benign validation samples to evaluate on
2026-09-25 04:18:14,251 [INFO] fl_ids.eval.simulation: Round 7: mean_val_loss=0.0245, comm_bytes=583920
2026-09-25 04:18:29,201 [WARNING] fl_ids.fl.client: Client 5: no benign validation samples to evaluate on
2026-09-25 04:18:29,217 [INFO] fl_ids.eval.simulation: Round 8: mean_val_loss=0.0255, comm_bytes=583920
2026-09-25 04:18:29,424 [INFO] fl_ids.fl.client: Client 0 round 9: 1 of 120 boosting-passed rows flagged; surfacing 1
2026-09-25 04:18:29,974 [INFO] fl_ids.fl.client: Client 1 round 9: 6 of 670 boosting-passed rows flagged; surfacing 6
2026-09-25 04:18:30,906 [INFO] fl_ids.fl.client: Client 2 round 9: 5 of 303 boosting-passed rows flagged; surfacing 5
2026-09-25 04:18:31,697 [INFO] fl_ids.fl.client: Client 3 round 9: 104 of 5634 boosting-passed rows flagged; surfacing 50
2026-09-25 04:18:34,215 [INFO] fl_ids.fl.client: Client 4 round 9: 296 of 11383 boosting-passed rows flagged; surfacing 50
2026-09-25 04:18:39,106 [INFO] fl_ids.fl.client: Client 6 round 9: 99 of 2710 boosting-passed rows flagged; surfacing 50
2026-09-25 04:18:40,071 [INFO] fl_ids.fl.client: Client 7 round 9: 6 of 679 boosting-passed rows flagged; surfacing 6
2026-09-25 04:18:41,264 [INFO] fl_ids.fl.client: Client 8 round 9: 271 of 10208 boosting-passed rows flagged; surfacing 50
2026-09-25 04:18:44,209 [INFO] fl_ids.fl.client: Client 9 round 9: 27 of 939 boosting-passed rows flagged; surfacing 27
2026-09-25 04:19:07,488 [INFO] fl_ids.models.boosting: Continued boosting training: +50 trees on 95302 rows (now 450 trees)
2026-09-25 04:19:07,488 [INFO] fl_ids.models.boosting_update: Round 9: boosting v4 (continue) from 194 alerts ({'Backdoor': 1, 'DDoS_HTTP': 1, 'Normal': 182, 'Port_Scanning': 4, 'Uploading': 5, 'Vulnerability_scanner': 1}); 51 from excluded clients ignored
2026-09-25 04:19:07,691 [WARNING] fl_ids.fl.client: Client 5: no benign validation samples to evaluate on
2026-09-25 04:19:07,701 [INFO] fl_ids.eval.simulation: Round 9: mean_val_loss=0.0257, comm_bytes=583920
2026-09-25 04:19:21,836 [WARNING] fl_ids.fl.client: Client 5: no benign validation samples to evaluate on
2026-09-25 04:19:21,849 [INFO] fl_ids.eval.simulation: Round 10: mean_val_loss=0.0254, comm_bytes=583920
2026-09-25 04:19:37,715 [WARNING] fl_ids.fl.client: Client 5: no benign validation samples to evaluate on
2026-09-25 04:19:37,737 [INFO] fl_ids.eval.simulation: Round 11: mean_val_loss=0.0373, comm_bytes=583920
2026-09-25 04:19:37,834 [INFO] fl_ids.fl.client: Client 0 round 12: 1 of 120 boosting-passed rows flagged; surfacing 1
2026-09-25 04:19:38,297 [INFO] fl_ids.fl.client: Client 1 round 12: 18 of 672 boosting-passed rows flagged; surfacing 18
2026-09-25 04:19:38,903 [INFO] fl_ids.fl.client: Client 2 round 12: 12 of 299 boosting-passed rows flagged; surfacing 12
2026-09-25 04:19:39,971 [INFO] fl_ids.fl.client: Client 3 round 12: 142 of 5628 boosting-passed rows flagged; surfacing 50
2026-09-25 04:19:43,297 [INFO] fl_ids.fl.client: Client 4 round 12: 260 of 11383 boosting-passed rows flagged; surfacing 50
2026-09-25 04:19:47,676 [INFO] fl_ids.fl.client: Client 6 round 12: 110 of 2708 boosting-passed rows flagged; surfacing 50
2026-09-25 04:19:48,637 [INFO] fl_ids.fl.client: Client 7 round 12: 9 of 678 boosting-passed rows flagged; surfacing 9
2026-09-25 04:19:50,446 [INFO] fl_ids.fl.client: Client 8 round 12: 272 of 10203 boosting-passed rows flagged; surfacing 50
2026-09-25 04:19:54,568 [INFO] fl_ids.fl.client: Client 9 round 12: 34 of 938 boosting-passed rows flagged; surfacing 34
2026-09-25 04:20:26,910 [INFO] fl_ids.models.boosting: Continued boosting training: +50 trees on 95492 rows (now 500 trees)
2026-09-25 04:20:26,910 [INFO] fl_ids.models.boosting_update: Round 12: boosting v5 (continue) from 190 alerts ({'Backdoor': 1, 'DDoS_HTTP': 1, 'Normal': 180, 'Port_Scanning': 7, 'Uploading': 1}); 84 from excluded clients ignored
2026-09-25 04:20:27,138 [WARNING] fl_ids.fl.client: Client 5: no benign validation samples to evaluate on
2026-09-25 04:20:27,149 [INFO] fl_ids.eval.simulation: Round 12: mean_val_loss=0.0172, comm_bytes=583920
2026-09-25 04:20:41,117 [WARNING] fl_ids.fl.client: Client 5: no benign validation samples to evaluate on
2026-09-25 04:20:41,130 [INFO] fl_ids.eval.simulation: Round 13: mean_val_loss=0.0298, comm_bytes=583920
2026-09-25 04:20:55,122 [WARNING] fl_ids.fl.client: Client 5: no benign validation samples to evaluate on
2026-09-25 04:20:55,134 [INFO] fl_ids.eval.simulation: Round 14: mean_val_loss=0.0394, comm_bytes=583920
2026-09-25 04:20:55,272 [INFO] fl_ids.fl.client: Client 0 round 15: 1 of 119 boosting-passed rows flagged; surfacing 1
2026-09-25 04:20:55,623 [INFO] fl_ids.fl.client: Client 1 round 15: 10 of 670 boosting-passed rows flagged; surfacing 10
2026-09-25 04:20:56,039 [INFO] fl_ids.fl.client: Client 2 round 15: 10 of 296 boosting-passed rows flagged; surfacing 10
2026-09-25 04:20:57,164 [INFO] fl_ids.fl.client: Client 3 round 15: 150 of 5629 boosting-passed rows flagged; surfacing 50
2026-09-25 04:21:00,607 [INFO] fl_ids.fl.client: Client 4 round 15: 350 of 11383 boosting-passed rows flagged; surfacing 50
2026-09-25 04:21:05,698 [INFO] fl_ids.fl.client: Client 6 round 15: 117 of 2704 boosting-passed rows flagged; surfacing 50
2026-09-25 04:21:06,857 [INFO] fl_ids.fl.client: Client 7 round 15: 9 of 671 boosting-passed rows flagged; surfacing 9
2026-09-25 04:21:08,385 [INFO] fl_ids.fl.client: Client 8 round 15: 274 of 10202 boosting-passed rows flagged; surfacing 50
2026-09-25 04:21:12,832 [INFO] fl_ids.fl.client: Client 9 round 15: 38 of 935 boosting-passed rows flagged; surfacing 38
2026-09-25 04:21:49,784 [INFO] fl_ids.models.boosting: Continued boosting training: +50 trees on 95671 rows (now 550 trees)
2026-09-25 04:21:49,786 [INFO] fl_ids.models.boosting_update: Round 15: boosting v6 (continue) from 179 alerts ({'Normal': 176, 'Port_Scanning': 2, 'Uploading': 1}); 89 from excluded clients ignored
2026-09-25 04:21:50,045 [WARNING] fl_ids.fl.client: Client 5: no benign validation samples to evaluate on
2026-09-25 04:21:50,056 [INFO] fl_ids.eval.simulation: Round 15: mean_val_loss=0.0200, comm_bytes=583920
2026-09-25 04:22:08,213 [WARNING] fl_ids.fl.client: Client 5: no benign validation samples to evaluate on
2026-09-25 04:22:08,226 [INFO] fl_ids.eval.simulation: Round 16: mean_val_loss=0.0381, comm_bytes=583920
2026-09-25 04:22:24,936 [WARNING] fl_ids.fl.client: Client 5: no benign validation samples to evaluate on
2026-09-25 04:22:24,947 [INFO] fl_ids.eval.simulation: Round 17: mean_val_loss=0.0172, comm_bytes=583920
2026-09-25 04:22:25,093 [INFO] fl_ids.fl.client: Client 0 round 18: 1 of 119 boosting-passed rows flagged; surfacing 1
2026-09-25 04:22:25,450 [INFO] fl_ids.fl.client: Client 1 round 18: 6 of 668 boosting-passed rows flagged; surfacing 6
2026-09-25 04:22:26,423 [INFO] fl_ids.fl.client: Client 2 round 18: 8 of 291 boosting-passed rows flagged; surfacing 8
2026-09-25 04:22:27,491 [INFO] fl_ids.fl.client: Client 3 round 18: 142 of 5631 boosting-passed rows flagged; surfacing 50
2026-09-25 04:22:30,418 [INFO] fl_ids.fl.client: Client 4 round 18: 364 of 11384 boosting-passed rows flagged; surfacing 50
2026-09-25 04:22:35,094 [INFO] fl_ids.fl.client: Client 6 round 18: 138 of 2703 boosting-passed rows flagged; surfacing 50
2026-09-25 04:22:36,168 [INFO] fl_ids.fl.client: Client 7 round 18: 8 of 665 boosting-passed rows flagged; surfacing 8
2026-09-25 04:22:37,926 [INFO] fl_ids.fl.client: Client 8 round 18: 249 of 10201 boosting-passed rows flagged; surfacing 50
2026-09-25 04:22:40,567 [INFO] fl_ids.fl.client: Client 9 round 18: 47 of 935 boosting-passed rows flagged; surfacing 47
2026-09-25 04:23:20,580 [INFO] fl_ids.models.boosting: Continued boosting training: +50 trees on 95840 rows (now 600 trees)
2026-09-25 04:23:20,581 [INFO] fl_ids.models.boosting_update: Round 18: boosting v7 (continue) from 169 alerts ({'Backdoor': 1, 'Normal': 160, 'Port_Scanning': 5, 'Uploading': 2, 'Vulnerability_scanner': 1}); 101 from excluded clients ignored
2026-09-25 04:23:20,920 [WARNING] fl_ids.fl.client: Client 5: no benign validation samples to evaluate on
2026-09-25 04:23:20,944 [INFO] fl_ids.eval.simulation: Round 18: mean_val_loss=0.0459, comm_bytes=583920
2026-09-25 04:23:39,201 [WARNING] fl_ids.fl.client: Client 5: no benign validation samples to evaluate on
2026-09-25 04:23:39,215 [INFO] fl_ids.eval.simulation: Round 19: mean_val_loss=0.0196, comm_bytes=583920
2026-09-25 04:23:54,499 [WARNING] fl_ids.fl.client: Client 5: no benign validation samples to evaluate on
2026-09-25 04:23:54,511 [INFO] fl_ids.eval.simulation: Round 20: mean_val_loss=0.0352, comm_bytes=583920
2026-09-25 04:23:54,538 [WARNING] fl_ids.eval.common: Clients [5] have no benign validation rows (infinite threshold); 179 test rows can't be flagged by the autoencoder
2026-09-25 04:23:55,431 [INFO] fl_ids.eval.zero_day: zero-day holdout=XSS run=full_pipeline: detection_rate=0.518
2026-09-25 04:24:06,530 [WARNING] fl_ids.fl.client: Client 5: no benign validation samples to evaluate on
2026-09-25 04:24:06,542 [INFO] fl_ids.eval.simulation: Round 1: mean_val_loss=0.3986, comm_bytes=583920
2026-09-25 04:24:20,284 [WARNING] fl_ids.fl.client: Client 5: no benign validation samples to evaluate on
2026-09-25 04:24:20,327 [INFO] fl_ids.eval.simulation: Round 2: mean_val_loss=1.3745, comm_bytes=583920
2026-09-25 04:24:20,464 [INFO] fl_ids.fl.client: Client 0 round 3: 1 of 120 boosting-passed rows flagged; surfacing 1
2026-09-25 04:24:20,933 [INFO] fl_ids.fl.client: Client 1 round 3: 16 of 673 boosting-passed rows flagged; surfacing 16
2026-09-25 04:24:21,287 [INFO] fl_ids.fl.client: Client 2 round 3: 8 of 317 boosting-passed rows flagged; surfacing 8
2026-09-25 04:24:21,886 [INFO] fl_ids.fl.client: Client 3 round 3: 128 of 5635 boosting-passed rows flagged; surfacing 50
2026-09-25 04:24:24,462 [INFO] fl_ids.fl.client: Client 4 round 3: 338 of 11385 boosting-passed rows flagged; surfacing 50
2026-09-25 04:24:29,319 [INFO] fl_ids.fl.client: Client 6 round 3: 62 of 2714 boosting-passed rows flagged; surfacing 50
2026-09-25 04:24:30,368 [INFO] fl_ids.fl.client: Client 7 round 3: 2 of 687 boosting-passed rows flagged; surfacing 2
2026-09-25 04:24:31,281 [INFO] fl_ids.fl.client: Client 8 round 3: 257 of 10212 boosting-passed rows flagged; surfacing 50
2026-09-25 04:24:34,354 [INFO] fl_ids.fl.client: Client 9 round 3: 41 of 944 boosting-passed rows flagged; surfacing 41
2026-09-25 04:24:56,653 [INFO] fl_ids.models.boosting: Continued boosting training: +50 trees on 95000 rows (now 350 trees)
2026-09-25 04:24:56,653 [INFO] fl_ids.models.boosting_update: Round 3: boosting v2 (continue) from 268 alerts ({'Normal': 268}); 0 from excluded clients ignored
2026-09-25 04:24:56,805 [WARNING] fl_ids.fl.client: Client 5: no benign validation samples to evaluate on
2026-09-25 04:24:56,815 [INFO] fl_ids.eval.simulation: Round 3: mean_val_loss=25.2056, comm_bytes=583920
2026-09-25 04:25:08,271 [WARNING] fl_ids.fl.client: Client 5: no benign validation samples to evaluate on
2026-09-25 04:25:08,283 [INFO] fl_ids.eval.simulation: Round 4: mean_val_loss=1201.3986, comm_bytes=583920
2026-09-25 04:25:19,697 [WARNING] fl_ids.fl.client: Client 5: no benign validation samples to evaluate on
2026-09-25 04:25:19,710 [INFO] fl_ids.eval.simulation: Round 5: mean_val_loss=44167.6981, comm_bytes=583920
2026-09-25 04:25:19,799 [INFO] fl_ids.fl.client: Client 0 round 6: 1 of 120 boosting-passed rows flagged; surfacing 1
2026-09-25 04:25:20,033 [INFO] fl_ids.fl.client: Client 1 round 6: 15 of 674 boosting-passed rows flagged; surfacing 15
2026-09-25 04:25:20,352 [INFO] fl_ids.fl.client: Client 2 round 6: 8 of 316 boosting-passed rows flagged; surfacing 8
2026-09-25 04:25:21,062 [INFO] fl_ids.fl.client: Client 3 round 6: 146 of 5632 boosting-passed rows flagged; surfacing 50
2026-09-25 04:25:24,580 [INFO] fl_ids.fl.client: Client 4 round 6: 348 of 11385 boosting-passed rows flagged; surfacing 50
2026-09-25 04:25:28,696 [INFO] fl_ids.fl.client: Client 6 round 6: 58 of 2711 boosting-passed rows flagged; surfacing 50
2026-09-25 04:25:29,822 [INFO] fl_ids.fl.client: Client 7 round 6: 2 of 683 boosting-passed rows flagged; surfacing 2
2026-09-25 04:25:30,854 [INFO] fl_ids.fl.client: Client 8 round 6: 263 of 10211 boosting-passed rows flagged; surfacing 50
2026-09-25 04:25:34,482 [INFO] fl_ids.fl.client: Client 9 round 6: 45 of 940 boosting-passed rows flagged; surfacing 45
2026-09-25 04:26:03,760 [INFO] fl_ids.models.boosting: Continued boosting training: +50 trees on 95271 rows (now 400 trees)
2026-09-25 04:26:03,760 [INFO] fl_ids.models.boosting_update: Round 6: boosting v3 (continue) from 271 alerts ({'Normal': 271}); 0 from excluded clients ignored
2026-09-25 04:26:03,937 [WARNING] fl_ids.fl.client: Client 5: no benign validation samples to evaluate on
2026-09-25 04:26:03,947 [INFO] fl_ids.eval.simulation: Round 6: mean_val_loss=1211598.4798, comm_bytes=583920
2026-09-25 04:26:16,295 [WARNING] fl_ids.fl.client: Client 5: no benign validation samples to evaluate on
2026-09-25 04:26:16,307 [INFO] fl_ids.eval.simulation: Round 7: mean_val_loss=18146256.2861, comm_bytes=583920
2026-09-25 04:26:28,631 [WARNING] fl_ids.fl.client: Client 5: no benign validation samples to evaluate on
2026-09-25 04:26:28,644 [INFO] fl_ids.eval.simulation: Round 8: mean_val_loss=187286695.1515, comm_bytes=583920
2026-09-25 04:26:28,759 [INFO] fl_ids.fl.client: Client 0 round 9: 1 of 120 boosting-passed rows flagged; surfacing 1
2026-09-25 04:26:29,043 [INFO] fl_ids.fl.client: Client 1 round 9: 16 of 670 boosting-passed rows flagged; surfacing 16
2026-09-25 04:26:29,400 [INFO] fl_ids.fl.client: Client 2 round 9: 8 of 309 boosting-passed rows flagged; surfacing 8
2026-09-25 04:26:30,266 [INFO] fl_ids.fl.client: Client 3 round 9: 163 of 5632 boosting-passed rows flagged; surfacing 50
2026-09-25 04:26:32,735 [INFO] fl_ids.fl.client: Client 4 round 9: 332 of 11382 boosting-passed rows flagged; surfacing 50
2026-09-25 04:26:35,867 [INFO] fl_ids.fl.client: Client 6 round 9: 54 of 2710 boosting-passed rows flagged; surfacing 50
2026-09-25 04:26:36,748 [INFO] fl_ids.fl.client: Client 7 round 9: 2 of 676 boosting-passed rows flagged; surfacing 2
2026-09-25 04:26:37,994 [INFO] fl_ids.fl.client: Client 8 round 9: 264 of 10211 boosting-passed rows flagged; surfacing 50
2026-09-25 04:26:41,246 [INFO] fl_ids.fl.client: Client 9 round 9: 42 of 937 boosting-passed rows flagged; surfacing 42
2026-09-25 04:27:15,289 [INFO] fl_ids.models.boosting: Continued boosting training: +50 trees on 95540 rows (now 450 trees)
2026-09-25 04:27:15,289 [INFO] fl_ids.models.boosting_update: Round 9: boosting v4 (continue) from 269 alerts ({'Normal': 269}); 0 from excluded clients ignored
2026-09-25 04:27:15,551 [WARNING] fl_ids.fl.client: Client 5: no benign validation samples to evaluate on
2026-09-25 04:27:15,574 [INFO] fl_ids.eval.simulation: Round 9: mean_val_loss=1493497081.6692, comm_bytes=583920
2026-09-25 04:27:30,511 [WARNING] fl_ids.fl.client: Client 5: no benign validation samples to evaluate on
2026-09-25 04:27:30,523 [INFO] fl_ids.eval.simulation: Round 10: mean_val_loss=9780617702.5829, comm_bytes=583920
2026-09-25 04:27:43,657 [WARNING] fl_ids.fl.client: Client 5: no benign validation samples to evaluate on
2026-09-25 04:27:43,669 [INFO] fl_ids.eval.simulation: Round 11: mean_val_loss=51003948061.8252, comm_bytes=583920
2026-09-25 04:27:43,791 [INFO] fl_ids.fl.client: Client 0 round 12: 1 of 118 boosting-passed rows flagged; surfacing 1
2026-09-25 04:27:44,110 [INFO] fl_ids.fl.client: Client 1 round 12: 19 of 670 boosting-passed rows flagged; surfacing 19
2026-09-25 04:27:44,510 [INFO] fl_ids.fl.client: Client 2 round 12: 8 of 311 boosting-passed rows flagged; surfacing 8
2026-09-25 04:27:45,495 [INFO] fl_ids.fl.client: Client 3 round 12: 172 of 5631 boosting-passed rows flagged; surfacing 50
2026-09-25 04:27:48,213 [INFO] fl_ids.fl.client: Client 4 round 12: 361 of 11383 boosting-passed rows flagged; surfacing 50
2026-09-25 04:27:51,510 [INFO] fl_ids.fl.client: Client 6 round 12: 62 of 2708 boosting-passed rows flagged; surfacing 50
2026-09-25 04:27:52,451 [INFO] fl_ids.fl.client: Client 7 round 12: 2 of 671 boosting-passed rows flagged; surfacing 2
2026-09-25 04:27:53,975 [INFO] fl_ids.fl.client: Client 8 round 12: 279 of 10211 boosting-passed rows flagged; surfacing 50
2026-09-25 04:27:56,649 [INFO] fl_ids.fl.client: Client 9 round 12: 34 of 936 boosting-passed rows flagged; surfacing 34
2026-09-25 04:28:36,382 [INFO] fl_ids.models.boosting: Continued boosting training: +50 trees on 95804 rows (now 500 trees)
2026-09-25 04:28:36,383 [INFO] fl_ids.models.boosting_update: Round 12: boosting v5 (continue) from 264 alerts ({'Normal': 264}); 0 from excluded clients ignored
2026-09-25 04:28:36,673 [WARNING] fl_ids.fl.client: Client 5: no benign validation samples to evaluate on
2026-09-25 04:28:36,687 [INFO] fl_ids.eval.simulation: Round 12: mean_val_loss=220695016353.6472, comm_bytes=583920
2026-09-25 04:28:54,444 [WARNING] fl_ids.fl.client: Client 5: no benign validation samples to evaluate on
2026-09-25 04:28:54,454 [INFO] fl_ids.eval.simulation: Round 13: mean_val_loss=821414418353.5916, comm_bytes=583920
2026-09-25 04:29:08,686 [WARNING] fl_ids.fl.client: Client 5: no benign validation samples to evaluate on
2026-09-25 04:29:08,697 [INFO] fl_ids.eval.simulation: Round 14: mean_val_loss=2669829728658.5469, comm_bytes=583920
2026-09-25 04:29:08,841 [INFO] fl_ids.fl.client: Client 0 round 15: 1 of 119 boosting-passed rows flagged; surfacing 1
2026-09-25 04:29:09,202 [INFO] fl_ids.fl.client: Client 1 round 15: 18 of 672 boosting-passed rows flagged; surfacing 18
2026-09-25 04:29:09,633 [INFO] fl_ids.fl.client: Client 2 round 15: 8 of 305 boosting-passed rows flagged; surfacing 8
2026-09-25 04:29:10,749 [INFO] fl_ids.fl.client: Client 3 round 15: 177 of 5630 boosting-passed rows flagged; surfacing 50
2026-09-25 04:29:13,680 [INFO] fl_ids.fl.client: Client 4 round 15: 382 of 11383 boosting-passed rows flagged; surfacing 50
2026-09-25 04:29:17,060 [INFO] fl_ids.fl.client: Client 6 round 15: 63 of 2706 boosting-passed rows flagged; surfacing 50
2026-09-25 04:29:18,051 [INFO] fl_ids.fl.client: Client 7 round 15: 2 of 665 boosting-passed rows flagged; surfacing 2
2026-09-25 04:29:19,788 [INFO] fl_ids.fl.client: Client 8 round 15: 281 of 10208 boosting-passed rows flagged; surfacing 50
2026-09-25 04:29:22,449 [INFO] fl_ids.fl.client: Client 9 round 15: 32 of 934 boosting-passed rows flagged; surfacing 32
2026-09-25 04:29:58,752 [INFO] fl_ids.models.boosting: Continued boosting training: +50 trees on 96065 rows (now 550 trees)
2026-09-25 04:29:58,753 [INFO] fl_ids.models.boosting_update: Round 15: boosting v6 (continue) from 261 alerts ({'Normal': 261}); 0 from excluded clients ignored
2026-09-25 04:29:59,246 [WARNING] fl_ids.fl.client: Client 5: no benign validation samples to evaluate on
2026-09-25 04:29:59,321 [INFO] fl_ids.eval.simulation: Round 15: mean_val_loss=7734414079514.9180, comm_bytes=583920
2026-09-25 04:30:18,278 [WARNING] fl_ids.fl.client: Client 5: no benign validation samples to evaluate on
2026-09-25 04:30:18,280 [INFO] fl_ids.eval.simulation: Round 16: mean_val_loss=20170805416413.9531, comm_bytes=583920
2026-09-25 04:30:36,642 [WARNING] fl_ids.fl.client: Client 5: no benign validation samples to evaluate on
2026-09-25 04:30:36,665 [INFO] fl_ids.eval.simulation: Round 17: mean_val_loss=48399855636138.6016, comm_bytes=583920
2026-09-25 04:30:36,791 [INFO] fl_ids.fl.client: Client 0 round 18: 1 of 119 boosting-passed rows flagged; surfacing 1
2026-09-25 04:30:37,092 [INFO] fl_ids.fl.client: Client 1 round 18: 18 of 674 boosting-passed rows flagged; surfacing 18
2026-09-25 04:30:37,495 [INFO] fl_ids.fl.client: Client 2 round 18: 8 of 302 boosting-passed rows flagged; surfacing 8
2026-09-25 04:30:39,237 [INFO] fl_ids.fl.client: Client 3 round 18: 181 of 5630 boosting-passed rows flagged; surfacing 50
2026-09-25 04:30:42,317 [INFO] fl_ids.fl.client: Client 4 round 18: 370 of 11381 boosting-passed rows flagged; surfacing 50
2026-09-25 04:30:46,732 [INFO] fl_ids.fl.client: Client 6 round 18: 68 of 2705 boosting-passed rows flagged; surfacing 50
2026-09-25 04:30:47,793 [INFO] fl_ids.fl.client: Client 7 round 18: 2 of 665 boosting-passed rows flagged; surfacing 2
2026-09-25 04:30:49,393 [INFO] fl_ids.fl.client: Client 8 round 18: 284 of 10206 boosting-passed rows flagged; surfacing 50
2026-09-25 04:30:52,917 [INFO] fl_ids.fl.client: Client 9 round 18: 29 of 935 boosting-passed rows flagged; surfacing 29
2026-09-25 04:31:33,958 [INFO] fl_ids.models.boosting: Continued boosting training: +50 trees on 96323 rows (now 600 trees)
2026-09-25 04:31:33,958 [INFO] fl_ids.models.boosting_update: Round 18: boosting v7 (continue) from 258 alerts ({'Normal': 258}); 0 from excluded clients ignored
2026-09-25 04:31:34,280 [WARNING] fl_ids.fl.client: Client 5: no benign validation samples to evaluate on
2026-09-25 04:31:34,300 [INFO] fl_ids.eval.simulation: Round 18: mean_val_loss=108061767945262.3281, comm_bytes=583920
2026-09-25 04:31:51,880 [WARNING] fl_ids.fl.client: Client 5: no benign validation samples to evaluate on
2026-09-25 04:31:51,896 [INFO] fl_ids.eval.simulation: Round 19: mean_val_loss=228706089717400.5938, comm_bytes=583920
2026-09-25 04:32:09,160 [WARNING] fl_ids.fl.client: Client 5: no benign validation samples to evaluate on
2026-09-25 04:32:09,172 [INFO] fl_ids.eval.simulation: Round 20: mean_val_loss=457676434164698.3125, comm_bytes=583920
2026-09-25 04:32:09,196 [WARNING] fl_ids.eval.common: Clients [5] have no benign validation rows (infinite threshold); 179 test rows can't be flagged by the autoencoder
2026-09-25 04:32:10,029 [INFO] fl_ids.eval.zero_day: zero-day holdout=XSS run=plain_fedavg: detection_rate=0.473
2026-09-25 04:32:21,004 [WARNING] fl_ids.fl.client: Client 5: no benign validation samples to evaluate on
2026-09-25 04:32:21,016 [INFO] fl_ids.eval.simulation: Round 1: mean_val_loss=0.3384, comm_bytes=583920
2026-09-25 04:32:31,922 [WARNING] fl_ids.fl.client: Client 5: no benign validation samples to evaluate on
2026-09-25 04:32:31,935 [INFO] fl_ids.eval.simulation: Round 2: mean_val_loss=0.3554, comm_bytes=583920
2026-09-25 04:32:32,016 [INFO] fl_ids.fl.client: Client 0 round 3: 1 of 120 boosting-passed rows flagged; surfacing 1
2026-09-25 04:32:32,230 [INFO] fl_ids.fl.client: Client 1 round 3: 14 of 673 boosting-passed rows flagged; surfacing 14
2026-09-25 04:32:32,535 [INFO] fl_ids.fl.client: Client 2 round 3: 8 of 317 boosting-passed rows flagged; surfacing 8
2026-09-25 04:32:33,248 [INFO] fl_ids.fl.client: Client 3 round 3: 185 of 5635 boosting-passed rows flagged; surfacing 50
2026-09-25 04:32:35,482 [INFO] fl_ids.fl.client: Client 4 round 3: 325 of 11385 boosting-passed rows flagged; surfacing 50
2026-09-25 04:32:40,012 [INFO] fl_ids.fl.client: Client 6 round 3: 66 of 2714 boosting-passed rows flagged; surfacing 50
2026-09-25 04:32:40,987 [INFO] fl_ids.fl.client: Client 7 round 3: 2 of 687 boosting-passed rows flagged; surfacing 2
2026-09-25 04:32:41,919 [INFO] fl_ids.fl.client: Client 8 round 3: 389 of 10212 boosting-passed rows flagged; surfacing 50
2026-09-25 04:32:45,620 [INFO] fl_ids.fl.client: Client 9 round 3: 15 of 944 boosting-passed rows flagged; surfacing 15
2026-09-25 04:33:10,061 [INFO] fl_ids.models.boosting: Continued boosting training: +50 trees on 94972 rows (now 350 trees)
2026-09-25 04:33:10,061 [INFO] fl_ids.models.boosting_update: Round 3: boosting v2 (continue) from 240 alerts ({'Normal': 240}); 0 from excluded clients ignored
2026-09-25 04:33:10,263 [WARNING] fl_ids.fl.client: Client 5: no benign validation samples to evaluate on
2026-09-25 04:33:10,278 [INFO] fl_ids.eval.simulation: Round 3: mean_val_loss=0.3872, comm_bytes=583920
2026-09-25 04:33:21,689 [WARNING] fl_ids.fl.client: Client 5: no benign validation samples to evaluate on
2026-09-25 04:33:21,700 [INFO] fl_ids.eval.simulation: Round 4: mean_val_loss=0.4957, comm_bytes=583920
2026-09-25 04:33:32,921 [WARNING] fl_ids.fl.client: Client 5: no benign validation samples to evaluate on
2026-09-25 04:33:32,934 [INFO] fl_ids.eval.simulation: Round 5: mean_val_loss=0.7649, comm_bytes=583920
2026-09-25 04:33:33,025 [INFO] fl_ids.fl.client: Client 0 round 6: 1 of 119 boosting-passed rows flagged; surfacing 1
2026-09-25 04:33:33,265 [INFO] fl_ids.fl.client: Client 1 round 6: 15 of 671 boosting-passed rows flagged; surfacing 15
2026-09-25 04:33:33,587 [INFO] fl_ids.fl.client: Client 2 round 6: 8 of 307 boosting-passed rows flagged; surfacing 8
2026-09-25 04:33:34,313 [INFO] fl_ids.fl.client: Client 3 round 6: 165 of 5636 boosting-passed rows flagged; surfacing 50
2026-09-25 04:33:36,592 [INFO] fl_ids.fl.client: Client 4 round 6: 333 of 11383 boosting-passed rows flagged; surfacing 50
2026-09-25 04:33:39,583 [INFO] fl_ids.fl.client: Client 6 round 6: 70 of 2713 boosting-passed rows flagged; surfacing 50
2026-09-25 04:33:40,429 [INFO] fl_ids.fl.client: Client 7 round 6: 2 of 688 boosting-passed rows flagged; surfacing 2
2026-09-25 04:33:41,630 [INFO] fl_ids.fl.client: Client 8 round 6: 365 of 10209 boosting-passed rows flagged; surfacing 50
2026-09-25 04:33:44,050 [INFO] fl_ids.fl.client: Client 9 round 6: 16 of 942 boosting-passed rows flagged; surfacing 16
2026-09-25 04:34:13,629 [INFO] fl_ids.models.boosting: Continued boosting training: +50 trees on 95214 rows (now 400 trees)
2026-09-25 04:34:13,630 [INFO] fl_ids.models.boosting_update: Round 6: boosting v3 (continue) from 242 alerts ({'Normal': 242}); 0 from excluded clients ignored
2026-09-25 04:34:13,860 [WARNING] fl_ids.fl.client: Client 5: no benign validation samples to evaluate on
2026-09-25 04:34:13,880 [INFO] fl_ids.eval.simulation: Round 6: mean_val_loss=1.4753, comm_bytes=583920
2026-09-25 04:34:28,401 [WARNING] fl_ids.fl.client: Client 5: no benign validation samples to evaluate on
2026-09-25 04:34:28,413 [INFO] fl_ids.eval.simulation: Round 7: mean_val_loss=3.1875, comm_bytes=583920
2026-09-25 04:34:40,651 [WARNING] fl_ids.fl.client: Client 5: no benign validation samples to evaluate on
2026-09-25 04:34:40,663 [INFO] fl_ids.eval.simulation: Round 8: mean_val_loss=7.0905, comm_bytes=583920
2026-09-25 04:34:40,777 [INFO] fl_ids.fl.client: Client 0 round 9: 6 of 119 boosting-passed rows flagged; surfacing 6
2026-09-25 04:34:41,062 [INFO] fl_ids.fl.client: Client 1 round 9: 19 of 671 boosting-passed rows flagged; surfacing 19
2026-09-25 04:34:41,456 [INFO] fl_ids.fl.client: Client 2 round 9: 15 of 308 boosting-passed rows flagged; surfacing 15
2026-09-25 04:34:42,333 [INFO] fl_ids.fl.client: Client 3 round 9: 197 of 5633 boosting-passed rows flagged; surfacing 50
2026-09-25 04:34:44,869 [INFO] fl_ids.fl.client: Client 4 round 9: 330 of 11384 boosting-passed rows flagged; surfacing 50
2026-09-25 04:34:48,047 [INFO] fl_ids.fl.client: Client 6 round 9: 110 of 2713 boosting-passed rows flagged; surfacing 50
2026-09-25 04:34:48,937 [INFO] fl_ids.fl.client: Client 7 round 9: 4 of 681 boosting-passed rows flagged; surfacing 4
2026-09-25 04:34:50,281 [INFO] fl_ids.fl.client: Client 8 round 9: 360 of 10209 boosting-passed rows flagged; surfacing 50
2026-09-25 04:34:52,839 [INFO] fl_ids.fl.client: Client 9 round 9: 38 of 942 boosting-passed rows flagged; surfacing 38
2026-09-25 04:35:20,798 [INFO] fl_ids.models.boosting: Continued boosting training: +50 trees on 95496 rows (now 450 trees)
2026-09-25 04:35:20,798 [INFO] fl_ids.models.boosting_update: Round 9: boosting v4 (continue) from 282 alerts ({'DDoS_HTTP': 1, 'Normal': 274, 'Password': 2, 'SQL_injection': 2, 'Uploading': 3}); 0 from excluded clients ignored
2026-09-25 04:35:21,063 [WARNING] fl_ids.fl.client: Client 5: no benign validation samples to evaluate on
2026-09-25 04:35:21,080 [INFO] fl_ids.eval.simulation: Round 9: mean_val_loss=15.4163, comm_bytes=583920
2026-09-25 04:35:38,267 [WARNING] fl_ids.fl.client: Client 5: no benign validation samples to evaluate on
2026-09-25 04:35:38,280 [INFO] fl_ids.eval.simulation: Round 10: mean_val_loss=32.7628, comm_bytes=583920
2026-09-25 04:35:54,005 [WARNING] fl_ids.fl.client: Client 5: no benign validation samples to evaluate on
2026-09-25 04:35:54,018 [INFO] fl_ids.eval.simulation: Round 11: mean_val_loss=67.3493, comm_bytes=583920
2026-09-25 04:35:54,142 [INFO] fl_ids.fl.client: Client 0 round 12: 7 of 121 boosting-passed rows flagged; surfacing 7
2026-09-25 04:35:54,461 [INFO] fl_ids.fl.client: Client 1 round 12: 15 of 671 boosting-passed rows flagged; surfacing 15
2026-09-25 04:35:54,856 [INFO] fl_ids.fl.client: Client 2 round 12: 17 of 310 boosting-passed rows flagged; surfacing 17
2026-09-25 04:35:55,859 [INFO] fl_ids.fl.client: Client 3 round 12: 218 of 5633 boosting-passed rows flagged; surfacing 50
2026-09-25 04:35:58,701 [INFO] fl_ids.fl.client: Client 4 round 12: 371 of 11382 boosting-passed rows flagged; surfacing 50
2026-09-25 04:36:02,023 [INFO] fl_ids.fl.client: Client 6 round 12: 122 of 2710 boosting-passed rows flagged; surfacing 50
2026-09-25 04:36:02,961 [INFO] fl_ids.fl.client: Client 7 round 12: 5 of 675 boosting-passed rows flagged; surfacing 5
2026-09-25 04:36:04,497 [INFO] fl_ids.fl.client: Client 8 round 12: 380 of 10209 boosting-passed rows flagged; surfacing 50
2026-09-25 04:36:07,107 [INFO] fl_ids.fl.client: Client 9 round 12: 36 of 943 boosting-passed rows flagged; surfacing 36
2026-09-25 04:36:40,781 [INFO] fl_ids.models.boosting: Continued boosting training: +50 trees on 95776 rows (now 500 trees)
2026-09-25 04:36:40,781 [INFO] fl_ids.models.boosting_update: Round 12: boosting v5 (continue) from 280 alerts ({'Normal': 279, 'SQL_injection': 1}); 0 from excluded clients ignored
2026-09-25 04:36:41,062 [WARNING] fl_ids.fl.client: Client 5: no benign validation samples to evaluate on
2026-09-25 04:36:41,082 [INFO] fl_ids.eval.simulation: Round 12: mean_val_loss=133.2530, comm_bytes=583920
2026-09-25 04:36:59,219 [WARNING] fl_ids.fl.client: Client 5: no benign validation samples to evaluate on
2026-09-25 04:36:59,233 [INFO] fl_ids.eval.simulation: Round 13: mean_val_loss=255.7242, comm_bytes=583920
2026-09-25 04:37:17,600 [WARNING] fl_ids.fl.client: Client 5: no benign validation samples to evaluate on
2026-09-25 04:37:17,618 [INFO] fl_ids.eval.simulation: Round 14: mean_val_loss=471.7220, comm_bytes=583920
2026-09-25 04:37:17,750 [INFO] fl_ids.fl.client: Client 0 round 15: 6 of 119 boosting-passed rows flagged; surfacing 6
2026-09-25 04:37:18,126 [INFO] fl_ids.fl.client: Client 1 round 15: 13 of 674 boosting-passed rows flagged; surfacing 13
2026-09-25 04:37:18,528 [INFO] fl_ids.fl.client: Client 2 round 15: 12 of 302 boosting-passed rows flagged; surfacing 12
2026-09-25 04:37:19,487 [INFO] fl_ids.fl.client: Client 3 round 15: 215 of 5631 boosting-passed rows flagged; surfacing 50
2026-09-25 04:37:22,641 [INFO] fl_ids.fl.client: Client 4 round 15: 393 of 11382 boosting-passed rows flagged; surfacing 50
2026-09-25 04:37:26,033 [INFO] fl_ids.fl.client: Client 6 round 15: 114 of 2708 boosting-passed rows flagged; surfacing 50
2026-09-25 04:37:27,021 [INFO] fl_ids.fl.client: Client 7 round 15: 4 of 670 boosting-passed rows flagged; surfacing 4
2026-09-25 04:37:28,747 [INFO] fl_ids.fl.client: Client 8 round 15: 363 of 10206 boosting-passed rows flagged; surfacing 50
2026-09-25 04:37:31,366 [INFO] fl_ids.fl.client: Client 9 round 15: 36 of 939 boosting-passed rows flagged; surfacing 36
2026-09-25 04:38:01,448 [INFO] fl_ids.models.boosting: Continued boosting training: +50 trees on 96047 rows (now 550 trees)
2026-09-25 04:38:01,448 [INFO] fl_ids.models.boosting_update: Round 15: boosting v6 (continue) from 271 alerts ({'Normal': 271}); 0 from excluded clients ignored
2026-09-25 04:38:01,698 [WARNING] fl_ids.fl.client: Client 5: no benign validation samples to evaluate on
2026-09-25 04:38:01,708 [INFO] fl_ids.eval.simulation: Round 15: mean_val_loss=838.7111, comm_bytes=583920
2026-09-25 04:38:19,733 [WARNING] fl_ids.fl.client: Client 5: no benign validation samples to evaluate on
2026-09-25 04:38:19,746 [INFO] fl_ids.eval.simulation: Round 16: mean_val_loss=1474.4248, comm_bytes=583920
2026-09-25 04:38:38,999 [WARNING] fl_ids.fl.client: Client 5: no benign validation samples to evaluate on
2026-09-25 04:38:39,013 [INFO] fl_ids.eval.simulation: Round 17: mean_val_loss=2566.9625, comm_bytes=583920
2026-09-25 04:38:39,169 [INFO] fl_ids.fl.client: Client 0 round 18: 6 of 120 boosting-passed rows flagged; surfacing 6
2026-09-25 04:38:39,518 [INFO] fl_ids.fl.client: Client 1 round 18: 13 of 672 boosting-passed rows flagged; surfacing 13
2026-09-25 04:38:39,941 [INFO] fl_ids.fl.client: Client 2 round 18: 13 of 303 boosting-passed rows flagged; surfacing 13
2026-09-25 04:38:40,958 [INFO] fl_ids.fl.client: Client 3 round 18: 211 of 5630 boosting-passed rows flagged; surfacing 50
2026-09-25 04:38:46,332 [INFO] fl_ids.fl.client: Client 4 round 18: 390 of 11383 boosting-passed rows flagged; surfacing 50
2026-09-25 04:38:50,330 [INFO] fl_ids.fl.client: Client 6 round 18: 113 of 2708 boosting-passed rows flagged; surfacing 50
2026-09-25 04:38:51,772 [INFO] fl_ids.fl.client: Client 7 round 18: 4 of 664 boosting-passed rows flagged; surfacing 4
2026-09-25 04:38:54,130 [INFO] fl_ids.fl.client: Client 8 round 18: 360 of 10207 boosting-passed rows flagged; surfacing 50
2026-09-25 04:38:58,050 [INFO] fl_ids.fl.client: Client 9 round 18: 35 of 940 boosting-passed rows flagged; surfacing 35
2026-09-25 04:39:40,674 [INFO] fl_ids.models.boosting: Continued boosting training: +50 trees on 96318 rows (now 600 trees)
2026-09-25 04:39:40,674 [INFO] fl_ids.models.boosting_update: Round 18: boosting v7 (continue) from 271 alerts ({'Normal': 271}); 0 from excluded clients ignored
2026-09-25 04:39:40,931 [WARNING] fl_ids.fl.client: Client 5: no benign validation samples to evaluate on
2026-09-25 04:39:40,941 [INFO] fl_ids.eval.simulation: Round 18: mean_val_loss=4373.2046, comm_bytes=583920
2026-09-25 04:39:58,298 [WARNING] fl_ids.fl.client: Client 5: no benign validation samples to evaluate on
2026-09-25 04:39:58,312 [INFO] fl_ids.eval.simulation: Round 19: mean_val_loss=7133.3424, comm_bytes=583920
2026-09-25 04:40:16,781 [WARNING] fl_ids.fl.client: Client 5: no benign validation samples to evaluate on
2026-09-25 04:40:16,800 [INFO] fl_ids.eval.simulation: Round 20: mean_val_loss=11275.3729, comm_bytes=583920
2026-09-25 04:40:16,828 [WARNING] fl_ids.eval.common: Clients [5] have no benign validation rows (infinite threshold); 179 test rows can't be flagged by the autoencoder
2026-09-25 04:40:17,562 [INFO] fl_ids.eval.zero_day: zero-day holdout=XSS run=trimmed_mean_only: detection_rate=0.476
2026-09-25 04:40:31,779 [WARNING] fl_ids.fl.client: Client 5: no benign validation samples to evaluate on
2026-09-25 04:40:31,791 [INFO] fl_ids.eval.simulation: Round 1: mean_val_loss=0.2585, comm_bytes=583920
2026-09-25 04:40:42,515 [WARNING] fl_ids.fl.client: Client 5: no benign validation samples to evaluate on
2026-09-25 04:40:42,527 [INFO] fl_ids.eval.simulation: Round 2: mean_val_loss=0.1085, comm_bytes=583920
2026-09-25 04:40:42,554 [INFO] fl_ids.fl.client: Client 0 round 3: 12 of 801 boosting-passed rows flagged; surfacing 12
2026-09-25 04:40:42,777 [INFO] fl_ids.fl.client: Client 1 round 3: 8 of 2298 boosting-passed rows flagged; surfacing 8
2026-09-25 04:40:43,327 [INFO] fl_ids.fl.client: Client 2 round 3: 5 of 1491 boosting-passed rows flagged; surfacing 5
2026-09-25 04:40:43,716 [INFO] fl_ids.fl.client: Client 3 round 3: 188 of 7836 boosting-passed rows flagged; surfacing 50
2026-09-25 04:40:45,497 [INFO] fl_ids.fl.client: Client 4 round 3: 573 of 12414 boosting-passed rows flagged; surfacing 50
2026-09-25 04:40:48,541 [INFO] fl_ids.fl.client: Client 6 round 3: 206 of 3550 boosting-passed rows flagged; surfacing 50
2026-09-25 04:40:49,377 [INFO] fl_ids.fl.client: Client 7 round 3: 8 of 1927 boosting-passed rows flagged; surfacing 8
2026-09-25 04:40:49,851 [INFO] fl_ids.fl.client: Client 8 round 3: 387 of 12170 boosting-passed rows flagged; surfacing 50
2026-09-25 04:40:52,591 [INFO] fl_ids.fl.client: Client 9 round 3: 37 of 1636 boosting-passed rows flagged; surfacing 37
2026-09-25 04:41:15,313 [INFO] fl_ids.models.boosting: Continued boosting training: +50 trees on 94903 rows (now 350 trees)
2026-09-25 04:41:15,313 [INFO] fl_ids.models.boosting_update: Round 3: boosting v2 (continue) from 171 alerts ({'DDoS_HTTP': 1, 'DDoS_ICMP': 4, 'DDoS_TCP': 23, 'DDoS_UDP': 31, 'MITM': 2, 'Normal': 100, 'Password': 4, 'Port_Scanning': 1, 'Vulnerability_scanner': 5}); 99 from excluded clients ignored
2026-09-25 04:41:15,513 [WARNING] fl_ids.fl.client: Client 5: no benign validation samples to evaluate on
2026-09-25 04:41:15,535 [INFO] fl_ids.eval.simulation: Round 3: mean_val_loss=0.0406, comm_bytes=583920
2026-09-25 04:41:30,956 [WARNING] fl_ids.fl.client: Client 5: no benign validation samples to evaluate on
2026-09-25 04:41:30,969 [INFO] fl_ids.eval.simulation: Round 4: mean_val_loss=0.0317, comm_bytes=583920
2026-09-25 04:41:43,030 [WARNING] fl_ids.fl.client: Client 5: no benign validation samples to evaluate on
2026-09-25 04:41:43,042 [INFO] fl_ids.eval.simulation: Round 5: mean_val_loss=0.0302, comm_bytes=583920
2026-09-25 04:41:43,096 [INFO] fl_ids.fl.client: Client 0 round 6: 24 of 801 boosting-passed rows flagged; surfacing 24
2026-09-25 04:41:43,333 [INFO] fl_ids.fl.client: Client 1 round 6: 222 of 2298 boosting-passed rows flagged; surfacing 50
2026-09-25 04:41:43,888 [INFO] fl_ids.fl.client: Client 2 round 6: 23 of 1491 boosting-passed rows flagged; surfacing 23
2026-09-25 04:41:44,279 [INFO] fl_ids.fl.client: Client 3 round 6: 1197 of 7836 boosting-passed rows flagged; surfacing 50
2026-09-25 04:41:46,068 [INFO] fl_ids.fl.client: Client 4 round 6: 639 of 12414 boosting-passed rows flagged; surfacing 50
2026-09-25 04:41:49,144 [INFO] fl_ids.fl.client: Client 6 round 6: 320 of 3550 boosting-passed rows flagged; surfacing 50
2026-09-25 04:41:49,970 [INFO] fl_ids.fl.client: Client 7 round 6: 33 of 1927 boosting-passed rows flagged; surfacing 33
2026-09-25 04:41:50,467 [INFO] fl_ids.fl.client: Client 8 round 6: 505 of 12170 boosting-passed rows flagged; surfacing 50
2026-09-25 04:41:53,185 [INFO] fl_ids.fl.client: Client 9 round 6: 113 of 1636 boosting-passed rows flagged; surfacing 50
2026-09-25 04:42:19,754 [INFO] fl_ids.models.boosting: Continued boosting training: +50 trees on 95159 rows (now 400 trees)
2026-09-25 04:42:19,754 [INFO] fl_ids.models.boosting_update: Round 6: boosting v3 (continue) from 256 alerts ({'Backdoor': 4, 'DDoS_HTTP': 11, 'DDoS_ICMP': 40, 'DDoS_TCP': 3, 'DDoS_UDP': 36, 'Fingerprinting': 5, 'MITM': 2, 'Normal': 80, 'Password': 36, 'Port_Scanning': 1, 'SQL_injection': 3, 'Uploading': 17, 'Vulnerability_scanner': 18}); 124 from excluded clients ignored
2026-09-25 04:42:19,982 [WARNING] fl_ids.fl.client: Client 5: no benign validation samples to evaluate on
2026-09-25 04:42:20,003 [INFO] fl_ids.eval.simulation: Round 6: mean_val_loss=0.0282, comm_bytes=583920
2026-09-25 04:42:35,399 [WARNING] fl_ids.fl.client: Client 5: no benign validation samples to evaluate on
2026-09-25 04:42:35,430 [INFO] fl_ids.eval.simulation: Round 7: mean_val_loss=0.0268, comm_bytes=583920
2026-09-25 04:42:48,058 [WARNING] fl_ids.fl.client: Client 5: no benign validation samples to evaluate on
2026-09-25 04:42:48,070 [INFO] fl_ids.eval.simulation: Round 8: mean_val_loss=0.0264, comm_bytes=583920
2026-09-25 04:42:48,135 [INFO] fl_ids.fl.client: Client 0 round 9: 19 of 801 boosting-passed rows flagged; surfacing 19
2026-09-25 04:42:48,385 [INFO] fl_ids.fl.client: Client 1 round 9: 183 of 2298 boosting-passed rows flagged; surfacing 50
2026-09-25 04:42:48,966 [INFO] fl_ids.fl.client: Client 2 round 9: 28 of 1491 boosting-passed rows flagged; surfacing 28
2026-09-25 04:42:49,368 [INFO] fl_ids.fl.client: Client 3 round 9: 1020 of 7836 boosting-passed rows flagged; surfacing 50
2026-09-25 04:42:51,214 [INFO] fl_ids.fl.client: Client 4 round 9: 537 of 12414 boosting-passed rows flagged; surfacing 50
2026-09-25 04:42:54,374 [INFO] fl_ids.fl.client: Client 6 round 9: 251 of 3550 boosting-passed rows flagged; surfacing 50
2026-09-25 04:42:55,227 [INFO] fl_ids.fl.client: Client 7 round 9: 49 of 1927 boosting-passed rows flagged; surfacing 49
2026-09-25 04:42:55,755 [INFO] fl_ids.fl.client: Client 8 round 9: 606 of 12170 boosting-passed rows flagged; surfacing 50
2026-09-25 04:42:58,535 [INFO] fl_ids.fl.client: Client 9 round 9: 143 of 1636 boosting-passed rows flagged; surfacing 50
2026-09-25 04:43:25,053 [INFO] fl_ids.models.boosting: Continued boosting training: +50 trees on 95436 rows (now 450 trees)
2026-09-25 04:43:25,054 [INFO] fl_ids.models.boosting_update: Round 9: boosting v4 (continue) from 277 alerts ({'Backdoor': 3, 'DDoS_HTTP': 11, 'DDoS_ICMP': 19, 'DDoS_TCP': 12, 'DDoS_UDP': 23, 'Fingerprinting': 5, 'MITM': 2, 'Normal': 108, 'Password': 37, 'SQL_injection': 33, 'Uploading': 1, 'Vulnerability_scanner': 23}); 119 from excluded clients ignored
2026-09-25 04:43:25,303 [WARNING] fl_ids.fl.client: Client 5: no benign validation samples to evaluate on
2026-09-25 04:43:25,317 [INFO] fl_ids.eval.simulation: Round 9: mean_val_loss=0.0262, comm_bytes=583920
2026-09-25 04:43:41,326 [WARNING] fl_ids.fl.client: Client 5: no benign validation samples to evaluate on
2026-09-25 04:43:41,339 [INFO] fl_ids.eval.simulation: Round 10: mean_val_loss=0.0264, comm_bytes=583920
2026-09-25 04:43:56,776 [WARNING] fl_ids.fl.client: Client 5: no benign validation samples to evaluate on
2026-09-25 04:43:56,789 [INFO] fl_ids.eval.simulation: Round 11: mean_val_loss=0.0260, comm_bytes=583920
2026-09-25 04:43:56,858 [INFO] fl_ids.fl.client: Client 0 round 12: 19 of 801 boosting-passed rows flagged; surfacing 19
2026-09-25 04:43:57,134 [INFO] fl_ids.fl.client: Client 1 round 12: 172 of 2298 boosting-passed rows flagged; surfacing 50
2026-09-25 04:43:57,721 [INFO] fl_ids.fl.client: Client 2 round 12: 26 of 1491 boosting-passed rows flagged; surfacing 26
2026-09-25 04:43:58,130 [INFO] fl_ids.fl.client: Client 3 round 12: 983 of 7836 boosting-passed rows flagged; surfacing 50
2026-09-25 04:43:59,996 [INFO] fl_ids.fl.client: Client 4 round 12: 520 of 12414 boosting-passed rows flagged; surfacing 50
2026-09-25 04:44:03,227 [INFO] fl_ids.fl.client: Client 6 round 12: 242 of 3550 boosting-passed rows flagged; surfacing 50
2026-09-25 04:44:04,106 [INFO] fl_ids.fl.client: Client 7 round 12: 22 of 1927 boosting-passed rows flagged; surfacing 22
2026-09-25 04:44:04,638 [INFO] fl_ids.fl.client: Client 8 round 12: 505 of 12170 boosting-passed rows flagged; surfacing 50
2026-09-25 04:44:07,442 [INFO] fl_ids.fl.client: Client 9 round 12: 66 of 1636 boosting-passed rows flagged; surfacing 50
2026-09-25 04:44:40,548 [INFO] fl_ids.models.boosting: Continued boosting training: +50 trees on 95684 rows (now 500 trees)
2026-09-25 04:44:40,548 [INFO] fl_ids.models.boosting_update: Round 12: boosting v5 (continue) from 248 alerts ({'Backdoor': 1, 'DDoS_HTTP': 8, 'DDoS_ICMP': 24, 'DDoS_TCP': 2, 'DDoS_UDP': 23, 'Fingerprinting': 5, 'MITM': 2, 'Normal': 115, 'Password': 38, 'SQL_injection': 5, 'Uploading': 1, 'Vulnerability_scanner': 24}); 119 from excluded clients ignored
2026-09-25 04:44:40,997 [WARNING] fl_ids.fl.client: Client 5: no benign validation samples to evaluate on
2026-09-25 04:44:41,080 [INFO] fl_ids.eval.simulation: Round 12: mean_val_loss=0.0251, comm_bytes=583920
2026-09-25 04:44:58,079 [WARNING] fl_ids.fl.client: Client 5: no benign validation samples to evaluate on
2026-09-25 04:44:58,092 [INFO] fl_ids.eval.simulation: Round 13: mean_val_loss=0.0325, comm_bytes=583920
2026-09-25 04:45:14,614 [WARNING] fl_ids.fl.client: Client 5: no benign validation samples to evaluate on
2026-09-25 04:45:14,628 [INFO] fl_ids.eval.simulation: Round 14: mean_val_loss=0.0199, comm_bytes=583920
2026-09-25 04:45:14,704 [INFO] fl_ids.fl.client: Client 0 round 15: 19 of 801 boosting-passed rows flagged; surfacing 19
2026-09-25 04:45:14,970 [INFO] fl_ids.fl.client: Client 1 round 15: 90 of 2298 boosting-passed rows flagged; surfacing 50
2026-09-25 04:45:15,559 [INFO] fl_ids.fl.client: Client 2 round 15: 17 of 1491 boosting-passed rows flagged; surfacing 17
2026-09-25 04:45:15,988 [INFO] fl_ids.fl.client: Client 3 round 15: 675 of 7836 boosting-passed rows flagged; surfacing 50
2026-09-25 04:45:17,891 [INFO] fl_ids.fl.client: Client 4 round 15: 604 of 12414 boosting-passed rows flagged; surfacing 50
2026-09-25 04:45:21,093 [INFO] fl_ids.fl.client: Client 6 round 15: 321 of 3550 boosting-passed rows flagged; surfacing 50
2026-09-25 04:45:21,994 [INFO] fl_ids.fl.client: Client 7 round 15: 12 of 1927 boosting-passed rows flagged; surfacing 12
2026-09-25 04:45:22,532 [INFO] fl_ids.fl.client: Client 8 round 15: 691 of 12170 boosting-passed rows flagged; surfacing 50
2026-09-25 04:45:25,421 [INFO] fl_ids.fl.client: Client 9 round 15: 119 of 1636 boosting-passed rows flagged; surfacing 50
2026-09-25 04:45:56,337 [INFO] fl_ids.models.boosting: Continued boosting training: +50 trees on 95963 rows (now 550 trees)
2026-09-25 04:45:56,338 [INFO] fl_ids.models.boosting_update: Round 15: boosting v6 (continue) from 279 alerts ({'Backdoor': 7, 'DDoS_HTTP': 1, 'DDoS_ICMP': 43, 'DDoS_TCP': 7, 'DDoS_UDP': 24, 'Fingerprinting': 3, 'MITM': 4, 'Normal': 110, 'Password': 36, 'Ransomware': 1, 'SQL_injection': 6, 'Uploading': 5, 'Vulnerability_scanner': 32}); 69 from excluded clients ignored
2026-09-25 04:45:56,576 [WARNING] fl_ids.fl.client: Client 5: no benign validation samples to evaluate on
2026-09-25 04:45:56,586 [INFO] fl_ids.eval.simulation: Round 15: mean_val_loss=0.0277, comm_bytes=583920
2026-09-25 04:46:13,629 [WARNING] fl_ids.fl.client: Client 5: no benign validation samples to evaluate on
2026-09-25 04:46:13,653 [INFO] fl_ids.eval.simulation: Round 16: mean_val_loss=0.0248, comm_bytes=583920
2026-09-25 04:46:31,356 [WARNING] fl_ids.fl.client: Client 5: no benign validation samples to evaluate on
2026-09-25 04:46:31,372 [INFO] fl_ids.eval.simulation: Round 17: mean_val_loss=0.0408, comm_bytes=583920
2026-09-25 04:46:31,467 [INFO] fl_ids.fl.client: Client 0 round 18: 19 of 801 boosting-passed rows flagged; surfacing 19
2026-09-25 04:46:31,812 [INFO] fl_ids.fl.client: Client 1 round 18: 64 of 2298 boosting-passed rows flagged; surfacing 50
2026-09-25 04:46:32,984 [INFO] fl_ids.fl.client: Client 2 round 18: 24 of 1491 boosting-passed rows flagged; surfacing 24
2026-09-25 04:46:33,476 [INFO] fl_ids.fl.client: Client 3 round 18: 700 of 7836 boosting-passed rows flagged; surfacing 50
2026-09-25 04:46:35,673 [INFO] fl_ids.fl.client: Client 4 round 18: 476 of 12414 boosting-passed rows flagged; surfacing 50
2026-09-25 04:46:40,148 [INFO] fl_ids.fl.client: Client 6 round 18: 240 of 3550 boosting-passed rows flagged; surfacing 50
2026-09-25 04:46:41,257 [INFO] fl_ids.fl.client: Client 7 round 18: 15 of 1927 boosting-passed rows flagged; surfacing 15
2026-09-25 04:46:42,114 [INFO] fl_ids.fl.client: Client 8 round 18: 470 of 12170 boosting-passed rows flagged; surfacing 50
2026-09-25 04:46:46,076 [INFO] fl_ids.fl.client: Client 9 round 18: 53 of 1636 boosting-passed rows flagged; surfacing 50
2026-09-25 04:47:28,113 [INFO] fl_ids.models.boosting: Continued boosting training: +50 trees on 96171 rows (now 600 trees)
2026-09-25 04:47:28,113 [INFO] fl_ids.models.boosting_update: Round 18: boosting v7 (continue) from 208 alerts ({'DDoS_HTTP': 4, 'DDoS_ICMP': 18, 'DDoS_TCP': 13, 'DDoS_UDP': 23, 'Fingerprinting': 5, 'MITM': 2, 'Normal': 84, 'Password': 24, 'Port_Scanning': 1, 'SQL_injection': 4, 'Uploading': 2, 'Vulnerability_scanner': 28}); 150 from excluded clients ignored
2026-09-25 04:47:28,433 [WARNING] fl_ids.fl.client: Client 5: no benign validation samples to evaluate on
2026-09-25 04:47:28,452 [INFO] fl_ids.eval.simulation: Round 18: mean_val_loss=0.0206, comm_bytes=583920
2026-09-25 04:47:44,613 [WARNING] fl_ids.fl.client: Client 5: no benign validation samples to evaluate on
2026-09-25 04:47:44,626 [INFO] fl_ids.eval.simulation: Round 19: mean_val_loss=0.0267, comm_bytes=583920
2026-09-25 04:47:59,645 [WARNING] fl_ids.fl.client: Client 5: no benign validation samples to evaluate on
2026-09-25 04:47:59,656 [INFO] fl_ids.eval.simulation: Round 20: mean_val_loss=0.0340, comm_bytes=583920
2026-09-25 04:47:59,680 [WARNING] fl_ids.eval.common: Clients [5] have no benign validation rows (infinite threshold); 179 test rows can't be flagged by the autoencoder
2026-09-25 04:47:59,691 [INFO] fl_ids.eval.zero_day: zero-day holdout=XSS run=autoencoder_only: detection_rate=0.102
2026-09-25 04:48:00,103 [INFO] fl_ids.eval.zero_day: zero-day holdout=XSS run=boosting_only: detection_rate=0.443
2026-09-25 04:48:00,253 [INFO] __main__: Saved results/ablation_table.csv
          variant  attack_macro_recall  attack_micro_recall  benign_fpr  detection_f1  zero_day_macro_recall  autoencoder_alone_attack_macro_recall  final_val_loss  rounds_to_convergence  total_communication_bytes
    full_pipeline             0.886816             0.887640    0.026033      0.909307               0.730772                               0.420870    2.120765e-02                    3.0                   11678400
     plain_fedavg             0.879096             0.883379    0.030865      0.901364               0.594629                               0.000000    9.199317e+14                    NaN                   11678400
trimmed_mean_only             0.878459             0.882216    0.033048      0.898225               0.539381                               0.000000    4.830062e+03                    NaN                   11678400
 autoencoder_only             0.191151             0.133669    0.034762      0.219117               0.324974                               0.191151    2.947576e-02                    9.0                   11678400
    boosting_only             0.875042             0.879892    0.000000      0.936109               0.517765                                    NaN             NaN                    NaN                          0
