2026-09-24 20:15:45,009 [INFO] fl_ids.data.pipeline: Loading 47/63 columns from data/raw/DNN-EdgeIIoT-dataset.csv (excluded 16)
2026-09-24 20:15:57,967 [INFO] fl_ids.data.pipeline: Loading 47/63 columns from data/processed/MITM_reextracted.csv (excluded 16)
2026-09-24 20:15:59,127 [INFO] fl_ids.data.repair: Repaired MITM: replaced 1214 dataset rows with 1229 re-extracted rows
2026-09-24 20:16:04,973 [INFO] fl_ids.data.pipeline: Cleaned dataframe: 2219216 -> 1909719 rows (dropped 0 NaN, 309497 duplicate)
2026-09-24 20:16:08,456 [INFO] fl_ids.models.boosting: Training boosting classifier: 95485 samples, 15 classes, 300 rounds
2026-09-24 20:16:30,715 [WARNING] fl_ids.data.pipeline: Client 5 has zero benign validation samples (heavy Dirichlet skew or too few benign samples in its shard)
2026-09-24 20:16:30,746 [INFO] fl_ids.eval.common: Evaluation setup: 95485 calibration, 60000 federated pool (subsampled), 8996 test rows across 10 clients
2026-09-24 20:16:30,747 [INFO] __main__: Poisoning sweep: fraction=0.00 -> malicious clients=[]
2026-09-24 20:16:46,933 [WARNING] fl_ids.fl.client: Client 5: no benign validation samples to evaluate on
2026-09-24 20:16:46,948 [INFO] fl_ids.eval.simulation: Round 1: mean_val_loss=0.2624, comm_bytes=583920
2026-09-24 20:17:01,633 [WARNING] fl_ids.fl.client: Client 5: no benign validation samples to evaluate on
2026-09-24 20:17:01,648 [INFO] fl_ids.eval.simulation: Round 2: mean_val_loss=0.1007, comm_bytes=583920
2026-09-24 20:17:01,756 [INFO] fl_ids.fl.client: Client 0 round 3: 1 of 119 boosting-passed rows flagged; surfacing 1
2026-09-24 20:17:02,070 [INFO] fl_ids.fl.client: Client 1 round 3: 4 of 699 boosting-passed rows flagged; surfacing 4
2026-09-24 20:17:02,484 [INFO] fl_ids.fl.client: Client 2 round 3: 19 of 313 boosting-passed rows flagged; surfacing 19
2026-09-24 20:17:03,251 [INFO] fl_ids.fl.client: Client 3 round 3: 195 of 5652 boosting-passed rows flagged; surfacing 50
2026-09-24 20:17:06,162 [INFO] fl_ids.fl.client: Client 4 round 3: 351 of 11387 boosting-passed rows flagged; surfacing 50
2026-09-24 20:17:10,028 [INFO] fl_ids.fl.client: Client 6 round 3: 114 of 2737 boosting-passed rows flagged; surfacing 50
2026-09-24 20:17:11,037 [INFO] fl_ids.fl.client: Client 7 round 3: 10 of 678 boosting-passed rows flagged; surfacing 10
2026-09-24 20:17:12,408 [INFO] fl_ids.fl.client: Client 8 round 3: 364 of 10212 boosting-passed rows flagged; surfacing 50
2026-09-24 20:17:15,586 [INFO] fl_ids.fl.client: Client 9 round 3: 38 of 985 boosting-passed rows flagged; surfacing 38
2026-09-24 20:17:42,976 [INFO] fl_ids.models.boosting: Continued boosting training: +50 trees on 95756 rows (now 350 trees)
2026-09-24 20:17:42,976 [INFO] fl_ids.models.boosting_update: Round 3: boosting v2 (continue) from 271 alerts ({'Normal': 268, 'Vulnerability_scanner': 2, 'XSS': 1}); 1 from excluded clients ignored
2026-09-24 20:17:43,249 [WARNING] fl_ids.fl.client: Client 5: no benign validation samples to evaluate on
2026-09-24 20:17:43,273 [INFO] fl_ids.eval.simulation: Round 3: mean_val_loss=0.0371, comm_bytes=583920
2026-09-24 20:18:04,982 [WARNING] fl_ids.fl.client: Client 5: no benign validation samples to evaluate on
2026-09-24 20:18:04,996 [INFO] fl_ids.eval.simulation: Round 4: mean_val_loss=0.0239, comm_bytes=583920
2026-09-24 20:18:24,678 [WARNING] fl_ids.fl.client: Client 5: no benign validation samples to evaluate on
2026-09-24 20:18:24,694 [INFO] fl_ids.eval.simulation: Round 5: mean_val_loss=0.0202, comm_bytes=583920
2026-09-24 20:18:24,819 [INFO] fl_ids.fl.client: Client 0 round 6: 0 of 120 boosting-passed rows flagged; surfacing 0
2026-09-24 20:18:25,159 [INFO] fl_ids.fl.client: Client 1 round 6: 30 of 699 boosting-passed rows flagged; surfacing 30
2026-09-24 20:18:25,626 [INFO] fl_ids.fl.client: Client 2 round 6: 10 of 312 boosting-passed rows flagged; surfacing 10
2026-09-24 20:18:26,489 [INFO] fl_ids.fl.client: Client 3 round 6: 219 of 5651 boosting-passed rows flagged; surfacing 50
2026-09-24 20:18:30,068 [INFO] fl_ids.fl.client: Client 4 round 6: 388 of 11387 boosting-passed rows flagged; surfacing 50
2026-09-24 20:18:35,173 [INFO] fl_ids.fl.client: Client 6 round 6: 136 of 2735 boosting-passed rows flagged; surfacing 50
2026-09-24 20:18:36,280 [INFO] fl_ids.fl.client: Client 7 round 6: 18 of 677 boosting-passed rows flagged; surfacing 18
2026-09-24 20:18:38,209 [INFO] fl_ids.fl.client: Client 8 round 6: 338 of 10213 boosting-passed rows flagged; surfacing 50
2026-09-24 20:18:43,050 [INFO] fl_ids.fl.client: Client 9 round 6: 42 of 980 boosting-passed rows flagged; surfacing 42
2026-09-24 20:19:11,595 [INFO] fl_ids.models.boosting: Continued boosting training: +50 trees on 96056 rows (now 400 trees)
2026-09-24 20:19:11,596 [INFO] fl_ids.models.boosting_update: Round 6: boosting v3 (continue) from 300 alerts ({'Backdoor': 1, 'Normal': 269, 'Password': 1, 'Port_Scanning': 14, 'Uploading': 11, 'Vulnerability_scanner': 2, 'XSS': 2}); 0 from excluded clients ignored
2026-09-24 20:19:11,884 [WARNING] fl_ids.fl.client: Client 5: no benign validation samples to evaluate on
2026-09-24 20:19:11,900 [INFO] fl_ids.eval.simulation: Round 6: mean_val_loss=0.0203, comm_bytes=583920
2026-09-24 20:19:29,846 [WARNING] fl_ids.fl.client: Client 5: no benign validation samples to evaluate on
2026-09-24 20:19:29,863 [INFO] fl_ids.eval.simulation: Round 7: mean_val_loss=0.0193, comm_bytes=583920
2026-09-24 20:19:48,856 [WARNING] fl_ids.fl.client: Client 5: no benign validation samples to evaluate on
2026-09-24 20:19:48,879 [INFO] fl_ids.eval.simulation: Round 8: mean_val_loss=0.0184, comm_bytes=583920
2026-09-24 20:19:49,014 [INFO] fl_ids.fl.client: Client 0 round 9: 0 of 119 boosting-passed rows flagged; surfacing 0
2026-09-24 20:19:49,333 [INFO] fl_ids.fl.client: Client 1 round 9: 27 of 694 boosting-passed rows flagged; surfacing 27
2026-09-24 20:19:49,804 [INFO] fl_ids.fl.client: Client 2 round 9: 14 of 307 boosting-passed rows flagged; surfacing 14
2026-09-24 20:19:50,781 [INFO] fl_ids.fl.client: Client 3 round 9: 263 of 5650 boosting-passed rows flagged; surfacing 50
2026-09-24 20:19:54,435 [INFO] fl_ids.fl.client: Client 4 round 9: 381 of 11389 boosting-passed rows flagged; surfacing 50
2026-09-24 20:19:59,494 [INFO] fl_ids.fl.client: Client 6 round 9: 81 of 2730 boosting-passed rows flagged; surfacing 50
2026-09-24 20:20:00,854 [INFO] fl_ids.fl.client: Client 7 round 9: 16 of 669 boosting-passed rows flagged; surfacing 16
2026-09-24 20:20:02,860 [INFO] fl_ids.fl.client: Client 8 round 9: 368 of 10211 boosting-passed rows flagged; surfacing 50
2026-09-24 20:20:07,966 [INFO] fl_ids.fl.client: Client 9 round 9: 43 of 976 boosting-passed rows flagged; surfacing 43
2026-09-24 20:20:38,819 [INFO] fl_ids.models.boosting: Continued boosting training: +50 trees on 96356 rows (now 450 trees)
2026-09-24 20:20:38,819 [INFO] fl_ids.models.boosting_update: Round 9: boosting v4 (continue) from 300 alerts ({'Backdoor': 2, 'Normal': 261, 'Password': 1, 'Port_Scanning': 21, 'Ransomware': 2, 'Uploading': 10, 'Vulnerability_scanner': 1, 'XSS': 2}); 0 from excluded clients ignored
2026-09-24 20:20:39,072 [WARNING] fl_ids.fl.client: Client 5: no benign validation samples to evaluate on
2026-09-24 20:20:39,084 [INFO] fl_ids.eval.simulation: Round 9: mean_val_loss=0.0176, comm_bytes=583920
2026-09-24 20:20:58,004 [WARNING] fl_ids.fl.client: Client 5: no benign validation samples to evaluate on
2026-09-24 20:20:58,020 [INFO] fl_ids.eval.simulation: Round 10: mean_val_loss=0.0170, comm_bytes=583920
2026-09-24 20:21:19,613 [WARNING] fl_ids.fl.client: Client 5: no benign validation samples to evaluate on
2026-09-24 20:21:19,668 [INFO] fl_ids.eval.simulation: Round 11: mean_val_loss=0.0167, comm_bytes=583920
2026-09-24 20:21:19,901 [INFO] fl_ids.fl.client: Client 0 round 12: 1 of 119 boosting-passed rows flagged; surfacing 1
2026-09-24 20:21:20,294 [INFO] fl_ids.fl.client: Client 1 round 12: 25 of 694 boosting-passed rows flagged; surfacing 25
2026-09-24 20:21:20,883 [INFO] fl_ids.fl.client: Client 2 round 12: 16 of 301 boosting-passed rows flagged; surfacing 16
2026-09-24 20:21:22,370 [INFO] fl_ids.fl.client: Client 3 round 12: 212 of 5649 boosting-passed rows flagged; surfacing 50
2026-09-24 20:21:27,103 [INFO] fl_ids.fl.client: Client 4 round 12: 356 of 11386 boosting-passed rows flagged; surfacing 50
2026-09-24 20:21:32,644 [INFO] fl_ids.fl.client: Client 6 round 12: 90 of 2722 boosting-passed rows flagged; surfacing 50
2026-09-24 20:21:34,703 [INFO] fl_ids.fl.client: Client 7 round 12: 13 of 661 boosting-passed rows flagged; surfacing 13
2026-09-24 20:21:36,854 [INFO] fl_ids.fl.client: Client 8 round 12: 339 of 10209 boosting-passed rows flagged; surfacing 50
2026-09-24 20:21:40,732 [INFO] fl_ids.fl.client: Client 9 round 12: 49 of 969 boosting-passed rows flagged; surfacing 49
2026-09-24 20:22:20,868 [INFO] fl_ids.models.boosting: Continued boosting training: +50 trees on 96660 rows (now 500 trees)
2026-09-24 20:22:20,869 [INFO] fl_ids.models.boosting_update: Round 12: boosting v5 (continue) from 304 alerts ({'Backdoor': 3, 'DDoS_HTTP': 2, 'Normal': 277, 'Password': 1, 'Port_Scanning': 8, 'Uploading': 10, 'Vulnerability_scanner': 1, 'XSS': 2}); 0 from excluded clients ignored
2026-09-24 20:22:21,398 [WARNING] fl_ids.fl.client: Client 5: no benign validation samples to evaluate on
2026-09-24 20:22:21,462 [INFO] fl_ids.eval.simulation: Round 12: mean_val_loss=0.0164, comm_bytes=583920
2026-09-24 20:22:45,357 [WARNING] fl_ids.fl.client: Client 5: no benign validation samples to evaluate on
2026-09-24 20:22:45,376 [INFO] fl_ids.eval.simulation: Round 13: mean_val_loss=0.0159, comm_bytes=583920
2026-09-24 20:23:07,875 [WARNING] fl_ids.fl.client: Client 5: no benign validation samples to evaluate on
2026-09-24 20:23:07,895 [INFO] fl_ids.eval.simulation: Round 14: mean_val_loss=0.0155, comm_bytes=583920
2026-09-24 20:23:08,094 [INFO] fl_ids.fl.client: Client 0 round 15: 1 of 121 boosting-passed rows flagged; surfacing 1
2026-09-24 20:23:08,553 [INFO] fl_ids.fl.client: Client 1 round 15: 15 of 696 boosting-passed rows flagged; surfacing 15
2026-09-24 20:23:09,108 [INFO] fl_ids.fl.client: Client 2 round 15: 12 of 300 boosting-passed rows flagged; surfacing 12
2026-09-24 20:23:10,493 [INFO] fl_ids.fl.client: Client 3 round 15: 188 of 5648 boosting-passed rows flagged; surfacing 50
2026-09-24 20:23:14,536 [INFO] fl_ids.fl.client: Client 4 round 15: 337 of 11386 boosting-passed rows flagged; surfacing 50
2026-09-24 20:23:20,590 [INFO] fl_ids.fl.client: Client 6 round 15: 93 of 2718 boosting-passed rows flagged; surfacing 50
2026-09-24 20:23:22,152 [INFO] fl_ids.fl.client: Client 7 round 15: 15 of 657 boosting-passed rows flagged; surfacing 15
2026-09-24 20:23:24,607 [INFO] fl_ids.fl.client: Client 8 round 15: 274 of 10206 boosting-passed rows flagged; surfacing 50
2026-09-24 20:23:27,984 [INFO] fl_ids.fl.client: Client 9 round 15: 59 of 964 boosting-passed rows flagged; surfacing 50
2026-09-24 20:24:14,318 [INFO] fl_ids.models.boosting: Continued boosting training: +50 trees on 96953 rows (now 550 trees)
2026-09-24 20:24:14,319 [INFO] fl_ids.models.boosting_update: Round 15: boosting v6 (continue) from 293 alerts ({'Backdoor': 4, 'DDoS_HTTP': 1, 'Normal': 278, 'Port_Scanning': 5, 'Uploading': 4, 'XSS': 1}); 0 from excluded clients ignored
2026-09-24 20:24:14,823 [WARNING] fl_ids.fl.client: Client 5: no benign validation samples to evaluate on
2026-09-24 20:24:14,913 [INFO] fl_ids.eval.simulation: Round 15: mean_val_loss=0.0151, comm_bytes=583920
2026-09-24 20:24:39,088 [WARNING] fl_ids.fl.client: Client 5: no benign validation samples to evaluate on
2026-09-24 20:24:39,108 [INFO] fl_ids.eval.simulation: Round 16: mean_val_loss=0.0148, comm_bytes=583920
2026-09-24 20:25:05,206 [WARNING] fl_ids.fl.client: Client 5: no benign validation samples to evaluate on
2026-09-24 20:25:05,222 [INFO] fl_ids.eval.simulation: Round 17: mean_val_loss=0.0144, comm_bytes=583920
2026-09-24 20:25:05,392 [INFO] fl_ids.fl.client: Client 0 round 18: 1 of 120 boosting-passed rows flagged; surfacing 1
2026-09-24 20:25:05,992 [INFO] fl_ids.fl.client: Client 1 round 18: 10 of 696 boosting-passed rows flagged; surfacing 10
2026-09-24 20:25:06,706 [INFO] fl_ids.fl.client: Client 2 round 18: 10 of 299 boosting-passed rows flagged; surfacing 10
2026-09-24 20:25:08,192 [INFO] fl_ids.fl.client: Client 3 round 18: 210 of 5646 boosting-passed rows flagged; surfacing 50
2026-09-24 20:25:12,703 [INFO] fl_ids.fl.client: Client 4 round 18: 259 of 11386 boosting-passed rows flagged; surfacing 50
2026-09-24 20:25:17,019 [INFO] fl_ids.fl.client: Client 6 round 18: 84 of 2714 boosting-passed rows flagged; surfacing 50
2026-09-24 20:25:18,361 [INFO] fl_ids.fl.client: Client 7 round 18: 14 of 659 boosting-passed rows flagged; surfacing 14
2026-09-24 20:25:21,049 [INFO] fl_ids.fl.client: Client 8 round 18: 266 of 10204 boosting-passed rows flagged; surfacing 50
2026-09-24 20:25:24,356 [INFO] fl_ids.fl.client: Client 9 round 18: 50 of 963 boosting-passed rows flagged; surfacing 50
2026-09-24 20:26:22,916 [INFO] fl_ids.models.boosting: Continued boosting training: +50 trees on 97238 rows (now 600 trees)
2026-09-24 20:26:22,916 [INFO] fl_ids.models.boosting_update: Round 18: boosting v7 (continue) from 285 alerts ({'Backdoor': 1, 'Normal': 278, 'Ransomware': 1, 'Uploading': 4, 'XSS': 1}); 0 from excluded clients ignored
2026-09-24 20:26:23,429 [WARNING] fl_ids.fl.client: Client 5: no benign validation samples to evaluate on
2026-09-24 20:26:23,518 [INFO] fl_ids.eval.simulation: Round 18: mean_val_loss=0.0141, comm_bytes=583920
2026-09-24 20:26:49,395 [WARNING] fl_ids.fl.client: Client 5: no benign validation samples to evaluate on
2026-09-24 20:26:49,415 [INFO] fl_ids.eval.simulation: Round 19: mean_val_loss=0.0138, comm_bytes=583920
2026-09-24 20:27:11,367 [WARNING] fl_ids.fl.client: Client 5: no benign validation samples to evaluate on
2026-09-24 20:27:11,382 [INFO] fl_ids.eval.simulation: Round 20: mean_val_loss=0.0137, comm_bytes=583920
2026-09-24 20:27:11,414 [WARNING] fl_ids.eval.common: Clients [5] have no benign validation rows (infinite threshold); 189 test rows can't be flagged by the autoencoder
2026-09-24 20:27:13,578 [INFO] __main__: fraction=0.00: attack_macro_recall=0.884 benign_fpr=0.0296 autoencoder_alone=0.431 survival=nan
2026-09-24 20:27:13,578 [INFO] __main__: Poisoning sweep: fraction=0.20 -> malicious clients=[0, 7]
2026-09-24 20:27:28,608 [WARNING] fl_ids.fl.client: Client 5: no benign validation samples to evaluate on
2026-09-24 20:27:28,623 [INFO] fl_ids.eval.simulation: Round 1: mean_val_loss=0.1882, comm_bytes=583920
2026-09-24 20:27:42,664 [WARNING] fl_ids.fl.client: Client 5: no benign validation samples to evaluate on
2026-09-24 20:27:42,679 [INFO] fl_ids.eval.simulation: Round 2: mean_val_loss=0.0397, comm_bytes=583920
2026-09-24 20:27:42,788 [INFO] fl_ids.fl.client: Client 0 round 3: 2 of 119 boosting-passed rows flagged; surfacing 2
2026-09-24 20:27:43,095 [INFO] fl_ids.fl.client: Client 1 round 3: 19 of 699 boosting-passed rows flagged; surfacing 19
2026-09-24 20:27:43,503 [INFO] fl_ids.fl.client: Client 2 round 3: 16 of 313 boosting-passed rows flagged; surfacing 16
2026-09-24 20:27:44,420 [INFO] fl_ids.fl.client: Client 3 round 3: 187 of 5652 boosting-passed rows flagged; surfacing 50
2026-09-24 20:27:47,238 [INFO] fl_ids.fl.client: Client 4 round 3: 379 of 11387 boosting-passed rows flagged; surfacing 50
2026-09-24 20:27:51,041 [INFO] fl_ids.fl.client: Client 6 round 3: 116 of 2737 boosting-passed rows flagged; surfacing 50
2026-09-24 20:27:52,077 [INFO] fl_ids.fl.client: Client 7 round 3: 29 of 678 boosting-passed rows flagged; surfacing 29
2026-09-24 20:27:53,422 [INFO] fl_ids.fl.client: Client 8 round 3: 334 of 10212 boosting-passed rows flagged; surfacing 50
2026-09-24 20:27:56,465 [INFO] fl_ids.fl.client: Client 9 round 3: 65 of 985 boosting-passed rows flagged; surfacing 50
2026-09-24 20:28:24,721 [INFO] fl_ids.models.boosting: Continued boosting training: +50 trees on 95770 rows (now 350 trees)
2026-09-24 20:28:24,721 [INFO] fl_ids.models.boosting_update: Round 3: boosting v2 (continue) from 285 alerts ({'Backdoor': 2, 'DDoS_HTTP': 3, 'Normal': 245, 'Password': 1, 'Port_Scanning': 14, 'Ransomware': 2, 'SQL_injection': 1, 'Uploading': 10, 'Vulnerability_scanner': 4, 'XSS': 3}); 31 from excluded clients ignored
2026-09-24 20:28:25,135 [WARNING] fl_ids.fl.client: Client 5: no benign validation samples to evaluate on
2026-09-24 20:28:25,223 [INFO] fl_ids.eval.simulation: Round 3: mean_val_loss=0.0207, comm_bytes=583920
2026-09-24 20:28:45,437 [WARNING] fl_ids.fl.client: Client 5: no benign validation samples to evaluate on
2026-09-24 20:28:45,456 [INFO] fl_ids.eval.simulation: Round 4: mean_val_loss=0.0141, comm_bytes=583920
2026-09-24 20:29:03,503 [WARNING] fl_ids.fl.client: Client 5: no benign validation samples to evaluate on
2026-09-24 20:29:03,519 [INFO] fl_ids.eval.simulation: Round 5: mean_val_loss=0.0341, comm_bytes=583920
2026-09-24 20:29:03,642 [INFO] fl_ids.fl.client: Client 0 round 6: 1 of 121 boosting-passed rows flagged; surfacing 1
2026-09-24 20:29:03,926 [INFO] fl_ids.fl.client: Client 1 round 6: 16 of 696 boosting-passed rows flagged; surfacing 16
2026-09-24 20:29:04,356 [INFO] fl_ids.fl.client: Client 2 round 6: 3 of 312 boosting-passed rows flagged; surfacing 3
2026-09-24 20:29:05,219 [INFO] fl_ids.fl.client: Client 3 round 6: 240 of 5650 boosting-passed rows flagged; surfacing 50
2026-09-24 20:29:08,609 [INFO] fl_ids.fl.client: Client 4 round 6: 287 of 11386 boosting-passed rows flagged; surfacing 50
2026-09-24 20:29:14,034 [INFO] fl_ids.fl.client: Client 6 round 6: 184 of 2729 boosting-passed rows flagged; surfacing 50
2026-09-24 20:29:15,189 [INFO] fl_ids.fl.client: Client 7 round 6: 13 of 676 boosting-passed rows flagged; surfacing 13
2026-09-24 20:29:16,479 [INFO] fl_ids.fl.client: Client 8 round 6: 339 of 10212 boosting-passed rows flagged; surfacing 50
2026-09-24 20:29:20,653 [INFO] fl_ids.fl.client: Client 9 round 6: 55 of 977 boosting-passed rows flagged; surfacing 50
2026-09-24 20:29:51,082 [INFO] fl_ids.models.boosting: Continued boosting training: +50 trees on 96039 rows (now 400 trees)
2026-09-24 20:29:51,083 [INFO] fl_ids.models.boosting_update: Round 6: boosting v3 (continue) from 269 alerts ({'Backdoor': 2, 'Normal': 232, 'Password': 4, 'Port_Scanning': 9, 'Ransomware': 1, 'SQL_injection': 3, 'Uploading': 11, 'Vulnerability_scanner': 3, 'XSS': 4}); 14 from excluded clients ignored
2026-09-24 20:29:51,404 [WARNING] fl_ids.fl.client: Client 5: no benign validation samples to evaluate on
2026-09-24 20:29:51,480 [INFO] fl_ids.eval.simulation: Round 6: mean_val_loss=0.0109, comm_bytes=583920
2026-09-24 20:30:11,060 [WARNING] fl_ids.fl.client: Client 5: no benign validation samples to evaluate on
2026-09-24 20:30:11,078 [INFO] fl_ids.eval.simulation: Round 7: mean_val_loss=0.0087, comm_bytes=583920
2026-09-24 20:30:30,033 [WARNING] fl_ids.fl.client: Client 5: no benign validation samples to evaluate on
2026-09-24 20:30:30,047 [INFO] fl_ids.eval.simulation: Round 8: mean_val_loss=0.0111, comm_bytes=583920
2026-09-24 20:30:30,222 [INFO] fl_ids.fl.client: Client 0 round 9: 1 of 121 boosting-passed rows flagged; surfacing 1
2026-09-24 20:30:30,609 [INFO] fl_ids.fl.client: Client 1 round 9: 12 of 696 boosting-passed rows flagged; surfacing 12
2026-09-24 20:30:31,716 [INFO] fl_ids.fl.client: Client 2 round 9: 11 of 307 boosting-passed rows flagged; surfacing 11
2026-09-24 20:30:32,885 [INFO] fl_ids.fl.client: Client 3 round 9: 219 of 5650 boosting-passed rows flagged; surfacing 50
2026-09-24 20:30:36,167 [INFO] fl_ids.fl.client: Client 4 round 9: 291 of 11384 boosting-passed rows flagged; surfacing 50
2026-09-24 20:30:41,651 [INFO] fl_ids.fl.client: Client 6 round 9: 91 of 2726 boosting-passed rows flagged; surfacing 50
2026-09-24 20:30:42,831 [INFO] fl_ids.fl.client: Client 7 round 9: 10 of 675 boosting-passed rows flagged; surfacing 10
2026-09-24 20:30:44,552 [INFO] fl_ids.fl.client: Client 8 round 9: 332 of 10210 boosting-passed rows flagged; surfacing 50
2026-09-24 20:30:47,634 [INFO] fl_ids.fl.client: Client 9 round 9: 59 of 971 boosting-passed rows flagged; surfacing 50
2026-09-24 20:31:15,937 [INFO] fl_ids.models.boosting: Continued boosting training: +50 trees on 96290 rows (now 450 trees)
2026-09-24 20:31:15,937 [INFO] fl_ids.models.boosting_update: Round 9: boosting v4 (continue) from 251 alerts ({'Backdoor': 3, 'Normal': 230, 'Port_Scanning': 6, 'Ransomware': 1, 'Uploading': 8, 'Vulnerability_scanner': 1, 'XSS': 2}); 33 from excluded clients ignored
2026-09-24 20:31:16,351 [WARNING] fl_ids.fl.client: Client 5: no benign validation samples to evaluate on
2026-09-24 20:31:16,441 [INFO] fl_ids.eval.simulation: Round 9: mean_val_loss=0.0187, comm_bytes=583920
2026-09-24 20:31:37,173 [WARNING] fl_ids.fl.client: Client 5: no benign validation samples to evaluate on
2026-09-24 20:31:37,189 [INFO] fl_ids.eval.simulation: Round 10: mean_val_loss=0.0101, comm_bytes=583920
2026-09-24 20:31:57,849 [WARNING] fl_ids.fl.client: Client 5: no benign validation samples to evaluate on
2026-09-24 20:31:57,865 [INFO] fl_ids.eval.simulation: Round 11: mean_val_loss=0.0115, comm_bytes=583920
2026-09-24 20:31:57,998 [INFO] fl_ids.fl.client: Client 0 round 12: 1 of 120 boosting-passed rows flagged; surfacing 1
2026-09-24 20:31:58,349 [INFO] fl_ids.fl.client: Client 1 round 12: 15 of 695 boosting-passed rows flagged; surfacing 15
2026-09-24 20:31:58,807 [INFO] fl_ids.fl.client: Client 2 round 12: 12 of 308 boosting-passed rows flagged; surfacing 12
2026-09-24 20:31:59,845 [INFO] fl_ids.fl.client: Client 3 round 12: 204 of 5646 boosting-passed rows flagged; surfacing 50
2026-09-24 20:32:03,782 [INFO] fl_ids.fl.client: Client 4 round 12: 275 of 11386 boosting-passed rows flagged; surfacing 50
2026-09-24 20:32:08,989 [INFO] fl_ids.fl.client: Client 6 round 12: 78 of 2721 boosting-passed rows flagged; surfacing 50
2026-09-24 20:32:10,340 [INFO] fl_ids.fl.client: Client 7 round 12: 12 of 668 boosting-passed rows flagged; surfacing 12
2026-09-24 20:32:12,375 [INFO] fl_ids.fl.client: Client 8 round 12: 322 of 10208 boosting-passed rows flagged; surfacing 50
2026-09-24 20:32:15,587 [INFO] fl_ids.fl.client: Client 9 round 12: 52 of 964 boosting-passed rows flagged; surfacing 50
2026-09-24 20:33:00,325 [INFO] fl_ids.models.boosting: Continued boosting training: +50 trees on 96553 rows (now 500 trees)
2026-09-24 20:33:00,326 [INFO] fl_ids.models.boosting_update: Round 12: boosting v5 (continue) from 263 alerts ({'Backdoor': 1, 'Normal': 244, 'Port_Scanning': 3, 'Ransomware': 1, 'Uploading': 10, 'Vulnerability_scanner': 1, 'XSS': 3}); 27 from excluded clients ignored
2026-09-24 20:33:00,707 [WARNING] fl_ids.fl.client: Client 5: no benign validation samples to evaluate on
2026-09-24 20:33:00,736 [INFO] fl_ids.eval.simulation: Round 12: mean_val_loss=0.0111, comm_bytes=583920
2026-09-24 20:33:23,089 [WARNING] fl_ids.fl.client: Client 5: no benign validation samples to evaluate on
2026-09-24 20:33:23,105 [INFO] fl_ids.eval.simulation: Round 13: mean_val_loss=0.0098, comm_bytes=583920
2026-09-24 20:33:45,095 [WARNING] fl_ids.fl.client: Client 5: no benign validation samples to evaluate on
2026-09-24 20:33:45,110 [INFO] fl_ids.eval.simulation: Round 14: mean_val_loss=0.0059, comm_bytes=583920
2026-09-24 20:33:45,299 [INFO] fl_ids.fl.client: Client 0 round 15: 1 of 119 boosting-passed rows flagged; surfacing 1
2026-09-24 20:33:45,803 [INFO] fl_ids.fl.client: Client 1 round 15: 9 of 695 boosting-passed rows flagged; surfacing 9
2026-09-24 20:33:46,379 [INFO] fl_ids.fl.client: Client 2 round 15: 17 of 304 boosting-passed rows flagged; surfacing 17
2026-09-24 20:33:47,979 [INFO] fl_ids.fl.client: Client 3 round 15: 185 of 5644 boosting-passed rows flagged; surfacing 50
2026-09-24 20:33:51,990 [INFO] fl_ids.fl.client: Client 4 round 15: 364 of 11386 boosting-passed rows flagged; surfacing 50
2026-09-24 20:33:56,294 [INFO] fl_ids.fl.client: Client 6 round 15: 78 of 2715 boosting-passed rows flagged; surfacing 50
2026-09-24 20:33:57,607 [INFO] fl_ids.fl.client: Client 7 round 15: 7 of 663 boosting-passed rows flagged; surfacing 7
2026-09-24 20:34:00,154 [INFO] fl_ids.fl.client: Client 8 round 15: 322 of 10207 boosting-passed rows flagged; surfacing 50
2026-09-24 20:34:03,503 [INFO] fl_ids.fl.client: Client 9 round 15: 46 of 959 boosting-passed rows flagged; surfacing 46
2026-09-24 20:34:52,389 [INFO] fl_ids.models.boosting: Continued boosting training: +50 trees on 96825 rows (now 550 trees)
2026-09-24 20:34:52,389 [INFO] fl_ids.models.boosting_update: Round 15: boosting v6 (continue) from 272 alerts ({'Backdoor': 2, 'DDoS_HTTP': 4, 'Normal': 254, 'Port_Scanning': 3, 'Ransomware': 2, 'Uploading': 6, 'XSS': 1}); 8 from excluded clients ignored
2026-09-24 20:34:52,812 [WARNING] fl_ids.fl.client: Client 5: no benign validation samples to evaluate on
2026-09-24 20:34:52,840 [INFO] fl_ids.eval.simulation: Round 15: mean_val_loss=0.0104, comm_bytes=583920
2026-09-24 20:35:17,609 [WARNING] fl_ids.fl.client: Client 5: no benign validation samples to evaluate on
2026-09-24 20:35:17,625 [INFO] fl_ids.eval.simulation: Round 16: mean_val_loss=0.0096, comm_bytes=583920
2026-09-24 20:35:39,335 [WARNING] fl_ids.fl.client: Client 5: no benign validation samples to evaluate on
2026-09-24 20:35:39,350 [INFO] fl_ids.eval.simulation: Round 17: mean_val_loss=0.0095, comm_bytes=583920
2026-09-24 20:35:39,568 [INFO] fl_ids.fl.client: Client 0 round 18: 1 of 119 boosting-passed rows flagged; surfacing 1
2026-09-24 20:35:40,109 [INFO] fl_ids.fl.client: Client 1 round 18: 9 of 696 boosting-passed rows flagged; surfacing 9
2026-09-24 20:35:40,759 [INFO] fl_ids.fl.client: Client 2 round 18: 17 of 306 boosting-passed rows flagged; surfacing 17
2026-09-24 20:35:42,552 [INFO] fl_ids.fl.client: Client 3 round 18: 226 of 5644 boosting-passed rows flagged; surfacing 50
2026-09-24 20:35:46,792 [INFO] fl_ids.fl.client: Client 4 round 18: 283 of 11386 boosting-passed rows flagged; surfacing 50
2026-09-24 20:35:51,293 [INFO] fl_ids.fl.client: Client 6 round 18: 73 of 2710 boosting-passed rows flagged; surfacing 50
2026-09-24 20:35:52,683 [INFO] fl_ids.fl.client: Client 7 round 18: 8 of 657 boosting-passed rows flagged; surfacing 8
2026-09-24 20:35:55,403 [INFO] fl_ids.fl.client: Client 8 round 18: 312 of 10205 boosting-passed rows flagged; surfacing 50
2026-09-24 20:35:58,864 [INFO] fl_ids.fl.client: Client 9 round 18: 52 of 960 boosting-passed rows flagged; surfacing 50
2026-09-24 20:37:01,128 [INFO] fl_ids.models.boosting: Continued boosting training: +50 trees on 97075 rows (now 600 trees)
2026-09-24 20:37:01,129 [INFO] fl_ids.models.boosting_update: Round 18: boosting v7 (continue) from 250 alerts ({'Backdoor': 2, 'Normal': 240, 'Port_Scanning': 1, 'Ransomware': 1, 'Uploading': 5, 'XSS': 1}); 35 from excluded clients ignored
2026-09-24 20:37:01,737 [WARNING] fl_ids.fl.client: Client 5: no benign validation samples to evaluate on
2026-09-24 20:37:01,811 [INFO] fl_ids.eval.simulation: Round 18: mean_val_loss=0.0057, comm_bytes=583920
2026-09-24 20:37:23,966 [WARNING] fl_ids.fl.client: Client 5: no benign validation samples to evaluate on
2026-09-24 20:37:23,979 [INFO] fl_ids.eval.simulation: Round 19: mean_val_loss=0.0100, comm_bytes=583920
2026-09-24 20:37:43,226 [WARNING] fl_ids.fl.client: Client 5: no benign validation samples to evaluate on
2026-09-24 20:37:43,242 [INFO] fl_ids.eval.simulation: Round 20: mean_val_loss=0.0092, comm_bytes=583920
2026-09-24 20:37:43,273 [WARNING] fl_ids.eval.common: Clients [5] have no benign validation rows (infinite threshold); 189 test rows can't be flagged by the autoencoder
2026-09-24 20:37:45,199 [INFO] __main__: fraction=0.20: attack_macro_recall=0.884 benign_fpr=0.0341 autoencoder_alone=0.374 survival=0.275
2026-09-24 20:37:45,199 [INFO] __main__: Poisoning sweep: fraction=0.30 -> malicious clients=[0, 6, 9]
2026-09-24 20:37:58,726 [WARNING] fl_ids.fl.client: Client 5: no benign validation samples to evaluate on
2026-09-24 20:37:58,741 [INFO] fl_ids.eval.simulation: Round 1: mean_val_loss=0.2448, comm_bytes=583920
2026-09-24 20:38:12,038 [WARNING] fl_ids.fl.client: Client 5: no benign validation samples to evaluate on
2026-09-24 20:38:12,052 [INFO] fl_ids.eval.simulation: Round 2: mean_val_loss=0.0614, comm_bytes=583920
2026-09-24 20:38:12,156 [INFO] fl_ids.fl.client: Client 0 round 3: 1 of 119 boosting-passed rows flagged; surfacing 1
2026-09-24 20:38:12,436 [INFO] fl_ids.fl.client: Client 1 round 3: 12 of 699 boosting-passed rows flagged; surfacing 12
2026-09-24 20:38:12,809 [INFO] fl_ids.fl.client: Client 2 round 3: 20 of 313 boosting-passed rows flagged; surfacing 20
2026-09-24 20:38:13,637 [INFO] fl_ids.fl.client: Client 3 round 3: 215 of 5652 boosting-passed rows flagged; surfacing 50
2026-09-24 20:38:16,379 [INFO] fl_ids.fl.client: Client 4 round 3: 335 of 11387 boosting-passed rows flagged; surfacing 50
2026-09-24 20:38:20,670 [INFO] fl_ids.fl.client: Client 6 round 3: 106 of 2737 boosting-passed rows flagged; surfacing 50
2026-09-24 20:38:22,513 [INFO] fl_ids.fl.client: Client 7 round 3: 10 of 678 boosting-passed rows flagged; surfacing 10
2026-09-24 20:38:23,676 [INFO] fl_ids.fl.client: Client 8 round 3: 415 of 10212 boosting-passed rows flagged; surfacing 50
2026-09-24 20:38:28,104 [INFO] fl_ids.fl.client: Client 9 round 3: 55 of 985 boosting-passed rows flagged; surfacing 50
2026-09-24 20:38:55,665 [INFO] fl_ids.models.boosting: Continued boosting training: +50 trees on 95677 rows (now 350 trees)
2026-09-24 20:38:55,666 [INFO] fl_ids.models.boosting_update: Round 3: boosting v2 (continue) from 192 alerts ({'Normal': 189, 'Port_Scanning': 1, 'Uploading': 1, 'Vulnerability_scanner': 1}); 101 from excluded clients ignored
2026-09-24 20:38:55,932 [WARNING] fl_ids.fl.client: Client 5: no benign validation samples to evaluate on
2026-09-24 20:38:55,953 [INFO] fl_ids.eval.simulation: Round 3: mean_val_loss=0.0206, comm_bytes=583920
2026-09-24 20:39:12,045 [WARNING] fl_ids.fl.client: Client 5: no benign validation samples to evaluate on
2026-09-24 20:39:12,061 [INFO] fl_ids.eval.simulation: Round 4: mean_val_loss=0.0154, comm_bytes=583920
2026-09-24 20:39:26,675 [WARNING] fl_ids.fl.client: Client 5: no benign validation samples to evaluate on
2026-09-24 20:39:26,689 [INFO] fl_ids.eval.simulation: Round 5: mean_val_loss=0.0179, comm_bytes=583920
2026-09-24 20:39:26,795 [INFO] fl_ids.fl.client: Client 0 round 6: 1 of 120 boosting-passed rows flagged; surfacing 1
2026-09-24 20:39:27,070 [INFO] fl_ids.fl.client: Client 1 round 6: 7 of 695 boosting-passed rows flagged; surfacing 7
2026-09-24 20:39:27,427 [INFO] fl_ids.fl.client: Client 2 round 6: 22 of 314 boosting-passed rows flagged; surfacing 22
2026-09-24 20:39:28,231 [INFO] fl_ids.fl.client: Client 3 round 6: 211 of 5651 boosting-passed rows flagged; surfacing 50
2026-09-24 20:39:31,202 [INFO] fl_ids.fl.client: Client 4 round 6: 274 of 11386 boosting-passed rows flagged; surfacing 50
2026-09-24 20:39:35,236 [INFO] fl_ids.fl.client: Client 6 round 6: 103 of 2731 boosting-passed rows flagged; surfacing 50
2026-09-24 20:39:36,295 [INFO] fl_ids.fl.client: Client 7 round 6: 15 of 679 boosting-passed rows flagged; surfacing 15
2026-09-24 20:39:37,494 [INFO] fl_ids.fl.client: Client 8 round 6: 359 of 10212 boosting-passed rows flagged; surfacing 50
2026-09-24 20:39:40,573 [INFO] fl_ids.fl.client: Client 9 round 6: 59 of 978 boosting-passed rows flagged; surfacing 50
2026-09-24 20:40:10,907 [INFO] fl_ids.models.boosting: Continued boosting training: +50 trees on 95921 rows (now 400 trees)
2026-09-24 20:40:10,907 [INFO] fl_ids.models.boosting_update: Round 6: boosting v3 (continue) from 244 alerts ({'Backdoor': 3, 'Normal': 209, 'Port_Scanning': 20, 'Uploading': 7, 'Vulnerability_scanner': 3, 'XSS': 2}); 51 from excluded clients ignored
2026-09-24 20:40:11,188 [WARNING] fl_ids.fl.client: Client 5: no benign validation samples to evaluate on
2026-09-24 20:40:11,215 [INFO] fl_ids.eval.simulation: Round 6: mean_val_loss=0.0213, comm_bytes=583920
2026-09-24 20:40:26,250 [WARNING] fl_ids.fl.client: Client 5: no benign validation samples to evaluate on
2026-09-24 20:40:26,264 [INFO] fl_ids.eval.simulation: Round 7: mean_val_loss=0.0221, comm_bytes=583920
2026-09-24 20:40:41,583 [WARNING] fl_ids.fl.client: Client 5: no benign validation samples to evaluate on
2026-09-24 20:40:41,597 [INFO] fl_ids.eval.simulation: Round 8: mean_val_loss=0.0223, comm_bytes=583920
2026-09-24 20:40:41,745 [INFO] fl_ids.fl.client: Client 0 round 9: 1 of 119 boosting-passed rows flagged; surfacing 1
2026-09-24 20:40:42,087 [INFO] fl_ids.fl.client: Client 1 round 9: 6 of 696 boosting-passed rows flagged; surfacing 6
2026-09-24 20:40:42,522 [INFO] fl_ids.fl.client: Client 2 round 9: 14 of 304 boosting-passed rows flagged; surfacing 14
2026-09-24 20:40:43,468 [INFO] fl_ids.fl.client: Client 3 round 9: 200 of 5650 boosting-passed rows flagged; surfacing 50
2026-09-24 20:40:46,523 [INFO] fl_ids.fl.client: Client 4 round 9: 258 of 11386 boosting-passed rows flagged; surfacing 50
2026-09-24 20:40:50,797 [INFO] fl_ids.fl.client: Client 6 round 9: 123 of 2724 boosting-passed rows flagged; surfacing 50
2026-09-24 20:40:51,953 [INFO] fl_ids.fl.client: Client 7 round 9: 13 of 673 boosting-passed rows flagged; surfacing 13
2026-09-24 20:40:53,446 [INFO] fl_ids.fl.client: Client 8 round 9: 272 of 10208 boosting-passed rows flagged; surfacing 50
2026-09-24 20:40:56,720 [INFO] fl_ids.fl.client: Client 9 round 9: 53 of 973 boosting-passed rows flagged; surfacing 50
2026-09-24 20:41:28,219 [INFO] fl_ids.models.boosting: Continued boosting training: +50 trees on 96154 rows (now 450 trees)
2026-09-24 20:41:28,219 [INFO] fl_ids.models.boosting_update: Round 9: boosting v4 (continue) from 233 alerts ({'Backdoor': 2, 'Normal': 217, 'Port_Scanning': 6, 'Uploading': 4, 'Vulnerability_scanner': 1, 'XSS': 3}); 51 from excluded clients ignored
2026-09-24 20:41:28,538 [WARNING] fl_ids.fl.client: Client 5: no benign validation samples to evaluate on
2026-09-24 20:41:28,561 [INFO] fl_ids.eval.simulation: Round 9: mean_val_loss=0.0223, comm_bytes=583920
2026-09-24 20:41:44,992 [WARNING] fl_ids.fl.client: Client 5: no benign validation samples to evaluate on
2026-09-24 20:41:45,007 [INFO] fl_ids.eval.simulation: Round 10: mean_val_loss=0.0222, comm_bytes=583920
2026-09-24 20:42:01,221 [WARNING] fl_ids.fl.client: Client 5: no benign validation samples to evaluate on
2026-09-24 20:42:01,235 [INFO] fl_ids.eval.simulation: Round 11: mean_val_loss=0.0220, comm_bytes=583920
2026-09-24 20:42:01,402 [INFO] fl_ids.fl.client: Client 0 round 12: 1 of 120 boosting-passed rows flagged; surfacing 1
2026-09-24 20:42:01,755 [INFO] fl_ids.fl.client: Client 1 round 12: 11 of 697 boosting-passed rows flagged; surfacing 11
2026-09-24 20:42:02,200 [INFO] fl_ids.fl.client: Client 2 round 12: 14 of 299 boosting-passed rows flagged; surfacing 14
2026-09-24 20:42:03,539 [INFO] fl_ids.fl.client: Client 3 round 12: 157 of 5649 boosting-passed rows flagged; surfacing 50
2026-09-24 20:42:06,669 [INFO] fl_ids.fl.client: Client 4 round 12: 257 of 11387 boosting-passed rows flagged; surfacing 50
2026-09-24 20:42:10,956 [INFO] fl_ids.fl.client: Client 6 round 12: 143 of 2726 boosting-passed rows flagged; surfacing 50
2026-09-24 20:42:12,104 [INFO] fl_ids.fl.client: Client 7 round 12: 12 of 666 boosting-passed rows flagged; surfacing 12
2026-09-24 20:42:13,832 [INFO] fl_ids.fl.client: Client 8 round 12: 282 of 10210 boosting-passed rows flagged; surfacing 50
2026-09-24 20:42:17,133 [INFO] fl_ids.fl.client: Client 9 round 12: 30 of 968 boosting-passed rows flagged; surfacing 30
2026-09-24 20:42:58,757 [INFO] fl_ids.models.boosting: Continued boosting training: +50 trees on 96421 rows (now 500 trees)
2026-09-24 20:42:58,757 [INFO] fl_ids.models.boosting_update: Round 12: boosting v5 (continue) from 267 alerts ({'Backdoor': 2, 'Normal': 252, 'Port_Scanning': 5, 'Uploading': 7, 'XSS': 1}); 1 from excluded clients ignored
2026-09-24 20:42:59,098 [WARNING] fl_ids.fl.client: Client 5: no benign validation samples to evaluate on
2026-09-24 20:42:59,113 [INFO] fl_ids.eval.simulation: Round 12: mean_val_loss=0.0323, comm_bytes=583920
2026-09-24 20:43:16,566 [WARNING] fl_ids.fl.client: Client 5: no benign validation samples to evaluate on
2026-09-24 20:43:16,580 [INFO] fl_ids.eval.simulation: Round 13: mean_val_loss=0.0110, comm_bytes=583920
2026-09-24 20:43:34,279 [WARNING] fl_ids.fl.client: Client 5: no benign validation samples to evaluate on
2026-09-24 20:43:34,294 [INFO] fl_ids.eval.simulation: Round 14: mean_val_loss=0.0217, comm_bytes=583920
2026-09-24 20:43:34,480 [INFO] fl_ids.fl.client: Client 0 round 15: 1 of 120 boosting-passed rows flagged; surfacing 1
2026-09-24 20:43:34,888 [INFO] fl_ids.fl.client: Client 1 round 15: 10 of 697 boosting-passed rows flagged; surfacing 10
2026-09-24 20:43:35,319 [INFO] fl_ids.fl.client: Client 2 round 15: 14 of 297 boosting-passed rows flagged; surfacing 14
2026-09-24 20:43:36,821 [INFO] fl_ids.fl.client: Client 3 round 15: 128 of 5648 boosting-passed rows flagged; surfacing 50
2026-09-24 20:43:40,309 [INFO] fl_ids.fl.client: Client 4 round 15: 261 of 11388 boosting-passed rows flagged; surfacing 50
2026-09-24 20:43:44,348 [INFO] fl_ids.fl.client: Client 6 round 15: 96 of 2722 boosting-passed rows flagged; surfacing 50
2026-09-24 20:43:45,486 [INFO] fl_ids.fl.client: Client 7 round 15: 8 of 664 boosting-passed rows flagged; surfacing 8
2026-09-24 20:43:47,624 [INFO] fl_ids.fl.client: Client 8 round 15: 276 of 10206 boosting-passed rows flagged; surfacing 50
2026-09-24 20:43:50,766 [INFO] fl_ids.fl.client: Client 9 round 15: 36 of 963 boosting-passed rows flagged; surfacing 36
2026-09-24 20:44:33,952 [INFO] fl_ids.models.boosting: Continued boosting training: +50 trees on 96689 rows (now 550 trees)
2026-09-24 20:44:33,952 [INFO] fl_ids.models.boosting_update: Round 15: boosting v6 (continue) from 268 alerts ({'Backdoor': 2, 'Normal': 255, 'Port_Scanning': 4, 'Uploading': 6, 'XSS': 1}); 1 from excluded clients ignored
2026-09-24 20:44:34,336 [WARNING] fl_ids.fl.client: Client 5: no benign validation samples to evaluate on
2026-09-24 20:44:34,354 [INFO] fl_ids.eval.simulation: Round 15: mean_val_loss=0.0305, comm_bytes=583920
2026-09-24 20:44:52,984 [WARNING] fl_ids.fl.client: Client 5: no benign validation samples to evaluate on
2026-09-24 20:44:53,005 [INFO] fl_ids.eval.simulation: Round 16: mean_val_loss=0.0172, comm_bytes=583920
2026-09-24 20:45:11,755 [WARNING] fl_ids.fl.client: Client 5: no benign validation samples to evaluate on
2026-09-24 20:45:11,769 [INFO] fl_ids.eval.simulation: Round 17: mean_val_loss=0.0321, comm_bytes=583920
2026-09-24 20:45:11,972 [INFO] fl_ids.fl.client: Client 0 round 18: 1 of 119 boosting-passed rows flagged; surfacing 1
2026-09-24 20:45:12,480 [INFO] fl_ids.fl.client: Client 1 round 18: 5 of 696 boosting-passed rows flagged; surfacing 5
2026-09-24 20:45:13,049 [INFO] fl_ids.fl.client: Client 2 round 18: 31 of 294 boosting-passed rows flagged; surfacing 31
2026-09-24 20:45:14,737 [INFO] fl_ids.fl.client: Client 3 round 18: 142 of 5645 boosting-passed rows flagged; surfacing 50
2026-09-24 20:45:18,710 [INFO] fl_ids.fl.client: Client 4 round 18: 240 of 11389 boosting-passed rows flagged; surfacing 50
2026-09-24 20:45:22,832 [INFO] fl_ids.fl.client: Client 6 round 18: 123 of 2715 boosting-passed rows flagged; surfacing 50
2026-09-24 20:45:24,093 [INFO] fl_ids.fl.client: Client 7 round 18: 9 of 662 boosting-passed rows flagged; surfacing 9
2026-09-24 20:45:26,666 [INFO] fl_ids.fl.client: Client 8 round 18: 266 of 10204 boosting-passed rows flagged; surfacing 50
2026-09-24 20:45:29,828 [INFO] fl_ids.fl.client: Client 9 round 18: 33 of 961 boosting-passed rows flagged; surfacing 33
2026-09-24 20:46:26,220 [INFO] fl_ids.models.boosting: Continued boosting training: +50 trees on 96885 rows (now 600 trees)
2026-09-24 20:46:26,220 [INFO] fl_ids.models.boosting_update: Round 18: boosting v7 (continue) from 196 alerts ({'Backdoor': 1, 'DDoS_HTTP': 2, 'Fingerprinting': 1, 'Normal': 180, 'Port_Scanning': 12}); 83 from excluded clients ignored
2026-09-24 20:46:26,656 [WARNING] fl_ids.fl.client: Client 5: no benign validation samples to evaluate on
2026-09-24 20:46:26,683 [INFO] fl_ids.eval.simulation: Round 18: mean_val_loss=0.0109, comm_bytes=583920
2026-09-24 20:46:46,243 [WARNING] fl_ids.fl.client: Client 5: no benign validation samples to evaluate on
2026-09-24 20:46:46,257 [INFO] fl_ids.eval.simulation: Round 19: mean_val_loss=0.0258, comm_bytes=583920
2026-09-24 20:47:05,886 [WARNING] fl_ids.fl.client: Client 5: no benign validation samples to evaluate on
2026-09-24 20:47:05,901 [INFO] fl_ids.eval.simulation: Round 20: mean_val_loss=0.0212, comm_bytes=583920
2026-09-24 20:47:05,930 [WARNING] fl_ids.eval.common: Clients [5] have no benign validation rows (infinite threshold); 189 test rows can't be flagged by the autoencoder
2026-09-24 20:47:08,002 [INFO] __main__: fraction=0.30: attack_macro_recall=0.887 benign_fpr=0.0260 autoencoder_alone=0.421 survival=0.317
2026-09-24 20:47:08,002 [INFO] __main__: Poisoning sweep: fraction=0.40 -> malicious clients=[0, 4, 5, 6]
2026-09-24 20:47:21,853 [WARNING] fl_ids.fl.client: Client 5: no benign validation samples to evaluate on
2026-09-24 20:47:21,867 [INFO] fl_ids.eval.simulation: Round 1: mean_val_loss=0.2805, comm_bytes=583920
2026-09-24 20:47:36,180 [WARNING] fl_ids.fl.client: Client 5: no benign validation samples to evaluate on
2026-09-24 20:47:36,194 [INFO] fl_ids.eval.simulation: Round 2: mean_val_loss=0.1285, comm_bytes=583920
2026-09-24 20:47:36,302 [INFO] fl_ids.fl.client: Client 0 round 3: 1 of 119 boosting-passed rows flagged; surfacing 1
2026-09-24 20:47:36,589 [INFO] fl_ids.fl.client: Client 1 round 3: 5 of 699 boosting-passed rows flagged; surfacing 5
2026-09-24 20:47:36,974 [INFO] fl_ids.fl.client: Client 2 round 3: 19 of 313 boosting-passed rows flagged; surfacing 19
2026-09-24 20:47:37,881 [INFO] fl_ids.fl.client: Client 3 round 3: 215 of 5652 boosting-passed rows flagged; surfacing 50
2026-09-24 20:47:40,554 [INFO] fl_ids.fl.client: Client 4 round 3: 337 of 11387 boosting-passed rows flagged; surfacing 50
2026-09-24 20:47:44,220 [INFO] fl_ids.fl.client: Client 6 round 3: 91 of 2737 boosting-passed rows flagged; surfacing 50
2026-09-24 20:47:45,363 [INFO] fl_ids.fl.client: Client 7 round 3: 6 of 678 boosting-passed rows flagged; surfacing 6
2026-09-24 20:47:46,673 [INFO] fl_ids.fl.client: Client 8 round 3: 353 of 10212 boosting-passed rows flagged; surfacing 50
2026-09-24 20:47:50,153 [INFO] fl_ids.fl.client: Client 9 round 3: 33 of 985 boosting-passed rows flagged; surfacing 33
2026-09-24 20:48:13,946 [INFO] fl_ids.models.boosting: Continued boosting training: +50 trees on 95648 rows (now 350 trees)
2026-09-24 20:48:13,950 [INFO] fl_ids.models.boosting_update: Round 3: boosting v2 (continue) from 163 alerts ({'Normal': 160, 'Vulnerability_scanner': 2, 'XSS': 1}); 101 from excluded clients ignored
2026-09-24 20:48:14,200 [WARNING] fl_ids.fl.client: Client 5: no benign validation samples to evaluate on
2026-09-24 20:48:14,212 [INFO] fl_ids.eval.simulation: Round 3: mean_val_loss=0.0457, comm_bytes=583920
2026-09-24 20:48:28,325 [WARNING] fl_ids.fl.client: Client 5: no benign validation samples to evaluate on
2026-09-24 20:48:28,339 [INFO] fl_ids.eval.simulation: Round 4: mean_val_loss=0.0307, comm_bytes=583920
2026-09-24 20:48:43,494 [WARNING] fl_ids.fl.client: Client 5: no benign validation samples to evaluate on
2026-09-24 20:48:43,508 [INFO] fl_ids.eval.simulation: Round 5: mean_val_loss=0.0610, comm_bytes=583920
2026-09-24 20:48:43,636 [INFO] fl_ids.fl.client: Client 0 round 6: 0 of 119 boosting-passed rows flagged; surfacing 0
2026-09-24 20:48:43,914 [INFO] fl_ids.fl.client: Client 1 round 6: 2 of 697 boosting-passed rows flagged; surfacing 2
2026-09-24 20:48:44,329 [INFO] fl_ids.fl.client: Client 2 round 6: 10 of 314 boosting-passed rows flagged; surfacing 10
2026-09-24 20:48:45,174 [INFO] fl_ids.fl.client: Client 3 round 6: 239 of 5650 boosting-passed rows flagged; surfacing 50
2026-09-24 20:48:48,029 [INFO] fl_ids.fl.client: Client 4 round 6: 345 of 11388 boosting-passed rows flagged; surfacing 50
2026-09-24 20:48:53,021 [INFO] fl_ids.fl.client: Client 6 round 6: 113 of 2734 boosting-passed rows flagged; surfacing 50
2026-09-24 20:48:55,089 [INFO] fl_ids.fl.client: Client 7 round 6: 14 of 676 boosting-passed rows flagged; surfacing 14
2026-09-24 20:48:56,408 [INFO] fl_ids.fl.client: Client 8 round 6: 291 of 10212 boosting-passed rows flagged; surfacing 50
2026-09-24 20:48:59,657 [INFO] fl_ids.fl.client: Client 9 round 6: 43 of 979 boosting-passed rows flagged; surfacing 43
2026-09-24 20:49:36,065 [INFO] fl_ids.models.boosting: Continued boosting training: +50 trees on 95817 rows (now 400 trees)
2026-09-24 20:49:36,065 [INFO] fl_ids.models.boosting_update: Round 6: boosting v3 (continue) from 169 alerts ({'Normal': 164, 'Port_Scanning': 2, 'Uploading': 1, 'Vulnerability_scanner': 1, 'XSS': 1}); 100 from excluded clients ignored
2026-09-24 20:49:36,288 [WARNING] fl_ids.fl.client: Client 5: no benign validation samples to evaluate on
2026-09-24 20:49:36,299 [INFO] fl_ids.eval.simulation: Round 6: mean_val_loss=0.0207, comm_bytes=583920
2026-09-24 20:49:55,903 [WARNING] fl_ids.fl.client: Client 5: no benign validation samples to evaluate on
2026-09-24 20:49:55,931 [INFO] fl_ids.eval.simulation: Round 7: mean_val_loss=0.0197, comm_bytes=583920
2026-09-24 20:50:18,298 [WARNING] fl_ids.fl.client: Client 5: no benign validation samples to evaluate on
2026-09-24 20:50:18,340 [INFO] fl_ids.eval.simulation: Round 8: mean_val_loss=0.0183, comm_bytes=583920
2026-09-24 20:50:18,690 [INFO] fl_ids.fl.client: Client 0 round 9: 1 of 119 boosting-passed rows flagged; surfacing 1
2026-09-24 20:50:19,579 [INFO] fl_ids.fl.client: Client 1 round 9: 25 of 698 boosting-passed rows flagged; surfacing 25
2026-09-24 20:50:20,105 [INFO] fl_ids.fl.client: Client 2 round 9: 19 of 307 boosting-passed rows flagged; surfacing 19
2026-09-24 20:50:22,030 [INFO] fl_ids.fl.client: Client 3 round 9: 205 of 5649 boosting-passed rows flagged; surfacing 50
2026-09-24 20:50:26,009 [INFO] fl_ids.fl.client: Client 4 round 9: 300 of 11387 boosting-passed rows flagged; surfacing 50
2026-09-24 20:50:30,909 [INFO] fl_ids.fl.client: Client 6 round 9: 104 of 2727 boosting-passed rows flagged; surfacing 50
2026-09-24 20:50:32,733 [INFO] fl_ids.fl.client: Client 7 round 9: 13 of 667 boosting-passed rows flagged; surfacing 13
2026-09-24 20:50:35,411 [INFO] fl_ids.fl.client: Client 8 round 9: 339 of 10210 boosting-passed rows flagged; surfacing 50
2026-09-24 20:50:39,855 [INFO] fl_ids.fl.client: Client 9 round 9: 36 of 977 boosting-passed rows flagged; surfacing 36
2026-09-24 20:51:21,697 [INFO] fl_ids.models.boosting: Continued boosting training: +50 trees on 96011 rows (now 450 trees)
2026-09-24 20:51:21,698 [INFO] fl_ids.models.boosting_update: Round 9: boosting v4 (continue) from 194 alerts ({'Backdoor': 2, 'Normal': 164, 'Port_Scanning': 17, 'Uploading': 7, 'Vulnerability_scanner': 2, 'XSS': 2}); 100 from excluded clients ignored
2026-09-24 20:51:22,300 [WARNING] fl_ids.fl.client: Client 5: no benign validation samples to evaluate on
2026-09-24 20:51:22,391 [INFO] fl_ids.eval.simulation: Round 9: mean_val_loss=0.0178, comm_bytes=583920
2026-09-24 20:51:44,319 [WARNING] fl_ids.fl.client: Client 5: no benign validation samples to evaluate on
2026-09-24 20:51:44,339 [INFO] fl_ids.eval.simulation: Round 10: mean_val_loss=0.0170, comm_bytes=583920
2026-09-24 20:52:02,938 [WARNING] fl_ids.fl.client: Client 5: no benign validation samples to evaluate on
2026-09-24 20:52:02,953 [INFO] fl_ids.eval.simulation: Round 11: mean_val_loss=0.0152, comm_bytes=583920
2026-09-24 20:52:03,119 [INFO] fl_ids.fl.client: Client 0 round 12: 1 of 117 boosting-passed rows flagged; surfacing 1
2026-09-24 20:52:03,561 [INFO] fl_ids.fl.client: Client 1 round 12: 12 of 695 boosting-passed rows flagged; surfacing 12
2026-09-24 20:52:04,076 [INFO] fl_ids.fl.client: Client 2 round 12: 16 of 300 boosting-passed rows flagged; surfacing 16
2026-09-24 20:52:05,590 [INFO] fl_ids.fl.client: Client 3 round 12: 269 of 5648 boosting-passed rows flagged; surfacing 50
2026-09-24 20:52:09,354 [INFO] fl_ids.fl.client: Client 4 round 12: 377 of 11384 boosting-passed rows flagged; surfacing 50
2026-09-24 20:52:13,484 [INFO] fl_ids.fl.client: Client 6 round 12: 118 of 2720 boosting-passed rows flagged; surfacing 50
2026-09-24 20:52:14,710 [INFO] fl_ids.fl.client: Client 7 round 12: 12 of 661 boosting-passed rows flagged; surfacing 12
2026-09-24 20:52:16,878 [INFO] fl_ids.fl.client: Client 8 round 12: 305 of 10205 boosting-passed rows flagged; surfacing 50
2026-09-24 20:52:20,171 [INFO] fl_ids.fl.client: Client 9 round 12: 41 of 970 boosting-passed rows flagged; surfacing 41
2026-09-24 20:53:13,609 [INFO] fl_ids.models.boosting: Continued boosting training: +50 trees on 96192 rows (now 500 trees)
2026-09-24 20:53:13,610 [INFO] fl_ids.models.boosting_update: Round 12: boosting v5 (continue) from 181 alerts ({'Backdoor': 3, 'Normal': 171, 'Port_Scanning': 5, 'Uploading': 1, 'XSS': 1}); 101 from excluded clients ignored
2026-09-24 20:53:13,989 [WARNING] fl_ids.fl.client: Client 5: no benign validation samples to evaluate on
2026-09-24 20:53:14,008 [INFO] fl_ids.eval.simulation: Round 12: mean_val_loss=0.0166, comm_bytes=583920
2026-09-24 20:53:33,171 [WARNING] fl_ids.fl.client: Client 5: no benign validation samples to evaluate on
2026-09-24 20:53:33,185 [INFO] fl_ids.eval.simulation: Round 13: mean_val_loss=0.0150, comm_bytes=583920
2026-09-24 20:53:51,589 [WARNING] fl_ids.fl.client: Client 5: no benign validation samples to evaluate on
2026-09-24 20:53:51,604 [INFO] fl_ids.eval.simulation: Round 14: mean_val_loss=0.0172, comm_bytes=583920
2026-09-24 20:53:51,791 [INFO] fl_ids.fl.client: Client 0 round 15: 1 of 119 boosting-passed rows flagged; surfacing 1
2026-09-24 20:53:52,290 [INFO] fl_ids.fl.client: Client 1 round 15: 21 of 695 boosting-passed rows flagged; surfacing 21
2026-09-24 20:53:52,880 [INFO] fl_ids.fl.client: Client 2 round 15: 19 of 296 boosting-passed rows flagged; surfacing 19
2026-09-24 20:53:54,569 [INFO] fl_ids.fl.client: Client 3 round 15: 195 of 5648 boosting-passed rows flagged; surfacing 50
2026-09-24 20:53:58,487 [INFO] fl_ids.fl.client: Client 4 round 15: 278 of 11383 boosting-passed rows flagged; surfacing 50
2026-09-24 20:54:02,591 [INFO] fl_ids.fl.client: Client 6 round 15: 87 of 2715 boosting-passed rows flagged; surfacing 50
2026-09-24 20:54:03,798 [INFO] fl_ids.fl.client: Client 7 round 15: 8 of 657 boosting-passed rows flagged; surfacing 8
2026-09-24 20:54:06,019 [INFO] fl_ids.fl.client: Client 8 round 15: 348 of 10204 boosting-passed rows flagged; surfacing 50
2026-09-24 20:54:11,527 [INFO] fl_ids.fl.client: Client 9 round 15: 33 of 964 boosting-passed rows flagged; surfacing 33
2026-09-24 20:55:06,423 [INFO] fl_ids.models.boosting: Continued boosting training: +50 trees on 96373 rows (now 550 trees)
2026-09-24 20:55:06,423 [INFO] fl_ids.models.boosting_update: Round 15: boosting v6 (continue) from 181 alerts ({'Backdoor': 3, 'Normal': 171, 'Port_Scanning': 4, 'Uploading': 1, 'Vulnerability_scanner': 1, 'XSS': 1}); 101 from excluded clients ignored
2026-09-24 20:55:06,738 [WARNING] fl_ids.fl.client: Client 5: no benign validation samples to evaluate on
2026-09-24 20:55:06,752 [INFO] fl_ids.eval.simulation: Round 15: mean_val_loss=0.0135, comm_bytes=583920
2026-09-24 20:55:26,305 [WARNING] fl_ids.fl.client: Client 5: no benign validation samples to evaluate on
2026-09-24 20:55:26,320 [INFO] fl_ids.eval.simulation: Round 16: mean_val_loss=0.0319, comm_bytes=583920
2026-09-24 20:55:47,568 [WARNING] fl_ids.fl.client: Client 5: no benign validation samples to evaluate on
2026-09-24 20:55:47,589 [INFO] fl_ids.eval.simulation: Round 17: mean_val_loss=0.0546, comm_bytes=583920
2026-09-24 20:55:47,885 [INFO] fl_ids.fl.client: Client 0 round 18: 0 of 118 boosting-passed rows flagged; surfacing 0
2026-09-24 20:55:48,623 [INFO] fl_ids.fl.client: Client 1 round 18: 3 of 694 boosting-passed rows flagged; surfacing 3
2026-09-24 20:55:49,257 [INFO] fl_ids.fl.client: Client 2 round 18: 9 of 299 boosting-passed rows flagged; surfacing 9
2026-09-24 20:55:51,020 [INFO] fl_ids.fl.client: Client 3 round 18: 202 of 5646 boosting-passed rows flagged; surfacing 50
2026-09-24 20:55:54,926 [INFO] fl_ids.fl.client: Client 4 round 18: 367 of 11383 boosting-passed rows flagged; surfacing 50
2026-09-24 20:55:59,783 [INFO] fl_ids.fl.client: Client 6 round 18: 110 of 2716 boosting-passed rows flagged; surfacing 50
2026-09-24 20:56:02,002 [INFO] fl_ids.fl.client: Client 7 round 18: 7 of 654 boosting-passed rows flagged; surfacing 7
2026-09-24 20:56:05,433 [INFO] fl_ids.fl.client: Client 8 round 18: 387 of 10204 boosting-passed rows flagged; surfacing 50
2026-09-24 20:56:11,955 [INFO] fl_ids.fl.client: Client 9 round 18: 34 of 964 boosting-passed rows flagged; surfacing 34
2026-09-24 20:57:13,359 [INFO] fl_ids.models.boosting: Continued boosting training: +50 trees on 96526 rows (now 600 trees)
2026-09-24 20:57:13,360 [INFO] fl_ids.models.boosting_update: Round 18: boosting v7 (continue) from 153 alerts ({'Backdoor': 3, 'Normal': 144, 'Port_Scanning': 2, 'Uploading': 3, 'XSS': 1}); 100 from excluded clients ignored
2026-09-24 20:57:13,702 [WARNING] fl_ids.fl.client: Client 5: no benign validation samples to evaluate on
2026-09-24 20:57:13,715 [INFO] fl_ids.eval.simulation: Round 18: mean_val_loss=0.0175, comm_bytes=583920
2026-09-24 20:57:36,218 [WARNING] fl_ids.fl.client: Client 5: no benign validation samples to evaluate on
2026-09-24 20:57:36,243 [INFO] fl_ids.eval.simulation: Round 19: mean_val_loss=0.0176, comm_bytes=583920
2026-09-24 20:58:00,981 [WARNING] fl_ids.fl.client: Client 5: no benign validation samples to evaluate on
2026-09-24 20:58:00,998 [INFO] fl_ids.eval.simulation: Round 20: mean_val_loss=0.0265, comm_bytes=583920
2026-09-24 20:58:01,015 [WARNING] fl_ids.eval.common: Clients [5] have no benign validation rows (infinite threshold); 189 test rows can't be flagged by the autoencoder
2026-09-24 20:58:03,166 [INFO] __main__: fraction=0.40: attack_macro_recall=0.885 benign_fpr=0.0285 autoencoder_alone=0.413 survival=0.237
2026-09-24 20:58:03,166 [INFO] __main__: Poisoning sweep: fraction=0.50 -> malicious clients=[0, 3, 4, 5, 7]
2026-09-24 20:58:20,300 [WARNING] fl_ids.fl.client: Client 5: no benign validation samples to evaluate on
2026-09-24 20:58:20,316 [INFO] fl_ids.eval.simulation: Round 1: mean_val_loss=0.3372, comm_bytes=583920
2026-09-24 20:58:36,882 [WARNING] fl_ids.fl.client: Client 5: no benign validation samples to evaluate on
2026-09-24 20:58:36,897 [INFO] fl_ids.eval.simulation: Round 2: mean_val_loss=0.4480, comm_bytes=583920
2026-09-24 20:58:37,032 [INFO] fl_ids.fl.client: Client 0 round 3: 1 of 119 boosting-passed rows flagged; surfacing 1
2026-09-24 20:58:37,309 [INFO] fl_ids.fl.client: Client 1 round 3: 2 of 699 boosting-passed rows flagged; surfacing 2
2026-09-24 20:58:37,642 [INFO] fl_ids.fl.client: Client 2 round 3: 12 of 313 boosting-passed rows flagged; surfacing 12
2026-09-24 20:58:38,670 [INFO] fl_ids.fl.client: Client 3 round 3: 201 of 5652 boosting-passed rows flagged; surfacing 50
2026-09-24 20:58:41,543 [INFO] fl_ids.fl.client: Client 4 round 3: 316 of 11387 boosting-passed rows flagged; surfacing 50
2026-09-24 20:58:46,265 [INFO] fl_ids.fl.client: Client 6 round 3: 59 of 2737 boosting-passed rows flagged; surfacing 50
2026-09-24 20:58:47,248 [INFO] fl_ids.fl.client: Client 7 round 3: 2 of 678 boosting-passed rows flagged; surfacing 2
2026-09-24 20:58:48,263 [INFO] fl_ids.fl.client: Client 8 round 3: 387 of 10212 boosting-passed rows flagged; surfacing 50
2026-09-24 20:58:51,782 [INFO] fl_ids.fl.client: Client 9 round 3: 41 of 985 boosting-passed rows flagged; surfacing 41
2026-09-24 20:59:10,535 [INFO] fl_ids.models.boosting: Continued boosting training: +50 trees on 95638 rows (now 350 trees)
2026-09-24 20:59:10,535 [INFO] fl_ids.models.boosting_update: Round 3: boosting v2 (continue) from 153 alerts ({'Normal': 153}); 105 from excluded clients ignored
2026-09-24 20:59:10,716 [WARNING] fl_ids.fl.client: Client 5: no benign validation samples to evaluate on
2026-09-24 20:59:10,727 [INFO] fl_ids.eval.simulation: Round 3: mean_val_loss=3.0213, comm_bytes=583920
2026-09-24 20:59:27,007 [WARNING] fl_ids.fl.client: Client 5: no benign validation samples to evaluate on
2026-09-24 20:59:27,024 [INFO] fl_ids.eval.simulation: Round 4: mean_val_loss=306.8182, comm_bytes=583920
2026-09-24 20:59:42,899 [WARNING] fl_ids.fl.client: Client 5: no benign validation samples to evaluate on
2026-09-24 20:59:42,916 [INFO] fl_ids.eval.simulation: Round 5: mean_val_loss=39541.9537, comm_bytes=583920
2026-09-24 20:59:43,009 [INFO] fl_ids.fl.client: Client 0 round 6: 1 of 119 boosting-passed rows flagged; surfacing 1
2026-09-24 20:59:43,245 [INFO] fl_ids.fl.client: Client 1 round 6: 2 of 697 boosting-passed rows flagged; surfacing 2
2026-09-24 20:59:43,657 [INFO] fl_ids.fl.client: Client 2 round 6: 12 of 312 boosting-passed rows flagged; surfacing 12
2026-09-24 20:59:44,571 [INFO] fl_ids.fl.client: Client 3 round 6: 226 of 5650 boosting-passed rows flagged; surfacing 50
2026-09-24 20:59:48,532 [INFO] fl_ids.fl.client: Client 4 round 6: 303 of 11386 boosting-passed rows flagged; surfacing 50
2026-09-24 20:59:52,397 [INFO] fl_ids.fl.client: Client 6 round 6: 106 of 2735 boosting-passed rows flagged; surfacing 50
2026-09-24 20:59:53,519 [INFO] fl_ids.fl.client: Client 7 round 6: 5 of 676 boosting-passed rows flagged; surfacing 5
2026-09-24 20:59:54,725 [INFO] fl_ids.fl.client: Client 8 round 6: 287 of 10210 boosting-passed rows flagged; surfacing 50
2026-09-24 20:59:58,816 [INFO] fl_ids.fl.client: Client 9 round 6: 38 of 979 boosting-passed rows flagged; surfacing 38
2026-09-24 21:00:26,109 [INFO] fl_ids.models.boosting: Continued boosting training: +50 trees on 95744 rows (now 400 trees)
2026-09-24 21:00:26,109 [INFO] fl_ids.models.boosting_update: Round 6: boosting v3 (continue) from 106 alerts ({'Normal': 106}); 152 from excluded clients ignored
2026-09-24 21:00:26,382 [WARNING] fl_ids.fl.client: Client 5: no benign validation samples to evaluate on
2026-09-24 21:00:26,405 [INFO] fl_ids.eval.simulation: Round 6: mean_val_loss=2095977.0983, comm_bytes=583920
2026-09-24 21:00:43,664 [WARNING] fl_ids.fl.client: Client 5: no benign validation samples to evaluate on
2026-09-24 21:00:43,678 [INFO] fl_ids.eval.simulation: Round 7: mean_val_loss=69639506.5600, comm_bytes=583920
2026-09-24 21:01:01,354 [WARNING] fl_ids.fl.client: Client 5: no benign validation samples to evaluate on
2026-09-24 21:01:01,369 [INFO] fl_ids.eval.simulation: Round 8: mean_val_loss=1468167690.8991, comm_bytes=583920
2026-09-24 21:01:01,508 [INFO] fl_ids.fl.client: Client 0 round 9: 2 of 118 boosting-passed rows flagged; surfacing 2
2026-09-24 21:01:01,786 [INFO] fl_ids.fl.client: Client 1 round 9: 2 of 695 boosting-passed rows flagged; surfacing 2
2026-09-24 21:01:02,208 [INFO] fl_ids.fl.client: Client 2 round 9: 12 of 308 boosting-passed rows flagged; surfacing 12
2026-09-24 21:01:03,408 [INFO] fl_ids.fl.client: Client 3 round 9: 208 of 5649 boosting-passed rows flagged; surfacing 50
2026-09-24 21:01:07,330 [INFO] fl_ids.fl.client: Client 4 round 9: 324 of 11387 boosting-passed rows flagged; surfacing 50
2026-09-24 21:01:10,997 [INFO] fl_ids.fl.client: Client 6 round 9: 98 of 2731 boosting-passed rows flagged; surfacing 50
2026-09-24 21:01:12,037 [INFO] fl_ids.fl.client: Client 7 round 9: 5 of 670 boosting-passed rows flagged; surfacing 5
2026-09-24 21:01:13,627 [INFO] fl_ids.fl.client: Client 8 round 9: 250 of 10209 boosting-passed rows flagged; surfacing 50
2026-09-24 21:01:16,473 [INFO] fl_ids.fl.client: Client 9 round 9: 27 of 978 boosting-passed rows flagged; surfacing 27
2026-09-24 21:01:48,981 [INFO] fl_ids.models.boosting: Continued boosting training: +50 trees on 95851 rows (now 450 trees)
2026-09-24 21:01:48,982 [INFO] fl_ids.models.boosting_update: Round 9: boosting v4 (continue) from 107 alerts ({'Normal': 107}); 141 from excluded clients ignored
2026-09-24 21:01:49,460 [WARNING] fl_ids.fl.client: Client 5: no benign validation samples to evaluate on
2026-09-24 21:01:49,508 [INFO] fl_ids.eval.simulation: Round 9: mean_val_loss=21312007665.4679, comm_bytes=583920
2026-09-24 21:02:08,703 [WARNING] fl_ids.fl.client: Client 5: no benign validation samples to evaluate on
2026-09-24 21:02:08,721 [INFO] fl_ids.eval.simulation: Round 10: mean_val_loss=224329488507.3825, comm_bytes=583920
2026-09-24 21:02:25,005 [WARNING] fl_ids.fl.client: Client 5: no benign validation samples to evaluate on
2026-09-24 21:02:25,017 [INFO] fl_ids.eval.simulation: Round 11: mean_val_loss=1815619299927.6616, comm_bytes=583920
2026-09-24 21:02:25,161 [INFO] fl_ids.fl.client: Client 0 round 12: 2 of 119 boosting-passed rows flagged; surfacing 2
2026-09-24 21:02:25,525 [INFO] fl_ids.fl.client: Client 1 round 12: 2 of 695 boosting-passed rows flagged; surfacing 2
2026-09-24 21:02:25,957 [INFO] fl_ids.fl.client: Client 2 round 12: 10 of 311 boosting-passed rows flagged; surfacing 10
2026-09-24 21:02:27,095 [INFO] fl_ids.fl.client: Client 3 round 12: 217 of 5649 boosting-passed rows flagged; surfacing 50
2026-09-24 21:02:30,111 [INFO] fl_ids.fl.client: Client 4 round 12: 344 of 11385 boosting-passed rows flagged; surfacing 50
2026-09-24 21:02:33,591 [INFO] fl_ids.fl.client: Client 6 round 12: 104 of 2728 boosting-passed rows flagged; surfacing 50
2026-09-24 21:02:34,590 [INFO] fl_ids.fl.client: Client 7 round 12: 5 of 665 boosting-passed rows flagged; surfacing 5
2026-09-24 21:02:36,349 [INFO] fl_ids.fl.client: Client 8 round 12: 243 of 10209 boosting-passed rows flagged; surfacing 50
2026-09-24 21:02:39,093 [INFO] fl_ids.fl.client: Client 9 round 12: 24 of 976 boosting-passed rows flagged; surfacing 24
2026-09-24 21:03:18,019 [INFO] fl_ids.models.boosting: Continued boosting training: +50 trees on 95958 rows (now 500 trees)
2026-09-24 21:03:18,019 [INFO] fl_ids.models.boosting_update: Round 12: boosting v5 (continue) from 107 alerts ({'Normal': 107}); 136 from excluded clients ignored
2026-09-24 21:03:18,342 [WARNING] fl_ids.fl.client: Client 5: no benign validation samples to evaluate on
2026-09-24 21:03:18,357 [INFO] fl_ids.eval.simulation: Round 12: mean_val_loss=11793904462705.6797, comm_bytes=583920
2026-09-24 21:03:37,386 [WARNING] fl_ids.fl.client: Client 5: no benign validation samples to evaluate on
2026-09-24 21:03:37,468 [INFO] fl_ids.eval.simulation: Round 13: mean_val_loss=63397305491070.4766, comm_bytes=583920
2026-09-24 21:03:53,934 [WARNING] fl_ids.fl.client: Client 5: no benign validation samples to evaluate on
2026-09-24 21:03:53,947 [INFO] fl_ids.eval.simulation: Round 14: mean_val_loss=291780693112386.8750, comm_bytes=583920
2026-09-24 21:03:54,109 [INFO] fl_ids.fl.client: Client 0 round 15: 2 of 118 boosting-passed rows flagged; surfacing 2
2026-09-24 21:03:54,531 [INFO] fl_ids.fl.client: Client 1 round 15: 2 of 695 boosting-passed rows flagged; surfacing 2
2026-09-24 21:03:55,012 [INFO] fl_ids.fl.client: Client 2 round 15: 11 of 309 boosting-passed rows flagged; surfacing 11
2026-09-24 21:03:56,376 [INFO] fl_ids.fl.client: Client 3 round 15: 235 of 5647 boosting-passed rows flagged; surfacing 50
2026-09-24 21:03:59,681 [INFO] fl_ids.fl.client: Client 4 round 15: 337 of 11385 boosting-passed rows flagged; surfacing 50
2026-09-24 21:04:03,357 [INFO] fl_ids.fl.client: Client 6 round 15: 96 of 2728 boosting-passed rows flagged; surfacing 50
2026-09-24 21:04:04,429 [INFO] fl_ids.fl.client: Client 7 round 15: 5 of 661 boosting-passed rows flagged; surfacing 5
2026-09-24 21:04:06,415 [INFO] fl_ids.fl.client: Client 8 round 15: 256 of 10208 boosting-passed rows flagged; surfacing 50
2026-09-24 21:04:09,320 [INFO] fl_ids.fl.client: Client 9 round 15: 21 of 975 boosting-passed rows flagged; surfacing 21
2026-09-24 21:04:54,753 [INFO] fl_ids.models.boosting: Continued boosting training: +50 trees on 96065 rows (now 550 trees)
2026-09-24 21:04:54,753 [INFO] fl_ids.models.boosting_update: Round 15: boosting v6 (continue) from 107 alerts ({'Normal': 107}); 134 from excluded clients ignored
2026-09-24 21:04:55,387 [WARNING] fl_ids.fl.client: Client 5: no benign validation samples to evaluate on
2026-09-24 21:04:55,451 [INFO] fl_ids.eval.simulation: Round 15: mean_val_loss=1176818709292167.5000, comm_bytes=583920
2026-09-24 21:05:13,962 [WARNING] fl_ids.fl.client: Client 5: no benign validation samples to evaluate on
2026-09-24 21:05:13,975 [INFO] fl_ids.eval.simulation: Round 16: mean_val_loss=4251066095292955.5000, comm_bytes=583920
2026-09-24 21:05:30,858 [WARNING] fl_ids.fl.client: Client 5: no benign validation samples to evaluate on
2026-09-24 21:05:30,872 [INFO] fl_ids.eval.simulation: Round 17: mean_val_loss=13857194610993532.0000, comm_bytes=583920
2026-09-24 21:05:31,053 [INFO] fl_ids.fl.client: Client 0 round 18: 2 of 118 boosting-passed rows flagged; surfacing 2
2026-09-24 21:05:31,519 [INFO] fl_ids.fl.client: Client 1 round 18: 2 of 694 boosting-passed rows flagged; surfacing 2
2026-09-24 21:05:32,013 [INFO] fl_ids.fl.client: Client 2 round 18: 10 of 306 boosting-passed rows flagged; surfacing 10
2026-09-24 21:05:33,565 [INFO] fl_ids.fl.client: Client 3 round 18: 225 of 5647 boosting-passed rows flagged; surfacing 50
2026-09-24 21:05:37,129 [INFO] fl_ids.fl.client: Client 4 round 18: 317 of 11385 boosting-passed rows flagged; surfacing 50
2026-09-24 21:05:40,996 [INFO] fl_ids.fl.client: Client 6 round 18: 89 of 2726 boosting-passed rows flagged; surfacing 50
2026-09-24 21:05:42,288 [INFO] fl_ids.fl.client: Client 7 round 18: 5 of 663 boosting-passed rows flagged; surfacing 5
2026-09-24 21:05:44,542 [INFO] fl_ids.fl.client: Client 8 round 18: 302 of 10207 boosting-passed rows flagged; surfacing 50
2026-09-24 21:05:47,540 [INFO] fl_ids.fl.client: Client 9 round 18: 23 of 975 boosting-passed rows flagged; surfacing 23
2026-09-24 21:06:44,128 [INFO] fl_ids.models.boosting: Continued boosting training: +50 trees on 96172 rows (now 600 trees)
2026-09-24 21:06:44,129 [INFO] fl_ids.models.boosting_update: Round 18: boosting v7 (continue) from 107 alerts ({'Normal': 107}); 135 from excluded clients ignored
2026-09-24 21:06:44,549 [WARNING] fl_ids.fl.client: Client 5: no benign validation samples to evaluate on
2026-09-24 21:06:44,569 [INFO] fl_ids.eval.simulation: Round 18: mean_val_loss=41249001168828424.0000, comm_bytes=583920
2026-09-24 21:07:07,091 [WARNING] fl_ids.fl.client: Client 5: no benign validation samples to evaluate on
2026-09-24 21:07:07,109 [INFO] fl_ids.eval.simulation: Round 19: mean_val_loss=113813737065324896.0000, comm_bytes=583920
2026-09-24 21:07:24,869 [WARNING] fl_ids.fl.client: Client 5: no benign validation samples to evaluate on
2026-09-24 21:07:24,883 [INFO] fl_ids.eval.simulation: Round 20: mean_val_loss=292956611286235456.0000, comm_bytes=583920
2026-09-24 21:07:24,910 [WARNING] fl_ids.eval.common: Clients [5] have no benign validation rows (infinite threshold); 189 test rows can't be flagged by the autoencoder
2026-09-24 21:07:26,616 [INFO] __main__: fraction=0.50: attack_macro_recall=0.878 benign_fpr=0.0340 autoencoder_alone=0.000 survival=0.960
2026-09-24 21:07:28,769 [INFO] fl_ids.eval.common: Excluded classes ['Backdoor'] from training: removed 1201 calibration rows, 755 federated-pool rows
2026-09-24 21:07:28,771 [INFO] fl_ids.models.boosting: Training boosting classifier: 94284 samples, 15 classes, 300 rounds
2026-09-24 21:07:44,605 [WARNING] fl_ids.data.pipeline: Client 0 has zero benign validation samples (heavy Dirichlet skew or too few benign samples in its shard)
2026-09-24 21:07:44,627 [WARNING] fl_ids.data.pipeline: Client 3 has zero benign validation samples (heavy Dirichlet skew or too few benign samples in its shard)
2026-09-24 21:07:44,656 [INFO] fl_ids.eval.common: Evaluation setup: 94284 calibration, 59245 federated pool (subsampled), 8882 test rows across 10 clients
2026-09-24 21:08:00,370 [WARNING] fl_ids.fl.client: Client 0: no benign validation samples to evaluate on
2026-09-24 21:08:00,380 [WARNING] fl_ids.fl.client: Client 3: no benign validation samples to evaluate on
2026-09-24 21:08:00,398 [INFO] fl_ids.eval.simulation: Round 1: mean_val_loss=0.3007, comm_bytes=583920
2026-09-24 21:08:15,472 [WARNING] fl_ids.fl.client: Client 0: no benign validation samples to evaluate on
2026-09-24 21:08:15,482 [WARNING] fl_ids.fl.client: Client 3: no benign validation samples to evaluate on
2026-09-24 21:08:15,499 [INFO] fl_ids.eval.simulation: Round 2: mean_val_loss=0.2542, comm_bytes=583920
2026-09-24 21:08:17,486 [INFO] fl_ids.fl.client: Client 1 round 3: 738 of 23823 boosting-passed rows flagged; surfacing 50
2026-09-24 21:08:25,433 [INFO] fl_ids.fl.client: Client 2 round 3: 23 of 568 boosting-passed rows flagged; surfacing 23
2026-09-24 21:08:25,993 [INFO] fl_ids.fl.client: Client 4 round 3: 23 of 414 boosting-passed rows flagged; surfacing 23
2026-09-24 21:08:26,266 [INFO] fl_ids.fl.client: Client 5 round 3: 8 of 274 boosting-passed rows flagged; surfacing 8
2026-09-24 21:08:26,501 [INFO] fl_ids.fl.client: Client 6 round 3: 28 of 1131 boosting-passed rows flagged; surfacing 28
2026-09-24 21:08:26,963 [INFO] fl_ids.fl.client: Client 7 round 3: 41 of 802 boosting-passed rows flagged; surfacing 41
2026-09-24 21:08:27,640 [INFO] fl_ids.fl.client: Client 8 round 3: 137 of 4872 boosting-passed rows flagged; surfacing 50
2026-09-24 21:08:28,958 [INFO] fl_ids.fl.client: Client 9 round 3: 3 of 300 boosting-passed rows flagged; surfacing 3
2026-09-24 21:08:45,604 [INFO] fl_ids.models.boosting: Continued boosting training: +50 trees on 94510 rows (now 350 trees)
2026-09-24 21:08:45,604 [INFO] fl_ids.models.boosting_update: Round 3: boosting v2 (continue) from 226 alerts ({'Fingerprinting': 1, 'Normal': 223, 'Vulnerability_scanner': 1, 'XSS': 1}); 0 from excluded clients ignored
2026-09-24 21:08:45,756 [WARNING] fl_ids.fl.client: Client 0: no benign validation samples to evaluate on
2026-09-24 21:08:45,763 [WARNING] fl_ids.fl.client: Client 3: no benign validation samples to evaluate on
2026-09-24 21:08:45,775 [INFO] fl_ids.eval.simulation: Round 3: mean_val_loss=0.1812, comm_bytes=583920
2026-09-24 21:09:01,765 [WARNING] fl_ids.fl.client: Client 0: no benign validation samples to evaluate on
2026-09-24 21:09:01,777 [WARNING] fl_ids.fl.client: Client 3: no benign validation samples to evaluate on
2026-09-24 21:09:01,801 [INFO] fl_ids.eval.simulation: Round 4: mean_val_loss=0.1249, comm_bytes=583920
2026-09-24 21:09:17,330 [WARNING] fl_ids.fl.client: Client 0: no benign validation samples to evaluate on
2026-09-24 21:09:17,338 [WARNING] fl_ids.fl.client: Client 3: no benign validation samples to evaluate on
2026-09-24 21:09:17,351 [INFO] fl_ids.eval.simulation: Round 5: mean_val_loss=0.0906, comm_bytes=583920
2026-09-24 21:09:19,942 [INFO] fl_ids.fl.client: Client 1 round 6: 710 of 23819 boosting-passed rows flagged; surfacing 50
2026-09-24 21:09:27,940 [INFO] fl_ids.fl.client: Client 2 round 6: 30 of 564 boosting-passed rows flagged; surfacing 30
2026-09-24 21:09:28,537 [INFO] fl_ids.fl.client: Client 4 round 6: 15 of 414 boosting-passed rows flagged; surfacing 15
2026-09-24 21:09:28,798 [INFO] fl_ids.fl.client: Client 5 round 6: 8 of 270 boosting-passed rows flagged; surfacing 8
2026-09-24 21:09:29,049 [INFO] fl_ids.fl.client: Client 6 round 6: 49 of 1131 boosting-passed rows flagged; surfacing 49
2026-09-24 21:09:29,531 [INFO] fl_ids.fl.client: Client 7 round 6: 27 of 804 boosting-passed rows flagged; surfacing 27
2026-09-24 21:09:30,295 [INFO] fl_ids.fl.client: Client 8 round 6: 134 of 4871 boosting-passed rows flagged; surfacing 50
2026-09-24 21:09:32,624 [INFO] fl_ids.fl.client: Client 9 round 6: 8 of 301 boosting-passed rows flagged; surfacing 8
2026-09-24 21:09:52,917 [INFO] fl_ids.models.boosting: Continued boosting training: +50 trees on 94747 rows (now 400 trees)
2026-09-24 21:09:52,917 [INFO] fl_ids.models.boosting_update: Round 6: boosting v3 (continue) from 237 alerts ({'DDoS_HTTP': 1, 'Normal': 227, 'Port_Scanning': 3, 'Vulnerability_scanner': 5, 'XSS': 1}); 0 from excluded clients ignored
2026-09-24 21:09:53,098 [WARNING] fl_ids.fl.client: Client 0: no benign validation samples to evaluate on
2026-09-24 21:09:53,107 [WARNING] fl_ids.fl.client: Client 3: no benign validation samples to evaluate on
2026-09-24 21:09:53,119 [INFO] fl_ids.eval.simulation: Round 6: mean_val_loss=0.0686, comm_bytes=583920
2026-09-24 21:10:08,181 [WARNING] fl_ids.fl.client: Client 0: no benign validation samples to evaluate on
2026-09-24 21:10:08,190 [WARNING] fl_ids.fl.client: Client 3: no benign validation samples to evaluate on
2026-09-24 21:10:08,203 [INFO] fl_ids.eval.simulation: Round 7: mean_val_loss=0.0572, comm_bytes=583920
2026-09-24 21:10:24,822 [WARNING] fl_ids.fl.client: Client 0: no benign validation samples to evaluate on
2026-09-24 21:10:24,832 [WARNING] fl_ids.fl.client: Client 3: no benign validation samples to evaluate on
2026-09-24 21:10:24,847 [INFO] fl_ids.eval.simulation: Round 8: mean_val_loss=0.0528, comm_bytes=583920
2026-09-24 21:10:27,198 [INFO] fl_ids.fl.client: Client 1 round 9: 706 of 23818 boosting-passed rows flagged; surfacing 50
2026-09-24 21:10:36,638 [INFO] fl_ids.fl.client: Client 2 round 9: 24 of 563 boosting-passed rows flagged; surfacing 24
2026-09-24 21:10:38,005 [INFO] fl_ids.fl.client: Client 4 round 9: 28 of 414 boosting-passed rows flagged; surfacing 28
2026-09-24 21:10:38,318 [INFO] fl_ids.fl.client: Client 5 round 9: 7 of 265 boosting-passed rows flagged; surfacing 7
2026-09-24 21:10:38,563 [INFO] fl_ids.fl.client: Client 6 round 9: 43 of 1125 boosting-passed rows flagged; surfacing 43
2026-09-24 21:10:39,115 [INFO] fl_ids.fl.client: Client 7 round 9: 9 of 803 boosting-passed rows flagged; surfacing 9
2026-09-24 21:10:40,007 [INFO] fl_ids.fl.client: Client 8 round 9: 134 of 4866 boosting-passed rows flagged; surfacing 50
2026-09-24 21:10:41,626 [INFO] fl_ids.fl.client: Client 9 round 9: 14 of 300 boosting-passed rows flagged; surfacing 14
2026-09-24 21:11:07,768 [INFO] fl_ids.models.boosting: Continued boosting training: +50 trees on 94965 rows (now 450 trees)
2026-09-24 21:11:07,769 [INFO] fl_ids.models.boosting_update: Round 9: boosting v4 (continue) from 218 alerts ({'DDoS_HTTP': 1, 'Normal': 201, 'Port_Scanning': 5, 'SQL_injection': 3, 'Uploading': 2, 'Vulnerability_scanner': 5, 'XSS': 1}); 7 from excluded clients ignored
2026-09-24 21:11:07,987 [WARNING] fl_ids.fl.client: Client 0: no benign validation samples to evaluate on
2026-09-24 21:11:08,006 [WARNING] fl_ids.fl.client: Client 3: no benign validation samples to evaluate on
2026-09-24 21:11:08,019 [INFO] fl_ids.eval.simulation: Round 9: mean_val_loss=0.0425, comm_bytes=583920
2026-09-24 21:11:22,501 [WARNING] fl_ids.fl.client: Client 0: no benign validation samples to evaluate on
2026-09-24 21:11:22,510 [WARNING] fl_ids.fl.client: Client 3: no benign validation samples to evaluate on
2026-09-24 21:11:22,526 [INFO] fl_ids.eval.simulation: Round 10: mean_val_loss=0.0471, comm_bytes=583920
2026-09-24 21:11:39,457 [WARNING] fl_ids.fl.client: Client 0: no benign validation samples to evaluate on
2026-09-24 21:11:39,470 [WARNING] fl_ids.fl.client: Client 3: no benign validation samples to evaluate on
2026-09-24 21:11:39,487 [INFO] fl_ids.eval.simulation: Round 11: mean_val_loss=0.0447, comm_bytes=583920
2026-09-24 21:11:43,572 [INFO] fl_ids.fl.client: Client 1 round 12: 730 of 23816 boosting-passed rows flagged; surfacing 50
2026-09-24 21:11:53,723 [INFO] fl_ids.fl.client: Client 2 round 12: 21 of 561 boosting-passed rows flagged; surfacing 21
2026-09-24 21:11:54,475 [INFO] fl_ids.fl.client: Client 4 round 12: 29 of 414 boosting-passed rows flagged; surfacing 29
2026-09-24 21:11:54,832 [INFO] fl_ids.fl.client: Client 5 round 12: 7 of 265 boosting-passed rows flagged; surfacing 7
2026-09-24 21:11:55,168 [INFO] fl_ids.fl.client: Client 6 round 12: 38 of 1124 boosting-passed rows flagged; surfacing 38
2026-09-24 21:11:55,794 [INFO] fl_ids.fl.client: Client 7 round 12: 7 of 801 boosting-passed rows flagged; surfacing 7
2026-09-24 21:11:56,831 [INFO] fl_ids.fl.client: Client 8 round 12: 160 of 4861 boosting-passed rows flagged; surfacing 50
2026-09-24 21:11:58,520 [INFO] fl_ids.fl.client: Client 9 round 12: 18 of 298 boosting-passed rows flagged; surfacing 18
2026-09-24 21:12:33,537 [INFO] fl_ids.models.boosting: Continued boosting training: +50 trees on 95185 rows (now 500 trees)
2026-09-24 21:12:33,537 [INFO] fl_ids.models.boosting_update: Round 12: boosting v5 (continue) from 220 alerts ({'DDoS_HTTP': 2, 'Fingerprinting': 1, 'Normal': 212, 'SQL_injection': 2, 'Uploading': 2, 'XSS': 1}); 0 from excluded clients ignored
2026-09-24 21:12:33,909 [WARNING] fl_ids.fl.client: Client 0: no benign validation samples to evaluate on
2026-09-24 21:12:33,924 [WARNING] fl_ids.fl.client: Client 3: no benign validation samples to evaluate on
2026-09-24 21:12:33,949 [INFO] fl_ids.eval.simulation: Round 12: mean_val_loss=0.0421, comm_bytes=583920
2026-09-24 21:12:51,038 [WARNING] fl_ids.fl.client: Client 0: no benign validation samples to evaluate on
2026-09-24 21:12:51,048 [WARNING] fl_ids.fl.client: Client 3: no benign validation samples to evaluate on
2026-09-24 21:12:51,062 [INFO] fl_ids.eval.simulation: Round 13: mean_val_loss=0.0395, comm_bytes=583920
2026-09-24 21:13:08,741 [WARNING] fl_ids.fl.client: Client 0: no benign validation samples to evaluate on
2026-09-24 21:13:08,752 [WARNING] fl_ids.fl.client: Client 3: no benign validation samples to evaluate on
2026-09-24 21:13:08,761 [INFO] fl_ids.eval.simulation: Round 14: mean_val_loss=0.0370, comm_bytes=583920
2026-09-24 21:13:11,848 [INFO] fl_ids.fl.client: Client 1 round 15: 769 of 23815 boosting-passed rows flagged; surfacing 50
2026-09-24 21:13:20,882 [INFO] fl_ids.fl.client: Client 2 round 15: 31 of 557 boosting-passed rows flagged; surfacing 31
2026-09-24 21:13:21,698 [INFO] fl_ids.fl.client: Client 4 round 15: 27 of 414 boosting-passed rows flagged; surfacing 27
2026-09-24 21:13:22,063 [INFO] fl_ids.fl.client: Client 5 round 15: 6 of 264 boosting-passed rows flagged; surfacing 6
2026-09-24 21:13:22,388 [INFO] fl_ids.fl.client: Client 6 round 15: 36 of 1124 boosting-passed rows flagged; surfacing 36
2026-09-24 21:13:22,969 [INFO] fl_ids.fl.client: Client 7 round 15: 10 of 802 boosting-passed rows flagged; surfacing 10
2026-09-24 21:13:24,625 [INFO] fl_ids.fl.client: Client 8 round 15: 130 of 4855 boosting-passed rows flagged; surfacing 50
2026-09-24 21:13:27,787 [INFO] fl_ids.fl.client: Client 9 round 15: 21 of 298 boosting-passed rows flagged; surfacing 21
2026-09-24 21:14:07,675 [INFO] fl_ids.models.boosting: Continued boosting training: +50 trees on 95410 rows (now 550 trees)
2026-09-24 21:14:07,675 [INFO] fl_ids.models.boosting_update: Round 15: boosting v6 (continue) from 225 alerts ({'DDoS_HTTP': 1, 'Normal': 223, 'XSS': 1}); 6 from excluded clients ignored
2026-09-24 21:14:07,936 [WARNING] fl_ids.fl.client: Client 0: no benign validation samples to evaluate on
2026-09-24 21:14:07,946 [WARNING] fl_ids.fl.client: Client 3: no benign validation samples to evaluate on
2026-09-24 21:14:07,960 [INFO] fl_ids.eval.simulation: Round 15: mean_val_loss=0.0287, comm_bytes=583920
2026-09-24 21:14:27,403 [WARNING] fl_ids.fl.client: Client 0: no benign validation samples to evaluate on
2026-09-24 21:14:27,421 [WARNING] fl_ids.fl.client: Client 3: no benign validation samples to evaluate on
2026-09-24 21:14:27,449 [INFO] fl_ids.eval.simulation: Round 16: mean_val_loss=0.0345, comm_bytes=583920
2026-09-24 21:14:52,999 [WARNING] fl_ids.fl.client: Client 0: no benign validation samples to evaluate on
2026-09-24 21:14:53,013 [WARNING] fl_ids.fl.client: Client 3: no benign validation samples to evaluate on
2026-09-24 21:14:53,034 [INFO] fl_ids.eval.simulation: Round 17: mean_val_loss=0.0321, comm_bytes=583920
2026-09-24 21:14:58,538 [INFO] fl_ids.fl.client: Client 1 round 18: 750 of 23820 boosting-passed rows flagged; surfacing 50
2026-09-24 21:15:05,912 [INFO] fl_ids.fl.client: Client 2 round 18: 36 of 556 boosting-passed rows flagged; surfacing 36
2026-09-24 21:15:06,929 [INFO] fl_ids.fl.client: Client 4 round 18: 29 of 414 boosting-passed rows flagged; surfacing 29
2026-09-24 21:15:07,414 [INFO] fl_ids.fl.client: Client 5 round 18: 6 of 262 boosting-passed rows flagged; surfacing 6
2026-09-24 21:15:07,817 [INFO] fl_ids.fl.client: Client 6 round 18: 31 of 1124 boosting-passed rows flagged; surfacing 31
2026-09-24 21:15:09,138 [INFO] fl_ids.fl.client: Client 7 round 18: 17 of 801 boosting-passed rows flagged; surfacing 17
2026-09-24 21:15:11,831 [INFO] fl_ids.fl.client: Client 8 round 18: 121 of 4851 boosting-passed rows flagged; surfacing 50
2026-09-24 21:15:14,448 [INFO] fl_ids.fl.client: Client 9 round 18: 4 of 298 boosting-passed rows flagged; surfacing 4
2026-09-24 21:16:07,655 [INFO] fl_ids.models.boosting: Continued boosting training: +50 trees on 95633 rows (now 600 trees)
2026-09-24 21:16:07,656 [INFO] fl_ids.models.boosting_update: Round 18: boosting v7 (continue) from 223 alerts ({'Fingerprinting': 2, 'Normal': 216, 'Port_Scanning': 4, 'Vulnerability_scanner': 1}); 0 from excluded clients ignored
2026-09-24 21:16:08,012 [WARNING] fl_ids.fl.client: Client 0: no benign validation samples to evaluate on
2026-09-24 21:16:08,032 [WARNING] fl_ids.fl.client: Client 3: no benign validation samples to evaluate on
2026-09-24 21:16:08,057 [INFO] fl_ids.eval.simulation: Round 18: mean_val_loss=0.0309, comm_bytes=583920
2026-09-24 21:16:25,855 [WARNING] fl_ids.fl.client: Client 0: no benign validation samples to evaluate on
2026-09-24 21:16:25,868 [WARNING] fl_ids.fl.client: Client 3: no benign validation samples to evaluate on
2026-09-24 21:16:25,884 [INFO] fl_ids.eval.simulation: Round 19: mean_val_loss=0.0299, comm_bytes=583920
2026-09-24 21:16:42,961 [WARNING] fl_ids.fl.client: Client 0: no benign validation samples to evaluate on
2026-09-24 21:16:42,971 [WARNING] fl_ids.fl.client: Client 3: no benign validation samples to evaluate on
2026-09-24 21:16:42,987 [INFO] fl_ids.eval.simulation: Round 20: mean_val_loss=0.0291, comm_bytes=583920
2026-09-24 21:16:43,011 [WARNING] fl_ids.eval.common: Clients [0, 3] have no benign validation rows (infinite threshold); 673 test rows can't be flagged by the autoencoder
2026-09-24 21:16:43,847 [INFO] fl_ids.eval.zero_day: zero-day holdout=Backdoor run=malicious_fraction=0.00: detection_rate=0.855
2026-09-24 21:16:55,595 [WARNING] fl_ids.fl.client: Client 0: no benign validation samples to evaluate on
2026-09-24 21:16:55,605 [WARNING] fl_ids.fl.client: Client 3: no benign validation samples to evaluate on
2026-09-24 21:16:55,619 [INFO] fl_ids.eval.simulation: Round 1: mean_val_loss=0.2982, comm_bytes=583920
2026-09-24 21:17:08,427 [WARNING] fl_ids.fl.client: Client 0: no benign validation samples to evaluate on
2026-09-24 21:17:08,436 [WARNING] fl_ids.fl.client: Client 3: no benign validation samples to evaluate on
2026-09-24 21:17:08,451 [INFO] fl_ids.eval.simulation: Round 2: mean_val_loss=0.2420, comm_bytes=583920
2026-09-24 21:17:10,137 [INFO] fl_ids.fl.client: Client 1 round 3: 717 of 23823 boosting-passed rows flagged; surfacing 50
2026-09-24 21:17:17,960 [INFO] fl_ids.fl.client: Client 2 round 3: 19 of 568 boosting-passed rows flagged; surfacing 19
2026-09-24 21:17:18,520 [INFO] fl_ids.fl.client: Client 4 round 3: 16 of 414 boosting-passed rows flagged; surfacing 16
2026-09-24 21:17:18,847 [INFO] fl_ids.fl.client: Client 5 round 3: 8 of 274 boosting-passed rows flagged; surfacing 8
2026-09-24 21:17:19,071 [INFO] fl_ids.fl.client: Client 6 round 3: 42 of 1131 boosting-passed rows flagged; surfacing 42
2026-09-24 21:17:19,539 [INFO] fl_ids.fl.client: Client 7 round 3: 41 of 802 boosting-passed rows flagged; surfacing 41
2026-09-24 21:17:20,260 [INFO] fl_ids.fl.client: Client 8 round 3: 132 of 4872 boosting-passed rows flagged; surfacing 50
2026-09-24 21:17:21,998 [INFO] fl_ids.fl.client: Client 9 round 3: 7 of 300 boosting-passed rows flagged; surfacing 7
2026-09-24 21:17:44,839 [INFO] fl_ids.models.boosting: Continued boosting training: +50 trees on 94476 rows (now 350 trees)
2026-09-24 21:17:44,840 [INFO] fl_ids.models.boosting_update: Round 3: boosting v2 (continue) from 192 alerts ({'Fingerprinting': 1, 'Normal': 189, 'Vulnerability_scanner': 1, 'XSS': 1}); 41 from excluded clients ignored
2026-09-24 21:17:45,011 [WARNING] fl_ids.fl.client: Client 0: no benign validation samples to evaluate on
2026-09-24 21:17:45,022 [WARNING] fl_ids.fl.client: Client 3: no benign validation samples to evaluate on
2026-09-24 21:17:45,035 [INFO] fl_ids.eval.simulation: Round 3: mean_val_loss=0.1516, comm_bytes=583920
2026-09-24 21:17:59,302 [WARNING] fl_ids.fl.client: Client 0: no benign validation samples to evaluate on
2026-09-24 21:17:59,314 [WARNING] fl_ids.fl.client: Client 3: no benign validation samples to evaluate on
2026-09-24 21:17:59,330 [INFO] fl_ids.eval.simulation: Round 4: mean_val_loss=0.0933, comm_bytes=583920
2026-09-24 21:18:12,834 [WARNING] fl_ids.fl.client: Client 0: no benign validation samples to evaluate on
2026-09-24 21:18:12,843 [WARNING] fl_ids.fl.client: Client 3: no benign validation samples to evaluate on
2026-09-24 21:18:12,857 [INFO] fl_ids.eval.simulation: Round 5: mean_val_loss=0.0648, comm_bytes=583920
2026-09-24 21:18:15,132 [INFO] fl_ids.fl.client: Client 1 round 6: 703 of 23822 boosting-passed rows flagged; surfacing 50
2026-09-24 21:18:22,750 [INFO] fl_ids.fl.client: Client 2 round 6: 26 of 567 boosting-passed rows flagged; surfacing 26
2026-09-24 21:18:23,444 [INFO] fl_ids.fl.client: Client 4 round 6: 30 of 414 boosting-passed rows flagged; surfacing 30
2026-09-24 21:18:23,734 [INFO] fl_ids.fl.client: Client 5 round 6: 7 of 271 boosting-passed rows flagged; surfacing 7
2026-09-24 21:18:24,008 [INFO] fl_ids.fl.client: Client 6 round 6: 43 of 1131 boosting-passed rows flagged; surfacing 43
2026-09-24 21:18:24,554 [INFO] fl_ids.fl.client: Client 7 round 6: 9 of 805 boosting-passed rows flagged; surfacing 9
2026-09-24 21:18:25,234 [INFO] fl_ids.fl.client: Client 8 round 6: 140 of 4868 boosting-passed rows flagged; surfacing 50
2026-09-24 21:18:26,814 [INFO] fl_ids.fl.client: Client 9 round 6: 11 of 300 boosting-passed rows flagged; surfacing 11
2026-09-24 21:19:01,024 [INFO] fl_ids.models.boosting: Continued boosting training: +50 trees on 94693 rows (now 400 trees)
2026-09-24 21:19:01,026 [INFO] fl_ids.models.boosting_update: Round 6: boosting v3 (continue) from 217 alerts ({'DDoS_HTTP': 1, 'Fingerprinting': 1, 'Normal': 201, 'Port_Scanning': 6, 'SQL_injection': 1, 'Uploading': 2, 'Vulnerability_scanner': 4, 'XSS': 1}); 9 from excluded clients ignored
2026-09-24 21:19:01,277 [WARNING] fl_ids.fl.client: Client 0: no benign validation samples to evaluate on
2026-09-24 21:19:01,297 [WARNING] fl_ids.fl.client: Client 3: no benign validation samples to evaluate on
2026-09-24 21:19:01,319 [INFO] fl_ids.eval.simulation: Round 6: mean_val_loss=0.0519, comm_bytes=583920
2026-09-24 21:19:16,912 [WARNING] fl_ids.fl.client: Client 0: no benign validation samples to evaluate on
2026-09-24 21:19:16,921 [WARNING] fl_ids.fl.client: Client 3: no benign validation samples to evaluate on
2026-09-24 21:19:16,936 [INFO] fl_ids.eval.simulation: Round 7: mean_val_loss=0.0481, comm_bytes=583920
2026-09-24 21:19:32,806 [WARNING] fl_ids.fl.client: Client 0: no benign validation samples to evaluate on
2026-09-24 21:19:32,816 [WARNING] fl_ids.fl.client: Client 3: no benign validation samples to evaluate on
2026-09-24 21:19:32,830 [INFO] fl_ids.eval.simulation: Round 8: mean_val_loss=0.0453, comm_bytes=583920
2026-09-24 21:19:35,991 [INFO] fl_ids.fl.client: Client 1 round 9: 785 of 23818 boosting-passed rows flagged; surfacing 50
2026-09-24 21:19:43,117 [INFO] fl_ids.fl.client: Client 2 round 9: 32 of 562 boosting-passed rows flagged; surfacing 32
2026-09-24 21:19:43,978 [INFO] fl_ids.fl.client: Client 4 round 9: 23 of 414 boosting-passed rows flagged; surfacing 23
2026-09-24 21:19:44,370 [INFO] fl_ids.fl.client: Client 5 round 9: 9 of 267 boosting-passed rows flagged; surfacing 9
2026-09-24 21:19:44,698 [INFO] fl_ids.fl.client: Client 6 round 9: 32 of 1126 boosting-passed rows flagged; surfacing 32
2026-09-24 21:19:45,286 [INFO] fl_ids.fl.client: Client 7 round 9: 9 of 805 boosting-passed rows flagged; surfacing 9
2026-09-24 21:19:46,259 [INFO] fl_ids.fl.client: Client 8 round 9: 136 of 4868 boosting-passed rows flagged; surfacing 50
2026-09-24 21:19:48,145 [INFO] fl_ids.fl.client: Client 9 round 9: 19 of 299 boosting-passed rows flagged; surfacing 19
2026-09-24 21:20:22,389 [INFO] fl_ids.models.boosting: Continued boosting training: +50 trees on 94908 rows (now 450 trees)
2026-09-24 21:20:22,390 [INFO] fl_ids.models.boosting_update: Round 9: boosting v4 (continue) from 215 alerts ({'DDoS_HTTP': 2, 'Fingerprinting': 2, 'Normal': 203, 'Port_Scanning': 2, 'Uploading': 4, 'Vulnerability_scanner': 1, 'XSS': 1}); 9 from excluded clients ignored
2026-09-24 21:20:22,672 [WARNING] fl_ids.fl.client: Client 0: no benign validation samples to evaluate on
2026-09-24 21:20:22,689 [WARNING] fl_ids.fl.client: Client 3: no benign validation samples to evaluate on
2026-09-24 21:20:22,723 [INFO] fl_ids.eval.simulation: Round 9: mean_val_loss=0.0428, comm_bytes=583920
2026-09-24 21:20:41,568 [WARNING] fl_ids.fl.client: Client 0: no benign validation samples to evaluate on
2026-09-24 21:20:41,583 [WARNING] fl_ids.fl.client: Client 3: no benign validation samples to evaluate on
2026-09-24 21:20:41,608 [INFO] fl_ids.eval.simulation: Round 10: mean_val_loss=0.0404, comm_bytes=583920
2026-09-24 21:20:58,483 [WARNING] fl_ids.fl.client: Client 0: no benign validation samples to evaluate on
2026-09-24 21:20:58,504 [WARNING] fl_ids.fl.client: Client 3: no benign validation samples to evaluate on
2026-09-24 21:20:58,526 [INFO] fl_ids.eval.simulation: Round 11: mean_val_loss=0.0383, comm_bytes=583920
2026-09-24 21:21:02,456 [INFO] fl_ids.fl.client: Client 1 round 12: 819 of 23819 boosting-passed rows flagged; surfacing 50
2026-09-24 21:21:10,002 [INFO] fl_ids.fl.client: Client 2 round 12: 27 of 560 boosting-passed rows flagged; surfacing 27
2026-09-24 21:21:10,897 [INFO] fl_ids.fl.client: Client 4 round 12: 12 of 414 boosting-passed rows flagged; surfacing 12
2026-09-24 21:21:11,350 [INFO] fl_ids.fl.client: Client 5 round 12: 10 of 268 boosting-passed rows flagged; surfacing 10
2026-09-24 21:21:11,786 [INFO] fl_ids.fl.client: Client 6 round 12: 28 of 1126 boosting-passed rows flagged; surfacing 28
2026-09-24 21:21:12,488 [INFO] fl_ids.fl.client: Client 7 round 12: 10 of 804 boosting-passed rows flagged; surfacing 10
2026-09-24 21:21:13,602 [INFO] fl_ids.fl.client: Client 8 round 12: 148 of 4860 boosting-passed rows flagged; surfacing 50
2026-09-24 21:21:15,168 [INFO] fl_ids.fl.client: Client 9 round 12: 13 of 299 boosting-passed rows flagged; surfacing 13
2026-09-24 21:21:52,510 [INFO] fl_ids.models.boosting: Continued boosting training: +50 trees on 95098 rows (now 500 trees)
2026-09-24 21:21:52,512 [INFO] fl_ids.models.boosting_update: Round 12: boosting v5 (continue) from 190 alerts ({'Fingerprinting': 1, 'Normal': 184, 'Port_Scanning': 2, 'Uploading': 1, 'Vulnerability_scanner': 1, 'XSS': 1}); 10 from excluded clients ignored
2026-09-24 21:21:52,821 [WARNING] fl_ids.fl.client: Client 0: no benign validation samples to evaluate on
2026-09-24 21:21:52,841 [WARNING] fl_ids.fl.client: Client 3: no benign validation samples to evaluate on
2026-09-24 21:21:52,868 [INFO] fl_ids.eval.simulation: Round 12: mean_val_loss=0.0364, comm_bytes=583920
2026-09-24 21:22:10,434 [WARNING] fl_ids.fl.client: Client 0: no benign validation samples to evaluate on
2026-09-24 21:22:10,446 [WARNING] fl_ids.fl.client: Client 3: no benign validation samples to evaluate on
2026-09-24 21:22:10,463 [INFO] fl_ids.eval.simulation: Round 13: mean_val_loss=0.0344, comm_bytes=583920
2026-09-24 21:22:28,380 [WARNING] fl_ids.fl.client: Client 0: no benign validation samples to evaluate on
2026-09-24 21:22:28,392 [WARNING] fl_ids.fl.client: Client 3: no benign validation samples to evaluate on
2026-09-24 21:22:28,413 [INFO] fl_ids.eval.simulation: Round 14: mean_val_loss=0.0313, comm_bytes=583920
2026-09-24 21:22:32,630 [INFO] fl_ids.fl.client: Client 1 round 15: 843 of 23821 boosting-passed rows flagged; surfacing 50
2026-09-24 21:22:40,537 [INFO] fl_ids.fl.client: Client 2 round 15: 39 of 561 boosting-passed rows flagged; surfacing 39
2026-09-24 21:22:41,702 [INFO] fl_ids.fl.client: Client 4 round 15: 13 of 414 boosting-passed rows flagged; surfacing 13
2026-09-24 21:22:42,328 [INFO] fl_ids.fl.client: Client 5 round 15: 7 of 263 boosting-passed rows flagged; surfacing 7
2026-09-24 21:22:42,806 [INFO] fl_ids.fl.client: Client 6 round 15: 31 of 1125 boosting-passed rows flagged; surfacing 31
2026-09-24 21:22:43,608 [INFO] fl_ids.fl.client: Client 7 round 15: 13 of 803 boosting-passed rows flagged; surfacing 13
2026-09-24 21:22:45,017 [INFO] fl_ids.fl.client: Client 8 round 15: 155 of 4862 boosting-passed rows flagged; surfacing 50
2026-09-24 21:22:46,634 [INFO] fl_ids.fl.client: Client 9 round 15: 12 of 299 boosting-passed rows flagged; surfacing 12
2026-09-24 21:23:26,769 [INFO] fl_ids.models.boosting: Continued boosting training: +50 trees on 95300 rows (now 550 trees)
2026-09-24 21:23:26,771 [INFO] fl_ids.models.boosting_update: Round 15: boosting v6 (continue) from 202 alerts ({'Fingerprinting': 1, 'Normal': 199, 'Port_Scanning': 1, 'XSS': 1}); 13 from excluded clients ignored
2026-09-24 21:23:27,131 [WARNING] fl_ids.fl.client: Client 0: no benign validation samples to evaluate on
2026-09-24 21:23:27,153 [WARNING] fl_ids.fl.client: Client 3: no benign validation samples to evaluate on
2026-09-24 21:23:27,179 [INFO] fl_ids.eval.simulation: Round 15: mean_val_loss=0.0310, comm_bytes=583920
2026-09-24 21:23:48,200 [WARNING] fl_ids.fl.client: Client 0: no benign validation samples to evaluate on
2026-09-24 21:23:48,211 [WARNING] fl_ids.fl.client: Client 3: no benign validation samples to evaluate on
2026-09-24 21:23:48,228 [INFO] fl_ids.eval.simulation: Round 16: mean_val_loss=0.0281, comm_bytes=583920
2026-09-24 21:24:06,730 [WARNING] fl_ids.fl.client: Client 0: no benign validation samples to evaluate on
2026-09-24 21:24:06,741 [WARNING] fl_ids.fl.client: Client 3: no benign validation samples to evaluate on
2026-09-24 21:24:06,757 [INFO] fl_ids.eval.simulation: Round 17: mean_val_loss=0.0282, comm_bytes=583920
2026-09-24 21:24:11,630 [INFO] fl_ids.fl.client: Client 1 round 18: 808 of 23821 boosting-passed rows flagged; surfacing 50
2026-09-24 21:24:18,549 [INFO] fl_ids.fl.client: Client 2 round 18: 43 of 558 boosting-passed rows flagged; surfacing 43
2026-09-24 21:24:19,607 [INFO] fl_ids.fl.client: Client 4 round 18: 22 of 414 boosting-passed rows flagged; surfacing 22
2026-09-24 21:24:20,104 [INFO] fl_ids.fl.client: Client 5 round 18: 6 of 261 boosting-passed rows flagged; surfacing 6
2026-09-24 21:24:20,536 [INFO] fl_ids.fl.client: Client 6 round 18: 19 of 1124 boosting-passed rows flagged; surfacing 19
2026-09-24 21:24:21,306 [INFO] fl_ids.fl.client: Client 7 round 18: 31 of 802 boosting-passed rows flagged; surfacing 31
2026-09-24 21:24:22,596 [INFO] fl_ids.fl.client: Client 8 round 18: 138 of 4857 boosting-passed rows flagged; surfacing 50
2026-09-24 21:24:24,193 [INFO] fl_ids.fl.client: Client 9 round 18: 7 of 297 boosting-passed rows flagged; surfacing 7
2026-09-24 21:25:06,104 [INFO] fl_ids.models.boosting: Continued boosting training: +50 trees on 95528 rows (now 600 trees)
2026-09-24 21:25:06,105 [INFO] fl_ids.models.boosting_update: Round 18: boosting v7 (continue) from 228 alerts ({'Fingerprinting': 1, 'Normal': 226, 'Vulnerability_scanner': 1}); 0 from excluded clients ignored
2026-09-24 21:25:06,512 [WARNING] fl_ids.fl.client: Client 0: no benign validation samples to evaluate on
2026-09-24 21:25:06,527 [WARNING] fl_ids.fl.client: Client 3: no benign validation samples to evaluate on
2026-09-24 21:25:06,546 [INFO] fl_ids.eval.simulation: Round 18: mean_val_loss=0.0313, comm_bytes=583920
2026-09-24 21:25:25,335 [WARNING] fl_ids.fl.client: Client 0: no benign validation samples to evaluate on
2026-09-24 21:25:25,344 [WARNING] fl_ids.fl.client: Client 3: no benign validation samples to evaluate on
2026-09-24 21:25:25,365 [INFO] fl_ids.eval.simulation: Round 19: mean_val_loss=0.0263, comm_bytes=583920
2026-09-24 21:25:45,039 [WARNING] fl_ids.fl.client: Client 0: no benign validation samples to evaluate on
2026-09-24 21:25:45,051 [WARNING] fl_ids.fl.client: Client 3: no benign validation samples to evaluate on
2026-09-24 21:25:45,066 [INFO] fl_ids.eval.simulation: Round 20: mean_val_loss=0.0298, comm_bytes=583920
2026-09-24 21:25:45,097 [WARNING] fl_ids.eval.common: Clients [0, 3] have no benign validation rows (infinite threshold); 673 test rows can't be flagged by the autoencoder
2026-09-24 21:25:45,923 [INFO] fl_ids.eval.zero_day: zero-day holdout=Backdoor run=malicious_fraction=0.20: detection_rate=0.813
2026-09-24 21:25:57,938 [WARNING] fl_ids.fl.client: Client 0: no benign validation samples to evaluate on
2026-09-24 21:25:57,947 [WARNING] fl_ids.fl.client: Client 3: no benign validation samples to evaluate on
2026-09-24 21:25:57,964 [INFO] fl_ids.eval.simulation: Round 1: mean_val_loss=0.2926, comm_bytes=583920
2026-09-24 21:26:13,091 [WARNING] fl_ids.fl.client: Client 0: no benign validation samples to evaluate on
2026-09-24 21:26:13,102 [WARNING] fl_ids.fl.client: Client 3: no benign validation samples to evaluate on
2026-09-24 21:26:13,122 [INFO] fl_ids.eval.simulation: Round 2: mean_val_loss=0.2164, comm_bytes=583920
2026-09-24 21:26:14,986 [INFO] fl_ids.fl.client: Client 1 round 3: 709 of 23823 boosting-passed rows flagged; surfacing 50
2026-09-24 21:26:23,328 [INFO] fl_ids.fl.client: Client 2 round 3: 19 of 568 boosting-passed rows flagged; surfacing 19
2026-09-24 21:26:24,174 [INFO] fl_ids.fl.client: Client 4 round 3: 14 of 414 boosting-passed rows flagged; surfacing 14
2026-09-24 21:26:24,503 [INFO] fl_ids.fl.client: Client 5 round 3: 8 of 274 boosting-passed rows flagged; surfacing 8
2026-09-24 21:26:24,770 [INFO] fl_ids.fl.client: Client 6 round 3: 48 of 1131 boosting-passed rows flagged; surfacing 48
2026-09-24 21:26:25,381 [INFO] fl_ids.fl.client: Client 7 round 3: 42 of 802 boosting-passed rows flagged; surfacing 42
2026-09-24 21:26:26,182 [INFO] fl_ids.fl.client: Client 8 round 3: 125 of 4872 boosting-passed rows flagged; surfacing 50
2026-09-24 21:26:28,250 [INFO] fl_ids.fl.client: Client 9 round 3: 4 of 300 boosting-passed rows flagged; surfacing 4
2026-09-24 21:26:50,210 [INFO] fl_ids.models.boosting: Continued boosting training: +50 trees on 94467 rows (now 350 trees)
2026-09-24 21:26:50,211 [INFO] fl_ids.models.boosting_update: Round 3: boosting v2 (continue) from 183 alerts ({'Normal': 180, 'Vulnerability_scanner': 2, 'XSS': 1}); 52 from excluded clients ignored
2026-09-24 21:26:50,401 [WARNING] fl_ids.fl.client: Client 0: no benign validation samples to evaluate on
2026-09-24 21:26:50,414 [WARNING] fl_ids.fl.client: Client 3: no benign validation samples to evaluate on
2026-09-24 21:26:50,429 [INFO] fl_ids.eval.simulation: Round 3: mean_val_loss=0.1220, comm_bytes=583920
2026-09-24 21:27:04,035 [WARNING] fl_ids.fl.client: Client 0: no benign validation samples to evaluate on
2026-09-24 21:27:04,047 [WARNING] fl_ids.fl.client: Client 3: no benign validation samples to evaluate on
2026-09-24 21:27:04,064 [INFO] fl_ids.eval.simulation: Round 4: mean_val_loss=0.0710, comm_bytes=583920
2026-09-24 21:27:20,555 [WARNING] fl_ids.fl.client: Client 0: no benign validation samples to evaluate on
2026-09-24 21:27:20,567 [WARNING] fl_ids.fl.client: Client 3: no benign validation samples to evaluate on
2026-09-24 21:27:20,583 [INFO] fl_ids.eval.simulation: Round 5: mean_val_loss=0.0502, comm_bytes=583920
2026-09-24 21:27:22,762 [INFO] fl_ids.fl.client: Client 1 round 6: 684 of 23820 boosting-passed rows flagged; surfacing 50
2026-09-24 21:27:32,547 [INFO] fl_ids.fl.client: Client 2 round 6: 36 of 566 boosting-passed rows flagged; surfacing 36
2026-09-24 21:27:33,270 [INFO] fl_ids.fl.client: Client 4 round 6: 21 of 414 boosting-passed rows flagged; surfacing 21
2026-09-24 21:27:33,581 [INFO] fl_ids.fl.client: Client 5 round 6: 8 of 269 boosting-passed rows flagged; surfacing 8
2026-09-24 21:27:33,829 [INFO] fl_ids.fl.client: Client 6 round 6: 43 of 1131 boosting-passed rows flagged; surfacing 43
2026-09-24 21:27:34,532 [INFO] fl_ids.fl.client: Client 7 round 6: 8 of 804 boosting-passed rows flagged; surfacing 8
2026-09-24 21:27:35,445 [INFO] fl_ids.fl.client: Client 8 round 6: 129 of 4869 boosting-passed rows flagged; surfacing 50
2026-09-24 21:27:37,826 [INFO] fl_ids.fl.client: Client 9 round 6: 12 of 301 boosting-passed rows flagged; surfacing 12
2026-09-24 21:28:06,959 [INFO] fl_ids.models.boosting: Continued boosting training: +50 trees on 94640 rows (now 400 trees)
2026-09-24 21:28:06,960 [INFO] fl_ids.models.boosting_update: Round 6: boosting v3 (continue) from 173 alerts ({'DDoS_HTTP': 1, 'Fingerprinting': 2, 'Normal': 158, 'Port_Scanning': 2, 'SQL_injection': 4, 'Uploading': 3, 'Vulnerability_scanner': 2, 'XSS': 1}); 55 from excluded clients ignored
2026-09-24 21:28:07,158 [WARNING] fl_ids.fl.client: Client 0: no benign validation samples to evaluate on
2026-09-24 21:28:07,168 [WARNING] fl_ids.fl.client: Client 3: no benign validation samples to evaluate on
2026-09-24 21:28:07,182 [INFO] fl_ids.eval.simulation: Round 6: mean_val_loss=0.0454, comm_bytes=583920
2026-09-24 21:28:22,003 [WARNING] fl_ids.fl.client: Client 0: no benign validation samples to evaluate on
2026-09-24 21:28:22,012 [WARNING] fl_ids.fl.client: Client 3: no benign validation samples to evaluate on
2026-09-24 21:28:22,027 [INFO] fl_ids.eval.simulation: Round 7: mean_val_loss=0.0433, comm_bytes=583920
2026-09-24 21:28:40,686 [WARNING] fl_ids.fl.client: Client 0: no benign validation samples to evaluate on
2026-09-24 21:28:40,699 [WARNING] fl_ids.fl.client: Client 3: no benign validation samples to evaluate on
2026-09-24 21:28:40,719 [INFO] fl_ids.eval.simulation: Round 8: mean_val_loss=0.0406, comm_bytes=583920
2026-09-24 21:28:44,370 [INFO] fl_ids.fl.client: Client 1 round 9: 784 of 23820 boosting-passed rows flagged; surfacing 50
2026-09-24 21:28:54,359 [INFO] fl_ids.fl.client: Client 2 round 9: 34 of 561 boosting-passed rows flagged; surfacing 34
2026-09-24 21:28:55,202 [INFO] fl_ids.fl.client: Client 4 round 9: 20 of 414 boosting-passed rows flagged; surfacing 20
2026-09-24 21:28:55,595 [INFO] fl_ids.fl.client: Client 5 round 9: 10 of 266 boosting-passed rows flagged; surfacing 10
2026-09-24 21:28:55,902 [INFO] fl_ids.fl.client: Client 6 round 9: 33 of 1129 boosting-passed rows flagged; surfacing 33
2026-09-24 21:28:56,891 [INFO] fl_ids.fl.client: Client 7 round 9: 10 of 804 boosting-passed rows flagged; surfacing 10
2026-09-24 21:28:57,722 [INFO] fl_ids.fl.client: Client 8 round 9: 134 of 4864 boosting-passed rows flagged; surfacing 50
2026-09-24 21:28:59,781 [INFO] fl_ids.fl.client: Client 9 round 9: 21 of 300 boosting-passed rows flagged; surfacing 21
2026-09-24 21:29:30,960 [INFO] fl_ids.models.boosting: Continued boosting training: +50 trees on 94804 rows (now 450 trees)
2026-09-24 21:29:30,961 [INFO] fl_ids.models.boosting_update: Round 9: boosting v4 (continue) from 164 alerts ({'DDoS_HTTP': 2, 'Fingerprinting': 2, 'Normal': 156, 'Port_Scanning': 1, 'Uploading': 2, 'XSS': 1}); 64 from excluded clients ignored
2026-09-24 21:29:31,174 [WARNING] fl_ids.fl.client: Client 0: no benign validation samples to evaluate on
2026-09-24 21:29:31,184 [WARNING] fl_ids.fl.client: Client 3: no benign validation samples to evaluate on
2026-09-24 21:29:31,199 [INFO] fl_ids.eval.simulation: Round 9: mean_val_loss=0.0389, comm_bytes=583920
2026-09-24 21:29:48,787 [WARNING] fl_ids.fl.client: Client 0: no benign validation samples to evaluate on
2026-09-24 21:29:48,810 [WARNING] fl_ids.fl.client: Client 3: no benign validation samples to evaluate on
2026-09-24 21:29:48,851 [INFO] fl_ids.eval.simulation: Round 10: mean_val_loss=0.0359, comm_bytes=583920
2026-09-24 21:30:09,609 [WARNING] fl_ids.fl.client: Client 0: no benign validation samples to evaluate on
2026-09-24 21:30:09,627 [WARNING] fl_ids.fl.client: Client 3: no benign validation samples to evaluate on
2026-09-24 21:30:09,652 [INFO] fl_ids.eval.simulation: Round 11: mean_val_loss=0.0300, comm_bytes=583920
2026-09-24 21:30:14,180 [INFO] fl_ids.fl.client: Client 1 round 12: 774 of 23819 boosting-passed rows flagged; surfacing 50
2026-09-24 21:30:23,705 [INFO] fl_ids.fl.client: Client 2 round 12: 45 of 557 boosting-passed rows flagged; surfacing 45
2026-09-24 21:30:24,741 [INFO] fl_ids.fl.client: Client 4 round 12: 34 of 414 boosting-passed rows flagged; surfacing 34
2026-09-24 21:30:25,148 [INFO] fl_ids.fl.client: Client 5 round 12: 5 of 263 boosting-passed rows flagged; surfacing 5
2026-09-24 21:30:25,825 [INFO] fl_ids.fl.client: Client 6 round 12: 34 of 1127 boosting-passed rows flagged; surfacing 34
2026-09-24 21:30:26,483 [INFO] fl_ids.fl.client: Client 7 round 12: 9 of 803 boosting-passed rows flagged; surfacing 9
2026-09-24 21:30:27,506 [INFO] fl_ids.fl.client: Client 8 round 12: 116 of 4861 boosting-passed rows flagged; surfacing 50
2026-09-24 21:30:29,987 [INFO] fl_ids.fl.client: Client 9 round 12: 8 of 301 boosting-passed rows flagged; surfacing 8
2026-09-24 21:31:08,079 [INFO] fl_ids.models.boosting: Continued boosting training: +50 trees on 94997 rows (now 500 trees)
2026-09-24 21:31:08,082 [INFO] fl_ids.models.boosting_update: Round 12: boosting v5 (continue) from 193 alerts ({'Fingerprinting': 1, 'Normal': 191, 'XSS': 1}); 42 from excluded clients ignored
2026-09-24 21:31:08,354 [WARNING] fl_ids.fl.client: Client 0: no benign validation samples to evaluate on
2026-09-24 21:31:08,369 [WARNING] fl_ids.fl.client: Client 3: no benign validation samples to evaluate on
2026-09-24 21:31:08,389 [INFO] fl_ids.eval.simulation: Round 12: mean_val_loss=0.0284, comm_bytes=583920
2026-09-24 21:31:28,727 [WARNING] fl_ids.fl.client: Client 0: no benign validation samples to evaluate on
2026-09-24 21:31:28,737 [WARNING] fl_ids.fl.client: Client 3: no benign validation samples to evaluate on
2026-09-24 21:31:28,753 [INFO] fl_ids.eval.simulation: Round 13: mean_val_loss=0.0312, comm_bytes=583920
2026-09-24 21:31:50,486 [WARNING] fl_ids.fl.client: Client 0: no benign validation samples to evaluate on
2026-09-24 21:31:50,496 [WARNING] fl_ids.fl.client: Client 3: no benign validation samples to evaluate on
2026-09-24 21:31:50,512 [INFO] fl_ids.eval.simulation: Round 14: mean_val_loss=0.0403, comm_bytes=583920
2026-09-24 21:31:55,956 [INFO] fl_ids.fl.client: Client 1 round 15: 659 of 23819 boosting-passed rows flagged; surfacing 50
2026-09-24 21:32:06,070 [INFO] fl_ids.fl.client: Client 2 round 15: 40 of 557 boosting-passed rows flagged; surfacing 40
2026-09-24 21:32:06,950 [INFO] fl_ids.fl.client: Client 4 round 15: 14 of 414 boosting-passed rows flagged; surfacing 14
2026-09-24 21:32:07,352 [INFO] fl_ids.fl.client: Client 5 round 15: 4 of 264 boosting-passed rows flagged; surfacing 4
2026-09-24 21:32:07,777 [INFO] fl_ids.fl.client: Client 6 round 15: 44 of 1127 boosting-passed rows flagged; surfacing 44
2026-09-24 21:32:09,154 [INFO] fl_ids.fl.client: Client 7 round 15: 6 of 802 boosting-passed rows flagged; surfacing 6
2026-09-24 21:32:10,171 [INFO] fl_ids.fl.client: Client 8 round 15: 124 of 4859 boosting-passed rows flagged; surfacing 50
2026-09-24 21:32:11,891 [INFO] fl_ids.fl.client: Client 9 round 15: 7 of 302 boosting-passed rows flagged; surfacing 7
2026-09-24 21:32:52,537 [INFO] fl_ids.models.boosting: Continued boosting training: +50 trees on 95205 rows (now 550 trees)
2026-09-24 21:32:52,538 [INFO] fl_ids.models.boosting_update: Round 15: boosting v6 (continue) from 208 alerts ({'DDoS_HTTP': 1, 'Normal': 205, 'Vulnerability_scanner': 1, 'XSS': 1}); 7 from excluded clients ignored
2026-09-24 21:32:52,810 [WARNING] fl_ids.fl.client: Client 0: no benign validation samples to evaluate on
2026-09-24 21:32:52,825 [WARNING] fl_ids.fl.client: Client 3: no benign validation samples to evaluate on
2026-09-24 21:32:52,839 [INFO] fl_ids.eval.simulation: Round 15: mean_val_loss=0.0332, comm_bytes=583920
2026-09-24 21:33:11,457 [WARNING] fl_ids.fl.client: Client 0: no benign validation samples to evaluate on
2026-09-24 21:33:11,466 [WARNING] fl_ids.fl.client: Client 3: no benign validation samples to evaluate on
2026-09-24 21:33:11,480 [INFO] fl_ids.eval.simulation: Round 16: mean_val_loss=0.0556, comm_bytes=583920
2026-09-24 21:33:33,339 [WARNING] fl_ids.fl.client: Client 0: no benign validation samples to evaluate on
2026-09-24 21:33:33,350 [WARNING] fl_ids.fl.client: Client 3: no benign validation samples to evaluate on
2026-09-24 21:33:33,370 [INFO] fl_ids.eval.simulation: Round 17: mean_val_loss=0.0256, comm_bytes=583920
2026-09-24 21:33:38,962 [INFO] fl_ids.fl.client: Client 1 round 18: 760 of 23817 boosting-passed rows flagged; surfacing 50
2026-09-24 21:33:50,037 [INFO] fl_ids.fl.client: Client 2 round 18: 39 of 557 boosting-passed rows flagged; surfacing 39
2026-09-24 21:33:50,925 [INFO] fl_ids.fl.client: Client 4 round 18: 12 of 414 boosting-passed rows flagged; surfacing 12
2026-09-24 21:33:51,370 [INFO] fl_ids.fl.client: Client 5 round 18: 6 of 267 boosting-passed rows flagged; surfacing 6
2026-09-24 21:33:51,773 [INFO] fl_ids.fl.client: Client 6 round 18: 18 of 1126 boosting-passed rows flagged; surfacing 18
2026-09-24 21:33:52,660 [INFO] fl_ids.fl.client: Client 7 round 18: 10 of 801 boosting-passed rows flagged; surfacing 10
2026-09-24 21:33:54,757 [INFO] fl_ids.fl.client: Client 8 round 18: 124 of 4851 boosting-passed rows flagged; surfacing 50
2026-09-24 21:33:56,508 [INFO] fl_ids.fl.client: Client 9 round 18: 8 of 301 boosting-passed rows flagged; surfacing 8
2026-09-24 21:34:41,106 [INFO] fl_ids.models.boosting: Continued boosting training: +50 trees on 95388 rows (now 600 trees)
2026-09-24 21:34:41,107 [INFO] fl_ids.models.boosting_update: Round 18: boosting v7 (continue) from 183 alerts ({'DDoS_HTTP': 1, 'Fingerprinting': 1, 'Normal': 177, 'Port_Scanning': 2, 'Vulnerability_scanner': 2}); 10 from excluded clients ignored
2026-09-24 21:34:41,477 [WARNING] fl_ids.fl.client: Client 0: no benign validation samples to evaluate on
2026-09-24 21:34:41,490 [WARNING] fl_ids.fl.client: Client 3: no benign validation samples to evaluate on
2026-09-24 21:34:41,508 [INFO] fl_ids.eval.simulation: Round 18: mean_val_loss=0.0379, comm_bytes=583920
2026-09-24 21:35:01,675 [WARNING] fl_ids.fl.client: Client 0: no benign validation samples to evaluate on
2026-09-24 21:35:01,687 [WARNING] fl_ids.fl.client: Client 3: no benign validation samples to evaluate on
2026-09-24 21:35:01,714 [INFO] fl_ids.eval.simulation: Round 19: mean_val_loss=0.0248, comm_bytes=583920
2026-09-24 21:35:26,019 [WARNING] fl_ids.fl.client: Client 0: no benign validation samples to evaluate on
2026-09-24 21:35:26,031 [WARNING] fl_ids.fl.client: Client 3: no benign validation samples to evaluate on
2026-09-24 21:35:26,049 [INFO] fl_ids.eval.simulation: Round 20: mean_val_loss=0.0414, comm_bytes=583920
2026-09-24 21:35:26,077 [WARNING] fl_ids.eval.common: Clients [0, 3] have no benign validation rows (infinite threshold); 673 test rows can't be flagged by the autoencoder
2026-09-24 21:35:26,797 [INFO] fl_ids.eval.zero_day: zero-day holdout=Backdoor run=malicious_fraction=0.30: detection_rate=0.806
2026-09-24 21:35:44,407 [WARNING] fl_ids.fl.client: Client 0: no benign validation samples to evaluate on
2026-09-24 21:35:44,419 [WARNING] fl_ids.fl.client: Client 3: no benign validation samples to evaluate on
2026-09-24 21:35:44,435 [INFO] fl_ids.eval.simulation: Round 1: mean_val_loss=0.2947, comm_bytes=583920
2026-09-24 21:35:59,780 [WARNING] fl_ids.fl.client: Client 0: no benign validation samples to evaluate on
2026-09-24 21:35:59,793 [WARNING] fl_ids.fl.client: Client 3: no benign validation samples to evaluate on
2026-09-24 21:35:59,811 [INFO] fl_ids.eval.simulation: Round 2: mean_val_loss=0.1753, comm_bytes=583920
2026-09-24 21:36:01,968 [INFO] fl_ids.fl.client: Client 1 round 3: 637 of 23823 boosting-passed rows flagged; surfacing 50
2026-09-24 21:36:10,729 [INFO] fl_ids.fl.client: Client 2 round 3: 19 of 568 boosting-passed rows flagged; surfacing 19
2026-09-24 21:36:11,386 [INFO] fl_ids.fl.client: Client 4 round 3: 18 of 414 boosting-passed rows flagged; surfacing 18
2026-09-24 21:36:11,709 [INFO] fl_ids.fl.client: Client 5 round 3: 8 of 274 boosting-passed rows flagged; surfacing 8
2026-09-24 21:36:12,072 [INFO] fl_ids.fl.client: Client 6 round 3: 36 of 1131 boosting-passed rows flagged; surfacing 36
2026-09-24 21:36:12,931 [INFO] fl_ids.fl.client: Client 7 round 3: 42 of 802 boosting-passed rows flagged; surfacing 42
2026-09-24 21:36:13,565 [INFO] fl_ids.fl.client: Client 8 round 3: 127 of 4872 boosting-passed rows flagged; surfacing 50
2026-09-24 21:36:15,160 [INFO] fl_ids.fl.client: Client 9 round 3: 7 of 300 boosting-passed rows flagged; surfacing 7
2026-09-24 21:36:36,596 [INFO] fl_ids.models.boosting: Continued boosting training: +50 trees on 94452 rows (now 350 trees)
2026-09-24 21:36:36,597 [INFO] fl_ids.models.boosting_update: Round 3: boosting v2 (continue) from 168 alerts ({'Normal': 166, 'Vulnerability_scanner': 1, 'XSS': 1}); 62 from excluded clients ignored
2026-09-24 21:36:36,777 [WARNING] fl_ids.fl.client: Client 0: no benign validation samples to evaluate on
2026-09-24 21:36:36,789 [WARNING] fl_ids.fl.client: Client 3: no benign validation samples to evaluate on
2026-09-24 21:36:36,804 [INFO] fl_ids.eval.simulation: Round 3: mean_val_loss=0.0681, comm_bytes=583920
2026-09-24 21:36:51,520 [WARNING] fl_ids.fl.client: Client 0: no benign validation samples to evaluate on
2026-09-24 21:36:51,534 [WARNING] fl_ids.fl.client: Client 3: no benign validation samples to evaluate on
2026-09-24 21:36:51,550 [INFO] fl_ids.eval.simulation: Round 4: mean_val_loss=0.0696, comm_bytes=583920
2026-09-24 21:37:07,708 [WARNING] fl_ids.fl.client: Client 0: no benign validation samples to evaluate on
2026-09-24 21:37:07,719 [WARNING] fl_ids.fl.client: Client 3: no benign validation samples to evaluate on
2026-09-24 21:37:07,738 [INFO] fl_ids.eval.simulation: Round 5: mean_val_loss=0.2315, comm_bytes=583920
2026-09-24 21:37:09,837 [INFO] fl_ids.fl.client: Client 1 round 6: 657 of 23821 boosting-passed rows flagged; surfacing 50
2026-09-24 21:37:19,159 [INFO] fl_ids.fl.client: Client 2 round 6: 34 of 564 boosting-passed rows flagged; surfacing 34
2026-09-24 21:37:19,964 [INFO] fl_ids.fl.client: Client 4 round 6: 24 of 414 boosting-passed rows flagged; surfacing 24
2026-09-24 21:37:20,515 [INFO] fl_ids.fl.client: Client 5 round 6: 4 of 270 boosting-passed rows flagged; surfacing 4
2026-09-24 21:37:20,850 [INFO] fl_ids.fl.client: Client 6 round 6: 33 of 1132 boosting-passed rows flagged; surfacing 33
2026-09-24 21:37:21,440 [INFO] fl_ids.fl.client: Client 7 round 6: 38 of 802 boosting-passed rows flagged; surfacing 38
2026-09-24 21:37:22,294 [INFO] fl_ids.fl.client: Client 8 round 6: 138 of 4874 boosting-passed rows flagged; surfacing 50
2026-09-24 21:37:24,450 [INFO] fl_ids.fl.client: Client 9 round 6: 11 of 301 boosting-passed rows flagged; surfacing 11
2026-09-24 21:37:48,749 [INFO] fl_ids.models.boosting: Continued boosting training: +50 trees on 94635 rows (now 400 trees)
2026-09-24 21:37:48,750 [INFO] fl_ids.models.boosting_update: Round 6: boosting v3 (continue) from 183 alerts ({'Normal': 182, 'XSS': 1}); 61 from excluded clients ignored
2026-09-24 21:37:48,936 [WARNING] fl_ids.fl.client: Client 0: no benign validation samples to evaluate on
2026-09-24 21:37:48,945 [WARNING] fl_ids.fl.client: Client 3: no benign validation samples to evaluate on
2026-09-24 21:37:48,958 [INFO] fl_ids.eval.simulation: Round 6: mean_val_loss=0.0290, comm_bytes=583920
2026-09-24 21:38:03,745 [WARNING] fl_ids.fl.client: Client 0: no benign validation samples to evaluate on
2026-09-24 21:38:03,801 [WARNING] fl_ids.fl.client: Client 3: no benign validation samples to evaluate on
2026-09-24 21:38:03,889 [INFO] fl_ids.eval.simulation: Round 7: mean_val_loss=0.0750, comm_bytes=583920
2026-09-24 21:38:22,879 [WARNING] fl_ids.fl.client: Client 0: no benign validation samples to evaluate on
2026-09-24 21:38:22,891 [WARNING] fl_ids.fl.client: Client 3: no benign validation samples to evaluate on
2026-09-24 21:38:22,908 [INFO] fl_ids.eval.simulation: Round 8: mean_val_loss=0.0180, comm_bytes=583920
2026-09-24 21:38:26,133 [INFO] fl_ids.fl.client: Client 1 round 9: 753 of 23818 boosting-passed rows flagged; surfacing 50
2026-09-24 21:38:34,831 [INFO] fl_ids.fl.client: Client 2 round 9: 45 of 563 boosting-passed rows flagged; surfacing 45
2026-09-24 21:38:36,239 [INFO] fl_ids.fl.client: Client 4 round 9: 33 of 414 boosting-passed rows flagged; surfacing 33
2026-09-24 21:38:36,641 [INFO] fl_ids.fl.client: Client 5 round 9: 6 of 268 boosting-passed rows flagged; surfacing 6
2026-09-24 21:38:36,968 [INFO] fl_ids.fl.client: Client 6 round 9: 16 of 1130 boosting-passed rows flagged; surfacing 16
2026-09-24 21:38:37,629 [INFO] fl_ids.fl.client: Client 7 round 9: 30 of 801 boosting-passed rows flagged; surfacing 30
2026-09-24 21:38:38,498 [INFO] fl_ids.fl.client: Client 8 round 9: 148 of 4868 boosting-passed rows flagged; surfacing 50
2026-09-24 21:38:41,111 [INFO] fl_ids.fl.client: Client 9 round 9: 13 of 298 boosting-passed rows flagged; surfacing 13
2026-09-24 21:39:10,215 [INFO] fl_ids.models.boosting: Continued boosting training: +50 trees on 94849 rows (now 450 trees)
2026-09-24 21:39:10,216 [INFO] fl_ids.models.boosting_update: Round 9: boosting v4 (continue) from 214 alerts ({'DDoS_HTTP': 3, 'Normal': 198, 'Password': 1, 'Port_Scanning': 6, 'Uploading': 4, 'Vulnerability_scanner': 1, 'XSS': 1}); 29 from excluded clients ignored
2026-09-24 21:39:10,438 [WARNING] fl_ids.fl.client: Client 0: no benign validation samples to evaluate on
2026-09-24 21:39:10,450 [WARNING] fl_ids.fl.client: Client 3: no benign validation samples to evaluate on
2026-09-24 21:39:10,464 [INFO] fl_ids.eval.simulation: Round 9: mean_val_loss=0.1396, comm_bytes=583920
2026-09-24 21:39:26,457 [WARNING] fl_ids.fl.client: Client 0: no benign validation samples to evaluate on
2026-09-24 21:39:26,481 [WARNING] fl_ids.fl.client: Client 3: no benign validation samples to evaluate on
2026-09-24 21:39:26,504 [INFO] fl_ids.eval.simulation: Round 10: mean_val_loss=0.0161, comm_bytes=583920
2026-09-24 21:39:46,747 [WARNING] fl_ids.fl.client: Client 0: no benign validation samples to evaluate on
2026-09-24 21:39:46,758 [WARNING] fl_ids.fl.client: Client 3: no benign validation samples to evaluate on
2026-09-24 21:39:46,775 [INFO] fl_ids.eval.simulation: Round 11: mean_val_loss=0.0310, comm_bytes=583920
2026-09-24 21:39:49,879 [INFO] fl_ids.fl.client: Client 1 round 12: 645 of 23818 boosting-passed rows flagged; surfacing 50
2026-09-24 21:39:59,428 [INFO] fl_ids.fl.client: Client 2 round 12: 35 of 563 boosting-passed rows flagged; surfacing 35
2026-09-24 21:40:00,784 [INFO] fl_ids.fl.client: Client 4 round 12: 13 of 414 boosting-passed rows flagged; surfacing 13
2026-09-24 21:40:01,259 [INFO] fl_ids.fl.client: Client 5 round 12: 4 of 270 boosting-passed rows flagged; surfacing 4
2026-09-24 21:40:01,607 [INFO] fl_ids.fl.client: Client 6 round 12: 42 of 1129 boosting-passed rows flagged; surfacing 42
2026-09-24 21:40:02,378 [INFO] fl_ids.fl.client: Client 7 round 12: 25 of 799 boosting-passed rows flagged; surfacing 25
2026-09-24 21:40:03,778 [INFO] fl_ids.fl.client: Client 8 round 12: 112 of 4862 boosting-passed rows flagged; surfacing 50
2026-09-24 21:40:06,289 [INFO] fl_ids.fl.client: Client 9 round 12: 6 of 298 boosting-passed rows flagged; surfacing 6
2026-09-24 21:40:39,373 [INFO] fl_ids.models.boosting: Continued boosting training: +50 trees on 95019 rows (now 500 trees)
2026-09-24 21:40:39,373 [INFO] fl_ids.models.boosting_update: Round 12: boosting v5 (continue) from 170 alerts ({'Normal': 167, 'Vulnerability_scanner': 2, 'XSS': 1}); 55 from excluded clients ignored
2026-09-24 21:40:39,615 [WARNING] fl_ids.fl.client: Client 0: no benign validation samples to evaluate on
2026-09-24 21:40:39,623 [WARNING] fl_ids.fl.client: Client 3: no benign validation samples to evaluate on
2026-09-24 21:40:39,637 [INFO] fl_ids.eval.simulation: Round 12: mean_val_loss=0.0393, comm_bytes=583920
2026-09-24 21:40:56,397 [WARNING] fl_ids.fl.client: Client 0: no benign validation samples to evaluate on
2026-09-24 21:40:56,409 [WARNING] fl_ids.fl.client: Client 3: no benign validation samples to evaluate on
2026-09-24 21:40:56,426 [INFO] fl_ids.eval.simulation: Round 13: mean_val_loss=0.0162, comm_bytes=583920
2026-09-24 21:41:15,298 [WARNING] fl_ids.fl.client: Client 0: no benign validation samples to evaluate on
2026-09-24 21:41:15,327 [WARNING] fl_ids.fl.client: Client 3: no benign validation samples to evaluate on
2026-09-24 21:41:15,369 [INFO] fl_ids.eval.simulation: Round 14: mean_val_loss=0.1082, comm_bytes=583920
2026-09-24 21:41:19,517 [INFO] fl_ids.fl.client: Client 1 round 15: 657 of 23818 boosting-passed rows flagged; surfacing 50
2026-09-24 21:41:29,180 [INFO] fl_ids.fl.client: Client 2 round 15: 40 of 561 boosting-passed rows flagged; surfacing 40
2026-09-24 21:41:29,940 [INFO] fl_ids.fl.client: Client 4 round 15: 14 of 414 boosting-passed rows flagged; surfacing 14
2026-09-24 21:41:30,327 [INFO] fl_ids.fl.client: Client 5 round 15: 55 of 268 boosting-passed rows flagged; surfacing 50
2026-09-24 21:41:30,656 [INFO] fl_ids.fl.client: Client 6 round 15: 30 of 1129 boosting-passed rows flagged; surfacing 30
2026-09-24 21:41:31,256 [INFO] fl_ids.fl.client: Client 7 round 15: 41 of 798 boosting-passed rows flagged; surfacing 41
2026-09-24 21:41:32,254 [INFO] fl_ids.fl.client: Client 8 round 15: 119 of 4857 boosting-passed rows flagged; surfacing 50
2026-09-24 21:41:34,398 [INFO] fl_ids.fl.client: Client 9 round 15: 9 of 298 boosting-passed rows flagged; surfacing 9
2026-09-24 21:42:13,157 [INFO] fl_ids.models.boosting: Continued boosting training: +50 trees on 95209 rows (now 550 trees)
2026-09-24 21:42:13,158 [INFO] fl_ids.models.boosting_update: Round 15: boosting v6 (continue) from 190 alerts ({'Normal': 188, 'Vulnerability_scanner': 1, 'XSS': 1}); 94 from excluded clients ignored
2026-09-24 21:42:13,420 [WARNING] fl_ids.fl.client: Client 0: no benign validation samples to evaluate on
2026-09-24 21:42:13,430 [WARNING] fl_ids.fl.client: Client 3: no benign validation samples to evaluate on
2026-09-24 21:42:13,444 [INFO] fl_ids.eval.simulation: Round 15: mean_val_loss=0.0136, comm_bytes=583920
2026-09-24 21:42:30,718 [WARNING] fl_ids.fl.client: Client 0: no benign validation samples to evaluate on
2026-09-24 21:42:30,729 [WARNING] fl_ids.fl.client: Client 3: no benign validation samples to evaluate on
2026-09-24 21:42:30,745 [INFO] fl_ids.eval.simulation: Round 16: mean_val_loss=0.0357, comm_bytes=583920
2026-09-24 21:42:52,885 [WARNING] fl_ids.fl.client: Client 0: no benign validation samples to evaluate on
2026-09-24 21:42:52,896 [WARNING] fl_ids.fl.client: Client 3: no benign validation samples to evaluate on
2026-09-24 21:42:52,923 [INFO] fl_ids.eval.simulation: Round 17: mean_val_loss=0.0169, comm_bytes=583920
2026-09-24 21:42:57,903 [INFO] fl_ids.fl.client: Client 1 round 18: 713 of 23818 boosting-passed rows flagged; surfacing 50
2026-09-24 21:43:08,597 [INFO] fl_ids.fl.client: Client 2 round 18: 41 of 558 boosting-passed rows flagged; surfacing 41
2026-09-24 21:43:09,541 [INFO] fl_ids.fl.client: Client 4 round 18: 25 of 414 boosting-passed rows flagged; surfacing 25
2026-09-24 21:43:10,012 [INFO] fl_ids.fl.client: Client 5 round 18: 4 of 264 boosting-passed rows flagged; surfacing 4
2026-09-24 21:43:10,458 [INFO] fl_ids.fl.client: Client 6 round 18: 72 of 1129 boosting-passed rows flagged; surfacing 50
2026-09-24 21:43:11,155 [INFO] fl_ids.fl.client: Client 7 round 18: 25 of 798 boosting-passed rows flagged; surfacing 25
2026-09-24 21:43:12,323 [INFO] fl_ids.fl.client: Client 8 round 18: 155 of 4850 boosting-passed rows flagged; surfacing 50
2026-09-24 21:43:14,627 [INFO] fl_ids.fl.client: Client 9 round 18: 14 of 296 boosting-passed rows flagged; surfacing 14
2026-09-24 21:44:04,027 [INFO] fl_ids.models.boosting: Continued boosting training: +50 trees on 95418 rows (now 600 trees)
2026-09-24 21:44:04,029 [INFO] fl_ids.models.boosting_update: Round 18: boosting v7 (continue) from 209 alerts ({'DDoS_HTTP': 1, 'Fingerprinting': 1, 'Normal': 197, 'Port_Scanning': 6, 'Uploading': 1, 'Vulnerability_scanner': 2, 'XSS': 1}); 50 from excluded clients ignored
2026-09-24 21:44:04,443 [WARNING] fl_ids.fl.client: Client 0: no benign validation samples to evaluate on
2026-09-24 21:44:04,462 [WARNING] fl_ids.fl.client: Client 3: no benign validation samples to evaluate on
2026-09-24 21:44:04,498 [INFO] fl_ids.eval.simulation: Round 18: mean_val_loss=0.0314, comm_bytes=583920
2026-09-24 21:44:23,941 [WARNING] fl_ids.fl.client: Client 0: no benign validation samples to evaluate on
2026-09-24 21:44:23,951 [WARNING] fl_ids.fl.client: Client 3: no benign validation samples to evaluate on
2026-09-24 21:44:23,968 [INFO] fl_ids.eval.simulation: Round 19: mean_val_loss=0.0154, comm_bytes=583920
2026-09-24 21:44:48,496 [WARNING] fl_ids.fl.client: Client 0: no benign validation samples to evaluate on
2026-09-24 21:44:48,504 [WARNING] fl_ids.fl.client: Client 3: no benign validation samples to evaluate on
2026-09-24 21:44:48,530 [INFO] fl_ids.eval.simulation: Round 20: mean_val_loss=0.0413, comm_bytes=583920
2026-09-24 21:44:48,569 [WARNING] fl_ids.eval.common: Clients [0, 3] have no benign validation rows (infinite threshold); 673 test rows can't be flagged by the autoencoder
2026-09-24 21:44:49,712 [INFO] fl_ids.eval.zero_day: zero-day holdout=Backdoor run=malicious_fraction=0.40: detection_rate=0.821
2026-09-24 21:45:09,698 [WARNING] fl_ids.fl.client: Client 0: no benign validation samples to evaluate on
2026-09-24 21:45:09,708 [WARNING] fl_ids.fl.client: Client 3: no benign validation samples to evaluate on
2026-09-24 21:45:09,726 [INFO] fl_ids.eval.simulation: Round 1: mean_val_loss=0.4202, comm_bytes=583920
2026-09-24 21:45:27,295 [WARNING] fl_ids.fl.client: Client 0: no benign validation samples to evaluate on
2026-09-24 21:45:27,304 [WARNING] fl_ids.fl.client: Client 3: no benign validation samples to evaluate on
2026-09-24 21:45:27,321 [INFO] fl_ids.eval.simulation: Round 2: mean_val_loss=17.1367, comm_bytes=583920
2026-09-24 21:45:29,224 [INFO] fl_ids.fl.client: Client 1 round 3: 572 of 23823 boosting-passed rows flagged; surfacing 50
2026-09-24 21:45:38,850 [INFO] fl_ids.fl.client: Client 2 round 3: 33 of 568 boosting-passed rows flagged; surfacing 33
2026-09-24 21:45:39,430 [INFO] fl_ids.fl.client: Client 4 round 3: 16 of 414 boosting-passed rows flagged; surfacing 16
2026-09-24 21:45:39,716 [INFO] fl_ids.fl.client: Client 5 round 3: 71 of 274 boosting-passed rows flagged; surfacing 50
2026-09-24 21:45:39,952 [INFO] fl_ids.fl.client: Client 6 round 3: 66 of 1131 boosting-passed rows flagged; surfacing 50
2026-09-24 21:45:40,574 [INFO] fl_ids.fl.client: Client 7 round 3: 41 of 802 boosting-passed rows flagged; surfacing 41
2026-09-24 21:45:41,582 [INFO] fl_ids.fl.client: Client 8 round 3: 146 of 4872 boosting-passed rows flagged; surfacing 50
2026-09-24 21:45:43,874 [INFO] fl_ids.fl.client: Client 9 round 3: 7 of 300 boosting-passed rows flagged; surfacing 7
2026-09-24 21:46:05,384 [INFO] fl_ids.models.boosting: Continued boosting training: +50 trees on 94391 rows (now 350 trees)
2026-09-24 21:46:05,385 [INFO] fl_ids.models.boosting_update: Round 3: boosting v2 (continue) from 107 alerts ({'Normal': 61, 'SQL_injection': 45, 'Uploading': 1}); 190 from excluded clients ignored
2026-09-24 21:46:05,557 [WARNING] fl_ids.fl.client: Client 0: no benign validation samples to evaluate on
2026-09-24 21:46:05,568 [WARNING] fl_ids.fl.client: Client 3: no benign validation samples to evaluate on
2026-09-24 21:46:05,581 [INFO] fl_ids.eval.simulation: Round 3: mean_val_loss=43208.9852, comm_bytes=583920
2026-09-24 21:46:19,049 [WARNING] fl_ids.fl.client: Client 0: no benign validation samples to evaluate on
2026-09-24 21:46:19,058 [WARNING] fl_ids.fl.client: Client 3: no benign validation samples to evaluate on
2026-09-24 21:46:19,073 [INFO] fl_ids.eval.simulation: Round 4: mean_val_loss=16257877.2069, comm_bytes=583920
2026-09-24 21:46:35,096 [WARNING] fl_ids.fl.client: Client 0: no benign validation samples to evaluate on
2026-09-24 21:46:35,139 [WARNING] fl_ids.fl.client: Client 3: no benign validation samples to evaluate on
2026-09-24 21:46:35,176 [INFO] fl_ids.eval.simulation: Round 5: mean_val_loss=1261796929.0546, comm_bytes=583920
2026-09-24 21:46:37,655 [INFO] fl_ids.fl.client: Client 1 round 6: 598 of 23820 boosting-passed rows flagged; surfacing 50
2026-09-24 21:46:47,049 [INFO] fl_ids.fl.client: Client 2 round 6: 54 of 565 boosting-passed rows flagged; surfacing 50
2026-09-24 21:46:47,730 [INFO] fl_ids.fl.client: Client 4 round 6: 14 of 414 boosting-passed rows flagged; surfacing 14
2026-09-24 21:46:48,128 [INFO] fl_ids.fl.client: Client 5 round 6: 4 of 270 boosting-passed rows flagged; surfacing 4
2026-09-24 21:46:48,409 [INFO] fl_ids.fl.client: Client 6 round 6: 66 of 1129 boosting-passed rows flagged; surfacing 50
2026-09-24 21:46:49,228 [INFO] fl_ids.fl.client: Client 7 round 6: 41 of 803 boosting-passed rows flagged; surfacing 41
2026-09-24 21:46:49,963 [INFO] fl_ids.fl.client: Client 8 round 6: 144 of 4873 boosting-passed rows flagged; surfacing 50
2026-09-24 21:46:52,545 [INFO] fl_ids.fl.client: Client 9 round 6: 6 of 300 boosting-passed rows flagged; surfacing 6
2026-09-24 21:47:18,887 [INFO] fl_ids.models.boosting: Continued boosting training: +50 trees on 94450 rows (now 400 trees)
2026-09-24 21:47:18,887 [INFO] fl_ids.models.boosting_update: Round 6: boosting v3 (continue) from 59 alerts ({'Normal': 59}); 206 from excluded clients ignored
2026-09-24 21:47:19,072 [WARNING] fl_ids.fl.client: Client 0: no benign validation samples to evaluate on
2026-09-24 21:47:19,081 [WARNING] fl_ids.fl.client: Client 3: no benign validation samples to evaluate on
2026-09-24 21:47:19,093 [INFO] fl_ids.eval.simulation: Round 6: mean_val_loss=37181626481.9861, comm_bytes=583920
2026-09-24 21:47:33,849 [WARNING] fl_ids.fl.client: Client 0: no benign validation samples to evaluate on
2026-09-24 21:47:33,860 [WARNING] fl_ids.fl.client: Client 3: no benign validation samples to evaluate on
2026-09-24 21:47:33,875 [INFO] fl_ids.eval.simulation: Round 7: mean_val_loss=524438670431.6133, comm_bytes=583920
2026-09-24 21:47:50,324 [WARNING] fl_ids.fl.client: Client 0: no benign validation samples to evaluate on
2026-09-24 21:47:50,334 [WARNING] fl_ids.fl.client: Client 3: no benign validation samples to evaluate on
2026-09-24 21:47:50,354 [INFO] fl_ids.eval.simulation: Round 8: mean_val_loss=4693536294717.7734, comm_bytes=583920
2026-09-24 21:47:54,289 [INFO] fl_ids.fl.client: Client 1 round 9: 592 of 23819 boosting-passed rows flagged; surfacing 50
2026-09-24 21:48:03,742 [INFO] fl_ids.fl.client: Client 2 round 9: 46 of 562 boosting-passed rows flagged; surfacing 46
2026-09-24 21:48:04,534 [INFO] fl_ids.fl.client: Client 4 round 9: 14 of 414 boosting-passed rows flagged; surfacing 14
2026-09-24 21:48:04,902 [INFO] fl_ids.fl.client: Client 5 round 9: 4 of 267 boosting-passed rows flagged; surfacing 4
2026-09-24 21:48:05,280 [INFO] fl_ids.fl.client: Client 6 round 9: 66 of 1128 boosting-passed rows flagged; surfacing 50
2026-09-24 21:48:06,001 [INFO] fl_ids.fl.client: Client 7 round 9: 41 of 805 boosting-passed rows flagged; surfacing 41
2026-09-24 21:48:07,255 [INFO] fl_ids.fl.client: Client 8 round 9: 145 of 4870 boosting-passed rows flagged; surfacing 50
2026-09-24 21:48:09,614 [INFO] fl_ids.fl.client: Client 9 round 9: 5 of 301 boosting-passed rows flagged; surfacing 5
2026-09-24 21:48:41,452 [INFO] fl_ids.models.boosting: Continued boosting training: +50 trees on 94509 rows (now 450 trees)
2026-09-24 21:48:41,454 [INFO] fl_ids.models.boosting_update: Round 9: boosting v4 (continue) from 59 alerts ({'Normal': 59}); 201 from excluded clients ignored
2026-09-24 21:48:41,708 [WARNING] fl_ids.fl.client: Client 0: no benign validation samples to evaluate on
2026-09-24 21:48:41,729 [WARNING] fl_ids.fl.client: Client 3: no benign validation samples to evaluate on
2026-09-24 21:48:41,745 [INFO] fl_ids.eval.simulation: Round 9: mean_val_loss=30293448055377.1758, comm_bytes=583920
2026-09-24 21:48:57,444 [WARNING] fl_ids.fl.client: Client 0: no benign validation samples to evaluate on
2026-09-24 21:48:57,455 [WARNING] fl_ids.fl.client: Client 3: no benign validation samples to evaluate on
2026-09-24 21:48:57,470 [INFO] fl_ids.eval.simulation: Round 10: mean_val_loss=163038274369682.2188, comm_bytes=583920
2026-09-24 21:49:14,735 [WARNING] fl_ids.fl.client: Client 0: no benign validation samples to evaluate on
2026-09-24 21:49:14,747 [WARNING] fl_ids.fl.client: Client 3: no benign validation samples to evaluate on
2026-09-24 21:49:14,763 [INFO] fl_ids.eval.simulation: Round 11: mean_val_loss=718558115395136.2500, comm_bytes=583920
2026-09-24 21:49:18,950 [INFO] fl_ids.fl.client: Client 1 round 12: 606 of 23820 boosting-passed rows flagged; surfacing 50
2026-09-24 21:49:28,688 [INFO] fl_ids.fl.client: Client 2 round 12: 42 of 563 boosting-passed rows flagged; surfacing 42
2026-09-24 21:49:29,991 [INFO] fl_ids.fl.client: Client 4 round 12: 14 of 414 boosting-passed rows flagged; surfacing 14
2026-09-24 21:49:30,456 [INFO] fl_ids.fl.client: Client 5 round 12: 4 of 266 boosting-passed rows flagged; surfacing 4
2026-09-24 21:49:30,865 [INFO] fl_ids.fl.client: Client 6 round 12: 68 of 1128 boosting-passed rows flagged; surfacing 50
2026-09-24 21:49:31,609 [INFO] fl_ids.fl.client: Client 7 round 12: 41 of 803 boosting-passed rows flagged; surfacing 41
2026-09-24 21:49:32,554 [INFO] fl_ids.fl.client: Client 8 round 12: 145 of 4868 boosting-passed rows flagged; surfacing 50
2026-09-24 21:49:34,560 [INFO] fl_ids.fl.client: Client 9 round 12: 5 of 300 boosting-passed rows flagged; surfacing 5
2026-09-24 21:50:14,476 [INFO] fl_ids.models.boosting: Continued boosting training: +50 trees on 94568 rows (now 500 trees)
2026-09-24 21:50:14,477 [INFO] fl_ids.models.boosting_update: Round 12: boosting v5 (continue) from 59 alerts ({'Normal': 59}); 197 from excluded clients ignored
2026-09-24 21:50:14,718 [WARNING] fl_ids.fl.client: Client 0: no benign validation samples to evaluate on
2026-09-24 21:50:14,732 [WARNING] fl_ids.fl.client: Client 3: no benign validation samples to evaluate on
2026-09-24 21:50:14,747 [INFO] fl_ids.eval.simulation: Round 12: mean_val_loss=2701991722203570.0000, comm_bytes=583920
2026-09-24 21:50:32,215 [WARNING] fl_ids.fl.client: Client 0: no benign validation samples to evaluate on
2026-09-24 21:50:32,226 [WARNING] fl_ids.fl.client: Client 3: no benign validation samples to evaluate on
2026-09-24 21:50:32,245 [INFO] fl_ids.eval.simulation: Round 13: mean_val_loss=8602174768145713.0000, comm_bytes=583920
2026-09-24 21:50:50,550 [WARNING] fl_ids.fl.client: Client 0: no benign validation samples to evaluate on
2026-09-24 21:50:50,554 [WARNING] fl_ids.fl.client: Client 3: no benign validation samples to evaluate on
2026-09-24 21:50:50,574 [INFO] fl_ids.eval.simulation: Round 14: mean_val_loss=24783554279429944.0000, comm_bytes=583920
2026-09-24 21:50:53,972 [INFO] fl_ids.fl.client: Client 1 round 15: 554 of 23821 boosting-passed rows flagged; surfacing 50
2026-09-24 21:51:04,578 [INFO] fl_ids.fl.client: Client 2 round 15: 40 of 561 boosting-passed rows flagged; surfacing 40
2026-09-24 21:51:05,804 [INFO] fl_ids.fl.client: Client 4 round 15: 13 of 414 boosting-passed rows flagged; surfacing 13
2026-09-24 21:51:06,496 [INFO] fl_ids.fl.client: Client 5 round 15: 4 of 264 boosting-passed rows flagged; surfacing 4
2026-09-24 21:51:07,210 [INFO] fl_ids.fl.client: Client 6 round 15: 73 of 1128 boosting-passed rows flagged; surfacing 50
2026-09-24 21:51:08,091 [INFO] fl_ids.fl.client: Client 7 round 15: 43 of 802 boosting-passed rows flagged; surfacing 43
2026-09-24 21:51:09,394 [INFO] fl_ids.fl.client: Client 8 round 15: 145 of 4867 boosting-passed rows flagged; surfacing 50
2026-09-24 21:51:12,293 [INFO] fl_ids.fl.client: Client 9 round 15: 5 of 301 boosting-passed rows flagged; surfacing 5
2026-09-24 21:51:56,569 [INFO] fl_ids.models.boosting: Continued boosting training: +50 trees on 94628 rows (now 550 trees)
2026-09-24 21:51:56,570 [INFO] fl_ids.models.boosting_update: Round 15: boosting v6 (continue) from 60 alerts ({'Normal': 60}); 195 from excluded clients ignored
2026-09-24 21:51:56,845 [WARNING] fl_ids.fl.client: Client 0: no benign validation samples to evaluate on
2026-09-24 21:51:56,864 [WARNING] fl_ids.fl.client: Client 3: no benign validation samples to evaluate on
2026-09-24 21:51:56,879 [INFO] fl_ids.eval.simulation: Round 15: mean_val_loss=65642463445377344.0000, comm_bytes=583920
2026-09-24 21:52:14,824 [WARNING] fl_ids.fl.client: Client 0: no benign validation samples to evaluate on
2026-09-24 21:52:14,835 [WARNING] fl_ids.fl.client: Client 3: no benign validation samples to evaluate on
2026-09-24 21:52:14,853 [INFO] fl_ids.eval.simulation: Round 16: mean_val_loss=163254766560672288.0000, comm_bytes=583920
2026-09-24 21:52:33,848 [WARNING] fl_ids.fl.client: Client 0: no benign validation samples to evaluate on
2026-09-24 21:52:33,861 [WARNING] fl_ids.fl.client: Client 3: no benign validation samples to evaluate on
2026-09-24 21:52:33,942 [INFO] fl_ids.eval.simulation: Round 17: mean_val_loss=381215743219930304.0000, comm_bytes=583920
2026-09-24 21:52:39,149 [INFO] fl_ids.fl.client: Client 1 round 18: 558 of 23820 boosting-passed rows flagged; surfacing 50
2026-09-24 21:52:49,747 [INFO] fl_ids.fl.client: Client 2 round 18: 40 of 561 boosting-passed rows flagged; surfacing 40
2026-09-24 21:52:50,968 [INFO] fl_ids.fl.client: Client 4 round 18: 13 of 414 boosting-passed rows flagged; surfacing 13
2026-09-24 21:52:51,403 [INFO] fl_ids.fl.client: Client 5 round 18: 4 of 263 boosting-passed rows flagged; surfacing 4
2026-09-24 21:52:51,751 [INFO] fl_ids.fl.client: Client 6 round 18: 61 of 1128 boosting-passed rows flagged; surfacing 50
2026-09-24 21:52:52,613 [INFO] fl_ids.fl.client: Client 7 round 18: 44 of 804 boosting-passed rows flagged; surfacing 44
2026-09-24 21:52:54,129 [INFO] fl_ids.fl.client: Client 8 round 18: 139 of 4863 boosting-passed rows flagged; surfacing 50
2026-09-24 21:52:56,787 [INFO] fl_ids.fl.client: Client 9 round 18: 5 of 301 boosting-passed rows flagged; surfacing 5
2026-09-24 21:53:48,797 [INFO] fl_ids.models.boosting: Continued boosting training: +50 trees on 94689 rows (now 600 trees)
2026-09-24 21:53:48,799 [INFO] fl_ids.models.boosting_update: Round 18: boosting v7 (continue) from 61 alerts ({'Normal': 61}); 195 from excluded clients ignored
2026-09-24 21:53:49,105 [WARNING] fl_ids.fl.client: Client 0: no benign validation samples to evaluate on
2026-09-24 21:53:49,119 [WARNING] fl_ids.fl.client: Client 3: no benign validation samples to evaluate on
2026-09-24 21:53:49,134 [INFO] fl_ids.eval.simulation: Round 18: mean_val_loss=842751438156314112.0000, comm_bytes=583920
2026-09-24 21:54:07,966 [WARNING] fl_ids.fl.client: Client 0: no benign validation samples to evaluate on
2026-09-24 21:54:07,977 [WARNING] fl_ids.fl.client: Client 3: no benign validation samples to evaluate on
2026-09-24 21:54:07,993 [INFO] fl_ids.eval.simulation: Round 19: mean_val_loss=1758680839484426752.0000, comm_bytes=583920
2026-09-24 21:54:26,647 [WARNING] fl_ids.fl.client: Client 0: no benign validation samples to evaluate on
2026-09-24 21:54:26,657 [WARNING] fl_ids.fl.client: Client 3: no benign validation samples to evaluate on
2026-09-24 21:54:26,671 [INFO] fl_ids.eval.simulation: Round 20: mean_val_loss=3521870502786221056.0000, comm_bytes=583920
2026-09-24 21:54:26,694 [WARNING] fl_ids.eval.common: Clients [0, 3] have no benign validation rows (infinite threshold); 673 test rows can't be flagged by the autoencoder
2026-09-24 21:54:27,451 [INFO] fl_ids.eval.zero_day: zero-day holdout=Backdoor run=malicious_fraction=0.50: detection_rate=0.800
2026-09-24 21:54:31,089 [INFO] fl_ids.eval.common: Excluded classes ['DDoS_HTTP'] from training: removed 2427 calibration rows, 1525 federated-pool rows
2026-09-24 21:54:31,090 [INFO] fl_ids.models.boosting: Training boosting classifier: 93058 samples, 15 classes, 300 rounds
2026-09-24 21:54:52,975 [INFO] fl_ids.eval.common: Evaluation setup: 93058 calibration, 58475 federated pool (subsampled), 8766 test rows across 10 clients
2026-09-24 21:55:09,247 [INFO] fl_ids.eval.simulation: Round 1: mean_val_loss=0.1522, comm_bytes=583920
2026-09-24 21:55:21,884 [INFO] fl_ids.eval.simulation: Round 2: mean_val_loss=0.0403, comm_bytes=583920
2026-09-24 21:55:22,226 [INFO] fl_ids.fl.client: Client 0 round 3: 123 of 4240 boosting-passed rows flagged; surfacing 50
2026-09-24 21:55:23,745 [INFO] fl_ids.fl.client: Client 1 round 3: 2 of 159 boosting-passed rows flagged; surfacing 2
2026-09-24 21:55:24,364 [INFO] fl_ids.fl.client: Client 2 round 3: 285 of 7807 boosting-passed rows flagged; surfacing 50
2026-09-24 21:55:26,969 [INFO] fl_ids.fl.client: Client 3 round 3: 107 of 3353 boosting-passed rows flagged; surfacing 50
2026-09-24 21:55:28,131 [INFO] fl_ids.fl.client: Client 4 round 3: 25 of 827 boosting-passed rows flagged; surfacing 25
2026-09-24 21:55:28,592 [INFO] fl_ids.fl.client: Client 5 round 3: 75 of 1694 boosting-passed rows flagged; surfacing 50
2026-09-24 21:55:29,770 [INFO] fl_ids.fl.client: Client 6 round 3: 342 of 10419 boosting-passed rows flagged; surfacing 50
2026-09-24 21:55:32,822 [INFO] fl_ids.fl.client: Client 7 round 3: 19 of 63 boosting-passed rows flagged; surfacing 19
2026-09-24 21:55:33,144 [INFO] fl_ids.fl.client: Client 8 round 3: 158 of 3248 boosting-passed rows flagged; surfacing 50
2026-09-24 21:55:34,178 [INFO] fl_ids.fl.client: Client 9 round 3: 24 of 470 boosting-passed rows flagged; surfacing 24
2026-09-24 21:55:54,060 [INFO] fl_ids.models.boosting: Continued boosting training: +50 trees on 93383 rows (now 350 trees)
2026-09-24 21:55:54,060 [INFO] fl_ids.models.boosting_update: Round 3: boosting v2 (continue) from 325 alerts ({'Backdoor': 1, 'Fingerprinting': 4, 'Normal': 295, 'Port_Scanning': 5, 'Ransomware': 3, 'SQL_injection': 7, 'Uploading': 8, 'XSS': 2}); 45 from excluded clients ignored
2026-09-24 21:55:54,240 [INFO] fl_ids.eval.simulation: Round 3: mean_val_loss=0.0239, comm_bytes=583920
2026-09-24 21:56:06,070 [INFO] fl_ids.eval.simulation: Round 4: mean_val_loss=0.0150, comm_bytes=583920
2026-09-24 21:56:18,265 [INFO] fl_ids.eval.simulation: Round 5: mean_val_loss=0.0119, comm_bytes=583920
2026-09-24 21:56:18,619 [INFO] fl_ids.fl.client: Client 0 round 6: 119 of 4240 boosting-passed rows flagged; surfacing 50
2026-09-24 21:56:20,006 [INFO] fl_ids.fl.client: Client 1 round 6: 4 of 151 boosting-passed rows flagged; surfacing 4
2026-09-24 21:56:20,709 [INFO] fl_ids.fl.client: Client 2 round 6: 274 of 7807 boosting-passed rows flagged; surfacing 50
2026-09-24 21:56:23,346 [INFO] fl_ids.fl.client: Client 3 round 6: 167 of 3353 boosting-passed rows flagged; surfacing 50
2026-09-24 21:56:24,555 [INFO] fl_ids.fl.client: Client 4 round 6: 49 of 827 boosting-passed rows flagged; surfacing 49
2026-09-24 21:56:24,939 [INFO] fl_ids.fl.client: Client 5 round 6: 49 of 1695 boosting-passed rows flagged; surfacing 49
2026-09-24 21:56:26,152 [INFO] fl_ids.fl.client: Client 6 round 6: 279 of 10418 boosting-passed rows flagged; surfacing 50
2026-09-24 21:56:29,174 [INFO] fl_ids.fl.client: Client 7 round 6: 4 of 63 boosting-passed rows flagged; surfacing 4
2026-09-24 21:56:29,470 [INFO] fl_ids.fl.client: Client 8 round 6: 124 of 3248 boosting-passed rows flagged; surfacing 50
2026-09-24 21:56:30,541 [INFO] fl_ids.fl.client: Client 9 round 6: 21 of 474 boosting-passed rows flagged; surfacing 21
2026-09-24 21:56:53,595 [INFO] fl_ids.models.boosting: Continued boosting training: +50 trees on 93703 rows (now 400 trees)
2026-09-24 21:56:53,595 [INFO] fl_ids.models.boosting_update: Round 6: boosting v3 (continue) from 320 alerts ({'Backdoor': 2, 'Normal': 286, 'Port_Scanning': 9, 'SQL_injection': 14, 'Uploading': 8, 'XSS': 1}); 57 from excluded clients ignored
2026-09-24 21:56:53,792 [INFO] fl_ids.eval.simulation: Round 6: mean_val_loss=0.0116, comm_bytes=583920
2026-09-24 21:57:06,301 [INFO] fl_ids.eval.simulation: Round 7: mean_val_loss=0.0168, comm_bytes=583920
2026-09-24 21:57:19,490 [INFO] fl_ids.eval.simulation: Round 8: mean_val_loss=0.0171, comm_bytes=583920
2026-09-24 21:57:20,007 [INFO] fl_ids.fl.client: Client 0 round 9: 120 of 4240 boosting-passed rows flagged; surfacing 50
2026-09-24 21:57:21,371 [INFO] fl_ids.fl.client: Client 1 round 9: 5 of 150 boosting-passed rows flagged; surfacing 5
2026-09-24 21:57:22,316 [INFO] fl_ids.fl.client: Client 2 round 9: 306 of 7806 boosting-passed rows flagged; surfacing 50
2026-09-24 21:57:25,082 [INFO] fl_ids.fl.client: Client 3 round 9: 96 of 3352 boosting-passed rows flagged; surfacing 50
2026-09-24 21:57:26,295 [INFO] fl_ids.fl.client: Client 4 round 9: 43 of 827 boosting-passed rows flagged; surfacing 43
2026-09-24 21:57:26,740 [INFO] fl_ids.fl.client: Client 5 round 9: 61 of 1690 boosting-passed rows flagged; surfacing 50
2026-09-24 21:57:28,174 [INFO] fl_ids.fl.client: Client 6 round 9: 313 of 10409 boosting-passed rows flagged; surfacing 50
2026-09-24 21:57:31,256 [INFO] fl_ids.fl.client: Client 7 round 9: 5 of 63 boosting-passed rows flagged; surfacing 5
2026-09-24 21:57:31,672 [INFO] fl_ids.fl.client: Client 8 round 9: 125 of 3248 boosting-passed rows flagged; surfacing 50
2026-09-24 21:57:32,918 [INFO] fl_ids.fl.client: Client 9 round 9: 29 of 471 boosting-passed rows flagged; surfacing 29
2026-09-24 21:58:00,245 [INFO] fl_ids.models.boosting: Continued boosting training: +50 trees on 94085 rows (now 450 trees)
2026-09-24 21:58:00,246 [INFO] fl_ids.models.boosting_update: Round 9: boosting v4 (continue) from 382 alerts ({'Backdoor': 3, 'Normal': 357, 'Password': 1, 'Port_Scanning': 4, 'Ransomware': 4, 'Uploading': 10, 'Vulnerability_scanner': 2, 'XSS': 1}); 0 from excluded clients ignored
2026-09-24 21:58:00,479 [INFO] fl_ids.eval.simulation: Round 9: mean_val_loss=0.0170, comm_bytes=583920
2026-09-24 21:58:14,209 [INFO] fl_ids.eval.simulation: Round 10: mean_val_loss=0.0172, comm_bytes=583920
2026-09-24 21:58:27,903 [INFO] fl_ids.eval.simulation: Round 11: mean_val_loss=0.0171, comm_bytes=583920
2026-09-24 21:58:28,588 [INFO] fl_ids.fl.client: Client 0 round 12: 122 of 4240 boosting-passed rows flagged; surfacing 50
2026-09-24 21:58:30,155 [INFO] fl_ids.fl.client: Client 1 round 12: 5 of 148 boosting-passed rows flagged; surfacing 5
2026-09-24 21:58:31,192 [INFO] fl_ids.fl.client: Client 2 round 12: 275 of 7802 boosting-passed rows flagged; surfacing 50
2026-09-24 21:58:34,063 [INFO] fl_ids.fl.client: Client 3 round 12: 85 of 3351 boosting-passed rows flagged; surfacing 50
2026-09-24 21:58:35,360 [INFO] fl_ids.fl.client: Client 4 round 12: 65 of 827 boosting-passed rows flagged; surfacing 50
2026-09-24 21:58:35,915 [INFO] fl_ids.fl.client: Client 5 round 12: 52 of 1689 boosting-passed rows flagged; surfacing 50
2026-09-24 21:58:37,582 [INFO] fl_ids.fl.client: Client 6 round 12: 315 of 10412 boosting-passed rows flagged; surfacing 50
2026-09-24 21:58:40,686 [INFO] fl_ids.fl.client: Client 7 round 12: 4 of 62 boosting-passed rows flagged; surfacing 4
2026-09-24 21:58:41,164 [INFO] fl_ids.fl.client: Client 8 round 12: 96 of 3248 boosting-passed rows flagged; surfacing 50
2026-09-24 21:58:42,388 [INFO] fl_ids.fl.client: Client 9 round 12: 35 of 468 boosting-passed rows flagged; surfacing 35
2026-09-24 21:59:14,825 [INFO] fl_ids.models.boosting: Continued boosting training: +50 trees on 94429 rows (now 500 trees)
2026-09-24 21:59:14,826 [INFO] fl_ids.models.boosting_update: Round 12: boosting v5 (continue) from 344 alerts ({'Backdoor': 3, 'Fingerprinting': 1, 'Normal': 325, 'Port_Scanning': 4, 'Uploading': 9, 'Vulnerability_scanner': 1, 'XSS': 1}); 50 from excluded clients ignored
2026-09-24 21:59:15,087 [INFO] fl_ids.eval.simulation: Round 12: mean_val_loss=0.0149, comm_bytes=583920
2026-09-24 21:59:31,160 [INFO] fl_ids.eval.simulation: Round 13: mean_val_loss=0.0161, comm_bytes=583920
2026-09-24 21:59:46,209 [INFO] fl_ids.eval.simulation: Round 14: mean_val_loss=0.0161, comm_bytes=583920
2026-09-24 21:59:46,844 [INFO] fl_ids.fl.client: Client 0 round 15: 148 of 4240 boosting-passed rows flagged; surfacing 50
2026-09-24 21:59:48,289 [INFO] fl_ids.fl.client: Client 1 round 15: 4 of 147 boosting-passed rows flagged; surfacing 4
2026-09-24 21:59:49,751 [INFO] fl_ids.fl.client: Client 2 round 15: 230 of 7799 boosting-passed rows flagged; surfacing 50
2026-09-24 21:59:52,560 [INFO] fl_ids.fl.client: Client 3 round 15: 130 of 3349 boosting-passed rows flagged; surfacing 50
2026-09-24 21:59:54,049 [INFO] fl_ids.fl.client: Client 4 round 15: 39 of 825 boosting-passed rows flagged; surfacing 39
2026-09-24 21:59:54,594 [INFO] fl_ids.fl.client: Client 5 round 15: 59 of 1689 boosting-passed rows flagged; surfacing 50
2026-09-24 21:59:56,446 [INFO] fl_ids.fl.client: Client 6 round 15: 324 of 10407 boosting-passed rows flagged; surfacing 50
2026-09-24 21:59:59,645 [INFO] fl_ids.fl.client: Client 7 round 15: 4 of 63 boosting-passed rows flagged; surfacing 4
2026-09-24 22:00:00,194 [INFO] fl_ids.fl.client: Client 8 round 15: 95 of 3248 boosting-passed rows flagged; surfacing 50
2026-09-24 22:00:01,462 [INFO] fl_ids.fl.client: Client 9 round 15: 26 of 462 boosting-passed rows flagged; surfacing 26
2026-09-24 22:00:38,047 [INFO] fl_ids.models.boosting: Continued boosting training: +50 trees on 94763 rows (now 550 trees)
2026-09-24 22:00:38,048 [INFO] fl_ids.models.boosting_update: Round 15: boosting v6 (continue) from 334 alerts ({'Backdoor': 1, 'Fingerprinting': 1, 'Normal': 311, 'Password': 1, 'Port_Scanning': 6, 'SQL_injection': 8, 'Uploading': 4, 'XSS': 2}); 39 from excluded clients ignored
2026-09-24 22:00:38,324 [INFO] fl_ids.eval.simulation: Round 15: mean_val_loss=0.0140, comm_bytes=583920
2026-09-24 22:00:54,075 [INFO] fl_ids.eval.simulation: Round 16: mean_val_loss=0.0153, comm_bytes=583920
2026-09-24 22:01:10,086 [INFO] fl_ids.eval.simulation: Round 17: mean_val_loss=0.0133, comm_bytes=583920
2026-09-24 22:01:10,789 [INFO] fl_ids.fl.client: Client 0 round 18: 153 of 4240 boosting-passed rows flagged; surfacing 50
2026-09-24 22:01:12,288 [INFO] fl_ids.fl.client: Client 1 round 18: 3 of 147 boosting-passed rows flagged; surfacing 3
2026-09-24 22:01:13,589 [INFO] fl_ids.fl.client: Client 2 round 18: 228 of 7799 boosting-passed rows flagged; surfacing 50
2026-09-24 22:01:16,691 [INFO] fl_ids.fl.client: Client 3 round 18: 155 of 3347 boosting-passed rows flagged; surfacing 50
2026-09-24 22:01:18,160 [INFO] fl_ids.fl.client: Client 4 round 18: 28 of 823 boosting-passed rows flagged; surfacing 28
2026-09-24 22:01:18,735 [INFO] fl_ids.fl.client: Client 5 round 18: 80 of 1689 boosting-passed rows flagged; surfacing 50
2026-09-24 22:01:20,751 [INFO] fl_ids.fl.client: Client 6 round 18: 327 of 10393 boosting-passed rows flagged; surfacing 50
2026-09-24 22:01:23,981 [INFO] fl_ids.fl.client: Client 7 round 18: 4 of 63 boosting-passed rows flagged; surfacing 4
2026-09-24 22:01:24,545 [INFO] fl_ids.fl.client: Client 8 round 18: 99 of 3247 boosting-passed rows flagged; surfacing 50
2026-09-24 22:01:25,774 [INFO] fl_ids.fl.client: Client 9 round 18: 24 of 458 boosting-passed rows flagged; surfacing 24
2026-09-24 22:02:07,173 [INFO] fl_ids.models.boosting: Continued boosting training: +50 trees on 95122 rows (now 600 trees)
2026-09-24 22:02:07,174 [INFO] fl_ids.models.boosting_update: Round 18: boosting v7 (continue) from 359 alerts ({'Fingerprinting': 2, 'Normal': 332, 'Password': 4, 'Port_Scanning': 1, 'Ransomware': 1, 'SQL_injection': 15, 'Uploading': 2, 'XSS': 2}); 0 from excluded clients ignored
2026-09-24 22:02:07,484 [INFO] fl_ids.eval.simulation: Round 18: mean_val_loss=0.0148, comm_bytes=583920
2026-09-24 22:02:24,032 [INFO] fl_ids.eval.simulation: Round 19: mean_val_loss=0.0090, comm_bytes=583920
2026-09-24 22:02:40,415 [INFO] fl_ids.eval.simulation: Round 20: mean_val_loss=0.0177, comm_bytes=583920
2026-09-24 22:02:41,524 [INFO] fl_ids.eval.zero_day: zero-day holdout=DDoS_HTTP run=malicious_fraction=0.00: detection_rate=0.360
2026-09-24 22:02:54,244 [INFO] fl_ids.eval.simulation: Round 1: mean_val_loss=0.1675, comm_bytes=583920
2026-09-24 22:03:06,949 [INFO] fl_ids.eval.simulation: Round 2: mean_val_loss=0.0518, comm_bytes=583920
2026-09-24 22:03:07,293 [INFO] fl_ids.fl.client: Client 0 round 3: 125 of 4240 boosting-passed rows flagged; surfacing 50
2026-09-24 22:03:08,666 [INFO] fl_ids.fl.client: Client 1 round 3: 2 of 159 boosting-passed rows flagged; surfacing 2
2026-09-24 22:03:09,378 [INFO] fl_ids.fl.client: Client 2 round 3: 302 of 7807 boosting-passed rows flagged; surfacing 50
2026-09-24 22:03:12,126 [INFO] fl_ids.fl.client: Client 3 round 3: 89 of 3353 boosting-passed rows flagged; surfacing 50
2026-09-24 22:03:13,365 [INFO] fl_ids.fl.client: Client 4 round 3: 21 of 827 boosting-passed rows flagged; surfacing 21
2026-09-24 22:03:13,834 [INFO] fl_ids.fl.client: Client 5 round 3: 64 of 1694 boosting-passed rows flagged; surfacing 50
2026-09-24 22:03:15,246 [INFO] fl_ids.fl.client: Client 6 round 3: 326 of 10419 boosting-passed rows flagged; surfacing 50
2026-09-24 22:03:18,561 [INFO] fl_ids.fl.client: Client 7 round 3: 16 of 63 boosting-passed rows flagged; surfacing 16
2026-09-24 22:03:18,962 [INFO] fl_ids.fl.client: Client 8 round 3: 147 of 3248 boosting-passed rows flagged; surfacing 50
2026-09-24 22:03:19,968 [INFO] fl_ids.fl.client: Client 9 round 3: 18 of 470 boosting-passed rows flagged; surfacing 18
2026-09-24 22:03:39,796 [INFO] fl_ids.models.boosting: Continued boosting training: +50 trees on 93349 rows (now 350 trees)
2026-09-24 22:03:39,797 [INFO] fl_ids.models.boosting_update: Round 3: boosting v2 (continue) from 291 alerts ({'Fingerprinting': 2, 'Normal': 253, 'Password': 4, 'Port_Scanning': 5, 'Ransomware': 3, 'SQL_injection': 9, 'Uploading': 12, 'Vulnerability_scanner': 1, 'XSS': 2}); 66 from excluded clients ignored
2026-09-24 22:03:40,055 [INFO] fl_ids.eval.simulation: Round 3: mean_val_loss=0.0314, comm_bytes=583920
2026-09-24 22:03:55,683 [INFO] fl_ids.eval.simulation: Round 4: mean_val_loss=0.0251, comm_bytes=583920
2026-09-24 22:04:10,988 [INFO] fl_ids.eval.simulation: Round 5: mean_val_loss=0.0222, comm_bytes=583920
2026-09-24 22:04:11,441 [INFO] fl_ids.fl.client: Client 0 round 6: 128 of 4240 boosting-passed rows flagged; surfacing 50
2026-09-24 22:04:12,833 [INFO] fl_ids.fl.client: Client 1 round 6: 3 of 152 boosting-passed rows flagged; surfacing 3
2026-09-24 22:04:13,708 [INFO] fl_ids.fl.client: Client 2 round 6: 216 of 7807 boosting-passed rows flagged; surfacing 50
2026-09-24 22:04:16,531 [INFO] fl_ids.fl.client: Client 3 round 6: 144 of 3353 boosting-passed rows flagged; surfacing 50
2026-09-24 22:04:17,753 [INFO] fl_ids.fl.client: Client 4 round 6: 31 of 827 boosting-passed rows flagged; surfacing 31
2026-09-24 22:04:18,190 [INFO] fl_ids.fl.client: Client 5 round 6: 55 of 1695 boosting-passed rows flagged; surfacing 50
2026-09-24 22:04:19,620 [INFO] fl_ids.fl.client: Client 6 round 6: 232 of 10419 boosting-passed rows flagged; surfacing 50
2026-09-24 22:04:22,288 [INFO] fl_ids.fl.client: Client 7 round 6: 5 of 62 boosting-passed rows flagged; surfacing 5
2026-09-24 22:04:22,701 [INFO] fl_ids.fl.client: Client 8 round 6: 88 of 3248 boosting-passed rows flagged; surfacing 50
2026-09-24 22:04:23,701 [INFO] fl_ids.fl.client: Client 9 round 6: 23 of 471 boosting-passed rows flagged; surfacing 23
2026-09-24 22:04:48,728 [INFO] fl_ids.models.boosting: Continued boosting training: +50 trees on 93661 rows (now 400 trees)
2026-09-24 22:04:48,730 [INFO] fl_ids.models.boosting_update: Round 6: boosting v3 (continue) from 312 alerts ({'Fingerprinting': 2, 'Normal': 279, 'Port_Scanning': 17, 'Ransomware': 3, 'Uploading': 9, 'Vulnerability_scanner': 1, 'XSS': 1}); 50 from excluded clients ignored
2026-09-24 22:04:49,058 [INFO] fl_ids.eval.simulation: Round 6: mean_val_loss=0.0198, comm_bytes=583920
2026-09-24 22:05:05,737 [INFO] fl_ids.eval.simulation: Round 7: mean_val_loss=0.0186, comm_bytes=583920
2026-09-24 22:05:21,981 [INFO] fl_ids.eval.simulation: Round 8: mean_val_loss=0.0177, comm_bytes=583920
2026-09-24 22:05:22,464 [INFO] fl_ids.fl.client: Client 0 round 9: 128 of 4240 boosting-passed rows flagged; surfacing 50
2026-09-24 22:05:23,954 [INFO] fl_ids.fl.client: Client 1 round 9: 3 of 147 boosting-passed rows flagged; surfacing 3
2026-09-24 22:05:24,973 [INFO] fl_ids.fl.client: Client 2 round 9: 207 of 7801 boosting-passed rows flagged; surfacing 50
2026-09-24 22:05:27,416 [INFO] fl_ids.fl.client: Client 3 round 9: 142 of 3353 boosting-passed rows flagged; surfacing 50
2026-09-24 22:05:28,559 [INFO] fl_ids.fl.client: Client 4 round 9: 29 of 827 boosting-passed rows flagged; surfacing 29
2026-09-24 22:05:29,033 [INFO] fl_ids.fl.client: Client 5 round 9: 53 of 1692 boosting-passed rows flagged; surfacing 50
2026-09-24 22:05:30,621 [INFO] fl_ids.fl.client: Client 6 round 9: 342 of 10410 boosting-passed rows flagged; surfacing 50
2026-09-24 22:05:33,317 [INFO] fl_ids.fl.client: Client 7 round 9: 6 of 62 boosting-passed rows flagged; surfacing 6
2026-09-24 22:05:33,802 [INFO] fl_ids.fl.client: Client 8 round 9: 120 of 3248 boosting-passed rows flagged; surfacing 50
2026-09-24 22:05:34,820 [INFO] fl_ids.fl.client: Client 9 round 9: 14 of 471 boosting-passed rows flagged; surfacing 14
2026-09-24 22:06:02,459 [INFO] fl_ids.models.boosting: Continued boosting training: +50 trees on 93957 rows (now 450 trees)
2026-09-24 22:06:02,460 [INFO] fl_ids.models.boosting_update: Round 9: boosting v4 (continue) from 296 alerts ({'Fingerprinting': 1, 'Normal': 281, 'Port_Scanning': 6, 'Ransomware': 2, 'Uploading': 5, 'Vulnerability_scanner': 1}); 56 from excluded clients ignored
2026-09-24 22:06:02,764 [INFO] fl_ids.eval.simulation: Round 9: mean_val_loss=0.0147, comm_bytes=583920
2026-09-24 22:06:20,685 [INFO] fl_ids.eval.simulation: Round 10: mean_val_loss=0.0162, comm_bytes=583920
2026-09-24 22:06:37,440 [INFO] fl_ids.eval.simulation: Round 11: mean_val_loss=0.0133, comm_bytes=583920
2026-09-24 22:06:38,073 [INFO] fl_ids.fl.client: Client 0 round 12: 118 of 4240 boosting-passed rows flagged; surfacing 50
2026-09-24 22:06:39,330 [INFO] fl_ids.fl.client: Client 1 round 12: 2 of 148 boosting-passed rows flagged; surfacing 2
2026-09-24 22:06:40,558 [INFO] fl_ids.fl.client: Client 2 round 12: 238 of 7798 boosting-passed rows flagged; surfacing 50
2026-09-24 22:06:43,207 [INFO] fl_ids.fl.client: Client 3 round 12: 158 of 3352 boosting-passed rows flagged; surfacing 50
2026-09-24 22:06:44,405 [INFO] fl_ids.fl.client: Client 4 round 12: 48 of 825 boosting-passed rows flagged; surfacing 48
2026-09-24 22:06:44,922 [INFO] fl_ids.fl.client: Client 5 round 12: 49 of 1690 boosting-passed rows flagged; surfacing 49
2026-09-24 22:06:46,761 [INFO] fl_ids.fl.client: Client 6 round 12: 336 of 10402 boosting-passed rows flagged; surfacing 50
2026-09-24 22:06:49,492 [INFO] fl_ids.fl.client: Client 7 round 12: 4 of 62 boosting-passed rows flagged; surfacing 4
2026-09-24 22:06:50,033 [INFO] fl_ids.fl.client: Client 8 round 12: 137 of 3248 boosting-passed rows flagged; surfacing 50
2026-09-24 22:06:51,116 [INFO] fl_ids.fl.client: Client 9 round 12: 17 of 468 boosting-passed rows flagged; surfacing 17
2026-09-24 22:07:27,073 [INFO] fl_ids.models.boosting: Continued boosting training: +50 trees on 94229 rows (now 500 trees)
2026-09-24 22:07:27,073 [INFO] fl_ids.models.boosting_update: Round 12: boosting v5 (continue) from 272 alerts ({'Fingerprinting': 1, 'Normal': 264, 'Port_Scanning': 2, 'Ransomware': 1, 'Uploading': 4}); 98 from excluded clients ignored
2026-09-24 22:07:27,398 [INFO] fl_ids.eval.simulation: Round 12: mean_val_loss=0.0140, comm_bytes=583920
2026-09-24 22:07:45,889 [INFO] fl_ids.eval.simulation: Round 13: mean_val_loss=0.0127, comm_bytes=583920
2026-09-24 22:08:01,719 [INFO] fl_ids.eval.simulation: Round 14: mean_val_loss=0.0149, comm_bytes=583920
2026-09-24 22:08:02,473 [INFO] fl_ids.fl.client: Client 0 round 15: 117 of 4240 boosting-passed rows flagged; surfacing 50
2026-09-24 22:08:03,804 [INFO] fl_ids.fl.client: Client 1 round 15: 2 of 147 boosting-passed rows flagged; surfacing 2
2026-09-24 22:08:05,098 [INFO] fl_ids.fl.client: Client 2 round 15: 246 of 7798 boosting-passed rows flagged; surfacing 50
2026-09-24 22:08:07,662 [INFO] fl_ids.fl.client: Client 3 round 15: 79 of 3349 boosting-passed rows flagged; surfacing 50
2026-09-24 22:08:08,916 [INFO] fl_ids.fl.client: Client 4 round 15: 17 of 824 boosting-passed rows flagged; surfacing 17
2026-09-24 22:08:09,506 [INFO] fl_ids.fl.client: Client 5 round 15: 57 of 1690 boosting-passed rows flagged; surfacing 50
2026-09-24 22:08:11,616 [INFO] fl_ids.fl.client: Client 6 round 15: 338 of 10399 boosting-passed rows flagged; surfacing 50
2026-09-24 22:08:14,387 [INFO] fl_ids.fl.client: Client 7 round 15: 4 of 62 boosting-passed rows flagged; surfacing 4
2026-09-24 22:08:15,010 [INFO] fl_ids.fl.client: Client 8 round 15: 167 of 3248 boosting-passed rows flagged; surfacing 50
2026-09-24 22:08:16,164 [INFO] fl_ids.fl.client: Client 9 round 15: 14 of 467 boosting-passed rows flagged; surfacing 14
2026-09-24 22:08:56,693 [INFO] fl_ids.models.boosting: Continued boosting training: +50 trees on 94512 rows (now 550 trees)
2026-09-24 22:08:56,693 [INFO] fl_ids.models.boosting_update: Round 15: boosting v6 (continue) from 283 alerts ({'Fingerprinting': 1, 'Normal': 270, 'Port_Scanning': 1, 'SQL_injection': 5, 'Uploading': 6}); 54 from excluded clients ignored
2026-09-24 22:08:57,058 [INFO] fl_ids.eval.simulation: Round 15: mean_val_loss=0.0119, comm_bytes=583920
2026-09-24 22:09:16,559 [INFO] fl_ids.eval.simulation: Round 16: mean_val_loss=0.0138, comm_bytes=583920
2026-09-24 22:09:33,148 [INFO] fl_ids.eval.simulation: Round 17: mean_val_loss=0.0111, comm_bytes=583920
2026-09-24 22:09:33,985 [INFO] fl_ids.fl.client: Client 0 round 18: 116 of 4240 boosting-passed rows flagged; surfacing 50
2026-09-24 22:09:35,316 [INFO] fl_ids.fl.client: Client 1 round 18: 2 of 145 boosting-passed rows flagged; surfacing 2
2026-09-24 22:09:36,958 [INFO] fl_ids.fl.client: Client 2 round 18: 269 of 7796 boosting-passed rows flagged; surfacing 50
2026-09-24 22:09:39,668 [INFO] fl_ids.fl.client: Client 3 round 18: 202 of 3347 boosting-passed rows flagged; surfacing 50
2026-09-24 22:09:40,944 [INFO] fl_ids.fl.client: Client 4 round 18: 55 of 824 boosting-passed rows flagged; surfacing 50
2026-09-24 22:09:41,657 [INFO] fl_ids.fl.client: Client 5 round 18: 36 of 1689 boosting-passed rows flagged; surfacing 36
2026-09-24 22:09:43,954 [INFO] fl_ids.fl.client: Client 6 round 18: 331 of 10398 boosting-passed rows flagged; surfacing 50
2026-09-24 22:09:46,798 [INFO] fl_ids.fl.client: Client 7 round 18: 4 of 63 boosting-passed rows flagged; surfacing 4
2026-09-24 22:09:47,516 [INFO] fl_ids.fl.client: Client 8 round 18: 113 of 3248 boosting-passed rows flagged; surfacing 50
2026-09-24 22:09:48,669 [INFO] fl_ids.fl.client: Client 9 round 18: 14 of 466 boosting-passed rows flagged; surfacing 14
2026-09-24 22:10:38,669 [INFO] fl_ids.models.boosting: Continued boosting training: +50 trees on 94754 rows (now 600 trees)
2026-09-24 22:10:38,669 [INFO] fl_ids.models.boosting_update: Round 18: boosting v7 (continue) from 242 alerts ({'Normal': 219, 'Port_Scanning': 3, 'SQL_injection': 14, 'Uploading': 4, 'XSS': 2}); 114 from excluded clients ignored
2026-09-24 22:10:39,133 [INFO] fl_ids.eval.simulation: Round 18: mean_val_loss=0.0124, comm_bytes=583920
2026-09-24 22:10:59,336 [INFO] fl_ids.eval.simulation: Round 19: mean_val_loss=0.0103, comm_bytes=583920
2026-09-24 22:11:15,978 [INFO] fl_ids.eval.simulation: Round 20: mean_val_loss=0.0111, comm_bytes=583920
2026-09-24 22:11:16,930 [INFO] fl_ids.eval.zero_day: zero-day holdout=DDoS_HTTP run=malicious_fraction=0.20: detection_rate=0.420
2026-09-24 22:11:28,984 [INFO] fl_ids.eval.simulation: Round 1: mean_val_loss=0.2452, comm_bytes=583920
2026-09-24 22:11:40,733 [INFO] fl_ids.eval.simulation: Round 2: mean_val_loss=0.0867, comm_bytes=583920
2026-09-24 22:11:41,170 [INFO] fl_ids.fl.client: Client 0 round 3: 170 of 4240 boosting-passed rows flagged; surfacing 50
2026-09-24 22:11:42,591 [INFO] fl_ids.fl.client: Client 1 round 3: 5 of 159 boosting-passed rows flagged; surfacing 5
2026-09-24 22:11:43,358 [INFO] fl_ids.fl.client: Client 2 round 3: 423 of 7807 boosting-passed rows flagged; surfacing 50
2026-09-24 22:11:45,717 [INFO] fl_ids.fl.client: Client 3 round 3: 102 of 3353 boosting-passed rows flagged; surfacing 50
2026-09-24 22:11:46,786 [INFO] fl_ids.fl.client: Client 4 round 3: 13 of 827 boosting-passed rows flagged; surfacing 13
2026-09-24 22:11:47,180 [INFO] fl_ids.fl.client: Client 5 round 3: 55 of 1694 boosting-passed rows flagged; surfacing 50
2026-09-24 22:11:48,430 [INFO] fl_ids.fl.client: Client 6 round 3: 276 of 10419 boosting-passed rows flagged; surfacing 50
2026-09-24 22:11:51,081 [INFO] fl_ids.fl.client: Client 7 round 3: 14 of 63 boosting-passed rows flagged; surfacing 14
2026-09-24 22:11:51,444 [INFO] fl_ids.fl.client: Client 8 round 3: 126 of 3248 boosting-passed rows flagged; surfacing 50
2026-09-24 22:11:53,232 [INFO] fl_ids.fl.client: Client 9 round 3: 14 of 470 boosting-passed rows flagged; surfacing 14
2026-09-24 22:12:19,672 [INFO] fl_ids.models.boosting: Continued boosting training: +50 trees on 93290 rows (now 350 trees)
2026-09-24 22:12:19,673 [INFO] fl_ids.models.boosting_update: Round 3: boosting v2 (continue) from 232 alerts ({'Fingerprinting': 4, 'Normal': 176, 'Password': 7, 'SQL_injection': 15, 'Uploading': 18, 'Vulnerability_scanner': 4, 'XSS': 8}); 114 from excluded clients ignored
2026-09-24 22:12:19,918 [INFO] fl_ids.eval.simulation: Round 3: mean_val_loss=0.0440, comm_bytes=583920
2026-09-24 22:12:35,565 [INFO] fl_ids.eval.simulation: Round 4: mean_val_loss=0.0337, comm_bytes=583920
2026-09-24 22:12:50,691 [INFO] fl_ids.eval.simulation: Round 5: mean_val_loss=0.0289, comm_bytes=583920
2026-09-24 22:12:51,163 [INFO] fl_ids.fl.client: Client 0 round 6: 126 of 4240 boosting-passed rows flagged; surfacing 50
2026-09-24 22:12:53,110 [INFO] fl_ids.fl.client: Client 1 round 6: 2 of 154 boosting-passed rows flagged; surfacing 2
2026-09-24 22:12:53,807 [INFO] fl_ids.fl.client: Client 2 round 6: 258 of 7806 boosting-passed rows flagged; surfacing 50
2026-09-24 22:12:56,758 [INFO] fl_ids.fl.client: Client 3 round 6: 137 of 3354 boosting-passed rows flagged; surfacing 50
2026-09-24 22:12:57,968 [INFO] fl_ids.fl.client: Client 4 round 6: 27 of 827 boosting-passed rows flagged; surfacing 27
2026-09-24 22:12:58,414 [INFO] fl_ids.fl.client: Client 5 round 6: 76 of 1694 boosting-passed rows flagged; surfacing 50
2026-09-24 22:12:59,869 [INFO] fl_ids.fl.client: Client 6 round 6: 325 of 10419 boosting-passed rows flagged; surfacing 50
2026-09-24 22:13:03,781 [INFO] fl_ids.fl.client: Client 7 round 6: 15 of 62 boosting-passed rows flagged; surfacing 15
2026-09-24 22:13:04,111 [INFO] fl_ids.fl.client: Client 8 round 6: 141 of 3248 boosting-passed rows flagged; surfacing 50
2026-09-24 22:13:05,120 [INFO] fl_ids.fl.client: Client 9 round 6: 31 of 471 boosting-passed rows flagged; surfacing 31
2026-09-24 22:13:27,352 [INFO] fl_ids.models.boosting: Continued boosting training: +50 trees on 93534 rows (now 400 trees)
2026-09-24 22:13:27,353 [INFO] fl_ids.models.boosting_update: Round 6: boosting v3 (continue) from 244 alerts ({'DDoS_ICMP': 1, 'Fingerprinting': 2, 'Normal': 225, 'Port_Scanning': 2, 'Ransomware': 3, 'SQL_injection': 1, 'Uploading': 5, 'Vulnerability_scanner': 2, 'XSS': 3}); 131 from excluded clients ignored
2026-09-24 22:13:27,548 [INFO] fl_ids.eval.simulation: Round 6: mean_val_loss=0.0256, comm_bytes=583920
2026-09-24 22:13:43,795 [INFO] fl_ids.eval.simulation: Round 7: mean_val_loss=0.0233, comm_bytes=583920
2026-09-24 22:14:00,285 [INFO] fl_ids.eval.simulation: Round 8: mean_val_loss=0.0213, comm_bytes=583920
2026-09-24 22:14:00,741 [INFO] fl_ids.fl.client: Client 0 round 9: 127 of 4240 boosting-passed rows flagged; surfacing 50
2026-09-24 22:14:02,205 [INFO] fl_ids.fl.client: Client 1 round 9: 2 of 154 boosting-passed rows flagged; surfacing 2
2026-09-24 22:14:03,454 [INFO] fl_ids.fl.client: Client 2 round 9: 210 of 7805 boosting-passed rows flagged; surfacing 50
2026-09-24 22:14:07,235 [INFO] fl_ids.fl.client: Client 3 round 9: 153 of 3354 boosting-passed rows flagged; surfacing 50
2026-09-24 22:14:08,475 [INFO] fl_ids.fl.client: Client 4 round 9: 31 of 826 boosting-passed rows flagged; surfacing 31
2026-09-24 22:14:08,961 [INFO] fl_ids.fl.client: Client 5 round 9: 54 of 1693 boosting-passed rows flagged; surfacing 50
2026-09-24 22:14:10,725 [INFO] fl_ids.fl.client: Client 6 round 9: 320 of 10416 boosting-passed rows flagged; surfacing 50
2026-09-24 22:14:14,232 [INFO] fl_ids.fl.client: Client 7 round 9: 6 of 61 boosting-passed rows flagged; surfacing 6
2026-09-24 22:14:14,700 [INFO] fl_ids.fl.client: Client 8 round 9: 140 of 3248 boosting-passed rows flagged; surfacing 50
2026-09-24 22:14:15,684 [INFO] fl_ids.fl.client: Client 9 round 9: 25 of 473 boosting-passed rows flagged; surfacing 25
2026-09-24 22:14:38,716 [INFO] fl_ids.models.boosting: Continued boosting training: +50 trees on 93798 rows (now 450 trees)
2026-09-24 22:14:38,717 [INFO] fl_ids.models.boosting_update: Round 9: boosting v4 (continue) from 264 alerts ({'Backdoor': 1, 'Normal': 247, 'Port_Scanning': 2, 'Ransomware': 3, 'Uploading': 9, 'Vulnerability_scanner': 1, 'XSS': 1}); 100 from excluded clients ignored
2026-09-24 22:14:39,176 [INFO] fl_ids.eval.simulation: Round 9: mean_val_loss=0.0182, comm_bytes=583920
2026-09-24 22:14:55,806 [INFO] fl_ids.eval.simulation: Round 10: mean_val_loss=0.0191, comm_bytes=583920
2026-09-24 22:15:13,310 [INFO] fl_ids.eval.simulation: Round 11: mean_val_loss=0.0166, comm_bytes=583920
2026-09-24 22:15:13,803 [INFO] fl_ids.fl.client: Client 0 round 12: 126 of 4240 boosting-passed rows flagged; surfacing 50
2026-09-24 22:15:15,537 [INFO] fl_ids.fl.client: Client 1 round 12: 2 of 151 boosting-passed rows flagged; surfacing 2
2026-09-24 22:15:16,560 [INFO] fl_ids.fl.client: Client 2 round 12: 218 of 7805 boosting-passed rows flagged; surfacing 50
2026-09-24 22:15:20,159 [INFO] fl_ids.fl.client: Client 3 round 12: 182 of 3352 boosting-passed rows flagged; surfacing 50
2026-09-24 22:15:21,521 [INFO] fl_ids.fl.client: Client 4 round 12: 30 of 826 boosting-passed rows flagged; surfacing 30
2026-09-24 22:15:21,998 [INFO] fl_ids.fl.client: Client 5 round 12: 39 of 1693 boosting-passed rows flagged; surfacing 39
2026-09-24 22:15:23,999 [INFO] fl_ids.fl.client: Client 6 round 12: 329 of 10411 boosting-passed rows flagged; surfacing 50
2026-09-24 22:15:27,587 [INFO] fl_ids.fl.client: Client 7 round 12: 4 of 61 boosting-passed rows flagged; surfacing 4
2026-09-24 22:15:28,001 [INFO] fl_ids.fl.client: Client 8 round 12: 156 of 3248 boosting-passed rows flagged; surfacing 50
2026-09-24 22:15:29,165 [INFO] fl_ids.fl.client: Client 9 round 12: 19 of 468 boosting-passed rows flagged; surfacing 19
2026-09-24 22:16:02,905 [INFO] fl_ids.models.boosting: Continued boosting training: +50 trees on 94023 rows (now 500 trees)
2026-09-24 22:16:02,905 [INFO] fl_ids.models.boosting_update: Round 12: boosting v5 (continue) from 225 alerts ({'Backdoor': 1, 'Normal': 209, 'Port_Scanning': 3, 'Ransomware': 3, 'SQL_injection': 5, 'Uploading': 4}); 119 from excluded clients ignored
2026-09-24 22:16:03,243 [INFO] fl_ids.eval.simulation: Round 12: mean_val_loss=0.0179, comm_bytes=583920
2026-09-24 22:16:22,264 [INFO] fl_ids.eval.simulation: Round 13: mean_val_loss=0.0155, comm_bytes=583920
2026-09-24 22:16:40,284 [INFO] fl_ids.eval.simulation: Round 14: mean_val_loss=0.0169, comm_bytes=583920
2026-09-24 22:16:40,947 [INFO] fl_ids.fl.client: Client 0 round 15: 117 of 4240 boosting-passed rows flagged; surfacing 50
2026-09-24 22:16:42,433 [INFO] fl_ids.fl.client: Client 1 round 15: 2 of 154 boosting-passed rows flagged; surfacing 2
2026-09-24 22:16:43,557 [INFO] fl_ids.fl.client: Client 2 round 15: 244 of 7808 boosting-passed rows flagged; surfacing 50
2026-09-24 22:16:47,461 [INFO] fl_ids.fl.client: Client 3 round 15: 130 of 3349 boosting-passed rows flagged; surfacing 50
2026-09-24 22:16:48,961 [INFO] fl_ids.fl.client: Client 4 round 15: 34 of 824 boosting-passed rows flagged; surfacing 34
2026-09-24 22:16:49,504 [INFO] fl_ids.fl.client: Client 5 round 15: 30 of 1690 boosting-passed rows flagged; surfacing 30
2026-09-24 22:16:51,477 [INFO] fl_ids.fl.client: Client 6 round 15: 372 of 10411 boosting-passed rows flagged; surfacing 50
2026-09-24 22:16:54,297 [INFO] fl_ids.fl.client: Client 7 round 15: 4 of 61 boosting-passed rows flagged; surfacing 4
2026-09-24 22:16:54,892 [INFO] fl_ids.fl.client: Client 8 round 15: 100 of 3248 boosting-passed rows flagged; surfacing 50
2026-09-24 22:16:55,997 [INFO] fl_ids.fl.client: Client 9 round 15: 14 of 465 boosting-passed rows flagged; surfacing 14
2026-09-24 22:17:29,233 [INFO] fl_ids.models.boosting: Continued boosting training: +50 trees on 94257 rows (now 550 trees)
2026-09-24 22:17:29,233 [INFO] fl_ids.models.boosting_update: Round 15: boosting v6 (continue) from 234 alerts ({'Fingerprinting': 1, 'Normal': 221, 'Ransomware': 1, 'SQL_injection': 5, 'Uploading': 5, 'XSS': 1}); 100 from excluded clients ignored
2026-09-24 22:17:29,599 [INFO] fl_ids.eval.simulation: Round 15: mean_val_loss=0.0145, comm_bytes=583920
2026-09-24 22:17:48,962 [INFO] fl_ids.eval.simulation: Round 16: mean_val_loss=0.0158, comm_bytes=583920
2026-09-24 22:18:08,951 [INFO] fl_ids.eval.simulation: Round 17: mean_val_loss=0.0139, comm_bytes=583920
2026-09-24 22:18:09,844 [INFO] fl_ids.fl.client: Client 0 round 18: 117 of 4240 boosting-passed rows flagged; surfacing 50
2026-09-24 22:18:12,627 [INFO] fl_ids.fl.client: Client 1 round 18: 2 of 155 boosting-passed rows flagged; surfacing 2
2026-09-24 22:18:13,858 [INFO] fl_ids.fl.client: Client 2 round 18: 255 of 7801 boosting-passed rows flagged; surfacing 50
2026-09-24 22:18:16,707 [INFO] fl_ids.fl.client: Client 3 round 18: 168 of 3348 boosting-passed rows flagged; surfacing 50
2026-09-24 22:18:19,129 [INFO] fl_ids.fl.client: Client 4 round 18: 29 of 823 boosting-passed rows flagged; surfacing 29
2026-09-24 22:18:19,850 [INFO] fl_ids.fl.client: Client 5 round 18: 39 of 1689 boosting-passed rows flagged; surfacing 39
2026-09-24 22:18:21,818 [INFO] fl_ids.fl.client: Client 6 round 18: 342 of 10410 boosting-passed rows flagged; surfacing 50
2026-09-24 22:18:24,957 [INFO] fl_ids.fl.client: Client 7 round 18: 4 of 59 boosting-passed rows flagged; surfacing 4
2026-09-24 22:18:25,657 [INFO] fl_ids.fl.client: Client 8 round 18: 83 of 3248 boosting-passed rows flagged; surfacing 50
2026-09-24 22:18:26,824 [INFO] fl_ids.fl.client: Client 9 round 18: 17 of 465 boosting-passed rows flagged; surfacing 17
2026-09-24 22:19:13,341 [INFO] fl_ids.models.boosting: Continued boosting training: +50 trees on 94481 rows (now 600 trees)
2026-09-24 22:19:13,342 [INFO] fl_ids.models.boosting_update: Round 18: boosting v7 (continue) from 224 alerts ({'Fingerprinting': 1, 'Normal': 207, 'SQL_injection': 9, 'Uploading': 6, 'XSS': 1}); 117 from excluded clients ignored
2026-09-24 22:19:13,913 [INFO] fl_ids.eval.simulation: Round 18: mean_val_loss=0.0154, comm_bytes=583920
2026-09-24 22:19:35,616 [INFO] fl_ids.eval.simulation: Round 19: mean_val_loss=0.0134, comm_bytes=583920
2026-09-24 22:19:57,361 [INFO] fl_ids.eval.simulation: Round 20: mean_val_loss=0.0151, comm_bytes=583920
2026-09-24 22:19:58,153 [INFO] fl_ids.eval.zero_day: zero-day holdout=DDoS_HTTP run=malicious_fraction=0.30: detection_rate=0.398
2026-09-24 22:20:10,570 [INFO] fl_ids.eval.simulation: Round 1: mean_val_loss=0.3092, comm_bytes=583920
2026-09-24 22:20:22,282 [INFO] fl_ids.eval.simulation: Round 2: mean_val_loss=0.1533, comm_bytes=583920
2026-09-24 22:20:22,725 [INFO] fl_ids.fl.client: Client 0 round 3: 98 of 4240 boosting-passed rows flagged; surfacing 50
2026-09-24 22:20:23,908 [INFO] fl_ids.fl.client: Client 1 round 3: 2 of 159 boosting-passed rows flagged; surfacing 2
2026-09-24 22:20:24,694 [INFO] fl_ids.fl.client: Client 2 round 3: 257 of 7807 boosting-passed rows flagged; surfacing 50
2026-09-24 22:20:26,993 [INFO] fl_ids.fl.client: Client 3 round 3: 95 of 3353 boosting-passed rows flagged; surfacing 50
2026-09-24 22:20:28,050 [INFO] fl_ids.fl.client: Client 4 round 3: 33 of 827 boosting-passed rows flagged; surfacing 33
2026-09-24 22:20:28,464 [INFO] fl_ids.fl.client: Client 5 round 3: 61 of 1694 boosting-passed rows flagged; surfacing 50
2026-09-24 22:20:29,734 [INFO] fl_ids.fl.client: Client 6 round 3: 289 of 10419 boosting-passed rows flagged; surfacing 50
2026-09-24 22:20:32,476 [INFO] fl_ids.fl.client: Client 7 round 3: 4 of 63 boosting-passed rows flagged; surfacing 4
2026-09-24 22:20:32,859 [INFO] fl_ids.fl.client: Client 8 round 3: 126 of 3248 boosting-passed rows flagged; surfacing 50
2026-09-24 22:20:33,830 [INFO] fl_ids.fl.client: Client 9 round 3: 5 of 470 boosting-passed rows flagged; surfacing 5
2026-09-24 22:20:54,005 [INFO] fl_ids.models.boosting: Continued boosting training: +50 trees on 93219 rows (now 350 trees)
2026-09-24 22:20:54,006 [INFO] fl_ids.models.boosting_update: Round 3: boosting v2 (continue) from 161 alerts ({'Normal': 161}); 183 from excluded clients ignored
2026-09-24 22:20:54,290 [INFO] fl_ids.eval.simulation: Round 3: mean_val_loss=0.0525, comm_bytes=583920
2026-09-24 22:21:10,676 [INFO] fl_ids.eval.simulation: Round 4: mean_val_loss=0.0310, comm_bytes=583920
2026-09-24 22:21:27,463 [INFO] fl_ids.eval.simulation: Round 5: mean_val_loss=0.0376, comm_bytes=583920
2026-09-24 22:21:27,828 [INFO] fl_ids.fl.client: Client 0 round 6: 126 of 4240 boosting-passed rows flagged; surfacing 50
2026-09-24 22:21:29,560 [INFO] fl_ids.fl.client: Client 1 round 6: 1 of 156 boosting-passed rows flagged; surfacing 1
2026-09-24 22:21:30,982 [INFO] fl_ids.fl.client: Client 2 round 6: 282 of 7806 boosting-passed rows flagged; surfacing 50
2026-09-24 22:21:33,704 [INFO] fl_ids.fl.client: Client 3 round 6: 99 of 3353 boosting-passed rows flagged; surfacing 50
2026-09-24 22:21:34,910 [INFO] fl_ids.fl.client: Client 4 round 6: 30 of 827 boosting-passed rows flagged; surfacing 30
2026-09-24 22:21:35,377 [INFO] fl_ids.fl.client: Client 5 round 6: 45 of 1694 boosting-passed rows flagged; surfacing 45
2026-09-24 22:21:36,973 [INFO] fl_ids.fl.client: Client 6 round 6: 300 of 10421 boosting-passed rows flagged; surfacing 50
2026-09-24 22:21:40,427 [INFO] fl_ids.fl.client: Client 7 round 6: 21 of 63 boosting-passed rows flagged; surfacing 21
2026-09-24 22:21:40,834 [INFO] fl_ids.fl.client: Client 8 round 6: 129 of 3248 boosting-passed rows flagged; surfacing 50
2026-09-24 22:21:42,337 [INFO] fl_ids.fl.client: Client 9 round 6: 41 of 472 boosting-passed rows flagged; surfacing 41
2026-09-24 22:22:09,366 [INFO] fl_ids.models.boosting: Continued boosting training: +50 trees on 93527 rows (now 400 trees)
2026-09-24 22:22:09,366 [INFO] fl_ids.models.boosting_update: Round 6: boosting v3 (continue) from 308 alerts ({'Backdoor': 3, 'DDoS_ICMP': 1, 'Fingerprinting': 2, 'Normal': 277, 'Port_Scanning': 2, 'Ransomware': 1, 'SQL_injection': 2, 'Uploading': 15, 'Vulnerability_scanner': 2, 'XSS': 3}); 80 from excluded clients ignored
2026-09-24 22:22:09,566 [INFO] fl_ids.eval.simulation: Round 6: mean_val_loss=0.0455, comm_bytes=583920
2026-09-24 22:22:22,124 [INFO] fl_ids.eval.simulation: Round 7: mean_val_loss=0.0556, comm_bytes=583920
2026-09-24 22:22:36,787 [INFO] fl_ids.eval.simulation: Round 8: mean_val_loss=0.0253, comm_bytes=583920
2026-09-24 22:22:37,400 [INFO] fl_ids.fl.client: Client 0 round 9: 128 of 4240 boosting-passed rows flagged; surfacing 50
2026-09-24 22:22:38,744 [INFO] fl_ids.fl.client: Client 1 round 9: 3 of 150 boosting-passed rows flagged; surfacing 3
2026-09-24 22:22:39,627 [INFO] fl_ids.fl.client: Client 2 round 9: 264 of 7804 boosting-passed rows flagged; surfacing 50
2026-09-24 22:22:42,893 [INFO] fl_ids.fl.client: Client 3 round 9: 103 of 3351 boosting-passed rows flagged; surfacing 50
2026-09-24 22:22:44,227 [INFO] fl_ids.fl.client: Client 4 round 9: 41 of 825 boosting-passed rows flagged; surfacing 41
2026-09-24 22:22:45,054 [INFO] fl_ids.fl.client: Client 5 round 9: 55 of 1693 boosting-passed rows flagged; surfacing 50
2026-09-24 22:22:46,547 [INFO] fl_ids.fl.client: Client 6 round 9: 311 of 10419 boosting-passed rows flagged; surfacing 50
2026-09-24 22:22:50,678 [INFO] fl_ids.fl.client: Client 7 round 9: 6 of 61 boosting-passed rows flagged; surfacing 6
2026-09-24 22:22:51,067 [INFO] fl_ids.fl.client: Client 8 round 9: 138 of 3248 boosting-passed rows flagged; surfacing 50
2026-09-24 22:22:52,235 [INFO] fl_ids.fl.client: Client 9 round 9: 28 of 472 boosting-passed rows flagged; surfacing 28
2026-09-24 22:23:20,474 [INFO] fl_ids.models.boosting: Continued boosting training: +50 trees on 93714 rows (now 450 trees)
2026-09-24 22:23:20,474 [INFO] fl_ids.models.boosting_update: Round 9: boosting v4 (continue) from 187 alerts ({'Backdoor': 4, 'Normal': 167, 'Port_Scanning': 2, 'Ransomware': 1, 'Uploading': 11, 'Vulnerability_scanner': 1, 'XSS': 1}); 191 from excluded clients ignored
2026-09-24 22:23:20,695 [INFO] fl_ids.eval.simulation: Round 9: mean_val_loss=0.0559, comm_bytes=583920
2026-09-24 22:23:33,855 [INFO] fl_ids.eval.simulation: Round 10: mean_val_loss=0.0257, comm_bytes=583920
2026-09-24 22:23:49,749 [INFO] fl_ids.eval.simulation: Round 11: mean_val_loss=0.0489, comm_bytes=583920
2026-09-24 22:23:50,284 [INFO] fl_ids.fl.client: Client 0 round 12: 125 of 4240 boosting-passed rows flagged; surfacing 50
2026-09-24 22:23:51,726 [INFO] fl_ids.fl.client: Client 1 round 12: 6 of 151 boosting-passed rows flagged; surfacing 6
2026-09-24 22:23:52,972 [INFO] fl_ids.fl.client: Client 2 round 12: 221 of 7805 boosting-passed rows flagged; surfacing 50
2026-09-24 22:23:56,067 [INFO] fl_ids.fl.client: Client 3 round 12: 72 of 3348 boosting-passed rows flagged; surfacing 50
2026-09-24 22:23:57,588 [INFO] fl_ids.fl.client: Client 4 round 12: 21 of 826 boosting-passed rows flagged; surfacing 21
2026-09-24 22:23:58,497 [INFO] fl_ids.fl.client: Client 5 round 12: 40 of 1690 boosting-passed rows flagged; surfacing 40
2026-09-24 22:24:00,140 [INFO] fl_ids.fl.client: Client 6 round 12: 322 of 10418 boosting-passed rows flagged; surfacing 50
2026-09-24 22:24:04,692 [INFO] fl_ids.fl.client: Client 7 round 12: 7 of 62 boosting-passed rows flagged; surfacing 7
2026-09-24 22:24:05,129 [INFO] fl_ids.fl.client: Client 8 round 12: 133 of 3248 boosting-passed rows flagged; surfacing 50
2026-09-24 22:24:06,326 [INFO] fl_ids.fl.client: Client 9 round 12: 17 of 467 boosting-passed rows flagged; surfacing 17
2026-09-24 22:24:41,319 [INFO] fl_ids.models.boosting: Continued boosting training: +50 trees on 93934 rows (now 500 trees)
2026-09-24 22:24:41,319 [INFO] fl_ids.models.boosting_update: Round 12: boosting v5 (continue) from 220 alerts ({'Fingerprinting': 3, 'Normal': 196, 'Password': 4, 'SQL_injection': 7, 'Uploading': 9, 'Vulnerability_scanner': 1}); 121 from excluded clients ignored
2026-09-24 22:24:41,582 [INFO] fl_ids.eval.simulation: Round 12: mean_val_loss=0.0328, comm_bytes=583920
2026-09-24 22:24:56,879 [INFO] fl_ids.eval.simulation: Round 13: mean_val_loss=0.0613, comm_bytes=583920
2026-09-24 22:25:14,462 [INFO] fl_ids.eval.simulation: Round 14: mean_val_loss=0.0326, comm_bytes=583920
2026-09-24 22:25:15,491 [INFO] fl_ids.fl.client: Client 0 round 15: 129 of 4240 boosting-passed rows flagged; surfacing 50
2026-09-24 22:25:16,922 [INFO] fl_ids.fl.client: Client 1 round 15: 6 of 151 boosting-passed rows flagged; surfacing 6
2026-09-24 22:25:18,049 [INFO] fl_ids.fl.client: Client 2 round 15: 232 of 7807 boosting-passed rows flagged; surfacing 50
2026-09-24 22:25:23,376 [INFO] fl_ids.fl.client: Client 3 round 15: 72 of 3349 boosting-passed rows flagged; surfacing 50
2026-09-24 22:25:24,830 [INFO] fl_ids.fl.client: Client 4 round 15: 35 of 826 boosting-passed rows flagged; surfacing 35
2026-09-24 22:25:25,362 [INFO] fl_ids.fl.client: Client 5 round 15: 52 of 1690 boosting-passed rows flagged; surfacing 50
2026-09-24 22:25:27,583 [INFO] fl_ids.fl.client: Client 6 round 15: 269 of 10419 boosting-passed rows flagged; surfacing 50
2026-09-24 22:25:31,884 [INFO] fl_ids.fl.client: Client 7 round 15: 8 of 61 boosting-passed rows flagged; surfacing 8
2026-09-24 22:25:32,592 [INFO] fl_ids.fl.client: Client 8 round 15: 134 of 3248 boosting-passed rows flagged; surfacing 50
2026-09-24 22:25:34,204 [INFO] fl_ids.fl.client: Client 9 round 15: 16 of 463 boosting-passed rows flagged; surfacing 16
2026-09-24 22:26:14,342 [INFO] fl_ids.models.boosting: Continued boosting training: +50 trees on 94064 rows (now 550 trees)
2026-09-24 22:26:14,343 [INFO] fl_ids.models.boosting_update: Round 15: boosting v6 (continue) from 130 alerts ({'Backdoor': 1, 'Normal': 119, 'Port_Scanning': 7, 'Ransomware': 1, 'SQL_injection': 1, 'Uploading': 1}); 235 from excluded clients ignored
2026-09-24 22:26:14,654 [INFO] fl_ids.eval.simulation: Round 15: mean_val_loss=0.0916, comm_bytes=583920
2026-09-24 22:26:31,101 [INFO] fl_ids.eval.simulation: Round 16: mean_val_loss=0.0284, comm_bytes=583920
2026-09-24 22:26:51,553 [INFO] fl_ids.eval.simulation: Round 17: mean_val_loss=0.0475, comm_bytes=583920
2026-09-24 22:26:52,299 [INFO] fl_ids.fl.client: Client 0 round 18: 125 of 4240 boosting-passed rows flagged; surfacing 50
2026-09-24 22:26:54,616 [INFO] fl_ids.fl.client: Client 1 round 18: 5 of 150 boosting-passed rows flagged; surfacing 5
2026-09-24 22:26:56,084 [INFO] fl_ids.fl.client: Client 2 round 18: 263 of 7802 boosting-passed rows flagged; surfacing 50
2026-09-24 22:27:00,255 [INFO] fl_ids.fl.client: Client 3 round 18: 72 of 3348 boosting-passed rows flagged; surfacing 50
2026-09-24 22:27:02,861 [INFO] fl_ids.fl.client: Client 4 round 18: 37 of 826 boosting-passed rows flagged; surfacing 37
2026-09-24 22:27:03,425 [INFO] fl_ids.fl.client: Client 5 round 18: 47 of 1689 boosting-passed rows flagged; surfacing 47
2026-09-24 22:27:05,509 [INFO] fl_ids.fl.client: Client 6 round 18: 273 of 10409 boosting-passed rows flagged; surfacing 50
2026-09-24 22:27:09,916 [INFO] fl_ids.fl.client: Client 7 round 18: 8 of 61 boosting-passed rows flagged; surfacing 8
2026-09-24 22:27:10,772 [INFO] fl_ids.fl.client: Client 8 round 18: 130 of 3248 boosting-passed rows flagged; surfacing 50
2026-09-24 22:27:12,116 [INFO] fl_ids.fl.client: Client 9 round 18: 18 of 461 boosting-passed rows flagged; surfacing 18
2026-09-24 22:28:00,842 [INFO] fl_ids.models.boosting: Continued boosting training: +50 trees on 94329 rows (now 600 trees)
2026-09-24 22:28:00,843 [INFO] fl_ids.models.boosting_update: Round 18: boosting v7 (continue) from 265 alerts ({'Backdoor': 2, 'Fingerprinting': 1, 'Normal': 248, 'Password': 1, 'Ransomware': 2, 'Uploading': 11}); 100 from excluded clients ignored
2026-09-24 22:28:01,170 [INFO] fl_ids.eval.simulation: Round 18: mean_val_loss=0.0532, comm_bytes=583920
2026-09-24 22:28:22,166 [INFO] fl_ids.eval.simulation: Round 19: mean_val_loss=0.0239, comm_bytes=583920
2026-09-24 22:28:45,689 [INFO] fl_ids.eval.simulation: Round 20: mean_val_loss=0.0654, comm_bytes=583920
2026-09-24 22:28:46,862 [INFO] fl_ids.eval.zero_day: zero-day holdout=DDoS_HTTP run=malicious_fraction=0.40: detection_rate=0.348
2026-09-24 22:29:05,143 [INFO] fl_ids.eval.simulation: Round 1: mean_val_loss=0.3705, comm_bytes=583920
2026-09-24 22:29:19,649 [INFO] fl_ids.eval.simulation: Round 2: mean_val_loss=0.6046, comm_bytes=583920
2026-09-24 22:29:20,102 [INFO] fl_ids.fl.client: Client 0 round 3: 94 of 4240 boosting-passed rows flagged; surfacing 50
2026-09-24 22:29:21,375 [INFO] fl_ids.fl.client: Client 1 round 3: 2 of 159 boosting-passed rows flagged; surfacing 2
2026-09-24 22:29:22,180 [INFO] fl_ids.fl.client: Client 2 round 3: 236 of 7807 boosting-passed rows flagged; surfacing 50
2026-09-24 22:29:24,700 [INFO] fl_ids.fl.client: Client 3 round 3: 96 of 3353 boosting-passed rows flagged; surfacing 50
2026-09-24 22:29:25,809 [INFO] fl_ids.fl.client: Client 4 round 3: 34 of 827 boosting-passed rows flagged; surfacing 34
2026-09-24 22:29:26,245 [INFO] fl_ids.fl.client: Client 5 round 3: 54 of 1694 boosting-passed rows flagged; surfacing 50
2026-09-24 22:29:27,646 [INFO] fl_ids.fl.client: Client 6 round 3: 251 of 10419 boosting-passed rows flagged; surfacing 50
2026-09-24 22:29:30,755 [INFO] fl_ids.fl.client: Client 7 round 3: 4 of 63 boosting-passed rows flagged; surfacing 4
2026-09-24 22:29:31,171 [INFO] fl_ids.fl.client: Client 8 round 3: 110 of 3248 boosting-passed rows flagged; surfacing 50
2026-09-24 22:29:32,309 [INFO] fl_ids.fl.client: Client 9 round 3: 4 of 470 boosting-passed rows flagged; surfacing 4
2026-09-24 22:29:51,790 [INFO] fl_ids.models.boosting: Continued boosting training: +50 trees on 93346 rows (now 350 trees)
2026-09-24 22:29:51,791 [INFO] fl_ids.models.boosting_update: Round 3: boosting v2 (continue) from 288 alerts ({'Normal': 288}); 56 from excluded clients ignored
2026-09-24 22:29:51,995 [INFO] fl_ids.eval.simulation: Round 3: mean_val_loss=26.1893, comm_bytes=583920
2026-09-24 22:30:06,358 [INFO] fl_ids.eval.simulation: Round 4: mean_val_loss=11241.4810, comm_bytes=583920
2026-09-24 22:30:24,149 [INFO] fl_ids.eval.simulation: Round 5: mean_val_loss=12188886.8866, comm_bytes=583920
2026-09-24 22:30:24,708 [INFO] fl_ids.fl.client: Client 0 round 6: 133 of 4240 boosting-passed rows flagged; surfacing 50
2026-09-24 22:30:26,817 [INFO] fl_ids.fl.client: Client 1 round 6: 2 of 155 boosting-passed rows flagged; surfacing 2
2026-09-24 22:30:28,245 [INFO] fl_ids.fl.client: Client 2 round 6: 247 of 7807 boosting-passed rows flagged; surfacing 50
2026-09-24 22:30:31,706 [INFO] fl_ids.fl.client: Client 3 round 6: 72 of 3353 boosting-passed rows flagged; surfacing 50
2026-09-24 22:30:35,292 [INFO] fl_ids.fl.client: Client 4 round 6: 29 of 827 boosting-passed rows flagged; surfacing 29
2026-09-24 22:30:35,781 [INFO] fl_ids.fl.client: Client 5 round 6: 102 of 1694 boosting-passed rows flagged; surfacing 50
2026-09-24 22:30:37,228 [INFO] fl_ids.fl.client: Client 6 round 6: 309 of 10420 boosting-passed rows flagged; surfacing 50
2026-09-24 22:30:40,674 [INFO] fl_ids.fl.client: Client 7 round 6: 4 of 63 boosting-passed rows flagged; surfacing 4
2026-09-24 22:30:41,234 [INFO] fl_ids.fl.client: Client 8 round 6: 99 of 3248 boosting-passed rows flagged; surfacing 50
2026-09-24 22:30:43,677 [INFO] fl_ids.fl.client: Client 9 round 6: 2 of 474 boosting-passed rows flagged; surfacing 2
2026-09-24 22:31:13,379 [INFO] fl_ids.models.boosting: Continued boosting training: +50 trees on 93529 rows (now 400 trees)
2026-09-24 22:31:13,381 [INFO] fl_ids.models.boosting_update: Round 6: boosting v3 (continue) from 183 alerts ({'Normal': 183}); 154 from excluded clients ignored
2026-09-24 22:31:13,677 [INFO] fl_ids.eval.simulation: Round 6: mean_val_loss=2413563560.4544, comm_bytes=583920
2026-09-24 22:31:28,007 [INFO] fl_ids.eval.simulation: Round 7: mean_val_loss=242225678284.2184, comm_bytes=583920
2026-09-24 22:31:41,264 [INFO] fl_ids.eval.simulation: Round 8: mean_val_loss=13396732165753.7617, comm_bytes=583920
2026-09-24 22:31:42,076 [INFO] fl_ids.fl.client: Client 0 round 9: 101 of 4240 boosting-passed rows flagged; surfacing 50
2026-09-24 22:31:43,369 [INFO] fl_ids.fl.client: Client 1 round 9: 2 of 152 boosting-passed rows flagged; surfacing 2
2026-09-24 22:31:44,455 [INFO] fl_ids.fl.client: Client 2 round 9: 235 of 7806 boosting-passed rows flagged; surfacing 50
2026-09-24 22:31:46,936 [INFO] fl_ids.fl.client: Client 3 round 9: 86 of 3352 boosting-passed rows flagged; surfacing 50
2026-09-24 22:31:48,181 [INFO] fl_ids.fl.client: Client 4 round 9: 33 of 827 boosting-passed rows flagged; surfacing 33
2026-09-24 22:31:48,664 [INFO] fl_ids.fl.client: Client 5 round 9: 84 of 1695 boosting-passed rows flagged; surfacing 50
2026-09-24 22:31:50,349 [INFO] fl_ids.fl.client: Client 6 round 9: 348 of 10416 boosting-passed rows flagged; surfacing 50
2026-09-24 22:31:53,155 [INFO] fl_ids.fl.client: Client 7 round 9: 3 of 63 boosting-passed rows flagged; surfacing 3
2026-09-24 22:31:53,625 [INFO] fl_ids.fl.client: Client 8 round 9: 91 of 3248 boosting-passed rows flagged; surfacing 50
2026-09-24 22:31:54,774 [INFO] fl_ids.fl.client: Client 9 round 9: 2 of 470 boosting-passed rows flagged; surfacing 2
2026-09-24 22:32:25,176 [INFO] fl_ids.models.boosting: Continued boosting training: +50 trees on 93715 rows (now 450 trees)
2026-09-24 22:32:25,176 [INFO] fl_ids.models.boosting_update: Round 9: boosting v4 (continue) from 186 alerts ({'Normal': 186}); 154 from excluded clients ignored
2026-09-24 22:32:25,470 [INFO] fl_ids.eval.simulation: Round 9: mean_val_loss=424883802430614.4375, comm_bytes=583920
2026-09-24 22:32:39,563 [INFO] fl_ids.eval.simulation: Round 10: mean_val_loss=7259012961658876.0000, comm_bytes=583920
2026-09-24 22:32:53,880 [INFO] fl_ids.eval.simulation: Round 11: mean_val_loss=82172173011734384.0000, comm_bytes=583920
2026-09-24 22:32:54,549 [INFO] fl_ids.fl.client: Client 0 round 12: 98 of 4240 boosting-passed rows flagged; surfacing 50
2026-09-24 22:32:55,846 [INFO] fl_ids.fl.client: Client 1 round 12: 2 of 151 boosting-passed rows flagged; surfacing 2
2026-09-24 22:32:57,129 [INFO] fl_ids.fl.client: Client 2 round 12: 228 of 7804 boosting-passed rows flagged; surfacing 50
2026-09-24 22:32:59,712 [INFO] fl_ids.fl.client: Client 3 round 12: 83 of 3351 boosting-passed rows flagged; surfacing 50
2026-09-24 22:33:00,976 [INFO] fl_ids.fl.client: Client 4 round 12: 34 of 827 boosting-passed rows flagged; surfacing 34
2026-09-24 22:33:01,531 [INFO] fl_ids.fl.client: Client 5 round 12: 77 of 1695 boosting-passed rows flagged; surfacing 50
2026-09-24 22:33:03,281 [INFO] fl_ids.fl.client: Client 6 round 12: 364 of 10415 boosting-passed rows flagged; surfacing 50
2026-09-24 22:33:06,104 [INFO] fl_ids.fl.client: Client 7 round 12: 3 of 63 boosting-passed rows flagged; surfacing 3
2026-09-24 22:33:06,589 [INFO] fl_ids.fl.client: Client 8 round 12: 89 of 3248 boosting-passed rows flagged; surfacing 50
2026-09-24 22:33:07,814 [INFO] fl_ids.fl.client: Client 9 round 12: 3 of 469 boosting-passed rows flagged; surfacing 3
2026-09-24 22:33:43,615 [INFO] fl_ids.models.boosting: Continued boosting training: +50 trees on 93902 rows (now 500 trees)
2026-09-24 22:33:43,615 [INFO] fl_ids.models.boosting_update: Round 12: boosting v5 (continue) from 187 alerts ({'Normal': 187}); 155 from excluded clients ignored
2026-09-24 22:33:43,873 [INFO] fl_ids.eval.simulation: Round 12: mean_val_loss=655464965595548032.0000, comm_bytes=583920
2026-09-24 22:33:59,461 [INFO] fl_ids.eval.simulation: Round 13: mean_val_loss=4039614334028756480.0000, comm_bytes=583920
2026-09-24 22:34:15,052 [INFO] fl_ids.eval.simulation: Round 14: mean_val_loss=20200014894577541120.0000, comm_bytes=583920
2026-09-24 22:34:15,840 [INFO] fl_ids.fl.client: Client 0 round 15: 98 of 4240 boosting-passed rows flagged; surfacing 50
2026-09-24 22:34:17,159 [INFO] fl_ids.fl.client: Client 1 round 15: 2 of 148 boosting-passed rows flagged; surfacing 2
2026-09-24 22:34:18,517 [INFO] fl_ids.fl.client: Client 2 round 15: 228 of 7805 boosting-passed rows flagged; surfacing 50
2026-09-24 22:34:21,433 [INFO] fl_ids.fl.client: Client 3 round 15: 83 of 3352 boosting-passed rows flagged; surfacing 50
2026-09-24 22:34:22,906 [INFO] fl_ids.fl.client: Client 4 round 15: 34 of 826 boosting-passed rows flagged; surfacing 34
2026-09-24 22:34:23,544 [INFO] fl_ids.fl.client: Client 5 round 15: 77 of 1694 boosting-passed rows flagged; surfacing 50
2026-09-24 22:34:25,773 [INFO] fl_ids.fl.client: Client 6 round 15: 364 of 10411 boosting-passed rows flagged; surfacing 50
2026-09-24 22:34:28,940 [INFO] fl_ids.fl.client: Client 7 round 15: 3 of 63 boosting-passed rows flagged; surfacing 3
2026-09-24 22:34:29,526 [INFO] fl_ids.fl.client: Client 8 round 15: 89 of 3248 boosting-passed rows flagged; surfacing 50
2026-09-24 22:34:30,748 [INFO] fl_ids.fl.client: Client 9 round 15: 3 of 467 boosting-passed rows flagged; surfacing 3
2026-09-24 22:35:07,940 [INFO] fl_ids.models.boosting: Continued boosting training: +50 trees on 94089 rows (now 550 trees)
2026-09-24 22:35:07,940 [INFO] fl_ids.models.boosting_update: Round 15: boosting v6 (continue) from 187 alerts ({'Normal': 187}); 155 from excluded clients ignored
2026-09-24 22:35:08,227 [INFO] fl_ids.eval.simulation: Round 15: mean_val_loss=86877396308884111360.0000, comm_bytes=583920
2026-09-24 22:35:24,023 [INFO] fl_ids.eval.simulation: Round 16: mean_val_loss=324035411532715655168.0000, comm_bytes=583920
2026-09-24 22:35:39,797 [INFO] fl_ids.eval.simulation: Round 17: mean_val_loss=1096861599429235048448.0000, comm_bytes=583920
2026-09-24 22:35:40,619 [INFO] fl_ids.fl.client: Client 0 round 18: 98 of 4240 boosting-passed rows flagged; surfacing 50
2026-09-24 22:35:42,001 [INFO] fl_ids.fl.client: Client 1 round 18: 2 of 147 boosting-passed rows flagged; surfacing 2
2026-09-24 22:35:43,476 [INFO] fl_ids.fl.client: Client 2 round 18: 229 of 7805 boosting-passed rows flagged; surfacing 50
2026-09-24 22:35:46,379 [INFO] fl_ids.fl.client: Client 3 round 18: 82 of 3350 boosting-passed rows flagged; surfacing 50
2026-09-24 22:35:47,975 [INFO] fl_ids.fl.client: Client 4 round 18: 34 of 826 boosting-passed rows flagged; surfacing 34
2026-09-24 22:35:48,615 [INFO] fl_ids.fl.client: Client 5 round 18: 80 of 1693 boosting-passed rows flagged; surfacing 50
2026-09-24 22:35:50,657 [INFO] fl_ids.fl.client: Client 6 round 18: 361 of 10408 boosting-passed rows flagged; surfacing 50
2026-09-24 22:35:54,016 [INFO] fl_ids.fl.client: Client 7 round 18: 3 of 63 boosting-passed rows flagged; surfacing 3
2026-09-24 22:35:54,596 [INFO] fl_ids.fl.client: Client 8 round 18: 89 of 3248 boosting-passed rows flagged; surfacing 50
2026-09-24 22:35:55,881 [INFO] fl_ids.fl.client: Client 9 round 18: 3 of 467 boosting-passed rows flagged; surfacing 3
2026-09-24 22:36:39,921 [INFO] fl_ids.models.boosting: Continued boosting training: +50 trees on 94276 rows (now 600 trees)
2026-09-24 22:36:39,921 [INFO] fl_ids.models.boosting_update: Round 18: boosting v7 (continue) from 187 alerts ({'Normal': 187}); 155 from excluded clients ignored
2026-09-24 22:36:40,230 [INFO] fl_ids.eval.simulation: Round 18: mean_val_loss=3356899229993260285952.0000, comm_bytes=583920
2026-09-24 22:36:57,590 [INFO] fl_ids.eval.simulation: Round 19: mean_val_loss=9373904210173652631552.0000, comm_bytes=583920
2026-09-24 22:37:14,739 [INFO] fl_ids.eval.simulation: Round 20: mean_val_loss=21694788501327684042752.0000, comm_bytes=583920
2026-09-24 22:37:15,825 [INFO] fl_ids.eval.zero_day: zero-day holdout=DDoS_HTTP run=malicious_fraction=0.50: detection_rate=0.329
2026-09-24 22:37:18,697 [INFO] fl_ids.eval.common: Excluded classes ['DDoS_ICMP'] from training: removed 3397 calibration rows, 2135 federated-pool rows
2026-09-24 22:37:18,697 [INFO] fl_ids.models.boosting: Training boosting classifier: 92088 samples, 15 classes, 300 rounds
2026-09-24 22:37:38,000 [WARNING] fl_ids.data.pipeline: Client 6 has zero benign validation samples (heavy Dirichlet skew or too few benign samples in its shard)
2026-09-24 22:37:38,009 [WARNING] fl_ids.data.pipeline: Client 9 has zero benign validation samples (heavy Dirichlet skew or too few benign samples in its shard)
2026-09-24 22:37:38,024 [INFO] fl_ids.eval.common: Evaluation setup: 92088 calibration, 57865 federated pool (subsampled), 8676 test rows across 10 clients
2026-09-24 22:37:51,955 [WARNING] fl_ids.fl.client: Client 6: no benign validation samples to evaluate on
2026-09-24 22:37:51,962 [WARNING] fl_ids.fl.client: Client 9: no benign validation samples to evaluate on
2026-09-24 22:37:51,963 [INFO] fl_ids.eval.simulation: Round 1: mean_val_loss=0.3022, comm_bytes=583920
2026-09-24 22:38:04,613 [WARNING] fl_ids.fl.client: Client 6: no benign validation samples to evaluate on
2026-09-24 22:38:04,621 [WARNING] fl_ids.fl.client: Client 9: no benign validation samples to evaluate on
2026-09-24 22:38:04,621 [INFO] fl_ids.eval.simulation: Round 2: mean_val_loss=0.1916, comm_bytes=583920
2026-09-24 22:38:04,765 [INFO] fl_ids.fl.client: Client 0 round 3: 22 of 329 boosting-passed rows flagged; surfacing 22
2026-09-24 22:38:05,428 [INFO] fl_ids.fl.client: Client 1 round 3: 142 of 5737 boosting-passed rows flagged; surfacing 50
2026-09-24 22:38:07,294 [INFO] fl_ids.fl.client: Client 2 round 3: 115 of 2398 boosting-passed rows flagged; surfacing 50
2026-09-24 22:38:08,098 [INFO] fl_ids.fl.client: Client 3 round 3: 15 of 545 boosting-passed rows flagged; surfacing 15
2026-09-24 22:38:08,380 [INFO] fl_ids.fl.client: Client 4 round 3: 3 of 241 boosting-passed rows flagged; surfacing 3
2026-09-24 22:38:09,748 [INFO] fl_ids.fl.client: Client 5 round 3: 417 of 14304 boosting-passed rows flagged; surfacing 50
2026-09-24 22:38:13,841 [INFO] fl_ids.fl.client: Client 7 round 3: 13 of 807 boosting-passed rows flagged; surfacing 13
2026-09-24 22:38:14,806 [INFO] fl_ids.fl.client: Client 8 round 3: 234 of 8210 boosting-passed rows flagged; surfacing 50
2026-09-24 22:38:36,843 [INFO] fl_ids.models.boosting: Continued boosting training: +50 trees on 92341 rows (now 350 trees)
2026-09-24 22:38:36,843 [INFO] fl_ids.models.boosting_update: Round 3: boosting v2 (continue) from 253 alerts ({'Normal': 253}); 0 from excluded clients ignored
2026-09-24 22:38:37,037 [WARNING] fl_ids.fl.client: Client 6: no benign validation samples to evaluate on
2026-09-24 22:38:37,043 [WARNING] fl_ids.fl.client: Client 9: no benign validation samples to evaluate on
2026-09-24 22:38:37,043 [INFO] fl_ids.eval.simulation: Round 3: mean_val_loss=0.0906, comm_bytes=583920
2026-09-24 22:38:50,741 [WARNING] fl_ids.fl.client: Client 6: no benign validation samples to evaluate on
2026-09-24 22:38:50,749 [WARNING] fl_ids.fl.client: Client 9: no benign validation samples to evaluate on
2026-09-24 22:38:50,749 [INFO] fl_ids.eval.simulation: Round 4: mean_val_loss=0.0511, comm_bytes=583920
2026-09-24 22:39:04,460 [WARNING] fl_ids.fl.client: Client 6: no benign validation samples to evaluate on
2026-09-24 22:39:04,468 [WARNING] fl_ids.fl.client: Client 9: no benign validation samples to evaluate on
2026-09-24 22:39:04,468 [INFO] fl_ids.eval.simulation: Round 5: mean_val_loss=0.0359, comm_bytes=583920
2026-09-24 22:39:04,602 [INFO] fl_ids.fl.client: Client 0 round 6: 10 of 329 boosting-passed rows flagged; surfacing 10
2026-09-24 22:39:05,325 [INFO] fl_ids.fl.client: Client 1 round 6: 188 of 5732 boosting-passed rows flagged; surfacing 50
2026-09-24 22:39:07,432 [INFO] fl_ids.fl.client: Client 2 round 6: 72 of 2395 boosting-passed rows flagged; surfacing 50
2026-09-24 22:39:08,337 [INFO] fl_ids.fl.client: Client 3 round 6: 3 of 545 boosting-passed rows flagged; surfacing 3
2026-09-24 22:39:08,612 [INFO] fl_ids.fl.client: Client 4 round 6: 8 of 238 boosting-passed rows flagged; surfacing 8
2026-09-24 22:39:09,970 [INFO] fl_ids.fl.client: Client 5 round 6: 470 of 14299 boosting-passed rows flagged; surfacing 50
2026-09-24 22:39:14,469 [INFO] fl_ids.fl.client: Client 7 round 6: 29 of 803 boosting-passed rows flagged; surfacing 29
2026-09-24 22:39:15,443 [INFO] fl_ids.fl.client: Client 8 round 6: 304 of 8211 boosting-passed rows flagged; surfacing 50
2026-09-24 22:39:43,348 [INFO] fl_ids.models.boosting: Continued boosting training: +50 trees on 92591 rows (now 400 trees)
2026-09-24 22:39:43,350 [INFO] fl_ids.models.boosting_update: Round 6: boosting v3 (continue) from 250 alerts ({'DDoS_HTTP': 1, 'Normal': 218, 'Port_Scanning': 17, 'Uploading': 13, 'Vulnerability_scanner': 1}); 0 from excluded clients ignored
2026-09-24 22:39:43,773 [WARNING] fl_ids.fl.client: Client 6: no benign validation samples to evaluate on
2026-09-24 22:39:43,820 [WARNING] fl_ids.fl.client: Client 9: no benign validation samples to evaluate on
2026-09-24 22:39:43,820 [INFO] fl_ids.eval.simulation: Round 6: mean_val_loss=0.0282, comm_bytes=583920
2026-09-24 22:40:00,987 [WARNING] fl_ids.fl.client: Client 6: no benign validation samples to evaluate on
2026-09-24 22:40:00,995 [WARNING] fl_ids.fl.client: Client 9: no benign validation samples to evaluate on
2026-09-24 22:40:00,995 [INFO] fl_ids.eval.simulation: Round 7: mean_val_loss=0.0270, comm_bytes=583920
2026-09-24 22:40:18,445 [WARNING] fl_ids.fl.client: Client 6: no benign validation samples to evaluate on
2026-09-24 22:40:18,452 [WARNING] fl_ids.fl.client: Client 9: no benign validation samples to evaluate on
2026-09-24 22:40:18,453 [INFO] fl_ids.eval.simulation: Round 8: mean_val_loss=0.0246, comm_bytes=583920
2026-09-24 22:40:18,605 [INFO] fl_ids.fl.client: Client 0 round 9: 10 of 325 boosting-passed rows flagged; surfacing 10
2026-09-24 22:40:19,402 [INFO] fl_ids.fl.client: Client 1 round 9: 235 of 5726 boosting-passed rows flagged; surfacing 50
2026-09-24 22:40:21,337 [INFO] fl_ids.fl.client: Client 2 round 9: 37 of 2393 boosting-passed rows flagged; surfacing 37
2026-09-24 22:40:22,185 [INFO] fl_ids.fl.client: Client 3 round 9: 4 of 542 boosting-passed rows flagged; surfacing 4
2026-09-24 22:40:22,512 [INFO] fl_ids.fl.client: Client 4 round 9: 1 of 236 boosting-passed rows flagged; surfacing 1
2026-09-24 22:40:24,459 [INFO] fl_ids.fl.client: Client 5 round 9: 460 of 14296 boosting-passed rows flagged; surfacing 50
2026-09-24 22:40:28,559 [INFO] fl_ids.fl.client: Client 7 round 9: 18 of 802 boosting-passed rows flagged; surfacing 18
2026-09-24 22:40:29,813 [INFO] fl_ids.fl.client: Client 8 round 9: 206 of 8208 boosting-passed rows flagged; surfacing 50
2026-09-24 22:41:12,003 [INFO] fl_ids.models.boosting: Continued boosting training: +50 trees on 92811 rows (now 450 trees)
2026-09-24 22:41:12,004 [INFO] fl_ids.models.boosting_update: Round 9: boosting v4 (continue) from 220 alerts ({'Backdoor': 2, 'DDoS_HTTP': 2, 'Fingerprinting': 2, 'Normal': 194, 'Port_Scanning': 10, 'Uploading': 7, 'Vulnerability_scanner': 3}); 0 from excluded clients ignored
2026-09-24 22:41:12,368 [WARNING] fl_ids.fl.client: Client 6: no benign validation samples to evaluate on
2026-09-24 22:41:12,392 [WARNING] fl_ids.fl.client: Client 9: no benign validation samples to evaluate on
2026-09-24 22:41:12,393 [INFO] fl_ids.eval.simulation: Round 9: mean_val_loss=0.0280, comm_bytes=583920
2026-09-24 22:41:33,095 [WARNING] fl_ids.fl.client: Client 6: no benign validation samples to evaluate on
2026-09-24 22:41:33,105 [WARNING] fl_ids.fl.client: Client 9: no benign validation samples to evaluate on
2026-09-24 22:41:33,105 [INFO] fl_ids.eval.simulation: Round 10: mean_val_loss=0.0286, comm_bytes=583920
2026-09-24 22:41:50,678 [WARNING] fl_ids.fl.client: Client 6: no benign validation samples to evaluate on
2026-09-24 22:41:50,686 [WARNING] fl_ids.fl.client: Client 9: no benign validation samples to evaluate on
2026-09-24 22:41:50,686 [INFO] fl_ids.eval.simulation: Round 11: mean_val_loss=0.0284, comm_bytes=583920
2026-09-24 22:41:50,912 [INFO] fl_ids.fl.client: Client 0 round 12: 16 of 321 boosting-passed rows flagged; surfacing 16
2026-09-24 22:41:52,022 [INFO] fl_ids.fl.client: Client 1 round 12: 207 of 5716 boosting-passed rows flagged; surfacing 50
2026-09-24 22:41:54,379 [INFO] fl_ids.fl.client: Client 2 round 12: 57 of 2386 boosting-passed rows flagged; surfacing 50
2026-09-24 22:41:55,364 [INFO] fl_ids.fl.client: Client 3 round 12: 3 of 542 boosting-passed rows flagged; surfacing 3
2026-09-24 22:41:55,724 [INFO] fl_ids.fl.client: Client 4 round 12: 4 of 234 boosting-passed rows flagged; surfacing 4
2026-09-24 22:41:58,574 [INFO] fl_ids.fl.client: Client 5 round 12: 410 of 14294 boosting-passed rows flagged; surfacing 50
2026-09-24 22:42:03,192 [INFO] fl_ids.fl.client: Client 7 round 12: 8 of 799 boosting-passed rows flagged; surfacing 8
2026-09-24 22:42:04,720 [INFO] fl_ids.fl.client: Client 8 round 12: 194 of 8204 boosting-passed rows flagged; surfacing 50
2026-09-24 22:42:50,399 [INFO] fl_ids.models.boosting: Continued boosting training: +50 trees on 93042 rows (now 500 trees)
2026-09-24 22:42:50,400 [INFO] fl_ids.models.boosting_update: Round 12: boosting v5 (continue) from 231 alerts ({'Fingerprinting': 1, 'Normal': 224, 'Port_Scanning': 2, 'Uploading': 3, 'Vulnerability_scanner': 1}); 0 from excluded clients ignored
2026-09-24 22:42:50,769 [WARNING] fl_ids.fl.client: Client 6: no benign validation samples to evaluate on
2026-09-24 22:42:50,783 [WARNING] fl_ids.fl.client: Client 9: no benign validation samples to evaluate on
2026-09-24 22:42:50,783 [INFO] fl_ids.eval.simulation: Round 12: mean_val_loss=0.0278, comm_bytes=583920
2026-09-24 22:43:08,422 [WARNING] fl_ids.fl.client: Client 6: no benign validation samples to evaluate on
2026-09-24 22:43:08,430 [WARNING] fl_ids.fl.client: Client 9: no benign validation samples to evaluate on
2026-09-24 22:43:08,430 [INFO] fl_ids.eval.simulation: Round 13: mean_val_loss=0.0271, comm_bytes=583920
2026-09-24 22:43:25,383 [WARNING] fl_ids.fl.client: Client 6: no benign validation samples to evaluate on
2026-09-24 22:43:25,391 [WARNING] fl_ids.fl.client: Client 9: no benign validation samples to evaluate on
2026-09-24 22:43:25,391 [INFO] fl_ids.eval.simulation: Round 14: mean_val_loss=0.0263, comm_bytes=583920
2026-09-24 22:43:25,810 [INFO] fl_ids.fl.client: Client 0 round 15: 10 of 318 boosting-passed rows flagged; surfacing 10
2026-09-24 22:43:27,143 [INFO] fl_ids.fl.client: Client 1 round 15: 191 of 5717 boosting-passed rows flagged; surfacing 50
2026-09-24 22:43:29,536 [INFO] fl_ids.fl.client: Client 2 round 15: 81 of 2384 boosting-passed rows flagged; surfacing 50
2026-09-24 22:43:30,527 [INFO] fl_ids.fl.client: Client 3 round 15: 3 of 542 boosting-passed rows flagged; surfacing 3
2026-09-24 22:43:30,912 [INFO] fl_ids.fl.client: Client 4 round 15: 3 of 233 boosting-passed rows flagged; surfacing 3
2026-09-24 22:43:33,420 [INFO] fl_ids.fl.client: Client 5 round 15: 412 of 14296 boosting-passed rows flagged; surfacing 50
2026-09-24 22:43:37,763 [INFO] fl_ids.fl.client: Client 7 round 15: 14 of 798 boosting-passed rows flagged; surfacing 14
2026-09-24 22:43:39,338 [INFO] fl_ids.fl.client: Client 8 round 15: 189 of 8203 boosting-passed rows flagged; surfacing 50
2026-09-24 22:44:31,988 [INFO] fl_ids.models.boosting: Continued boosting training: +50 trees on 93272 rows (now 550 trees)
2026-09-24 22:44:31,989 [INFO] fl_ids.models.boosting_update: Round 15: boosting v6 (continue) from 230 alerts ({'Fingerprinting': 1, 'Normal': 226, 'Port_Scanning': 2, 'Vulnerability_scanner': 1}); 0 from excluded clients ignored
2026-09-24 22:44:32,290 [WARNING] fl_ids.fl.client: Client 6: no benign validation samples to evaluate on
2026-09-24 22:44:32,297 [WARNING] fl_ids.fl.client: Client 9: no benign validation samples to evaluate on
2026-09-24 22:44:32,297 [INFO] fl_ids.eval.simulation: Round 15: mean_val_loss=0.0254, comm_bytes=583920
2026-09-24 22:44:49,404 [WARNING] fl_ids.fl.client: Client 6: no benign validation samples to evaluate on
2026-09-24 22:44:49,412 [WARNING] fl_ids.fl.client: Client 9: no benign validation samples to evaluate on
2026-09-24 22:44:49,412 [INFO] fl_ids.eval.simulation: Round 16: mean_val_loss=0.0246, comm_bytes=583920
2026-09-24 22:45:06,301 [WARNING] fl_ids.fl.client: Client 6: no benign validation samples to evaluate on
2026-09-24 22:45:06,309 [WARNING] fl_ids.fl.client: Client 9: no benign validation samples to evaluate on
2026-09-24 22:45:06,309 [INFO] fl_ids.eval.simulation: Round 17: mean_val_loss=0.0236, comm_bytes=583920
2026-09-24 22:45:06,585 [INFO] fl_ids.fl.client: Client 0 round 18: 6 of 319 boosting-passed rows flagged; surfacing 6
2026-09-24 22:45:07,870 [INFO] fl_ids.fl.client: Client 1 round 18: 223 of 5715 boosting-passed rows flagged; surfacing 50
2026-09-24 22:45:10,203 [INFO] fl_ids.fl.client: Client 2 round 18: 98 of 2380 boosting-passed rows flagged; surfacing 50
2026-09-24 22:45:11,166 [INFO] fl_ids.fl.client: Client 3 round 18: 3 of 542 boosting-passed rows flagged; surfacing 3
2026-09-24 22:45:11,542 [INFO] fl_ids.fl.client: Client 4 round 18: 3 of 229 boosting-passed rows flagged; surfacing 3
2026-09-24 22:45:14,408 [INFO] fl_ids.fl.client: Client 5 round 18: 407 of 14295 boosting-passed rows flagged; surfacing 50
2026-09-24 22:45:20,587 [INFO] fl_ids.fl.client: Client 7 round 18: 23 of 800 boosting-passed rows flagged; surfacing 23
2026-09-24 22:45:22,508 [INFO] fl_ids.fl.client: Client 8 round 18: 285 of 8200 boosting-passed rows flagged; surfacing 50
2026-09-24 22:46:22,060 [INFO] fl_ids.models.boosting: Continued boosting training: +50 trees on 93507 rows (now 600 trees)
2026-09-24 22:46:22,061 [INFO] fl_ids.models.boosting_update: Round 18: boosting v7 (continue) from 235 alerts ({'DDoS_HTTP': 2, 'Normal': 226, 'Password': 2, 'Port_Scanning': 4, 'Vulnerability_scanner': 1}); 0 from excluded clients ignored
2026-09-24 22:46:22,401 [WARNING] fl_ids.fl.client: Client 6: no benign validation samples to evaluate on
2026-09-24 22:46:22,410 [WARNING] fl_ids.fl.client: Client 9: no benign validation samples to evaluate on
2026-09-24 22:46:22,410 [INFO] fl_ids.eval.simulation: Round 18: mean_val_loss=0.0228, comm_bytes=583920
2026-09-24 22:46:40,712 [WARNING] fl_ids.fl.client: Client 6: no benign validation samples to evaluate on
2026-09-24 22:46:40,719 [WARNING] fl_ids.fl.client: Client 9: no benign validation samples to evaluate on
2026-09-24 22:46:40,719 [INFO] fl_ids.eval.simulation: Round 19: mean_val_loss=0.0220, comm_bytes=583920
2026-09-24 22:47:01,841 [WARNING] fl_ids.fl.client: Client 6: no benign validation samples to evaluate on
2026-09-24 22:47:01,861 [WARNING] fl_ids.fl.client: Client 9: no benign validation samples to evaluate on
2026-09-24 22:47:01,861 [INFO] fl_ids.eval.simulation: Round 20: mean_val_loss=0.0212, comm_bytes=583920
2026-09-24 22:47:01,888 [WARNING] fl_ids.eval.common: Clients [6, 9] have no benign validation rows (infinite threshold); 428 test rows can't be flagged by the autoencoder
2026-09-24 22:47:02,443 [INFO] fl_ids.eval.zero_day: zero-day holdout=DDoS_ICMP run=malicious_fraction=0.00: detection_rate=1.000
2026-09-24 22:47:20,487 [WARNING] fl_ids.fl.client: Client 6: no benign validation samples to evaluate on
2026-09-24 22:47:20,491 [WARNING] fl_ids.fl.client: Client 9: no benign validation samples to evaluate on
2026-09-24 22:47:20,491 [INFO] fl_ids.eval.simulation: Round 1: mean_val_loss=0.2782, comm_bytes=583920
2026-09-24 22:47:37,315 [WARNING] fl_ids.fl.client: Client 6: no benign validation samples to evaluate on
2026-09-24 22:47:37,323 [WARNING] fl_ids.fl.client: Client 9: no benign validation samples to evaluate on
2026-09-24 22:47:37,323 [INFO] fl_ids.eval.simulation: Round 2: mean_val_loss=0.1302, comm_bytes=583920
2026-09-24 22:47:37,434 [INFO] fl_ids.fl.client: Client 0 round 3: 22 of 329 boosting-passed rows flagged; surfacing 22
2026-09-24 22:47:38,025 [INFO] fl_ids.fl.client: Client 1 round 3: 162 of 5737 boosting-passed rows flagged; surfacing 50
2026-09-24 22:47:40,373 [INFO] fl_ids.fl.client: Client 2 round 3: 111 of 2398 boosting-passed rows flagged; surfacing 50
2026-09-24 22:47:41,649 [INFO] fl_ids.fl.client: Client 3 round 3: 13 of 545 boosting-passed rows flagged; surfacing 13
2026-09-24 22:47:42,206 [INFO] fl_ids.fl.client: Client 4 round 3: 4 of 241 boosting-passed rows flagged; surfacing 4
2026-09-24 22:47:43,465 [INFO] fl_ids.fl.client: Client 5 round 3: 408 of 14304 boosting-passed rows flagged; surfacing 50
2026-09-24 22:47:49,604 [INFO] fl_ids.fl.client: Client 7 round 3: 13 of 807 boosting-passed rows flagged; surfacing 13
2026-09-24 22:47:50,454 [INFO] fl_ids.fl.client: Client 8 round 3: 256 of 8210 boosting-passed rows flagged; surfacing 50
2026-09-24 22:48:13,143 [INFO] fl_ids.models.boosting: Continued boosting training: +50 trees on 92305 rows (now 350 trees)
2026-09-24 22:48:13,144 [INFO] fl_ids.models.boosting_update: Round 3: boosting v2 (continue) from 217 alerts ({'Normal': 217}); 35 from excluded clients ignored
2026-09-24 22:48:13,333 [WARNING] fl_ids.fl.client: Client 6: no benign validation samples to evaluate on
2026-09-24 22:48:13,339 [WARNING] fl_ids.fl.client: Client 9: no benign validation samples to evaluate on
2026-09-24 22:48:13,340 [INFO] fl_ids.eval.simulation: Round 3: mean_val_loss=0.0511, comm_bytes=583920
2026-09-24 22:48:26,289 [WARNING] fl_ids.fl.client: Client 6: no benign validation samples to evaluate on
2026-09-24 22:48:26,296 [WARNING] fl_ids.fl.client: Client 9: no benign validation samples to evaluate on
2026-09-24 22:48:26,297 [INFO] fl_ids.eval.simulation: Round 4: mean_val_loss=0.0279, comm_bytes=583920
2026-09-24 22:48:39,653 [WARNING] fl_ids.fl.client: Client 6: no benign validation samples to evaluate on
2026-09-24 22:48:39,661 [WARNING] fl_ids.fl.client: Client 9: no benign validation samples to evaluate on
2026-09-24 22:48:39,661 [INFO] fl_ids.eval.simulation: Round 5: mean_val_loss=0.0216, comm_bytes=583920
2026-09-24 22:48:39,844 [INFO] fl_ids.fl.client: Client 0 round 6: 16 of 330 boosting-passed rows flagged; surfacing 16
2026-09-24 22:48:40,632 [INFO] fl_ids.fl.client: Client 1 round 6: 177 of 5730 boosting-passed rows flagged; surfacing 50
2026-09-24 22:48:44,025 [INFO] fl_ids.fl.client: Client 2 round 6: 68 of 2397 boosting-passed rows flagged; surfacing 50
2026-09-24 22:48:44,909 [INFO] fl_ids.fl.client: Client 3 round 6: 3 of 544 boosting-passed rows flagged; surfacing 3
2026-09-24 22:48:45,200 [INFO] fl_ids.fl.client: Client 4 round 6: 6 of 240 boosting-passed rows flagged; surfacing 6
2026-09-24 22:48:46,535 [INFO] fl_ids.fl.client: Client 5 round 6: 400 of 14303 boosting-passed rows flagged; surfacing 50
2026-09-24 22:48:52,906 [INFO] fl_ids.fl.client: Client 7 round 6: 9 of 806 boosting-passed rows flagged; surfacing 9
2026-09-24 22:48:54,058 [INFO] fl_ids.fl.client: Client 8 round 6: 243 of 8214 boosting-passed rows flagged; surfacing 50
2026-09-24 22:49:32,133 [INFO] fl_ids.models.boosting: Continued boosting training: +50 trees on 92524 rows (now 400 trees)
2026-09-24 22:49:32,134 [INFO] fl_ids.models.boosting_update: Round 6: boosting v3 (continue) from 219 alerts ({'Backdoor': 1, 'Fingerprinting': 2, 'Normal': 182, 'Port_Scanning': 19, 'Uploading': 13, 'Vulnerability_scanner': 2}); 15 from excluded clients ignored
2026-09-24 22:49:32,420 [WARNING] fl_ids.fl.client: Client 6: no benign validation samples to evaluate on
2026-09-24 22:49:32,423 [WARNING] fl_ids.fl.client: Client 9: no benign validation samples to evaluate on
2026-09-24 22:49:32,423 [INFO] fl_ids.eval.simulation: Round 6: mean_val_loss=0.0151, comm_bytes=583920
2026-09-24 22:49:49,250 [WARNING] fl_ids.fl.client: Client 6: no benign validation samples to evaluate on
2026-09-24 22:49:49,257 [WARNING] fl_ids.fl.client: Client 9: no benign validation samples to evaluate on
2026-09-24 22:49:49,257 [INFO] fl_ids.eval.simulation: Round 7: mean_val_loss=0.0166, comm_bytes=583920
2026-09-24 22:50:04,610 [WARNING] fl_ids.fl.client: Client 6: no benign validation samples to evaluate on
2026-09-24 22:50:04,617 [WARNING] fl_ids.fl.client: Client 9: no benign validation samples to evaluate on
2026-09-24 22:50:04,617 [INFO] fl_ids.eval.simulation: Round 8: mean_val_loss=0.0164, comm_bytes=583920
2026-09-24 22:50:04,822 [INFO] fl_ids.fl.client: Client 0 round 9: 10 of 325 boosting-passed rows flagged; surfacing 10
2026-09-24 22:50:05,741 [INFO] fl_ids.fl.client: Client 1 round 9: 182 of 5723 boosting-passed rows flagged; surfacing 50
2026-09-24 22:50:07,658 [INFO] fl_ids.fl.client: Client 2 round 9: 61 of 2390 boosting-passed rows flagged; surfacing 50
2026-09-24 22:50:08,514 [INFO] fl_ids.fl.client: Client 3 round 9: 3 of 542 boosting-passed rows flagged; surfacing 3
2026-09-24 22:50:08,828 [INFO] fl_ids.fl.client: Client 4 round 9: 2 of 239 boosting-passed rows flagged; surfacing 2
2026-09-24 22:50:10,829 [INFO] fl_ids.fl.client: Client 5 round 9: 400 of 14301 boosting-passed rows flagged; surfacing 50
2026-09-24 22:50:14,869 [INFO] fl_ids.fl.client: Client 7 round 9: 1 of 805 boosting-passed rows flagged; surfacing 1
2026-09-24 22:50:16,110 [INFO] fl_ids.fl.client: Client 8 round 9: 225 of 8213 boosting-passed rows flagged; surfacing 50
2026-09-24 22:50:51,261 [INFO] fl_ids.models.boosting: Continued boosting training: +50 trees on 92739 rows (now 450 trees)
2026-09-24 22:50:51,261 [INFO] fl_ids.models.boosting_update: Round 9: boosting v4 (continue) from 215 alerts ({'Backdoor': 1, 'Normal': 196, 'Port_Scanning': 14, 'Uploading': 3, 'Vulnerability_scanner': 1}); 1 from excluded clients ignored
2026-09-24 22:50:51,545 [WARNING] fl_ids.fl.client: Client 6: no benign validation samples to evaluate on
2026-09-24 22:50:51,554 [WARNING] fl_ids.fl.client: Client 9: no benign validation samples to evaluate on
2026-09-24 22:50:51,554 [INFO] fl_ids.eval.simulation: Round 9: mean_val_loss=0.0172, comm_bytes=583920
2026-09-24 22:51:08,657 [WARNING] fl_ids.fl.client: Client 6: no benign validation samples to evaluate on
2026-09-24 22:51:08,664 [WARNING] fl_ids.fl.client: Client 9: no benign validation samples to evaluate on
2026-09-24 22:51:08,664 [INFO] fl_ids.eval.simulation: Round 10: mean_val_loss=0.0200, comm_bytes=583920
2026-09-24 22:51:22,737 [WARNING] fl_ids.fl.client: Client 6: no benign validation samples to evaluate on
2026-09-24 22:51:22,745 [WARNING] fl_ids.fl.client: Client 9: no benign validation samples to evaluate on
2026-09-24 22:51:22,745 [INFO] fl_ids.eval.simulation: Round 11: mean_val_loss=0.0143, comm_bytes=583920
2026-09-24 22:51:22,949 [INFO] fl_ids.fl.client: Client 0 round 12: 10 of 323 boosting-passed rows flagged; surfacing 10
2026-09-24 22:51:23,937 [INFO] fl_ids.fl.client: Client 1 round 12: 159 of 5717 boosting-passed rows flagged; surfacing 50
2026-09-24 22:51:25,899 [INFO] fl_ids.fl.client: Client 2 round 12: 51 of 2383 boosting-passed rows flagged; surfacing 50
2026-09-24 22:51:26,776 [INFO] fl_ids.fl.client: Client 3 round 12: 3 of 541 boosting-passed rows flagged; surfacing 3
2026-09-24 22:51:27,089 [INFO] fl_ids.fl.client: Client 4 round 12: 1 of 237 boosting-passed rows flagged; surfacing 1
2026-09-24 22:51:29,180 [INFO] fl_ids.fl.client: Client 5 round 12: 407 of 14299 boosting-passed rows flagged; surfacing 50
2026-09-24 22:51:33,210 [INFO] fl_ids.fl.client: Client 7 round 12: 7 of 804 boosting-passed rows flagged; surfacing 7
2026-09-24 22:51:34,641 [INFO] fl_ids.fl.client: Client 8 round 12: 188 of 8202 boosting-passed rows flagged; surfacing 50
2026-09-24 22:52:18,078 [INFO] fl_ids.models.boosting: Continued boosting training: +50 trees on 92956 rows (now 500 trees)
2026-09-24 22:52:18,079 [INFO] fl_ids.models.boosting_update: Round 12: boosting v5 (continue) from 217 alerts ({'Backdoor': 1, 'Fingerprinting': 1, 'Normal': 203, 'Port_Scanning': 8, 'Ransomware': 1, 'Uploading': 3}); 4 from excluded clients ignored
2026-09-24 22:52:18,462 [WARNING] fl_ids.fl.client: Client 6: no benign validation samples to evaluate on
2026-09-24 22:52:18,476 [WARNING] fl_ids.fl.client: Client 9: no benign validation samples to evaluate on
2026-09-24 22:52:18,476 [INFO] fl_ids.eval.simulation: Round 12: mean_val_loss=0.0151, comm_bytes=583920
2026-09-24 22:52:34,709 [WARNING] fl_ids.fl.client: Client 6: no benign validation samples to evaluate on
2026-09-24 22:52:34,716 [WARNING] fl_ids.fl.client: Client 9: no benign validation samples to evaluate on
2026-09-24 22:52:34,717 [INFO] fl_ids.eval.simulation: Round 13: mean_val_loss=0.0131, comm_bytes=583920
2026-09-24 22:52:50,332 [WARNING] fl_ids.fl.client: Client 6: no benign validation samples to evaluate on
2026-09-24 22:52:50,339 [WARNING] fl_ids.fl.client: Client 9: no benign validation samples to evaluate on
2026-09-24 22:52:50,339 [INFO] fl_ids.eval.simulation: Round 14: mean_val_loss=0.0107, comm_bytes=583920
2026-09-24 22:52:50,584 [INFO] fl_ids.fl.client: Client 0 round 15: 8 of 322 boosting-passed rows flagged; surfacing 8
2026-09-24 22:52:51,693 [INFO] fl_ids.fl.client: Client 1 round 15: 146 of 5713 boosting-passed rows flagged; surfacing 50
2026-09-24 22:52:53,871 [INFO] fl_ids.fl.client: Client 2 round 15: 54 of 2378 boosting-passed rows flagged; surfacing 50
2026-09-24 22:52:54,765 [INFO] fl_ids.fl.client: Client 3 round 15: 3 of 543 boosting-passed rows flagged; surfacing 3
2026-09-24 22:52:55,132 [INFO] fl_ids.fl.client: Client 4 round 15: 1 of 236 boosting-passed rows flagged; surfacing 1
2026-09-24 22:52:57,565 [INFO] fl_ids.fl.client: Client 5 round 15: 425 of 14293 boosting-passed rows flagged; surfacing 50
2026-09-24 22:53:01,731 [INFO] fl_ids.fl.client: Client 7 round 15: 7 of 801 boosting-passed rows flagged; surfacing 7
2026-09-24 22:53:03,294 [INFO] fl_ids.fl.client: Client 8 round 15: 226 of 8199 boosting-passed rows flagged; surfacing 50
2026-09-24 22:53:53,515 [INFO] fl_ids.models.boosting: Continued boosting training: +50 trees on 93171 rows (now 550 trees)
2026-09-24 22:53:53,516 [INFO] fl_ids.models.boosting_update: Round 15: boosting v6 (continue) from 215 alerts ({'Fingerprinting': 1, 'Normal': 206, 'Port_Scanning': 7, 'Uploading': 1}); 4 from excluded clients ignored
2026-09-24 22:53:53,813 [WARNING] fl_ids.fl.client: Client 6: no benign validation samples to evaluate on
2026-09-24 22:53:53,820 [WARNING] fl_ids.fl.client: Client 9: no benign validation samples to evaluate on
2026-09-24 22:53:53,820 [INFO] fl_ids.eval.simulation: Round 15: mean_val_loss=0.0144, comm_bytes=583920
2026-09-24 22:54:10,240 [WARNING] fl_ids.fl.client: Client 6: no benign validation samples to evaluate on
2026-09-24 22:54:10,248 [WARNING] fl_ids.fl.client: Client 9: no benign validation samples to evaluate on
2026-09-24 22:54:10,248 [INFO] fl_ids.eval.simulation: Round 16: mean_val_loss=0.0115, comm_bytes=583920
2026-09-24 22:54:26,515 [WARNING] fl_ids.fl.client: Client 6: no benign validation samples to evaluate on
2026-09-24 22:54:26,522 [WARNING] fl_ids.fl.client: Client 9: no benign validation samples to evaluate on
2026-09-24 22:54:26,523 [INFO] fl_ids.eval.simulation: Round 17: mean_val_loss=0.0142, comm_bytes=583920
2026-09-24 22:54:26,793 [INFO] fl_ids.fl.client: Client 0 round 18: 9 of 322 boosting-passed rows flagged; surfacing 9
2026-09-24 22:54:28,012 [INFO] fl_ids.fl.client: Client 1 round 18: 147 of 5710 boosting-passed rows flagged; surfacing 50
2026-09-24 22:54:30,268 [INFO] fl_ids.fl.client: Client 2 round 18: 41 of 2377 boosting-passed rows flagged; surfacing 41
2026-09-24 22:54:31,310 [INFO] fl_ids.fl.client: Client 3 round 18: 4 of 546 boosting-passed rows flagged; surfacing 4
2026-09-24 22:54:31,700 [INFO] fl_ids.fl.client: Client 4 round 18: 0 of 236 boosting-passed rows flagged; surfacing 0
2026-09-24 22:54:34,314 [INFO] fl_ids.fl.client: Client 5 round 18: 398 of 14293 boosting-passed rows flagged; surfacing 50
2026-09-24 22:54:40,418 [INFO] fl_ids.fl.client: Client 7 round 18: 2 of 803 boosting-passed rows flagged; surfacing 2
2026-09-24 22:54:42,143 [INFO] fl_ids.fl.client: Client 8 round 18: 247 of 8195 boosting-passed rows flagged; surfacing 50
2026-09-24 22:55:41,239 [INFO] fl_ids.models.boosting: Continued boosting training: +50 trees on 93366 rows (now 600 trees)
2026-09-24 22:55:41,241 [INFO] fl_ids.models.boosting_update: Round 18: boosting v7 (continue) from 195 alerts ({'Fingerprinting': 1, 'Normal': 188, 'Port_Scanning': 6}); 11 from excluded clients ignored
2026-09-24 22:55:41,647 [WARNING] fl_ids.fl.client: Client 6: no benign validation samples to evaluate on
2026-09-24 22:55:41,654 [WARNING] fl_ids.fl.client: Client 9: no benign validation samples to evaluate on
2026-09-24 22:55:41,654 [INFO] fl_ids.eval.simulation: Round 18: mean_val_loss=0.0107, comm_bytes=583920
2026-09-24 22:55:59,695 [WARNING] fl_ids.fl.client: Client 6: no benign validation samples to evaluate on
2026-09-24 22:55:59,702 [WARNING] fl_ids.fl.client: Client 9: no benign validation samples to evaluate on
2026-09-24 22:55:59,702 [INFO] fl_ids.eval.simulation: Round 19: mean_val_loss=0.0128, comm_bytes=583920
2026-09-24 22:56:19,175 [WARNING] fl_ids.fl.client: Client 6: no benign validation samples to evaluate on
2026-09-24 22:56:19,183 [WARNING] fl_ids.fl.client: Client 9: no benign validation samples to evaluate on
2026-09-24 22:56:19,183 [INFO] fl_ids.eval.simulation: Round 20: mean_val_loss=0.0102, comm_bytes=583920
2026-09-24 22:56:19,210 [WARNING] fl_ids.eval.common: Clients [6, 9] have no benign validation rows (infinite threshold); 428 test rows can't be flagged by the autoencoder
2026-09-24 22:56:19,694 [INFO] fl_ids.eval.zero_day: zero-day holdout=DDoS_ICMP run=malicious_fraction=0.20: detection_rate=1.000
2026-09-24 22:56:36,797 [WARNING] fl_ids.fl.client: Client 6: no benign validation samples to evaluate on
2026-09-24 22:56:36,805 [WARNING] fl_ids.fl.client: Client 9: no benign validation samples to evaluate on
2026-09-24 22:56:36,805 [INFO] fl_ids.eval.simulation: Round 1: mean_val_loss=0.2227, comm_bytes=583920
2026-09-24 22:56:53,697 [WARNING] fl_ids.fl.client: Client 6: no benign validation samples to evaluate on
2026-09-24 22:56:53,705 [WARNING] fl_ids.fl.client: Client 9: no benign validation samples to evaluate on
2026-09-24 22:56:53,705 [INFO] fl_ids.eval.simulation: Round 2: mean_val_loss=0.0567, comm_bytes=583920
2026-09-24 22:56:53,850 [INFO] fl_ids.fl.client: Client 0 round 3: 5 of 329 boosting-passed rows flagged; surfacing 5
2026-09-24 22:56:54,770 [INFO] fl_ids.fl.client: Client 1 round 3: 168 of 5737 boosting-passed rows flagged; surfacing 50
2026-09-24 22:56:57,319 [INFO] fl_ids.fl.client: Client 2 round 3: 98 of 2398 boosting-passed rows flagged; surfacing 50
2026-09-24 22:56:58,850 [INFO] fl_ids.fl.client: Client 3 round 3: 3 of 545 boosting-passed rows flagged; surfacing 3
2026-09-24 22:56:59,126 [INFO] fl_ids.fl.client: Client 4 round 3: 5 of 241 boosting-passed rows flagged; surfacing 5
2026-09-24 22:57:00,434 [INFO] fl_ids.fl.client: Client 5 round 3: 427 of 14304 boosting-passed rows flagged; surfacing 50
2026-09-24 22:57:06,259 [INFO] fl_ids.fl.client: Client 7 round 3: 7 of 807 boosting-passed rows flagged; surfacing 7
2026-09-24 22:57:07,456 [INFO] fl_ids.fl.client: Client 8 round 3: 298 of 8210 boosting-passed rows flagged; surfacing 50
2026-09-24 22:57:31,682 [INFO] fl_ids.models.boosting: Continued boosting training: +50 trees on 92303 rows (now 350 trees)
2026-09-24 22:57:31,683 [INFO] fl_ids.models.boosting_update: Round 3: boosting v2 (continue) from 215 alerts ({'Backdoor': 2, 'Normal': 192, 'Port_Scanning': 12, 'Ransomware': 1, 'Uploading': 7, 'Vulnerability_scanner': 1}); 5 from excluded clients ignored
2026-09-24 22:57:31,875 [WARNING] fl_ids.fl.client: Client 6: no benign validation samples to evaluate on
2026-09-24 22:57:31,882 [WARNING] fl_ids.fl.client: Client 9: no benign validation samples to evaluate on
2026-09-24 22:57:31,882 [INFO] fl_ids.eval.simulation: Round 3: mean_val_loss=0.0626, comm_bytes=583920
2026-09-24 22:57:45,007 [WARNING] fl_ids.fl.client: Client 6: no benign validation samples to evaluate on
2026-09-24 22:57:45,015 [WARNING] fl_ids.fl.client: Client 9: no benign validation samples to evaluate on
2026-09-24 22:57:45,015 [INFO] fl_ids.eval.simulation: Round 4: mean_val_loss=0.3023, comm_bytes=583920
2026-09-24 22:57:57,996 [WARNING] fl_ids.fl.client: Client 6: no benign validation samples to evaluate on
2026-09-24 22:57:58,005 [WARNING] fl_ids.fl.client: Client 9: no benign validation samples to evaluate on
2026-09-24 22:57:58,005 [INFO] fl_ids.eval.simulation: Round 5: mean_val_loss=0.0177, comm_bytes=583920
2026-09-24 22:57:58,162 [INFO] fl_ids.fl.client: Client 0 round 6: 13 of 330 boosting-passed rows flagged; surfacing 13
2026-09-24 22:57:58,957 [INFO] fl_ids.fl.client: Client 1 round 6: 177 of 5727 boosting-passed rows flagged; surfacing 50
2026-09-24 22:58:00,838 [INFO] fl_ids.fl.client: Client 2 round 6: 76 of 2398 boosting-passed rows flagged; surfacing 50
2026-09-24 22:58:01,637 [INFO] fl_ids.fl.client: Client 3 round 6: 4 of 545 boosting-passed rows flagged; surfacing 4
2026-09-24 22:58:01,910 [INFO] fl_ids.fl.client: Client 4 round 6: 1 of 237 boosting-passed rows flagged; surfacing 1
2026-09-24 22:58:04,007 [INFO] fl_ids.fl.client: Client 5 round 6: 329 of 14298 boosting-passed rows flagged; surfacing 50
2026-09-24 22:58:09,820 [INFO] fl_ids.fl.client: Client 7 round 6: 13 of 803 boosting-passed rows flagged; surfacing 13
2026-09-24 22:58:11,720 [INFO] fl_ids.fl.client: Client 8 round 6: 315 of 8211 boosting-passed rows flagged; surfacing 50
2026-09-24 22:58:50,365 [INFO] fl_ids.models.boosting: Continued boosting training: +50 trees on 92520 rows (now 400 trees)
2026-09-24 22:58:50,366 [INFO] fl_ids.models.boosting_update: Round 6: boosting v3 (continue) from 217 alerts ({'Backdoor': 3, 'DDoS_HTTP': 1, 'Fingerprinting': 1, 'Normal': 197, 'Port_Scanning': 9, 'Uploading': 5, 'Vulnerability_scanner': 1}); 14 from excluded clients ignored
2026-09-24 22:58:50,656 [WARNING] fl_ids.fl.client: Client 6: no benign validation samples to evaluate on
2026-09-24 22:58:50,670 [WARNING] fl_ids.fl.client: Client 9: no benign validation samples to evaluate on
2026-09-24 22:58:50,670 [INFO] fl_ids.eval.simulation: Round 6: mean_val_loss=0.0438, comm_bytes=583920
2026-09-24 22:59:07,019 [WARNING] fl_ids.fl.client: Client 6: no benign validation samples to evaluate on
2026-09-24 22:59:07,028 [WARNING] fl_ids.fl.client: Client 9: no benign validation samples to evaluate on
2026-09-24 22:59:07,028 [INFO] fl_ids.eval.simulation: Round 7: mean_val_loss=0.2577, comm_bytes=583920
2026-09-24 22:59:24,173 [WARNING] fl_ids.fl.client: Client 6: no benign validation samples to evaluate on
2026-09-24 22:59:24,176 [WARNING] fl_ids.fl.client: Client 9: no benign validation samples to evaluate on
2026-09-24 22:59:24,176 [INFO] fl_ids.eval.simulation: Round 8: mean_val_loss=0.0132, comm_bytes=583920
2026-09-24 22:59:24,343 [INFO] fl_ids.fl.client: Client 0 round 9: 28 of 328 boosting-passed rows flagged; surfacing 28
2026-09-24 22:59:25,222 [INFO] fl_ids.fl.client: Client 1 round 9: 145 of 5723 boosting-passed rows flagged; surfacing 50
2026-09-24 22:59:27,274 [INFO] fl_ids.fl.client: Client 2 round 9: 87 of 2390 boosting-passed rows flagged; surfacing 50
2026-09-24 22:59:28,052 [INFO] fl_ids.fl.client: Client 3 round 9: 4 of 546 boosting-passed rows flagged; surfacing 4
2026-09-24 22:59:28,341 [INFO] fl_ids.fl.client: Client 4 round 9: 3 of 236 boosting-passed rows flagged; surfacing 3
2026-09-24 22:59:30,268 [INFO] fl_ids.fl.client: Client 5 round 9: 406 of 14298 boosting-passed rows flagged; surfacing 50
2026-09-24 22:59:34,581 [INFO] fl_ids.fl.client: Client 7 round 9: 18 of 804 boosting-passed rows flagged; surfacing 18
2026-09-24 22:59:35,824 [INFO] fl_ids.fl.client: Client 8 round 9: 357 of 8210 boosting-passed rows flagged; surfacing 50
2026-09-24 23:00:10,266 [INFO] fl_ids.models.boosting: Continued boosting training: +50 trees on 92742 rows (now 450 trees)
2026-09-24 23:00:10,267 [INFO] fl_ids.models.boosting_update: Round 9: boosting v4 (continue) from 222 alerts ({'Backdoor': 1, 'DDoS_HTTP': 3, 'Normal': 197, 'Port_Scanning': 14, 'Uploading': 4, 'Vulnerability_scanner': 3}); 31 from excluded clients ignored
2026-09-24 23:00:10,591 [WARNING] fl_ids.fl.client: Client 6: no benign validation samples to evaluate on
2026-09-24 23:00:10,604 [WARNING] fl_ids.fl.client: Client 9: no benign validation samples to evaluate on
2026-09-24 23:00:10,604 [INFO] fl_ids.eval.simulation: Round 9: mean_val_loss=0.0494, comm_bytes=583920
2026-09-24 23:00:28,682 [WARNING] fl_ids.fl.client: Client 6: no benign validation samples to evaluate on
2026-09-24 23:00:28,695 [WARNING] fl_ids.fl.client: Client 9: no benign validation samples to evaluate on
2026-09-24 23:00:28,695 [INFO] fl_ids.eval.simulation: Round 10: mean_val_loss=0.0134, comm_bytes=583920
2026-09-24 23:00:43,434 [WARNING] fl_ids.fl.client: Client 6: no benign validation samples to evaluate on
2026-09-24 23:00:43,441 [WARNING] fl_ids.fl.client: Client 9: no benign validation samples to evaluate on
2026-09-24 23:00:43,441 [INFO] fl_ids.eval.simulation: Round 11: mean_val_loss=0.0781, comm_bytes=583920
2026-09-24 23:00:43,645 [INFO] fl_ids.fl.client: Client 0 round 12: 16 of 327 boosting-passed rows flagged; surfacing 16
2026-09-24 23:00:44,605 [INFO] fl_ids.fl.client: Client 1 round 12: 172 of 5719 boosting-passed rows flagged; surfacing 50
2026-09-24 23:00:46,602 [INFO] fl_ids.fl.client: Client 2 round 12: 63 of 2382 boosting-passed rows flagged; surfacing 50
2026-09-24 23:00:47,478 [INFO] fl_ids.fl.client: Client 3 round 12: 4 of 543 boosting-passed rows flagged; surfacing 4
2026-09-24 23:00:47,807 [INFO] fl_ids.fl.client: Client 4 round 12: 1 of 235 boosting-passed rows flagged; surfacing 1
2026-09-24 23:00:49,913 [INFO] fl_ids.fl.client: Client 5 round 12: 418 of 14293 boosting-passed rows flagged; surfacing 50
2026-09-24 23:00:54,024 [INFO] fl_ids.fl.client: Client 7 round 12: 9 of 801 boosting-passed rows flagged; surfacing 9
2026-09-24 23:00:55,468 [INFO] fl_ids.fl.client: Client 8 round 12: 196 of 8205 boosting-passed rows flagged; surfacing 50
2026-09-24 23:01:38,850 [INFO] fl_ids.models.boosting: Continued boosting training: +50 trees on 92956 rows (now 500 trees)
2026-09-24 23:01:38,852 [INFO] fl_ids.models.boosting_update: Round 12: boosting v5 (continue) from 214 alerts ({'Normal': 214}); 16 from excluded clients ignored
2026-09-24 23:01:39,208 [WARNING] fl_ids.fl.client: Client 6: no benign validation samples to evaluate on
2026-09-24 23:01:39,222 [WARNING] fl_ids.fl.client: Client 9: no benign validation samples to evaluate on
2026-09-24 23:01:39,222 [INFO] fl_ids.eval.simulation: Round 12: mean_val_loss=0.0102, comm_bytes=583920
2026-09-24 23:01:57,241 [WARNING] fl_ids.fl.client: Client 6: no benign validation samples to evaluate on
2026-09-24 23:01:57,248 [WARNING] fl_ids.fl.client: Client 9: no benign validation samples to evaluate on
2026-09-24 23:01:57,248 [INFO] fl_ids.eval.simulation: Round 13: mean_val_loss=0.0305, comm_bytes=583920
2026-09-24 23:02:12,830 [WARNING] fl_ids.fl.client: Client 6: no benign validation samples to evaluate on
2026-09-24 23:02:12,837 [WARNING] fl_ids.fl.client: Client 9: no benign validation samples to evaluate on
2026-09-24 23:02:12,837 [INFO] fl_ids.eval.simulation: Round 14: mean_val_loss=0.0122, comm_bytes=583920
2026-09-24 23:02:13,084 [INFO] fl_ids.fl.client: Client 0 round 15: 15 of 326 boosting-passed rows flagged; surfacing 15
2026-09-24 23:02:14,257 [INFO] fl_ids.fl.client: Client 1 round 15: 196 of 5712 boosting-passed rows flagged; surfacing 50
2026-09-24 23:02:16,422 [INFO] fl_ids.fl.client: Client 2 round 15: 80 of 2381 boosting-passed rows flagged; surfacing 50
2026-09-24 23:02:17,323 [INFO] fl_ids.fl.client: Client 3 round 15: 3 of 543 boosting-passed rows flagged; surfacing 3
2026-09-24 23:02:17,691 [INFO] fl_ids.fl.client: Client 4 round 15: 1 of 238 boosting-passed rows flagged; surfacing 1
2026-09-24 23:02:20,349 [INFO] fl_ids.fl.client: Client 5 round 15: 515 of 14291 boosting-passed rows flagged; surfacing 50
2026-09-24 23:02:24,642 [INFO] fl_ids.fl.client: Client 7 round 15: 16 of 800 boosting-passed rows flagged; surfacing 16
2026-09-24 23:02:26,257 [INFO] fl_ids.fl.client: Client 8 round 15: 272 of 8199 boosting-passed rows flagged; surfacing 50
2026-09-24 23:03:18,141 [INFO] fl_ids.models.boosting: Continued boosting training: +50 trees on 93171 rows (now 550 trees)
2026-09-24 23:03:18,143 [INFO] fl_ids.models.boosting_update: Round 15: boosting v6 (continue) from 215 alerts ({'DDoS_HTTP': 2, 'Normal': 196, 'Password': 3, 'Port_Scanning': 7, 'SQL_injection': 1, 'Uploading': 4, 'Vulnerability_scanner': 2}); 20 from excluded clients ignored
2026-09-24 23:03:18,474 [WARNING] fl_ids.fl.client: Client 6: no benign validation samples to evaluate on
2026-09-24 23:03:18,482 [WARNING] fl_ids.fl.client: Client 9: no benign validation samples to evaluate on
2026-09-24 23:03:18,482 [INFO] fl_ids.eval.simulation: Round 15: mean_val_loss=0.0417, comm_bytes=583920
2026-09-24 23:03:36,830 [WARNING] fl_ids.fl.client: Client 6: no benign validation samples to evaluate on
2026-09-24 23:03:36,838 [WARNING] fl_ids.fl.client: Client 9: no benign validation samples to evaluate on
2026-09-24 23:03:36,838 [INFO] fl_ids.eval.simulation: Round 16: mean_val_loss=0.0100, comm_bytes=583920
2026-09-24 23:03:55,703 [WARNING] fl_ids.fl.client: Client 6: no benign validation samples to evaluate on
2026-09-24 23:03:55,711 [WARNING] fl_ids.fl.client: Client 9: no benign validation samples to evaluate on
2026-09-24 23:03:55,711 [INFO] fl_ids.eval.simulation: Round 17: mean_val_loss=0.0376, comm_bytes=583920
2026-09-24 23:03:56,039 [INFO] fl_ids.fl.client: Client 0 round 18: 15 of 321 boosting-passed rows flagged; surfacing 15
2026-09-24 23:03:57,344 [INFO] fl_ids.fl.client: Client 1 round 18: 187 of 5711 boosting-passed rows flagged; surfacing 50
2026-09-24 23:04:00,065 [INFO] fl_ids.fl.client: Client 2 round 18: 45 of 2379 boosting-passed rows flagged; surfacing 45
2026-09-24 23:04:01,234 [INFO] fl_ids.fl.client: Client 3 round 18: 5 of 542 boosting-passed rows flagged; surfacing 5
2026-09-24 23:04:01,668 [INFO] fl_ids.fl.client: Client 4 round 18: 1 of 235 boosting-passed rows flagged; surfacing 1
2026-09-24 23:04:04,590 [INFO] fl_ids.fl.client: Client 5 round 18: 439 of 14293 boosting-passed rows flagged; surfacing 50
2026-09-24 23:04:09,320 [INFO] fl_ids.fl.client: Client 7 round 18: 29 of 797 boosting-passed rows flagged; surfacing 29
2026-09-24 23:04:11,140 [INFO] fl_ids.fl.client: Client 8 round 18: 245 of 8197 boosting-passed rows flagged; surfacing 50
2026-09-24 23:05:12,516 [INFO] fl_ids.models.boosting: Continued boosting training: +50 trees on 93401 rows (now 600 trees)
2026-09-24 23:05:12,517 [INFO] fl_ids.models.boosting_update: Round 18: boosting v7 (continue) from 230 alerts ({'DDoS_HTTP': 4, 'Normal': 215, 'Port_Scanning': 5, 'Ransomware': 1, 'SQL_injection': 2, 'XSS': 3}); 15 from excluded clients ignored
2026-09-24 23:05:12,837 [WARNING] fl_ids.fl.client: Client 6: no benign validation samples to evaluate on
2026-09-24 23:05:12,845 [WARNING] fl_ids.fl.client: Client 9: no benign validation samples to evaluate on
2026-09-24 23:05:12,845 [INFO] fl_ids.eval.simulation: Round 18: mean_val_loss=0.0098, comm_bytes=583920
2026-09-24 23:05:30,292 [WARNING] fl_ids.fl.client: Client 6: no benign validation samples to evaluate on
2026-09-24 23:05:30,299 [WARNING] fl_ids.fl.client: Client 9: no benign validation samples to evaluate on
2026-09-24 23:05:30,299 [INFO] fl_ids.eval.simulation: Round 19: mean_val_loss=0.0533, comm_bytes=583920
2026-09-24 23:05:47,644 [WARNING] fl_ids.fl.client: Client 6: no benign validation samples to evaluate on
2026-09-24 23:05:47,652 [WARNING] fl_ids.fl.client: Client 9: no benign validation samples to evaluate on
2026-09-24 23:05:47,652 [INFO] fl_ids.eval.simulation: Round 20: mean_val_loss=0.0104, comm_bytes=583920
2026-09-24 23:05:47,678 [WARNING] fl_ids.eval.common: Clients [6, 9] have no benign validation rows (infinite threshold); 428 test rows can't be flagged by the autoencoder
2026-09-24 23:05:48,158 [INFO] fl_ids.eval.zero_day: zero-day holdout=DDoS_ICMP run=malicious_fraction=0.30: detection_rate=1.000
2026-09-24 23:06:03,279 [WARNING] fl_ids.fl.client: Client 6: no benign validation samples to evaluate on
2026-09-24 23:06:03,288 [WARNING] fl_ids.fl.client: Client 9: no benign validation samples to evaluate on
2026-09-24 23:06:03,288 [INFO] fl_ids.eval.simulation: Round 1: mean_val_loss=0.3174, comm_bytes=583920
2026-09-24 23:06:19,376 [WARNING] fl_ids.fl.client: Client 6: no benign validation samples to evaluate on
2026-09-24 23:06:19,396 [WARNING] fl_ids.fl.client: Client 9: no benign validation samples to evaluate on
2026-09-24 23:06:19,396 [INFO] fl_ids.eval.simulation: Round 2: mean_val_loss=0.2661, comm_bytes=583920
2026-09-24 23:06:19,614 [INFO] fl_ids.fl.client: Client 0 round 3: 18 of 329 boosting-passed rows flagged; surfacing 18
2026-09-24 23:06:20,196 [INFO] fl_ids.fl.client: Client 1 round 3: 146 of 5737 boosting-passed rows flagged; surfacing 50
2026-09-24 23:06:22,640 [INFO] fl_ids.fl.client: Client 2 round 3: 80 of 2398 boosting-passed rows flagged; surfacing 50
2026-09-24 23:06:23,724 [INFO] fl_ids.fl.client: Client 3 round 3: 14 of 545 boosting-passed rows flagged; surfacing 14
2026-09-24 23:06:24,176 [INFO] fl_ids.fl.client: Client 4 round 3: 0 of 241 boosting-passed rows flagged; surfacing 0
2026-09-24 23:06:25,320 [INFO] fl_ids.fl.client: Client 5 round 3: 361 of 14304 boosting-passed rows flagged; surfacing 50
2026-09-24 23:06:30,843 [INFO] fl_ids.fl.client: Client 7 round 3: 6 of 807 boosting-passed rows flagged; surfacing 6
2026-09-24 23:06:32,199 [INFO] fl_ids.fl.client: Client 8 round 3: 222 of 8210 boosting-passed rows flagged; surfacing 50
2026-09-24 23:06:58,312 [INFO] fl_ids.models.boosting: Continued boosting training: +50 trees on 92258 rows (now 350 trees)
2026-09-24 23:06:58,312 [INFO] fl_ids.models.boosting_update: Round 3: boosting v2 (continue) from 170 alerts ({'Normal': 170}); 68 from excluded clients ignored
2026-09-24 23:06:58,498 [WARNING] fl_ids.fl.client: Client 6: no benign validation samples to evaluate on
2026-09-24 23:06:58,505 [WARNING] fl_ids.fl.client: Client 9: no benign validation samples to evaluate on
2026-09-24 23:06:58,505 [INFO] fl_ids.eval.simulation: Round 3: mean_val_loss=0.0491, comm_bytes=583920
2026-09-24 23:07:11,248 [WARNING] fl_ids.fl.client: Client 6: no benign validation samples to evaluate on
2026-09-24 23:07:11,255 [WARNING] fl_ids.fl.client: Client 9: no benign validation samples to evaluate on
2026-09-24 23:07:11,255 [INFO] fl_ids.eval.simulation: Round 4: mean_val_loss=0.0645, comm_bytes=583920
2026-09-24 23:07:23,697 [WARNING] fl_ids.fl.client: Client 6: no benign validation samples to evaluate on
2026-09-24 23:07:23,704 [WARNING] fl_ids.fl.client: Client 9: no benign validation samples to evaluate on
2026-09-24 23:07:23,704 [INFO] fl_ids.eval.simulation: Round 5: mean_val_loss=0.2392, comm_bytes=583920
2026-09-24 23:07:23,861 [INFO] fl_ids.fl.client: Client 0 round 6: 10 of 328 boosting-passed rows flagged; surfacing 10
2026-09-24 23:07:24,627 [INFO] fl_ids.fl.client: Client 1 round 6: 138 of 5730 boosting-passed rows flagged; surfacing 50
2026-09-24 23:07:26,495 [INFO] fl_ids.fl.client: Client 2 round 6: 78 of 2391 boosting-passed rows flagged; surfacing 50
2026-09-24 23:07:27,306 [INFO] fl_ids.fl.client: Client 3 round 6: 17 of 545 boosting-passed rows flagged; surfacing 17
2026-09-24 23:07:27,593 [INFO] fl_ids.fl.client: Client 4 round 6: 1 of 239 boosting-passed rows flagged; surfacing 1
2026-09-24 23:07:29,106 [INFO] fl_ids.fl.client: Client 5 round 6: 427 of 14302 boosting-passed rows flagged; surfacing 50
2026-09-24 23:07:33,012 [INFO] fl_ids.fl.client: Client 7 round 6: 10 of 806 boosting-passed rows flagged; surfacing 10
2026-09-24 23:07:34,035 [INFO] fl_ids.fl.client: Client 8 round 6: 209 of 8213 boosting-passed rows flagged; surfacing 50
2026-09-24 23:08:10,624 [INFO] fl_ids.models.boosting: Continued boosting training: +50 trees on 92435 rows (now 400 trees)
2026-09-24 23:08:10,625 [INFO] fl_ids.models.boosting_update: Round 6: boosting v3 (continue) from 177 alerts ({'Normal': 177}); 61 from excluded clients ignored
2026-09-24 23:08:11,114 [WARNING] fl_ids.fl.client: Client 6: no benign validation samples to evaluate on
2026-09-24 23:08:11,163 [WARNING] fl_ids.fl.client: Client 9: no benign validation samples to evaluate on
2026-09-24 23:08:11,163 [INFO] fl_ids.eval.simulation: Round 6: mean_val_loss=0.0256, comm_bytes=583920
2026-09-24 23:08:25,823 [WARNING] fl_ids.fl.client: Client 6: no benign validation samples to evaluate on
2026-09-24 23:08:25,830 [WARNING] fl_ids.fl.client: Client 9: no benign validation samples to evaluate on
2026-09-24 23:08:25,831 [INFO] fl_ids.eval.simulation: Round 7: mean_val_loss=0.0799, comm_bytes=583920
2026-09-24 23:08:40,221 [WARNING] fl_ids.fl.client: Client 6: no benign validation samples to evaluate on
2026-09-24 23:08:40,231 [WARNING] fl_ids.fl.client: Client 9: no benign validation samples to evaluate on
2026-09-24 23:08:40,232 [INFO] fl_ids.eval.simulation: Round 8: mean_val_loss=0.0194, comm_bytes=583920
2026-09-24 23:08:40,423 [INFO] fl_ids.fl.client: Client 0 round 9: 13 of 327 boosting-passed rows flagged; surfacing 13
2026-09-24 23:08:41,207 [INFO] fl_ids.fl.client: Client 1 round 9: 143 of 5727 boosting-passed rows flagged; surfacing 50
2026-09-24 23:08:43,295 [INFO] fl_ids.fl.client: Client 2 round 9: 51 of 2395 boosting-passed rows flagged; surfacing 50
2026-09-24 23:08:44,214 [INFO] fl_ids.fl.client: Client 3 round 9: 4 of 545 boosting-passed rows flagged; surfacing 4
2026-09-24 23:08:44,508 [INFO] fl_ids.fl.client: Client 4 round 9: 3 of 239 boosting-passed rows flagged; surfacing 3
2026-09-24 23:08:45,995 [INFO] fl_ids.fl.client: Client 5 round 9: 391 of 14300 boosting-passed rows flagged; surfacing 50
2026-09-24 23:08:50,467 [INFO] fl_ids.fl.client: Client 7 round 9: 22 of 802 boosting-passed rows flagged; surfacing 22
2026-09-24 23:08:51,550 [INFO] fl_ids.fl.client: Client 8 round 9: 293 of 8212 boosting-passed rows flagged; surfacing 50
2026-09-24 23:09:20,572 [INFO] fl_ids.models.boosting: Continued boosting training: +50 trees on 92627 rows (now 450 trees)
2026-09-24 23:09:20,572 [INFO] fl_ids.models.boosting_update: Round 9: boosting v4 (continue) from 192 alerts ({'Fingerprinting': 1, 'Normal': 167, 'Port_Scanning': 14, 'Uploading': 9, 'Vulnerability_scanner': 1}); 50 from excluded clients ignored
2026-09-24 23:09:20,853 [WARNING] fl_ids.fl.client: Client 6: no benign validation samples to evaluate on
2026-09-24 23:09:20,863 [WARNING] fl_ids.fl.client: Client 9: no benign validation samples to evaluate on
2026-09-24 23:09:20,863 [INFO] fl_ids.eval.simulation: Round 9: mean_val_loss=0.0665, comm_bytes=583920
2026-09-24 23:09:35,453 [WARNING] fl_ids.fl.client: Client 6: no benign validation samples to evaluate on
2026-09-24 23:09:35,460 [WARNING] fl_ids.fl.client: Client 9: no benign validation samples to evaluate on
2026-09-24 23:09:35,460 [INFO] fl_ids.eval.simulation: Round 10: mean_val_loss=0.0178, comm_bytes=583920
2026-09-24 23:09:49,971 [WARNING] fl_ids.fl.client: Client 6: no benign validation samples to evaluate on
2026-09-24 23:09:49,984 [WARNING] fl_ids.fl.client: Client 9: no benign validation samples to evaluate on
2026-09-24 23:09:49,985 [INFO] fl_ids.eval.simulation: Round 11: mean_val_loss=0.2501, comm_bytes=583920
2026-09-24 23:09:50,207 [INFO] fl_ids.fl.client: Client 0 round 12: 13 of 324 boosting-passed rows flagged; surfacing 13
2026-09-24 23:09:51,140 [INFO] fl_ids.fl.client: Client 1 round 12: 168 of 5721 boosting-passed rows flagged; surfacing 50
2026-09-24 23:09:53,346 [INFO] fl_ids.fl.client: Client 2 round 12: 53 of 2387 boosting-passed rows flagged; surfacing 50
2026-09-24 23:09:54,263 [INFO] fl_ids.fl.client: Client 3 round 12: 20 of 541 boosting-passed rows flagged; surfacing 20
2026-09-24 23:09:54,570 [INFO] fl_ids.fl.client: Client 4 round 12: 3 of 240 boosting-passed rows flagged; surfacing 3
2026-09-24 23:09:56,223 [INFO] fl_ids.fl.client: Client 5 round 12: 362 of 14299 boosting-passed rows flagged; surfacing 50
2026-09-24 23:10:00,676 [INFO] fl_ids.fl.client: Client 7 round 12: 12 of 804 boosting-passed rows flagged; surfacing 12
2026-09-24 23:10:02,125 [INFO] fl_ids.fl.client: Client 8 round 12: 236 of 8206 boosting-passed rows flagged; surfacing 50
2026-09-24 23:10:37,308 [INFO] fl_ids.models.boosting: Continued boosting training: +50 trees on 92809 rows (now 500 trees)
2026-09-24 23:10:37,308 [INFO] fl_ids.models.boosting_update: Round 12: boosting v5 (continue) from 182 alerts ({'Normal': 182}); 66 from excluded clients ignored
2026-09-24 23:10:37,648 [WARNING] fl_ids.fl.client: Client 6: no benign validation samples to evaluate on
2026-09-24 23:10:37,660 [WARNING] fl_ids.fl.client: Client 9: no benign validation samples to evaluate on
2026-09-24 23:10:37,660 [INFO] fl_ids.eval.simulation: Round 12: mean_val_loss=0.0149, comm_bytes=583920
2026-09-24 23:10:52,930 [WARNING] fl_ids.fl.client: Client 6: no benign validation samples to evaluate on
2026-09-24 23:10:52,938 [WARNING] fl_ids.fl.client: Client 9: no benign validation samples to evaluate on
2026-09-24 23:10:52,938 [INFO] fl_ids.eval.simulation: Round 13: mean_val_loss=0.0437, comm_bytes=583920
2026-09-24 23:11:08,240 [WARNING] fl_ids.fl.client: Client 6: no benign validation samples to evaluate on
2026-09-24 23:11:08,247 [WARNING] fl_ids.fl.client: Client 9: no benign validation samples to evaluate on
2026-09-24 23:11:08,247 [INFO] fl_ids.eval.simulation: Round 14: mean_val_loss=0.0168, comm_bytes=583920
2026-09-24 23:11:08,442 [INFO] fl_ids.fl.client: Client 0 round 15: 13 of 325 boosting-passed rows flagged; surfacing 13
2026-09-24 23:11:09,334 [INFO] fl_ids.fl.client: Client 1 round 15: 217 of 5717 boosting-passed rows flagged; surfacing 50
2026-09-24 23:11:11,586 [INFO] fl_ids.fl.client: Client 2 round 15: 45 of 2386 boosting-passed rows flagged; surfacing 45
2026-09-24 23:11:12,529 [INFO] fl_ids.fl.client: Client 3 round 15: 2 of 541 boosting-passed rows flagged; surfacing 2
2026-09-24 23:11:12,868 [INFO] fl_ids.fl.client: Client 4 round 15: 3 of 237 boosting-passed rows flagged; surfacing 3
2026-09-24 23:11:14,816 [INFO] fl_ids.fl.client: Client 5 round 15: 482 of 14302 boosting-passed rows flagged; surfacing 50
2026-09-24 23:11:19,032 [INFO] fl_ids.fl.client: Client 7 round 15: 25 of 803 boosting-passed rows flagged; surfacing 25
2026-09-24 23:11:20,637 [INFO] fl_ids.fl.client: Client 8 round 15: 214 of 8206 boosting-passed rows flagged; surfacing 50
2026-09-24 23:12:00,790 [INFO] fl_ids.models.boosting: Continued boosting training: +50 trees on 92970 rows (now 550 trees)
2026-09-24 23:12:00,790 [INFO] fl_ids.models.boosting_update: Round 15: boosting v6 (continue) from 161 alerts ({'Fingerprinting': 1, 'Normal': 148, 'Port_Scanning': 7, 'Ransomware': 1, 'Uploading': 4}); 77 from excluded clients ignored
2026-09-24 23:12:01,158 [WARNING] fl_ids.fl.client: Client 6: no benign validation samples to evaluate on
2026-09-24 23:12:01,171 [WARNING] fl_ids.fl.client: Client 9: no benign validation samples to evaluate on
2026-09-24 23:12:01,171 [INFO] fl_ids.eval.simulation: Round 15: mean_val_loss=0.2247, comm_bytes=583920
2026-09-24 23:12:17,235 [WARNING] fl_ids.fl.client: Client 6: no benign validation samples to evaluate on
2026-09-24 23:12:17,242 [WARNING] fl_ids.fl.client: Client 9: no benign validation samples to evaluate on
2026-09-24 23:12:17,242 [INFO] fl_ids.eval.simulation: Round 16: mean_val_loss=0.0175, comm_bytes=583920
2026-09-24 23:12:32,653 [WARNING] fl_ids.fl.client: Client 6: no benign validation samples to evaluate on
2026-09-24 23:12:32,659 [WARNING] fl_ids.fl.client: Client 9: no benign validation samples to evaluate on
2026-09-24 23:12:32,660 [INFO] fl_ids.eval.simulation: Round 17: mean_val_loss=0.0303, comm_bytes=583920
2026-09-24 23:12:32,917 [INFO] fl_ids.fl.client: Client 0 round 18: 13 of 326 boosting-passed rows flagged; surfacing 13
2026-09-24 23:12:34,163 [INFO] fl_ids.fl.client: Client 1 round 18: 136 of 5711 boosting-passed rows flagged; surfacing 50
2026-09-24 23:12:36,303 [INFO] fl_ids.fl.client: Client 2 round 18: 39 of 2384 boosting-passed rows flagged; surfacing 39
2026-09-24 23:12:37,209 [INFO] fl_ids.fl.client: Client 3 round 18: 3 of 542 boosting-passed rows flagged; surfacing 3
2026-09-24 23:12:37,578 [INFO] fl_ids.fl.client: Client 4 round 18: 3 of 236 boosting-passed rows flagged; surfacing 3
2026-09-24 23:12:40,142 [INFO] fl_ids.fl.client: Client 5 round 18: 334 of 14303 boosting-passed rows flagged; surfacing 50
2026-09-24 23:12:44,374 [INFO] fl_ids.fl.client: Client 7 round 18: 21 of 804 boosting-passed rows flagged; surfacing 21
2026-09-24 23:12:46,046 [INFO] fl_ids.fl.client: Client 8 round 18: 197 of 8200 boosting-passed rows flagged; surfacing 50
2026-09-24 23:13:33,380 [INFO] fl_ids.models.boosting: Continued boosting training: +50 trees on 93133 rows (now 600 trees)
2026-09-24 23:13:33,381 [INFO] fl_ids.models.boosting_update: Round 18: boosting v7 (continue) from 163 alerts ({'Normal': 163}); 66 from excluded clients ignored
2026-09-24 23:13:33,767 [WARNING] fl_ids.fl.client: Client 6: no benign validation samples to evaluate on
2026-09-24 23:13:33,779 [WARNING] fl_ids.fl.client: Client 9: no benign validation samples to evaluate on
2026-09-24 23:13:33,779 [INFO] fl_ids.eval.simulation: Round 18: mean_val_loss=0.0157, comm_bytes=583920
2026-09-24 23:13:49,836 [WARNING] fl_ids.fl.client: Client 6: no benign validation samples to evaluate on
2026-09-24 23:13:49,843 [WARNING] fl_ids.fl.client: Client 9: no benign validation samples to evaluate on
2026-09-24 23:13:49,843 [INFO] fl_ids.eval.simulation: Round 19: mean_val_loss=0.2429, comm_bytes=583920
2026-09-24 23:14:06,818 [WARNING] fl_ids.fl.client: Client 6: no benign validation samples to evaluate on
2026-09-24 23:14:06,826 [WARNING] fl_ids.fl.client: Client 9: no benign validation samples to evaluate on
2026-09-24 23:14:06,826 [INFO] fl_ids.eval.simulation: Round 20: mean_val_loss=0.0158, comm_bytes=583920
2026-09-24 23:14:06,853 [WARNING] fl_ids.eval.common: Clients [6, 9] have no benign validation rows (infinite threshold); 428 test rows can't be flagged by the autoencoder
2026-09-24 23:14:07,300 [INFO] fl_ids.eval.zero_day: zero-day holdout=DDoS_ICMP run=malicious_fraction=0.40: detection_rate=1.000
2026-09-24 23:14:19,348 [WARNING] fl_ids.fl.client: Client 6: no benign validation samples to evaluate on
2026-09-24 23:14:19,354 [WARNING] fl_ids.fl.client: Client 9: no benign validation samples to evaluate on
2026-09-24 23:14:19,355 [INFO] fl_ids.eval.simulation: Round 1: mean_val_loss=0.4819, comm_bytes=583920
2026-09-24 23:14:31,360 [WARNING] fl_ids.fl.client: Client 6: no benign validation samples to evaluate on
2026-09-24 23:14:31,367 [WARNING] fl_ids.fl.client: Client 9: no benign validation samples to evaluate on
2026-09-24 23:14:31,367 [INFO] fl_ids.eval.simulation: Round 2: mean_val_loss=17.7106, comm_bytes=583920
2026-09-24 23:14:31,506 [INFO] fl_ids.fl.client: Client 0 round 3: 22 of 329 boosting-passed rows flagged; surfacing 22
2026-09-24 23:14:32,193 [INFO] fl_ids.fl.client: Client 1 round 3: 159 of 5737 boosting-passed rows flagged; surfacing 50
2026-09-24 23:14:33,926 [INFO] fl_ids.fl.client: Client 2 round 3: 109 of 2398 boosting-passed rows flagged; surfacing 50
2026-09-24 23:14:34,678 [INFO] fl_ids.fl.client: Client 3 round 3: 14 of 545 boosting-passed rows flagged; surfacing 14
2026-09-24 23:14:34,944 [INFO] fl_ids.fl.client: Client 4 round 3: 4 of 241 boosting-passed rows flagged; surfacing 4
2026-09-24 23:14:36,169 [INFO] fl_ids.fl.client: Client 5 round 3: 373 of 14304 boosting-passed rows flagged; surfacing 50
2026-09-24 23:14:40,581 [INFO] fl_ids.fl.client: Client 7 round 3: 29 of 807 boosting-passed rows flagged; surfacing 29
2026-09-24 23:14:41,461 [INFO] fl_ids.fl.client: Client 8 round 3: 272 of 8210 boosting-passed rows flagged; surfacing 50
2026-09-24 23:15:07,665 [INFO] fl_ids.models.boosting: Continued boosting training: +50 trees on 92207 rows (now 350 trees)
2026-09-24 23:15:07,666 [INFO] fl_ids.models.boosting_update: Round 3: boosting v2 (continue) from 119 alerts ({'Normal': 119}); 150 from excluded clients ignored
2026-09-24 23:15:07,881 [WARNING] fl_ids.fl.client: Client 6: no benign validation samples to evaluate on
2026-09-24 23:15:07,894 [WARNING] fl_ids.fl.client: Client 9: no benign validation samples to evaluate on
2026-09-24 23:15:07,894 [INFO] fl_ids.eval.simulation: Round 3: mean_val_loss=20442.0277, comm_bytes=583920
2026-09-24 23:15:20,550 [WARNING] fl_ids.fl.client: Client 6: no benign validation samples to evaluate on
2026-09-24 23:15:20,557 [WARNING] fl_ids.fl.client: Client 9: no benign validation samples to evaluate on
2026-09-24 23:15:20,557 [INFO] fl_ids.eval.simulation: Round 4: mean_val_loss=8180340.3259, comm_bytes=583920
2026-09-24 23:15:32,524 [WARNING] fl_ids.fl.client: Client 6: no benign validation samples to evaluate on
2026-09-24 23:15:32,531 [WARNING] fl_ids.fl.client: Client 9: no benign validation samples to evaluate on
2026-09-24 23:15:32,531 [INFO] fl_ids.eval.simulation: Round 5: mean_val_loss=967018197.2435, comm_bytes=583920
2026-09-24 23:15:32,683 [INFO] fl_ids.fl.client: Client 0 round 6: 22 of 330 boosting-passed rows flagged; surfacing 22
2026-09-24 23:15:33,387 [INFO] fl_ids.fl.client: Client 1 round 6: 211 of 5732 boosting-passed rows flagged; surfacing 50
2026-09-24 23:15:35,223 [INFO] fl_ids.fl.client: Client 2 round 6: 89 of 2394 boosting-passed rows flagged; surfacing 50
2026-09-24 23:15:35,982 [INFO] fl_ids.fl.client: Client 3 round 6: 9 of 544 boosting-passed rows flagged; surfacing 9
2026-09-24 23:15:36,239 [INFO] fl_ids.fl.client: Client 4 round 6: 4 of 240 boosting-passed rows flagged; surfacing 4
2026-09-24 23:15:37,759 [INFO] fl_ids.fl.client: Client 5 round 6: 463 of 14304 boosting-passed rows flagged; surfacing 50
2026-09-24 23:15:41,598 [INFO] fl_ids.fl.client: Client 7 round 6: 32 of 804 boosting-passed rows flagged; surfacing 32
2026-09-24 23:15:42,650 [INFO] fl_ids.fl.client: Client 8 round 6: 269 of 8212 boosting-passed rows flagged; surfacing 50
2026-09-24 23:16:07,789 [INFO] fl_ids.models.boosting: Continued boosting training: +50 trees on 92324 rows (now 400 trees)
2026-09-24 23:16:07,790 [INFO] fl_ids.models.boosting_update: Round 6: boosting v3 (continue) from 117 alerts ({'Normal': 117}); 150 from excluded clients ignored
2026-09-24 23:16:08,047 [WARNING] fl_ids.fl.client: Client 6: no benign validation samples to evaluate on
2026-09-24 23:16:08,059 [WARNING] fl_ids.fl.client: Client 9: no benign validation samples to evaluate on
2026-09-24 23:16:08,059 [INFO] fl_ids.eval.simulation: Round 6: mean_val_loss=40644480328.8280, comm_bytes=583920
2026-09-24 23:16:22,803 [WARNING] fl_ids.fl.client: Client 6: no benign validation samples to evaluate on
2026-09-24 23:16:22,811 [WARNING] fl_ids.fl.client: Client 9: no benign validation samples to evaluate on
2026-09-24 23:16:22,812 [INFO] fl_ids.eval.simulation: Round 7: mean_val_loss=847365299934.3762, comm_bytes=583920
2026-09-24 23:16:36,927 [WARNING] fl_ids.fl.client: Client 6: no benign validation samples to evaluate on
2026-09-24 23:16:36,937 [WARNING] fl_ids.fl.client: Client 9: no benign validation samples to evaluate on
2026-09-24 23:16:36,937 [INFO] fl_ids.eval.simulation: Round 8: mean_val_loss=10320880337760.3691, comm_bytes=583920
2026-09-24 23:16:37,146 [INFO] fl_ids.fl.client: Client 0 round 9: 22 of 327 boosting-passed rows flagged; surfacing 22
2026-09-24 23:16:38,025 [INFO] fl_ids.fl.client: Client 1 round 9: 215 of 5731 boosting-passed rows flagged; surfacing 50
2026-09-24 23:16:39,827 [INFO] fl_ids.fl.client: Client 2 round 9: 88 of 2393 boosting-passed rows flagged; surfacing 50
2026-09-24 23:16:40,605 [INFO] fl_ids.fl.client: Client 3 round 9: 8 of 544 boosting-passed rows flagged; surfacing 8
2026-09-24 23:16:40,892 [INFO] fl_ids.fl.client: Client 4 round 9: 3 of 240 boosting-passed rows flagged; surfacing 3
2026-09-24 23:16:42,794 [INFO] fl_ids.fl.client: Client 5 round 9: 481 of 14302 boosting-passed rows flagged; surfacing 50
2026-09-24 23:16:46,534 [INFO] fl_ids.fl.client: Client 7 round 9: 6 of 801 boosting-passed rows flagged; surfacing 6
2026-09-24 23:16:47,763 [INFO] fl_ids.fl.client: Client 8 round 9: 282 of 8208 boosting-passed rows flagged; surfacing 50
2026-09-24 23:17:21,017 [INFO] fl_ids.models.boosting: Continued boosting training: +50 trees on 92413 rows (now 450 trees)
2026-09-24 23:17:21,019 [INFO] fl_ids.models.boosting_update: Round 9: boosting v4 (continue) from 89 alerts ({'Normal': 89}); 150 from excluded clients ignored
2026-09-24 23:17:21,319 [WARNING] fl_ids.fl.client: Client 6: no benign validation samples to evaluate on
2026-09-24 23:17:21,333 [WARNING] fl_ids.fl.client: Client 9: no benign validation samples to evaluate on
2026-09-24 23:17:21,333 [INFO] fl_ids.eval.simulation: Round 9: mean_val_loss=87529793451234.7812, comm_bytes=583920
2026-09-24 23:17:36,119 [WARNING] fl_ids.fl.client: Client 6: no benign validation samples to evaluate on
2026-09-24 23:17:36,126 [WARNING] fl_ids.fl.client: Client 9: no benign validation samples to evaluate on
2026-09-24 23:17:36,126 [INFO] fl_ids.eval.simulation: Round 10: mean_val_loss=536798212361571.4375, comm_bytes=583920
2026-09-24 23:17:49,351 [WARNING] fl_ids.fl.client: Client 6: no benign validation samples to evaluate on
2026-09-24 23:17:49,358 [WARNING] fl_ids.fl.client: Client 9: no benign validation samples to evaluate on
2026-09-24 23:17:49,358 [INFO] fl_ids.eval.simulation: Round 11: mean_val_loss=2658476225369496.5000, comm_bytes=583920
2026-09-24 23:17:49,549 [INFO] fl_ids.fl.client: Client 0 round 12: 21 of 326 boosting-passed rows flagged; surfacing 21
2026-09-24 23:17:50,541 [INFO] fl_ids.fl.client: Client 1 round 12: 199 of 5729 boosting-passed rows flagged; surfacing 50
2026-09-24 23:17:52,423 [INFO] fl_ids.fl.client: Client 2 round 12: 95 of 2393 boosting-passed rows flagged; surfacing 50
2026-09-24 23:17:53,216 [INFO] fl_ids.fl.client: Client 3 round 12: 7 of 541 boosting-passed rows flagged; surfacing 7
2026-09-24 23:17:53,519 [INFO] fl_ids.fl.client: Client 4 round 12: 3 of 237 boosting-passed rows flagged; surfacing 3
2026-09-24 23:17:55,439 [INFO] fl_ids.fl.client: Client 5 round 12: 480 of 14299 boosting-passed rows flagged; surfacing 50
2026-09-24 23:17:59,887 [INFO] fl_ids.fl.client: Client 7 round 12: 5 of 802 boosting-passed rows flagged; surfacing 5
2026-09-24 23:18:01,232 [INFO] fl_ids.fl.client: Client 8 round 12: 233 of 8209 boosting-passed rows flagged; surfacing 50
2026-09-24 23:18:42,715 [INFO] fl_ids.models.boosting: Continued boosting training: +50 trees on 92499 rows (now 500 trees)
2026-09-24 23:18:42,716 [INFO] fl_ids.models.boosting_update: Round 12: boosting v5 (continue) from 86 alerts ({'Normal': 86}); 150 from excluded clients ignored
2026-09-24 23:18:42,996 [WARNING] fl_ids.fl.client: Client 6: no benign validation samples to evaluate on
2026-09-24 23:18:43,003 [WARNING] fl_ids.fl.client: Client 9: no benign validation samples to evaluate on
2026-09-24 23:18:43,003 [INFO] fl_ids.eval.simulation: Round 12: mean_val_loss=11072229648594464.0000, comm_bytes=583920
2026-09-24 23:18:57,737 [WARNING] fl_ids.fl.client: Client 6: no benign validation samples to evaluate on
2026-09-24 23:18:57,743 [WARNING] fl_ids.fl.client: Client 9: no benign validation samples to evaluate on
2026-09-24 23:18:57,743 [INFO] fl_ids.eval.simulation: Round 13: mean_val_loss=40211026959538008.0000, comm_bytes=583920
2026-09-24 23:19:15,589 [WARNING] fl_ids.fl.client: Client 6: no benign validation samples to evaluate on
2026-09-24 23:19:15,597 [WARNING] fl_ids.fl.client: Client 9: no benign validation samples to evaluate on
2026-09-24 23:19:15,597 [INFO] fl_ids.eval.simulation: Round 14: mean_val_loss=129975111044653264.0000, comm_bytes=583920
2026-09-24 23:19:15,818 [INFO] fl_ids.fl.client: Client 0 round 15: 20 of 326 boosting-passed rows flagged; surfacing 20
2026-09-24 23:19:16,745 [INFO] fl_ids.fl.client: Client 1 round 15: 203 of 5724 boosting-passed rows flagged; surfacing 50
2026-09-24 23:19:19,596 [INFO] fl_ids.fl.client: Client 2 round 15: 92 of 2390 boosting-passed rows flagged; surfacing 50
2026-09-24 23:19:20,549 [INFO] fl_ids.fl.client: Client 3 round 15: 7 of 541 boosting-passed rows flagged; surfacing 7
2026-09-24 23:19:20,908 [INFO] fl_ids.fl.client: Client 4 round 15: 2 of 235 boosting-passed rows flagged; surfacing 2
2026-09-24 23:19:23,866 [INFO] fl_ids.fl.client: Client 5 round 15: 509 of 14300 boosting-passed rows flagged; surfacing 50
2026-09-24 23:19:29,893 [INFO] fl_ids.fl.client: Client 7 round 15: 4 of 803 boosting-passed rows flagged; surfacing 4
2026-09-24 23:19:31,294 [INFO] fl_ids.fl.client: Client 8 round 15: 245 of 8208 boosting-passed rows flagged; surfacing 50
2026-09-24 23:20:12,942 [INFO] fl_ids.models.boosting: Continued boosting training: +50 trees on 92582 rows (now 550 trees)
2026-09-24 23:20:12,943 [INFO] fl_ids.models.boosting_update: Round 15: boosting v6 (continue) from 83 alerts ({'Normal': 83}); 150 from excluded clients ignored
2026-09-24 23:20:13,425 [WARNING] fl_ids.fl.client: Client 6: no benign validation samples to evaluate on
2026-09-24 23:20:13,474 [WARNING] fl_ids.fl.client: Client 9: no benign validation samples to evaluate on
2026-09-24 23:20:13,474 [INFO] fl_ids.eval.simulation: Round 15: mean_val_loss=381566272421660416.0000, comm_bytes=583920
2026-09-24 23:20:33,349 [WARNING] fl_ids.fl.client: Client 6: no benign validation samples to evaluate on
2026-09-24 23:20:33,356 [WARNING] fl_ids.fl.client: Client 9: no benign validation samples to evaluate on
2026-09-24 23:20:33,356 [INFO] fl_ids.eval.simulation: Round 16: mean_val_loss=1046799871265898624.0000, comm_bytes=583920
2026-09-24 23:20:52,548 [WARNING] fl_ids.fl.client: Client 6: no benign validation samples to evaluate on
2026-09-24 23:20:52,550 [WARNING] fl_ids.fl.client: Client 9: no benign validation samples to evaluate on
2026-09-24 23:20:52,550 [INFO] fl_ids.eval.simulation: Round 17: mean_val_loss=2683130522512116224.0000, comm_bytes=583920
2026-09-24 23:20:52,749 [INFO] fl_ids.fl.client: Client 0 round 18: 20 of 325 boosting-passed rows flagged; surfacing 20
2026-09-24 23:20:54,583 [INFO] fl_ids.fl.client: Client 1 round 18: 211 of 5721 boosting-passed rows flagged; surfacing 50
2026-09-24 23:20:56,961 [INFO] fl_ids.fl.client: Client 2 round 18: 76 of 2390 boosting-passed rows flagged; surfacing 50
2026-09-24 23:20:58,330 [INFO] fl_ids.fl.client: Client 3 round 18: 7 of 540 boosting-passed rows flagged; surfacing 7
2026-09-24 23:20:58,638 [INFO] fl_ids.fl.client: Client 4 round 18: 1 of 236 boosting-passed rows flagged; surfacing 1
2026-09-24 23:21:01,820 [INFO] fl_ids.fl.client: Client 5 round 18: 529 of 14297 boosting-passed rows flagged; surfacing 50
2026-09-24 23:21:06,928 [INFO] fl_ids.fl.client: Client 7 round 18: 4 of 800 boosting-passed rows flagged; surfacing 4
2026-09-24 23:21:08,724 [INFO] fl_ids.fl.client: Client 8 round 18: 238 of 8206 boosting-passed rows flagged; surfacing 50
2026-09-24 23:21:58,453 [INFO] fl_ids.models.boosting: Continued boosting training: +50 trees on 92664 rows (now 600 trees)
2026-09-24 23:21:58,454 [INFO] fl_ids.models.boosting_update: Round 18: boosting v7 (continue) from 82 alerts ({'Normal': 82}); 150 from excluded clients ignored
2026-09-24 23:21:58,836 [WARNING] fl_ids.fl.client: Client 6: no benign validation samples to evaluate on
2026-09-24 23:21:58,846 [WARNING] fl_ids.fl.client: Client 9: no benign validation samples to evaluate on
2026-09-24 23:21:58,846 [INFO] fl_ids.eval.simulation: Round 18: mean_val_loss=6464710388120528896.0000, comm_bytes=583920
2026-09-24 23:22:20,482 [WARNING] fl_ids.fl.client: Client 6: no benign validation samples to evaluate on
2026-09-24 23:22:20,496 [WARNING] fl_ids.fl.client: Client 9: no benign validation samples to evaluate on
2026-09-24 23:22:20,496 [INFO] fl_ids.eval.simulation: Round 19: mean_val_loss=14683616372084586496.0000, comm_bytes=583920
2026-09-24 23:22:38,348 [WARNING] fl_ids.fl.client: Client 6: no benign validation samples to evaluate on
2026-09-24 23:22:38,355 [WARNING] fl_ids.fl.client: Client 9: no benign validation samples to evaluate on
2026-09-24 23:22:38,356 [INFO] fl_ids.eval.simulation: Round 20: mean_val_loss=31783927944488980480.0000, comm_bytes=583920
2026-09-24 23:22:38,381 [WARNING] fl_ids.eval.common: Clients [6, 9] have no benign validation rows (infinite threshold); 428 test rows can't be flagged by the autoencoder
2026-09-24 23:22:38,843 [INFO] fl_ids.eval.zero_day: zero-day holdout=DDoS_ICMP run=malicious_fraction=0.50: detection_rate=1.000
2026-09-24 23:22:41,242 [INFO] fl_ids.eval.common: Excluded classes ['DDoS_TCP'] from training: removed 2503 calibration rows, 1573 federated-pool rows
2026-09-24 23:22:41,243 [INFO] fl_ids.models.boosting: Training boosting classifier: 92982 samples, 15 classes, 300 rounds
2026-09-24 23:22:56,290 [INFO] fl_ids.eval.common: Evaluation setup: 92982 calibration, 58427 federated pool (subsampled), 8759 test rows across 10 clients
2026-09-24 23:23:08,607 [INFO] fl_ids.eval.simulation: Round 1: mean_val_loss=0.1370, comm_bytes=583920
2026-09-24 23:23:24,343 [INFO] fl_ids.eval.simulation: Round 2: mean_val_loss=0.0437, comm_bytes=583920
2026-09-24 23:23:24,694 [INFO] fl_ids.fl.client: Client 0 round 3: 135 of 4269 boosting-passed rows flagged; surfacing 50
2026-09-24 23:23:26,962 [INFO] fl_ids.fl.client: Client 1 round 3: 53 of 1312 boosting-passed rows flagged; surfacing 50
2026-09-24 23:23:27,820 [INFO] fl_ids.fl.client: Client 2 round 3: 235 of 6683 boosting-passed rows flagged; surfacing 50
2026-09-24 23:23:31,055 [INFO] fl_ids.fl.client: Client 3 round 3: 51 of 2545 boosting-passed rows flagged; surfacing 50
2026-09-24 23:23:32,183 [INFO] fl_ids.fl.client: Client 4 round 3: 121 of 4934 boosting-passed rows flagged; surfacing 50
2026-09-24 23:23:34,280 [INFO] fl_ids.fl.client: Client 5 round 3: 52 of 899 boosting-passed rows flagged; surfacing 50
2026-09-24 23:23:34,852 [INFO] fl_ids.fl.client: Client 6 round 3: 86 of 1782 boosting-passed rows flagged; surfacing 50
2026-09-24 23:23:35,729 [INFO] fl_ids.fl.client: Client 7 round 3: 51 of 1704 boosting-passed rows flagged; surfacing 50
2026-09-24 23:23:36,696 [INFO] fl_ids.fl.client: Client 8 round 3: 16 of 310 boosting-passed rows flagged; surfacing 16
2026-09-24 23:23:38,468 [INFO] fl_ids.fl.client: Client 9 round 3: 277 of 8435 boosting-passed rows flagged; surfacing 50
2026-09-24 23:24:05,796 [INFO] fl_ids.models.boosting: Continued boosting training: +50 trees on 93432 rows (now 350 trees)
2026-09-24 23:24:05,796 [INFO] fl_ids.models.boosting_update: Round 3: boosting v2 (continue) from 450 alerts ({'Backdoor': 2, 'DDoS_HTTP': 2, 'Fingerprinting': 2, 'Normal': 404, 'Port_Scanning': 29, 'Ransomware': 4, 'Uploading': 3, 'Vulnerability_scanner': 3, 'XSS': 1}); 16 from excluded clients ignored
2026-09-24 23:24:06,017 [INFO] fl_ids.eval.simulation: Round 3: mean_val_loss=0.0292, comm_bytes=583920
2026-09-24 23:24:18,528 [INFO] fl_ids.eval.simulation: Round 4: mean_val_loss=0.0201, comm_bytes=583920
2026-09-24 23:24:30,909 [INFO] fl_ids.eval.simulation: Round 5: mean_val_loss=0.0160, comm_bytes=583920
2026-09-24 23:24:31,412 [INFO] fl_ids.fl.client: Client 0 round 6: 195 of 4246 boosting-passed rows flagged; surfacing 50
2026-09-24 23:24:32,710 [INFO] fl_ids.fl.client: Client 1 round 6: 40 of 1311 boosting-passed rows flagged; surfacing 40
2026-09-24 23:24:33,766 [INFO] fl_ids.fl.client: Client 2 round 6: 229 of 6681 boosting-passed rows flagged; surfacing 50
2026-09-24 23:24:35,925 [INFO] fl_ids.fl.client: Client 3 round 6: 60 of 2544 boosting-passed rows flagged; surfacing 50
2026-09-24 23:24:37,113 [INFO] fl_ids.fl.client: Client 4 round 6: 148 of 4927 boosting-passed rows flagged; surfacing 50
2026-09-24 23:24:38,482 [INFO] fl_ids.fl.client: Client 5 round 6: 35 of 898 boosting-passed rows flagged; surfacing 35
2026-09-24 23:24:38,976 [INFO] fl_ids.fl.client: Client 6 round 6: 67 of 1781 boosting-passed rows flagged; surfacing 50
2026-09-24 23:24:39,703 [INFO] fl_ids.fl.client: Client 7 round 6: 97 of 1701 boosting-passed rows flagged; surfacing 50
2026-09-24 23:24:40,225 [INFO] fl_ids.fl.client: Client 8 round 6: 18 of 304 boosting-passed rows flagged; surfacing 18
2026-09-24 23:24:41,377 [INFO] fl_ids.fl.client: Client 9 round 6: 287 of 8438 boosting-passed rows flagged; surfacing 50
2026-09-24 23:25:16,891 [INFO] fl_ids.models.boosting: Continued boosting training: +50 trees on 93772 rows (now 400 trees)
2026-09-24 23:25:16,891 [INFO] fl_ids.models.boosting_update: Round 6: boosting v3 (continue) from 340 alerts ({'Backdoor': 4, 'DDoS_HTTP': 3, 'Normal': 304, 'Password': 3, 'Port_Scanning': 15, 'Ransomware': 1, 'Uploading': 8, 'Vulnerability_scanner': 2}); 103 from excluded clients ignored
2026-09-24 23:25:17,344 [INFO] fl_ids.eval.simulation: Round 6: mean_val_loss=0.0136, comm_bytes=583920
2026-09-24 23:25:33,817 [INFO] fl_ids.eval.simulation: Round 7: mean_val_loss=0.0112, comm_bytes=583920
2026-09-24 23:25:49,879 [INFO] fl_ids.eval.simulation: Round 8: mean_val_loss=0.0100, comm_bytes=583920
2026-09-24 23:25:50,804 [INFO] fl_ids.fl.client: Client 0 round 9: 187 of 4240 boosting-passed rows flagged; surfacing 50
2026-09-24 23:25:52,282 [INFO] fl_ids.fl.client: Client 1 round 9: 51 of 1308 boosting-passed rows flagged; surfacing 50
2026-09-24 23:25:53,487 [INFO] fl_ids.fl.client: Client 2 round 9: 249 of 6681 boosting-passed rows flagged; surfacing 50
2026-09-24 23:25:56,919 [INFO] fl_ids.fl.client: Client 3 round 9: 99 of 2541 boosting-passed rows flagged; surfacing 50
2026-09-24 23:25:58,315 [INFO] fl_ids.fl.client: Client 4 round 9: 167 of 4926 boosting-passed rows flagged; surfacing 50
2026-09-24 23:25:59,803 [INFO] fl_ids.fl.client: Client 5 round 9: 18 of 898 boosting-passed rows flagged; surfacing 18
2026-09-24 23:26:00,358 [INFO] fl_ids.fl.client: Client 6 round 9: 62 of 1779 boosting-passed rows flagged; surfacing 50
2026-09-24 23:26:01,326 [INFO] fl_ids.fl.client: Client 7 round 9: 75 of 1698 boosting-passed rows flagged; surfacing 50
2026-09-24 23:26:01,842 [INFO] fl_ids.fl.client: Client 8 round 9: 17 of 304 boosting-passed rows flagged; surfacing 17
2026-09-24 23:26:03,143 [INFO] fl_ids.fl.client: Client 9 round 9: 304 of 8435 boosting-passed rows flagged; surfacing 50
2026-09-24 23:26:33,597 [INFO] fl_ids.models.boosting: Continued boosting training: +50 trees on 94207 rows (now 450 trees)
2026-09-24 23:26:33,597 [INFO] fl_ids.models.boosting_update: Round 9: boosting v4 (continue) from 435 alerts ({'Backdoor': 7, 'DDoS_HTTP': 5, 'Fingerprinting': 3, 'Normal': 356, 'Password': 6, 'Port_Scanning': 12, 'Ransomware': 4, 'SQL_injection': 1, 'Uploading': 33, 'Vulnerability_scanner': 5, 'XSS': 3}); 0 from excluded clients ignored
2026-09-24 23:26:33,917 [INFO] fl_ids.eval.simulation: Round 9: mean_val_loss=0.0098, comm_bytes=583920
2026-09-24 23:26:50,543 [INFO] fl_ids.eval.simulation: Round 10: mean_val_loss=0.0092, comm_bytes=583920
2026-09-24 23:27:06,292 [INFO] fl_ids.eval.simulation: Round 11: mean_val_loss=0.0094, comm_bytes=583920
2026-09-24 23:27:06,962 [INFO] fl_ids.fl.client: Client 0 round 12: 180 of 4236 boosting-passed rows flagged; surfacing 50
2026-09-24 23:27:08,334 [INFO] fl_ids.fl.client: Client 1 round 12: 50 of 1306 boosting-passed rows flagged; surfacing 50
2026-09-24 23:27:09,628 [INFO] fl_ids.fl.client: Client 2 round 12: 203 of 6677 boosting-passed rows flagged; surfacing 50
2026-09-24 23:27:11,890 [INFO] fl_ids.fl.client: Client 3 round 12: 99 of 2542 boosting-passed rows flagged; surfacing 50
2026-09-24 23:27:13,220 [INFO] fl_ids.fl.client: Client 4 round 12: 152 of 4924 boosting-passed rows flagged; surfacing 50
2026-09-24 23:27:14,601 [INFO] fl_ids.fl.client: Client 5 round 12: 18 of 898 boosting-passed rows flagged; surfacing 18
2026-09-24 23:27:15,175 [INFO] fl_ids.fl.client: Client 6 round 12: 65 of 1779 boosting-passed rows flagged; surfacing 50
2026-09-24 23:27:15,948 [INFO] fl_ids.fl.client: Client 7 round 12: 65 of 1694 boosting-passed rows flagged; surfacing 50
2026-09-24 23:27:16,480 [INFO] fl_ids.fl.client: Client 8 round 12: 17 of 301 boosting-passed rows flagged; surfacing 17
2026-09-24 23:27:17,948 [INFO] fl_ids.fl.client: Client 9 round 12: 294 of 8433 boosting-passed rows flagged; surfacing 50
2026-09-24 23:27:58,163 [INFO] fl_ids.models.boosting: Continued boosting training: +50 trees on 94625 rows (now 500 trees)
2026-09-24 23:27:58,163 [INFO] fl_ids.models.boosting_update: Round 12: boosting v5 (continue) from 418 alerts ({'Backdoor': 5, 'DDoS_HTTP': 3, 'Fingerprinting': 3, 'Normal': 352, 'Password': 5, 'Port_Scanning': 6, 'Ransomware': 3, 'SQL_injection': 1, 'Uploading': 31, 'Vulnerability_scanner': 5, 'XSS': 4}); 17 from excluded clients ignored
2026-09-24 23:27:58,592 [INFO] fl_ids.eval.simulation: Round 12: mean_val_loss=0.0089, comm_bytes=583920
2026-09-24 23:28:16,264 [INFO] fl_ids.eval.simulation: Round 13: mean_val_loss=0.0090, comm_bytes=583920
2026-09-24 23:28:31,148 [INFO] fl_ids.eval.simulation: Round 14: mean_val_loss=0.0084, comm_bytes=583920
2026-09-24 23:28:31,939 [INFO] fl_ids.fl.client: Client 0 round 15: 170 of 4231 boosting-passed rows flagged; surfacing 50
2026-09-24 23:28:33,366 [INFO] fl_ids.fl.client: Client 1 round 15: 61 of 1303 boosting-passed rows flagged; surfacing 50
2026-09-24 23:28:34,876 [INFO] fl_ids.fl.client: Client 2 round 15: 211 of 6677 boosting-passed rows flagged; surfacing 50
2026-09-24 23:28:37,364 [INFO] fl_ids.fl.client: Client 3 round 15: 83 of 2540 boosting-passed rows flagged; surfacing 50
2026-09-24 23:28:38,837 [INFO] fl_ids.fl.client: Client 4 round 15: 162 of 4925 boosting-passed rows flagged; surfacing 50
2026-09-24 23:28:40,327 [INFO] fl_ids.fl.client: Client 5 round 15: 31 of 893 boosting-passed rows flagged; surfacing 31
2026-09-24 23:28:40,971 [INFO] fl_ids.fl.client: Client 6 round 15: 37 of 1777 boosting-passed rows flagged; surfacing 37
2026-09-24 23:28:41,903 [INFO] fl_ids.fl.client: Client 7 round 15: 72 of 1696 boosting-passed rows flagged; surfacing 50
2026-09-24 23:28:42,510 [INFO] fl_ids.fl.client: Client 8 round 15: 17 of 300 boosting-passed rows flagged; surfacing 17
2026-09-24 23:28:44,213 [INFO] fl_ids.fl.client: Client 9 round 15: 294 of 8434 boosting-passed rows flagged; surfacing 50
2026-09-24 23:29:32,262 [INFO] fl_ids.models.boosting: Continued boosting training: +50 trees on 95060 rows (now 550 trees)
2026-09-24 23:29:32,263 [INFO] fl_ids.models.boosting_update: Round 15: boosting v6 (continue) from 435 alerts ({'Backdoor': 6, 'DDoS_HTTP': 5, 'DDoS_ICMP': 1, 'Fingerprinting': 1, 'Normal': 358, 'Password': 4, 'Port_Scanning': 11, 'Ransomware': 5, 'SQL_injection': 3, 'Uploading': 29, 'Vulnerability_scanner': 5, 'XSS': 7}); 0 from excluded clients ignored
2026-09-24 23:29:32,550 [INFO] fl_ids.eval.simulation: Round 15: mean_val_loss=0.0084, comm_bytes=583920
2026-09-24 23:29:48,700 [INFO] fl_ids.eval.simulation: Round 16: mean_val_loss=0.0079, comm_bytes=583920
2026-09-24 23:30:04,631 [INFO] fl_ids.eval.simulation: Round 17: mean_val_loss=0.0079, comm_bytes=583920
2026-09-24 23:30:05,551 [INFO] fl_ids.fl.client: Client 0 round 18: 117 of 4225 boosting-passed rows flagged; surfacing 50
2026-09-24 23:30:07,237 [INFO] fl_ids.fl.client: Client 1 round 18: 68 of 1304 boosting-passed rows flagged; surfacing 50
2026-09-24 23:30:08,869 [INFO] fl_ids.fl.client: Client 2 round 18: 204 of 6678 boosting-passed rows flagged; surfacing 50
2026-09-24 23:30:11,391 [INFO] fl_ids.fl.client: Client 3 round 18: 80 of 2535 boosting-passed rows flagged; surfacing 50
2026-09-24 23:30:12,996 [INFO] fl_ids.fl.client: Client 4 round 18: 207 of 4925 boosting-passed rows flagged; surfacing 50
2026-09-24 23:30:15,172 [INFO] fl_ids.fl.client: Client 5 round 18: 30 of 892 boosting-passed rows flagged; surfacing 30
2026-09-24 23:30:15,787 [INFO] fl_ids.fl.client: Client 6 round 18: 34 of 1778 boosting-passed rows flagged; surfacing 34
2026-09-24 23:30:16,861 [INFO] fl_ids.fl.client: Client 7 round 18: 46 of 1694 boosting-passed rows flagged; surfacing 46
2026-09-24 23:30:17,965 [INFO] fl_ids.fl.client: Client 8 round 18: 14 of 297 boosting-passed rows flagged; surfacing 14
2026-09-24 23:30:19,977 [INFO] fl_ids.fl.client: Client 9 round 18: 273 of 8432 boosting-passed rows flagged; surfacing 50
2026-09-24 23:31:16,747 [INFO] fl_ids.models.boosting: Continued boosting training: +50 trees on 95420 rows (now 600 trees)
2026-09-24 23:31:16,747 [INFO] fl_ids.models.boosting_update: Round 18: boosting v7 (continue) from 360 alerts ({'Backdoor': 8, 'DDoS_HTTP': 5, 'Fingerprinting': 1, 'Normal': 308, 'Password': 11, 'Port_Scanning': 6, 'Ransomware': 5, 'SQL_injection': 3, 'Uploading': 8, 'Vulnerability_scanner': 3, 'XSS': 2}); 64 from excluded clients ignored
2026-09-24 23:31:17,056 [INFO] fl_ids.eval.simulation: Round 18: mean_val_loss=0.0076, comm_bytes=583920
2026-09-24 23:31:34,507 [INFO] fl_ids.eval.simulation: Round 19: mean_val_loss=0.0076, comm_bytes=583920
2026-09-24 23:31:54,979 [INFO] fl_ids.eval.simulation: Round 20: mean_val_loss=0.0074, comm_bytes=583920
2026-09-24 23:31:56,023 [INFO] fl_ids.eval.zero_day: zero-day holdout=DDoS_TCP run=malicious_fraction=0.00: detection_rate=0.999
2026-09-24 23:32:12,714 [INFO] fl_ids.eval.simulation: Round 1: mean_val_loss=0.1409, comm_bytes=583920
2026-09-24 23:32:27,594 [INFO] fl_ids.eval.simulation: Round 2: mean_val_loss=0.0453, comm_bytes=583920
2026-09-24 23:32:28,159 [INFO] fl_ids.fl.client: Client 0 round 3: 123 of 4269 boosting-passed rows flagged; surfacing 50
2026-09-24 23:32:30,819 [INFO] fl_ids.fl.client: Client 1 round 3: 51 of 1312 boosting-passed rows flagged; surfacing 50
2026-09-24 23:32:31,723 [INFO] fl_ids.fl.client: Client 2 round 3: 223 of 6683 boosting-passed rows flagged; surfacing 50
2026-09-24 23:32:33,972 [INFO] fl_ids.fl.client: Client 3 round 3: 51 of 2545 boosting-passed rows flagged; surfacing 50
2026-09-24 23:32:35,277 [INFO] fl_ids.fl.client: Client 4 round 3: 122 of 4934 boosting-passed rows flagged; surfacing 50
2026-09-24 23:32:36,835 [INFO] fl_ids.fl.client: Client 5 round 3: 38 of 899 boosting-passed rows flagged; surfacing 38
2026-09-24 23:32:37,290 [INFO] fl_ids.fl.client: Client 6 round 3: 106 of 1782 boosting-passed rows flagged; surfacing 50
2026-09-24 23:32:37,977 [INFO] fl_ids.fl.client: Client 7 round 3: 51 of 1704 boosting-passed rows flagged; surfacing 50
2026-09-24 23:32:38,491 [INFO] fl_ids.fl.client: Client 8 round 3: 13 of 310 boosting-passed rows flagged; surfacing 13
2026-09-24 23:32:39,470 [INFO] fl_ids.fl.client: Client 9 round 3: 283 of 8435 boosting-passed rows flagged; surfacing 50
2026-09-24 23:33:00,536 [INFO] fl_ids.models.boosting: Continued boosting training: +50 trees on 93320 rows (now 350 trees)
2026-09-24 23:33:00,536 [INFO] fl_ids.models.boosting_update: Round 3: boosting v2 (continue) from 338 alerts ({'Backdoor': 2, 'DDoS_HTTP': 1, 'Fingerprinting': 2, 'Normal': 314, 'Port_Scanning': 9, 'Ransomware': 3, 'Uploading': 3, 'Vulnerability_scanner': 3, 'XSS': 1}); 113 from excluded clients ignored
2026-09-24 23:33:00,732 [INFO] fl_ids.eval.simulation: Round 3: mean_val_loss=0.0267, comm_bytes=583920
2026-09-24 23:33:13,226 [INFO] fl_ids.eval.simulation: Round 4: mean_val_loss=0.0184, comm_bytes=583920
2026-09-24 23:33:28,175 [INFO] fl_ids.eval.simulation: Round 5: mean_val_loss=0.0160, comm_bytes=583920
2026-09-24 23:33:28,593 [INFO] fl_ids.fl.client: Client 0 round 6: 210 of 4262 boosting-passed rows flagged; surfacing 50
2026-09-24 23:33:31,448 [INFO] fl_ids.fl.client: Client 1 round 6: 48 of 1311 boosting-passed rows flagged; surfacing 48
2026-09-24 23:33:32,531 [INFO] fl_ids.fl.client: Client 2 round 6: 262 of 6680 boosting-passed rows flagged; surfacing 50
2026-09-24 23:33:34,888 [INFO] fl_ids.fl.client: Client 3 round 6: 99 of 2544 boosting-passed rows flagged; surfacing 50
2026-09-24 23:33:36,013 [INFO] fl_ids.fl.client: Client 4 round 6: 139 of 4929 boosting-passed rows flagged; surfacing 50
2026-09-24 23:33:38,549 [INFO] fl_ids.fl.client: Client 5 round 6: 24 of 895 boosting-passed rows flagged; surfacing 24
2026-09-24 23:33:39,038 [INFO] fl_ids.fl.client: Client 6 round 6: 97 of 1781 boosting-passed rows flagged; surfacing 50
2026-09-24 23:33:39,821 [INFO] fl_ids.fl.client: Client 7 round 6: 65 of 1704 boosting-passed rows flagged; surfacing 50
2026-09-24 23:33:40,382 [INFO] fl_ids.fl.client: Client 8 round 6: 14 of 307 boosting-passed rows flagged; surfacing 14
2026-09-24 23:33:41,432 [INFO] fl_ids.fl.client: Client 9 round 6: 296 of 8435 boosting-passed rows flagged; surfacing 50
2026-09-24 23:34:16,753 [INFO] fl_ids.models.boosting: Continued boosting training: +50 trees on 93656 rows (now 400 trees)
2026-09-24 23:34:16,753 [INFO] fl_ids.models.boosting_update: Round 6: boosting v3 (continue) from 336 alerts ({'Backdoor': 6, 'DDoS_HTTP': 1, 'Fingerprinting': 2, 'Normal': 290, 'Password': 3, 'Port_Scanning': 9, 'Ransomware': 4, 'SQL_injection': 1, 'Uploading': 16, 'Vulnerability_scanner': 2, 'XSS': 2}); 100 from excluded clients ignored
2026-09-24 23:34:17,039 [INFO] fl_ids.eval.simulation: Round 6: mean_val_loss=0.0150, comm_bytes=583920
2026-09-24 23:34:32,920 [INFO] fl_ids.eval.simulation: Round 7: mean_val_loss=0.0138, comm_bytes=583920
2026-09-24 23:34:45,715 [INFO] fl_ids.eval.simulation: Round 8: mean_val_loss=0.0124, comm_bytes=583920
2026-09-24 23:34:46,274 [INFO] fl_ids.fl.client: Client 0 round 9: 195 of 4263 boosting-passed rows flagged; surfacing 50
2026-09-24 23:34:47,582 [INFO] fl_ids.fl.client: Client 1 round 9: 60 of 1309 boosting-passed rows flagged; surfacing 50
2026-09-24 23:34:48,728 [INFO] fl_ids.fl.client: Client 2 round 9: 190 of 6680 boosting-passed rows flagged; surfacing 50
2026-09-24 23:34:50,962 [INFO] fl_ids.fl.client: Client 3 round 9: 120 of 2546 boosting-passed rows flagged; surfacing 50
2026-09-24 23:34:52,213 [INFO] fl_ids.fl.client: Client 4 round 9: 172 of 4927 boosting-passed rows flagged; surfacing 50
2026-09-24 23:34:53,556 [INFO] fl_ids.fl.client: Client 5 round 9: 18 of 893 boosting-passed rows flagged; surfacing 18
2026-09-24 23:34:54,159 [INFO] fl_ids.fl.client: Client 6 round 9: 81 of 1780 boosting-passed rows flagged; surfacing 50
2026-09-24 23:34:54,985 [INFO] fl_ids.fl.client: Client 7 round 9: 64 of 1700 boosting-passed rows flagged; surfacing 50
2026-09-24 23:34:55,515 [INFO] fl_ids.fl.client: Client 8 round 9: 18 of 304 boosting-passed rows flagged; surfacing 18
2026-09-24 23:34:56,761 [INFO] fl_ids.fl.client: Client 9 round 9: 300 of 8430 boosting-passed rows flagged; surfacing 50
2026-09-24 23:35:33,708 [INFO] fl_ids.models.boosting: Continued boosting training: +50 trees on 93992 rows (now 450 trees)
2026-09-24 23:35:33,708 [INFO] fl_ids.models.boosting_update: Round 9: boosting v4 (continue) from 336 alerts ({'Backdoor': 3, 'DDoS_HTTP': 5, 'Fingerprinting': 2, 'Normal': 275, 'Password': 8, 'Port_Scanning': 4, 'Ransomware': 3, 'Uploading': 31, 'Vulnerability_scanner': 4, 'XSS': 1}); 100 from excluded clients ignored
2026-09-24 23:35:33,946 [INFO] fl_ids.eval.simulation: Round 9: mean_val_loss=0.0111, comm_bytes=583920
2026-09-24 23:35:47,606 [INFO] fl_ids.eval.simulation: Round 10: mean_val_loss=0.0099, comm_bytes=583920
2026-09-24 23:36:01,310 [INFO] fl_ids.eval.simulation: Round 11: mean_val_loss=0.0092, comm_bytes=583920
2026-09-24 23:36:01,946 [INFO] fl_ids.fl.client: Client 0 round 12: 204 of 4260 boosting-passed rows flagged; surfacing 50
2026-09-24 23:36:03,274 [INFO] fl_ids.fl.client: Client 1 round 12: 22 of 1305 boosting-passed rows flagged; surfacing 22
2026-09-24 23:36:04,555 [INFO] fl_ids.fl.client: Client 2 round 12: 199 of 6681 boosting-passed rows flagged; surfacing 50
2026-09-24 23:36:07,649 [INFO] fl_ids.fl.client: Client 3 round 12: 85 of 2541 boosting-passed rows flagged; surfacing 50
2026-09-24 23:36:09,739 [INFO] fl_ids.fl.client: Client 4 round 12: 176 of 4926 boosting-passed rows flagged; surfacing 50
2026-09-24 23:36:11,934 [INFO] fl_ids.fl.client: Client 5 round 12: 21 of 893 boosting-passed rows flagged; surfacing 21
2026-09-24 23:36:12,658 [INFO] fl_ids.fl.client: Client 6 round 12: 79 of 1780 boosting-passed rows flagged; surfacing 50
2026-09-24 23:36:14,381 [INFO] fl_ids.fl.client: Client 7 round 12: 70 of 1702 boosting-passed rows flagged; surfacing 50
2026-09-24 23:36:15,007 [INFO] fl_ids.fl.client: Client 8 round 12: 8 of 302 boosting-passed rows flagged; surfacing 8
2026-09-24 23:36:16,219 [INFO] fl_ids.fl.client: Client 9 round 12: 296 of 8430 boosting-passed rows flagged; surfacing 50
2026-09-24 23:36:57,923 [INFO] fl_ids.models.boosting: Continued boosting training: +50 trees on 94293 rows (now 500 trees)
2026-09-24 23:36:57,923 [INFO] fl_ids.models.boosting_update: Round 12: boosting v5 (continue) from 301 alerts ({'Backdoor': 2, 'DDoS_HTTP': 1, 'DDoS_ICMP': 1, 'Fingerprinting': 2, 'Normal': 259, 'Password': 1, 'Port_Scanning': 2, 'Ransomware': 2, 'SQL_injection': 2, 'Uploading': 25, 'Vulnerability_scanner': 1, 'XSS': 3}); 100 from excluded clients ignored
2026-09-24 23:36:58,186 [INFO] fl_ids.eval.simulation: Round 12: mean_val_loss=0.0090, comm_bytes=583920
2026-09-24 23:37:13,342 [INFO] fl_ids.eval.simulation: Round 13: mean_val_loss=0.0088, comm_bytes=583920
2026-09-24 23:37:32,320 [INFO] fl_ids.eval.simulation: Round 14: mean_val_loss=0.0085, comm_bytes=583920
2026-09-24 23:37:33,021 [INFO] fl_ids.fl.client: Client 0 round 15: 177 of 4252 boosting-passed rows flagged; surfacing 50
2026-09-24 23:37:34,573 [INFO] fl_ids.fl.client: Client 1 round 15: 46 of 1304 boosting-passed rows flagged; surfacing 46
2026-09-24 23:37:36,881 [INFO] fl_ids.fl.client: Client 2 round 15: 202 of 6683 boosting-passed rows flagged; surfacing 50
2026-09-24 23:37:39,848 [INFO] fl_ids.fl.client: Client 3 round 15: 83 of 2539 boosting-passed rows flagged; surfacing 50
2026-09-24 23:37:41,967 [INFO] fl_ids.fl.client: Client 4 round 15: 210 of 4925 boosting-passed rows flagged; surfacing 50
2026-09-24 23:37:44,603 [INFO] fl_ids.fl.client: Client 5 round 15: 32 of 890 boosting-passed rows flagged; surfacing 32
2026-09-24 23:37:45,170 [INFO] fl_ids.fl.client: Client 6 round 15: 42 of 1779 boosting-passed rows flagged; surfacing 42
2026-09-24 23:37:46,118 [INFO] fl_ids.fl.client: Client 7 round 15: 78 of 1703 boosting-passed rows flagged; surfacing 50
2026-09-24 23:37:46,713 [INFO] fl_ids.fl.client: Client 8 round 15: 8 of 300 boosting-passed rows flagged; surfacing 8
2026-09-24 23:37:48,477 [INFO] fl_ids.fl.client: Client 9 round 15: 314 of 8430 boosting-passed rows flagged; surfacing 50
2026-09-24 23:38:34,952 [INFO] fl_ids.models.boosting: Continued boosting training: +50 trees on 94563 rows (now 550 trees)
2026-09-24 23:38:34,953 [INFO] fl_ids.models.boosting_update: Round 15: boosting v6 (continue) from 270 alerts ({'Backdoor': 7, 'DDoS_HTTP': 11, 'Fingerprinting': 1, 'Normal': 211, 'Password': 11, 'Ransomware': 6, 'SQL_injection': 7, 'Uploading': 8, 'Vulnerability_scanner': 5, 'XSS': 3}); 158 from excluded clients ignored
2026-09-24 23:38:35,267 [INFO] fl_ids.eval.simulation: Round 15: mean_val_loss=0.0083, comm_bytes=583920
2026-09-24 23:38:55,543 [INFO] fl_ids.eval.simulation: Round 16: mean_val_loss=0.0081, comm_bytes=583920
2026-09-24 23:39:16,249 [INFO] fl_ids.eval.simulation: Round 17: mean_val_loss=0.0090, comm_bytes=583920
2026-09-24 23:39:17,171 [INFO] fl_ids.fl.client: Client 0 round 18: 203 of 4253 boosting-passed rows flagged; surfacing 50
2026-09-24 23:39:19,022 [INFO] fl_ids.fl.client: Client 1 round 18: 26 of 1305 boosting-passed rows flagged; surfacing 26
2026-09-24 23:39:21,586 [INFO] fl_ids.fl.client: Client 2 round 18: 268 of 6681 boosting-passed rows flagged; surfacing 50
2026-09-24 23:39:24,890 [INFO] fl_ids.fl.client: Client 3 round 18: 51 of 2538 boosting-passed rows flagged; surfacing 50
2026-09-24 23:39:26,817 [INFO] fl_ids.fl.client: Client 4 round 18: 144 of 4924 boosting-passed rows flagged; surfacing 50
2026-09-24 23:39:28,919 [INFO] fl_ids.fl.client: Client 5 round 18: 32 of 890 boosting-passed rows flagged; surfacing 32
2026-09-24 23:39:29,713 [INFO] fl_ids.fl.client: Client 6 round 18: 33 of 1780 boosting-passed rows flagged; surfacing 33
2026-09-24 23:39:30,855 [INFO] fl_ids.fl.client: Client 7 round 18: 43 of 1701 boosting-passed rows flagged; surfacing 43
2026-09-24 23:39:32,136 [INFO] fl_ids.fl.client: Client 8 round 18: 6 of 299 boosting-passed rows flagged; surfacing 6
2026-09-24 23:39:34,498 [INFO] fl_ids.fl.client: Client 9 round 18: 275 of 8426 boosting-passed rows flagged; surfacing 50
2026-09-24 23:40:29,323 [INFO] fl_ids.models.boosting: Continued boosting training: +50 trees on 94860 rows (now 600 trees)
2026-09-24 23:40:29,323 [INFO] fl_ids.models.boosting_update: Round 18: boosting v7 (continue) from 297 alerts ({'Backdoor': 2, 'DDoS_HTTP': 16, 'Fingerprinting': 1, 'Normal': 235, 'Password': 8, 'Ransomware': 5, 'SQL_injection': 6, 'Uploading': 18, 'Vulnerability_scanner': 1, 'XSS': 5}); 93 from excluded clients ignored
2026-09-24 23:40:29,729 [INFO] fl_ids.eval.simulation: Round 18: mean_val_loss=0.0080, comm_bytes=583920
2026-09-24 23:40:53,016 [INFO] fl_ids.eval.simulation: Round 19: mean_val_loss=0.0089, comm_bytes=583920
2026-09-24 23:41:12,973 [INFO] fl_ids.eval.simulation: Round 20: mean_val_loss=0.0082, comm_bytes=583920
2026-09-24 23:41:14,054 [INFO] fl_ids.eval.zero_day: zero-day holdout=DDoS_TCP run=malicious_fraction=0.20: detection_rate=1.000
2026-09-24 23:41:26,201 [INFO] fl_ids.eval.simulation: Round 1: mean_val_loss=0.1980, comm_bytes=583920
2026-09-24 23:41:38,004 [INFO] fl_ids.eval.simulation: Round 2: mean_val_loss=0.0626, comm_bytes=583920
2026-09-24 23:41:38,463 [INFO] fl_ids.fl.client: Client 0 round 3: 164 of 4269 boosting-passed rows flagged; surfacing 50
2026-09-24 23:41:39,709 [INFO] fl_ids.fl.client: Client 1 round 3: 38 of 1312 boosting-passed rows flagged; surfacing 38
2026-09-24 23:41:40,659 [INFO] fl_ids.fl.client: Client 2 round 3: 246 of 6683 boosting-passed rows flagged; surfacing 50
2026-09-24 23:41:42,753 [INFO] fl_ids.fl.client: Client 3 round 3: 51 of 2545 boosting-passed rows flagged; surfacing 50
2026-09-24 23:41:43,931 [INFO] fl_ids.fl.client: Client 4 round 3: 180 of 4934 boosting-passed rows flagged; surfacing 50
2026-09-24 23:41:45,264 [INFO] fl_ids.fl.client: Client 5 round 3: 30 of 899 boosting-passed rows flagged; surfacing 30
2026-09-24 23:41:45,719 [INFO] fl_ids.fl.client: Client 6 round 3: 62 of 1782 boosting-passed rows flagged; surfacing 50
2026-09-24 23:41:46,405 [INFO] fl_ids.fl.client: Client 7 round 3: 45 of 1704 boosting-passed rows flagged; surfacing 45
2026-09-24 23:41:46,910 [INFO] fl_ids.fl.client: Client 8 round 3: 12 of 310 boosting-passed rows flagged; surfacing 12
2026-09-24 23:41:47,881 [INFO] fl_ids.fl.client: Client 9 round 3: 280 of 8435 boosting-passed rows flagged; surfacing 50
2026-09-24 23:42:15,158 [INFO] fl_ids.models.boosting: Continued boosting training: +50 trees on 93257 rows (now 350 trees)
2026-09-24 23:42:15,159 [INFO] fl_ids.models.boosting_update: Round 3: boosting v2 (continue) from 275 alerts ({'Backdoor': 2, 'DDoS_HTTP': 3, 'Fingerprinting': 2, 'Normal': 241, 'Password': 1, 'Port_Scanning': 15, 'Ransomware': 4, 'Uploading': 3, 'Vulnerability_scanner': 2, 'XSS': 2}); 150 from excluded clients ignored
2026-09-24 23:42:15,564 [INFO] fl_ids.eval.simulation: Round 3: mean_val_loss=0.0411, comm_bytes=583920
2026-09-24 23:42:32,381 [INFO] fl_ids.eval.simulation: Round 4: mean_val_loss=0.0324, comm_bytes=583920
2026-09-24 23:42:45,753 [INFO] fl_ids.eval.simulation: Round 5: mean_val_loss=0.0263, comm_bytes=583920
2026-09-24 23:42:46,148 [INFO] fl_ids.fl.client: Client 0 round 6: 127 of 4260 boosting-passed rows flagged; surfacing 50
2026-09-24 23:42:47,601 [INFO] fl_ids.fl.client: Client 1 round 6: 31 of 1310 boosting-passed rows flagged; surfacing 31
2026-09-24 23:42:48,743 [INFO] fl_ids.fl.client: Client 2 round 6: 219 of 6684 boosting-passed rows flagged; surfacing 50
2026-09-24 23:42:51,192 [INFO] fl_ids.fl.client: Client 3 round 6: 56 of 2545 boosting-passed rows flagged; surfacing 50
2026-09-24 23:42:52,451 [INFO] fl_ids.fl.client: Client 4 round 6: 156 of 4931 boosting-passed rows flagged; surfacing 50
2026-09-24 23:42:54,013 [INFO] fl_ids.fl.client: Client 5 round 6: 34 of 898 boosting-passed rows flagged; surfacing 34
2026-09-24 23:42:54,438 [INFO] fl_ids.fl.client: Client 6 round 6: 69 of 1783 boosting-passed rows flagged; surfacing 50
2026-09-24 23:42:55,181 [INFO] fl_ids.fl.client: Client 7 round 6: 52 of 1701 boosting-passed rows flagged; surfacing 50
2026-09-24 23:42:55,830 [INFO] fl_ids.fl.client: Client 8 round 6: 14 of 307 boosting-passed rows flagged; surfacing 14
2026-09-24 23:42:56,760 [INFO] fl_ids.fl.client: Client 9 round 6: 280 of 8445 boosting-passed rows flagged; surfacing 50
2026-09-24 23:43:23,921 [INFO] fl_ids.models.boosting: Continued boosting training: +50 trees on 93536 rows (now 400 trees)
2026-09-24 23:43:23,921 [INFO] fl_ids.models.boosting_update: Round 6: boosting v3 (continue) from 279 alerts ({'Backdoor': 2, 'DDoS_HTTP': 1, 'Fingerprinting': 2, 'Normal': 250, 'Port_Scanning': 10, 'Ransomware': 4, 'SQL_injection': 1, 'Uploading': 4, 'Vulnerability_scanner': 4, 'XSS': 1}); 150 from excluded clients ignored
2026-09-24 23:43:24,124 [INFO] fl_ids.eval.simulation: Round 6: mean_val_loss=0.0220, comm_bytes=583920
2026-09-24 23:43:37,710 [INFO] fl_ids.eval.simulation: Round 7: mean_val_loss=0.0186, comm_bytes=583920
2026-09-24 23:43:50,942 [INFO] fl_ids.eval.simulation: Round 8: mean_val_loss=0.0161, comm_bytes=583920
2026-09-24 23:43:51,421 [INFO] fl_ids.fl.client: Client 0 round 9: 181 of 4256 boosting-passed rows flagged; surfacing 50
2026-09-24 23:43:52,786 [INFO] fl_ids.fl.client: Client 1 round 9: 64 of 1309 boosting-passed rows flagged; surfacing 50
2026-09-24 23:43:53,974 [INFO] fl_ids.fl.client: Client 2 round 9: 234 of 6681 boosting-passed rows flagged; surfacing 50
2026-09-24 23:43:56,434 [INFO] fl_ids.fl.client: Client 3 round 9: 66 of 2546 boosting-passed rows flagged; surfacing 50
2026-09-24 23:43:57,769 [INFO] fl_ids.fl.client: Client 4 round 9: 118 of 4928 boosting-passed rows flagged; surfacing 50
2026-09-24 23:43:59,315 [INFO] fl_ids.fl.client: Client 5 round 9: 25 of 896 boosting-passed rows flagged; surfacing 25
2026-09-24 23:43:59,783 [INFO] fl_ids.fl.client: Client 6 round 9: 89 of 1782 boosting-passed rows flagged; surfacing 50
2026-09-24 23:44:00,599 [INFO] fl_ids.fl.client: Client 7 round 9: 65 of 1698 boosting-passed rows flagged; surfacing 50
2026-09-24 23:44:01,197 [INFO] fl_ids.fl.client: Client 8 round 9: 8 of 299 boosting-passed rows flagged; surfacing 8
2026-09-24 23:44:02,264 [INFO] fl_ids.fl.client: Client 9 round 9: 305 of 8445 boosting-passed rows flagged; surfacing 50
2026-09-24 23:44:30,540 [INFO] fl_ids.models.boosting: Continued boosting training: +50 trees on 93819 rows (now 450 trees)
2026-09-24 23:44:30,540 [INFO] fl_ids.models.boosting_update: Round 9: boosting v4 (continue) from 283 alerts ({'Backdoor': 2, 'DDoS_HTTP': 4, 'Fingerprinting': 2, 'Normal': 247, 'Password': 3, 'Port_Scanning': 6, 'Ransomware': 3, 'Uploading': 11, 'Vulnerability_scanner': 4, 'XSS': 1}); 150 from excluded clients ignored
2026-09-24 23:44:30,769 [INFO] fl_ids.eval.simulation: Round 9: mean_val_loss=0.0141, comm_bytes=583920
2026-09-24 23:44:44,901 [INFO] fl_ids.eval.simulation: Round 10: mean_val_loss=0.0126, comm_bytes=583920
2026-09-24 23:44:58,638 [INFO] fl_ids.eval.simulation: Round 11: mean_val_loss=0.0127, comm_bytes=583920
2026-09-24 23:44:59,182 [INFO] fl_ids.fl.client: Client 0 round 12: 170 of 4257 boosting-passed rows flagged; surfacing 50
2026-09-24 23:45:00,671 [INFO] fl_ids.fl.client: Client 1 round 12: 30 of 1306 boosting-passed rows flagged; surfacing 30
2026-09-24 23:45:01,873 [INFO] fl_ids.fl.client: Client 2 round 12: 188 of 6678 boosting-passed rows flagged; surfacing 50
2026-09-24 23:45:04,616 [INFO] fl_ids.fl.client: Client 3 round 12: 61 of 2542 boosting-passed rows flagged; surfacing 50
2026-09-24 23:45:05,903 [INFO] fl_ids.fl.client: Client 4 round 12: 196 of 4926 boosting-passed rows flagged; surfacing 50
2026-09-24 23:45:07,377 [INFO] fl_ids.fl.client: Client 5 round 12: 13 of 894 boosting-passed rows flagged; surfacing 13
2026-09-24 23:45:07,890 [INFO] fl_ids.fl.client: Client 6 round 12: 111 of 1781 boosting-passed rows flagged; surfacing 50
2026-09-24 23:45:08,649 [INFO] fl_ids.fl.client: Client 7 round 12: 122 of 1695 boosting-passed rows flagged; surfacing 50
2026-09-24 23:45:09,195 [INFO] fl_ids.fl.client: Client 8 round 12: 8 of 298 boosting-passed rows flagged; surfacing 8
2026-09-24 23:45:10,401 [INFO] fl_ids.fl.client: Client 9 round 12: 262 of 8443 boosting-passed rows flagged; surfacing 50
2026-09-24 23:45:47,767 [INFO] fl_ids.models.boosting: Continued boosting training: +50 trees on 94070 rows (now 500 trees)
2026-09-24 23:45:47,768 [INFO] fl_ids.models.boosting_update: Round 12: boosting v5 (continue) from 251 alerts ({'Backdoor': 1, 'DDoS_HTTP': 12, 'DDoS_ICMP': 1, 'Fingerprinting': 2, 'Normal': 216, 'Password': 1, 'Port_Scanning': 1, 'Ransomware': 1, 'Uploading': 11, 'Vulnerability_scanner': 2, 'XSS': 3}); 150 from excluded clients ignored
2026-09-24 23:45:48,093 [INFO] fl_ids.eval.simulation: Round 12: mean_val_loss=0.0110, comm_bytes=583920
2026-09-24 23:46:03,412 [INFO] fl_ids.eval.simulation: Round 13: mean_val_loss=0.0117, comm_bytes=583920
2026-09-24 23:46:19,409 [INFO] fl_ids.eval.simulation: Round 14: mean_val_loss=0.0208, comm_bytes=583920
2026-09-24 23:46:20,267 [INFO] fl_ids.fl.client: Client 0 round 15: 116 of 4253 boosting-passed rows flagged; surfacing 50
2026-09-24 23:46:21,856 [INFO] fl_ids.fl.client: Client 1 round 15: 52 of 1306 boosting-passed rows flagged; surfacing 50
2026-09-24 23:46:23,242 [INFO] fl_ids.fl.client: Client 2 round 15: 173 of 6678 boosting-passed rows flagged; surfacing 50
2026-09-24 23:46:25,925 [INFO] fl_ids.fl.client: Client 3 round 15: 96 of 2539 boosting-passed rows flagged; surfacing 50
2026-09-24 23:46:27,407 [INFO] fl_ids.fl.client: Client 4 round 15: 190 of 4925 boosting-passed rows flagged; surfacing 50
2026-09-24 23:46:29,073 [INFO] fl_ids.fl.client: Client 5 round 15: 10 of 891 boosting-passed rows flagged; surfacing 10
2026-09-24 23:46:29,664 [INFO] fl_ids.fl.client: Client 6 round 15: 105 of 1781 boosting-passed rows flagged; surfacing 50
2026-09-24 23:46:30,593 [INFO] fl_ids.fl.client: Client 7 round 15: 57 of 1694 boosting-passed rows flagged; surfacing 50
2026-09-24 23:46:31,199 [INFO] fl_ids.fl.client: Client 8 round 15: 7 of 298 boosting-passed rows flagged; surfacing 7
2026-09-24 23:46:32,913 [INFO] fl_ids.fl.client: Client 9 round 15: 221 of 8440 boosting-passed rows flagged; surfacing 50
2026-09-24 23:47:12,586 [INFO] fl_ids.models.boosting: Continued boosting training: +50 trees on 94337 rows (now 550 trees)
2026-09-24 23:47:12,587 [INFO] fl_ids.models.boosting_update: Round 15: boosting v6 (continue) from 267 alerts ({'Backdoor': 1, 'DDoS_HTTP': 2, 'Normal': 237, 'Uploading': 23, 'Vulnerability_scanner': 3, 'XSS': 1}); 150 from excluded clients ignored
2026-09-24 23:47:12,957 [INFO] fl_ids.eval.simulation: Round 15: mean_val_loss=0.0104, comm_bytes=583920
2026-09-24 23:47:29,714 [INFO] fl_ids.eval.simulation: Round 16: mean_val_loss=0.0239, comm_bytes=583920
2026-09-24 23:47:46,479 [INFO] fl_ids.eval.simulation: Round 17: mean_val_loss=0.0098, comm_bytes=583920
2026-09-24 23:47:47,257 [INFO] fl_ids.fl.client: Client 0 round 18: 162 of 4250 boosting-passed rows flagged; surfacing 50
2026-09-24 23:47:48,931 [INFO] fl_ids.fl.client: Client 1 round 18: 65 of 1304 boosting-passed rows flagged; surfacing 50
2026-09-24 23:47:50,363 [INFO] fl_ids.fl.client: Client 2 round 18: 180 of 6673 boosting-passed rows flagged; surfacing 50
2026-09-24 23:47:53,124 [INFO] fl_ids.fl.client: Client 3 round 18: 80 of 2538 boosting-passed rows flagged; surfacing 50
2026-09-24 23:47:54,763 [INFO] fl_ids.fl.client: Client 4 round 18: 193 of 4925 boosting-passed rows flagged; surfacing 50
2026-09-24 23:47:56,574 [INFO] fl_ids.fl.client: Client 5 round 18: 8 of 890 boosting-passed rows flagged; surfacing 8
2026-09-24 23:47:57,276 [INFO] fl_ids.fl.client: Client 6 round 18: 70 of 1781 boosting-passed rows flagged; surfacing 50
2026-09-24 23:47:58,215 [INFO] fl_ids.fl.client: Client 7 round 18: 85 of 1694 boosting-passed rows flagged; surfacing 50
2026-09-24 23:47:58,839 [INFO] fl_ids.fl.client: Client 8 round 18: 6 of 298 boosting-passed rows flagged; surfacing 6
2026-09-24 23:48:00,762 [INFO] fl_ids.fl.client: Client 9 round 18: 283 of 8439 boosting-passed rows flagged; surfacing 50
2026-09-24 23:48:51,249 [INFO] fl_ids.models.boosting: Continued boosting training: +50 trees on 94493 rows (now 600 trees)
2026-09-24 23:48:51,249 [INFO] fl_ids.models.boosting_update: Round 18: boosting v7 (continue) from 156 alerts ({'Backdoor': 5, 'DDoS_HTTP': 1, 'Normal': 117, 'Password': 4, 'Uploading': 23, 'Vulnerability_scanner': 2, 'XSS': 4}); 258 from excluded clients ignored
2026-09-24 23:48:51,647 [INFO] fl_ids.eval.simulation: Round 18: mean_val_loss=0.0187, comm_bytes=583920
2026-09-24 23:49:09,334 [INFO] fl_ids.eval.simulation: Round 19: mean_val_loss=0.0100, comm_bytes=583920
2026-09-24 23:49:25,819 [INFO] fl_ids.eval.simulation: Round 20: mean_val_loss=0.0220, comm_bytes=583920
2026-09-24 23:49:26,770 [INFO] fl_ids.eval.zero_day: zero-day holdout=DDoS_TCP run=malicious_fraction=0.30: detection_rate=0.975
2026-09-24 23:49:38,856 [INFO] fl_ids.eval.simulation: Round 1: mean_val_loss=0.1955, comm_bytes=583920
2026-09-24 23:49:50,662 [INFO] fl_ids.eval.simulation: Round 2: mean_val_loss=0.0504, comm_bytes=583920
2026-09-24 23:49:51,114 [INFO] fl_ids.fl.client: Client 0 round 3: 97 of 4269 boosting-passed rows flagged; surfacing 50
2026-09-24 23:49:52,365 [INFO] fl_ids.fl.client: Client 1 round 3: 53 of 1312 boosting-passed rows flagged; surfacing 50
2026-09-24 23:49:53,289 [INFO] fl_ids.fl.client: Client 2 round 3: 232 of 6683 boosting-passed rows flagged; surfacing 50
2026-09-24 23:49:55,427 [INFO] fl_ids.fl.client: Client 3 round 3: 52 of 2545 boosting-passed rows flagged; surfacing 50
2026-09-24 23:49:56,529 [INFO] fl_ids.fl.client: Client 4 round 3: 164 of 4934 boosting-passed rows flagged; surfacing 50
2026-09-24 23:49:57,898 [INFO] fl_ids.fl.client: Client 5 round 3: 29 of 899 boosting-passed rows flagged; surfacing 29
2026-09-24 23:49:58,346 [INFO] fl_ids.fl.client: Client 6 round 3: 80 of 1782 boosting-passed rows flagged; surfacing 50
2026-09-24 23:49:59,024 [INFO] fl_ids.fl.client: Client 7 round 3: 56 of 1704 boosting-passed rows flagged; surfacing 50
2026-09-24 23:49:59,539 [INFO] fl_ids.fl.client: Client 8 round 3: 14 of 310 boosting-passed rows flagged; surfacing 14
2026-09-24 23:50:00,525 [INFO] fl_ids.fl.client: Client 9 round 3: 265 of 8435 boosting-passed rows flagged; surfacing 50
2026-09-24 23:50:25,052 [INFO] fl_ids.models.boosting: Continued boosting training: +50 trees on 93246 rows (now 350 trees)
2026-09-24 23:50:25,052 [INFO] fl_ids.models.boosting_update: Round 3: boosting v2 (continue) from 264 alerts ({'Backdoor': 3, 'Normal': 245, 'Port_Scanning': 9, 'Uploading': 4, 'Vulnerability_scanner': 2, 'XSS': 1}); 179 from excluded clients ignored
2026-09-24 23:50:25,298 [INFO] fl_ids.eval.simulation: Round 3: mean_val_loss=0.0304, comm_bytes=583920
2026-09-24 23:50:38,066 [INFO] fl_ids.eval.simulation: Round 4: mean_val_loss=0.0207, comm_bytes=583920
2026-09-24 23:50:49,874 [INFO] fl_ids.eval.simulation: Round 5: mean_val_loss=0.0209, comm_bytes=583920
2026-09-24 23:50:50,356 [INFO] fl_ids.fl.client: Client 0 round 6: 120 of 4264 boosting-passed rows flagged; surfacing 50
2026-09-24 23:50:51,558 [INFO] fl_ids.fl.client: Client 1 round 6: 42 of 1308 boosting-passed rows flagged; surfacing 42
2026-09-24 23:50:52,528 [INFO] fl_ids.fl.client: Client 2 round 6: 207 of 6684 boosting-passed rows flagged; surfacing 50
2026-09-24 23:50:55,074 [INFO] fl_ids.fl.client: Client 3 round 6: 120 of 2546 boosting-passed rows flagged; surfacing 50
2026-09-24 23:50:56,397 [INFO] fl_ids.fl.client: Client 4 round 6: 193 of 4930 boosting-passed rows flagged; surfacing 50
2026-09-24 23:50:58,307 [INFO] fl_ids.fl.client: Client 5 round 6: 9 of 897 boosting-passed rows flagged; surfacing 9
2026-09-24 23:50:59,228 [INFO] fl_ids.fl.client: Client 6 round 6: 68 of 1782 boosting-passed rows flagged; surfacing 50
2026-09-24 23:50:59,958 [INFO] fl_ids.fl.client: Client 7 round 6: 63 of 1702 boosting-passed rows flagged; surfacing 50
2026-09-24 23:51:00,575 [INFO] fl_ids.fl.client: Client 8 round 6: 15 of 309 boosting-passed rows flagged; surfacing 15
2026-09-24 23:51:01,490 [INFO] fl_ids.fl.client: Client 9 round 6: 271 of 8434 boosting-passed rows flagged; surfacing 50
2026-09-24 23:51:33,307 [INFO] fl_ids.models.boosting: Continued boosting training: +50 trees on 93512 rows (now 400 trees)
2026-09-24 23:51:33,308 [INFO] fl_ids.models.boosting_update: Round 6: boosting v3 (continue) from 266 alerts ({'Backdoor': 3, 'DDoS_HTTP': 1, 'Normal': 217, 'Port_Scanning': 9, 'Uploading': 28, 'Vulnerability_scanner': 5, 'XSS': 3}); 150 from excluded clients ignored
2026-09-24 23:51:33,518 [INFO] fl_ids.eval.simulation: Round 6: mean_val_loss=0.0207, comm_bytes=583920
2026-09-24 23:51:46,541 [INFO] fl_ids.eval.simulation: Round 7: mean_val_loss=0.0454, comm_bytes=583920
2026-09-24 23:52:01,635 [INFO] fl_ids.eval.simulation: Round 8: mean_val_loss=0.0148, comm_bytes=583920
2026-09-24 23:52:02,132 [INFO] fl_ids.fl.client: Client 0 round 9: 169 of 4261 boosting-passed rows flagged; surfacing 50
2026-09-24 23:52:03,651 [INFO] fl_ids.fl.client: Client 1 round 9: 23 of 1308 boosting-passed rows flagged; surfacing 23
2026-09-24 23:52:05,249 [INFO] fl_ids.fl.client: Client 2 round 9: 191 of 6683 boosting-passed rows flagged; surfacing 50
2026-09-24 23:52:08,093 [INFO] fl_ids.fl.client: Client 3 round 9: 114 of 2544 boosting-passed rows flagged; surfacing 50
2026-09-24 23:52:09,410 [INFO] fl_ids.fl.client: Client 4 round 9: 191 of 4930 boosting-passed rows flagged; surfacing 50
2026-09-24 23:52:11,228 [INFO] fl_ids.fl.client: Client 5 round 9: 10 of 898 boosting-passed rows flagged; surfacing 10
2026-09-24 23:52:11,863 [INFO] fl_ids.fl.client: Client 6 round 9: 93 of 1782 boosting-passed rows flagged; surfacing 50
2026-09-24 23:52:13,122 [INFO] fl_ids.fl.client: Client 7 round 9: 89 of 1701 boosting-passed rows flagged; surfacing 50
2026-09-24 23:52:13,704 [INFO] fl_ids.fl.client: Client 8 round 9: 17 of 305 boosting-passed rows flagged; surfacing 17
2026-09-24 23:52:14,792 [INFO] fl_ids.fl.client: Client 9 round 9: 208 of 8436 boosting-passed rows flagged; surfacing 50
2026-09-24 23:52:47,347 [INFO] fl_ids.models.boosting: Continued boosting training: +50 trees on 93812 rows (now 450 trees)
2026-09-24 23:52:47,348 [INFO] fl_ids.models.boosting_update: Round 9: boosting v4 (continue) from 300 alerts ({'Backdoor': 4, 'DDoS_HTTP': 9, 'Fingerprinting': 1, 'Normal': 240, 'Password': 3, 'Port_Scanning': 9, 'Ransomware': 1, 'SQL_injection': 1, 'Uploading': 27, 'Vulnerability_scanner': 3, 'XSS': 2}); 100 from excluded clients ignored
2026-09-24 23:52:47,596 [INFO] fl_ids.eval.simulation: Round 9: mean_val_loss=0.0254, comm_bytes=583920
2026-09-24 23:53:03,589 [INFO] fl_ids.eval.simulation: Round 10: mean_val_loss=0.0379, comm_bytes=583920
2026-09-24 23:53:21,401 [INFO] fl_ids.eval.simulation: Round 11: mean_val_loss=0.0122, comm_bytes=583920
2026-09-24 23:53:21,949 [INFO] fl_ids.fl.client: Client 0 round 12: 179 of 4263 boosting-passed rows flagged; surfacing 50
2026-09-24 23:53:23,354 [INFO] fl_ids.fl.client: Client 1 round 12: 14 of 1307 boosting-passed rows flagged; surfacing 14
2026-09-24 23:53:25,285 [INFO] fl_ids.fl.client: Client 2 round 12: 161 of 6683 boosting-passed rows flagged; surfacing 50
2026-09-24 23:53:28,433 [INFO] fl_ids.fl.client: Client 3 round 12: 98 of 2541 boosting-passed rows flagged; surfacing 50
2026-09-24 23:53:29,990 [INFO] fl_ids.fl.client: Client 4 round 12: 155 of 4929 boosting-passed rows flagged; surfacing 50
2026-09-24 23:53:31,955 [INFO] fl_ids.fl.client: Client 5 round 12: 23 of 895 boosting-passed rows flagged; surfacing 23
2026-09-24 23:53:32,425 [INFO] fl_ids.fl.client: Client 6 round 12: 54 of 1779 boosting-passed rows flagged; surfacing 50
2026-09-24 23:53:34,007 [INFO] fl_ids.fl.client: Client 7 round 12: 141 of 1696 boosting-passed rows flagged; surfacing 50
2026-09-24 23:53:34,677 [INFO] fl_ids.fl.client: Client 8 round 12: 10 of 302 boosting-passed rows flagged; surfacing 10
2026-09-24 23:53:35,912 [INFO] fl_ids.fl.client: Client 9 round 12: 210 of 8437 boosting-passed rows flagged; surfacing 50
2026-09-24 23:54:16,161 [INFO] fl_ids.models.boosting: Continued boosting training: +50 trees on 94059 rows (now 500 trees)
2026-09-24 23:54:16,162 [INFO] fl_ids.models.boosting_update: Round 12: boosting v5 (continue) from 247 alerts ({'Backdoor': 1, 'DDoS_HTTP': 16, 'Fingerprinting': 1, 'Normal': 191, 'Password': 3, 'Port_Scanning': 5, 'Ransomware': 3, 'Uploading': 23, 'Vulnerability_scanner': 3, 'XSS': 1}); 150 from excluded clients ignored
2026-09-24 23:54:16,520 [INFO] fl_ids.eval.simulation: Round 12: mean_val_loss=0.0410, comm_bytes=583920
2026-09-24 23:54:35,565 [INFO] fl_ids.eval.simulation: Round 13: mean_val_loss=0.0119, comm_bytes=583920
2026-09-24 23:54:54,328 [INFO] fl_ids.eval.simulation: Round 14: mean_val_loss=0.0660, comm_bytes=583920
2026-09-24 23:54:55,031 [INFO] fl_ids.fl.client: Client 0 round 15: 109 of 4258 boosting-passed rows flagged; surfacing 50
2026-09-24 23:54:56,565 [INFO] fl_ids.fl.client: Client 1 round 15: 46 of 1305 boosting-passed rows flagged; surfacing 46
2026-09-24 23:54:57,952 [INFO] fl_ids.fl.client: Client 2 round 15: 184 of 6678 boosting-passed rows flagged; surfacing 50
2026-09-24 23:55:00,526 [INFO] fl_ids.fl.client: Client 3 round 15: 52 of 2539 boosting-passed rows flagged; surfacing 50
2026-09-24 23:55:02,115 [INFO] fl_ids.fl.client: Client 4 round 15: 190 of 4928 boosting-passed rows flagged; surfacing 50
2026-09-24 23:55:03,590 [INFO] fl_ids.fl.client: Client 5 round 15: 5 of 893 boosting-passed rows flagged; surfacing 5
2026-09-24 23:55:04,239 [INFO] fl_ids.fl.client: Client 6 round 15: 88 of 1779 boosting-passed rows flagged; surfacing 50
2026-09-24 23:55:05,109 [INFO] fl_ids.fl.client: Client 7 round 15: 56 of 1696 boosting-passed rows flagged; surfacing 50
2026-09-24 23:55:05,700 [INFO] fl_ids.fl.client: Client 8 round 15: 64 of 297 boosting-passed rows flagged; surfacing 50
2026-09-24 23:55:07,377 [INFO] fl_ids.fl.client: Client 9 round 15: 228 of 8434 boosting-passed rows flagged; surfacing 50
2026-09-24 23:55:52,322 [INFO] fl_ids.models.boosting: Continued boosting training: +50 trees on 94355 rows (now 550 trees)
2026-09-24 23:55:52,322 [INFO] fl_ids.models.boosting_update: Round 15: boosting v6 (continue) from 296 alerts ({'Backdoor': 1, 'DDoS_HTTP': 18, 'Normal': 258, 'Password': 1, 'Ransomware': 1, 'SQL_injection': 13, 'Uploading': 2, 'XSS': 2}); 155 from excluded clients ignored
2026-09-24 23:55:52,880 [INFO] fl_ids.eval.simulation: Round 15: mean_val_loss=0.0125, comm_bytes=583920
2026-09-24 23:56:13,283 [INFO] fl_ids.eval.simulation: Round 16: mean_val_loss=0.0779, comm_bytes=583920
2026-09-24 23:56:29,944 [INFO] fl_ids.eval.simulation: Round 17: mean_val_loss=0.0136, comm_bytes=583920
2026-09-24 23:56:30,865 [INFO] fl_ids.fl.client: Client 0 round 18: 170 of 4256 boosting-passed rows flagged; surfacing 50
2026-09-24 23:56:32,358 [INFO] fl_ids.fl.client: Client 1 round 18: 19 of 1305 boosting-passed rows flagged; surfacing 19
2026-09-24 23:56:34,033 [INFO] fl_ids.fl.client: Client 2 round 18: 156 of 6679 boosting-passed rows flagged; surfacing 50
2026-09-24 23:56:36,651 [INFO] fl_ids.fl.client: Client 3 round 18: 137 of 2539 boosting-passed rows flagged; surfacing 50
2026-09-24 23:56:38,338 [INFO] fl_ids.fl.client: Client 4 round 18: 144 of 4929 boosting-passed rows flagged; surfacing 50
2026-09-24 23:56:39,854 [INFO] fl_ids.fl.client: Client 5 round 18: 23 of 893 boosting-passed rows flagged; surfacing 23
2026-09-24 23:56:40,523 [INFO] fl_ids.fl.client: Client 6 round 18: 73 of 1779 boosting-passed rows flagged; surfacing 50
2026-09-24 23:56:41,474 [INFO] fl_ids.fl.client: Client 7 round 18: 121 of 1697 boosting-passed rows flagged; surfacing 50
2026-09-24 23:56:42,088 [INFO] fl_ids.fl.client: Client 8 round 18: 7 of 297 boosting-passed rows flagged; surfacing 7
2026-09-24 23:56:44,114 [INFO] fl_ids.fl.client: Client 9 round 18: 215 of 8435 boosting-passed rows flagged; surfacing 50
2026-09-24 23:57:42,089 [INFO] fl_ids.models.boosting: Continued boosting training: +50 trees on 94435 rows (now 600 trees)
2026-09-24 23:57:42,090 [INFO] fl_ids.models.boosting_update: Round 18: boosting v7 (continue) from 80 alerts ({'Fingerprinting': 1, 'Normal': 54, 'Password': 1, 'Ransomware': 3, 'Uploading': 17, 'Vulnerability_scanner': 3, 'XSS': 1}); 319 from excluded clients ignored
2026-09-24 23:57:42,678 [INFO] fl_ids.eval.simulation: Round 18: mean_val_loss=0.0795, comm_bytes=583920
2026-09-24 23:58:00,661 [INFO] fl_ids.eval.simulation: Round 19: mean_val_loss=0.0134, comm_bytes=583920
2026-09-24 23:58:17,858 [INFO] fl_ids.eval.simulation: Round 20: mean_val_loss=0.0790, comm_bytes=583920
2026-09-24 23:58:19,003 [INFO] fl_ids.eval.zero_day: zero-day holdout=DDoS_TCP run=malicious_fraction=0.40: detection_rate=0.930
2026-09-24 23:58:31,186 [INFO] fl_ids.eval.simulation: Round 1: mean_val_loss=0.7531, comm_bytes=583920
2026-09-24 23:58:44,786 [INFO] fl_ids.eval.simulation: Round 2: mean_val_loss=327.6608, comm_bytes=583920
2026-09-24 23:58:45,201 [INFO] fl_ids.fl.client: Client 0 round 3: 175 of 4269 boosting-passed rows flagged; surfacing 50
2026-09-24 23:58:47,725 [INFO] fl_ids.fl.client: Client 1 round 3: 32 of 1312 boosting-passed rows flagged; surfacing 32
2026-09-24 23:58:48,607 [INFO] fl_ids.fl.client: Client 2 round 3: 234 of 6683 boosting-passed rows flagged; surfacing 50
2026-09-24 23:58:51,583 [INFO] fl_ids.fl.client: Client 3 round 3: 45 of 2545 boosting-passed rows flagged; surfacing 45
2026-09-24 23:58:52,697 [INFO] fl_ids.fl.client: Client 4 round 3: 153 of 4934 boosting-passed rows flagged; surfacing 50
2026-09-24 23:58:55,202 [INFO] fl_ids.fl.client: Client 5 round 3: 20 of 899 boosting-passed rows flagged; surfacing 20
2026-09-24 23:58:55,660 [INFO] fl_ids.fl.client: Client 6 round 3: 64 of 1782 boosting-passed rows flagged; surfacing 50
2026-09-24 23:58:56,387 [INFO] fl_ids.fl.client: Client 7 round 3: 78 of 1704 boosting-passed rows flagged; surfacing 50
2026-09-24 23:58:57,015 [INFO] fl_ids.fl.client: Client 8 round 3: 18 of 310 boosting-passed rows flagged; surfacing 18
2026-09-24 23:58:58,600 [INFO] fl_ids.fl.client: Client 9 round 3: 304 of 8435 boosting-passed rows flagged; surfacing 50
2026-09-24 23:59:28,522 [INFO] fl_ids.models.boosting: Continued boosting training: +50 trees on 93197 rows (now 350 trees)
2026-09-24 23:59:28,523 [INFO] fl_ids.models.boosting_update: Round 3: boosting v2 (continue) from 215 alerts ({'Normal': 215}); 200 from excluded clients ignored
2026-09-24 23:59:28,819 [INFO] fl_ids.eval.simulation: Round 3: mean_val_loss=1618740.7860, comm_bytes=583920
2026-09-24 23:59:43,599 [INFO] fl_ids.eval.simulation: Round 4: mean_val_loss=4287222659.3013, comm_bytes=583920
2026-09-24 23:59:57,589 [INFO] fl_ids.eval.simulation: Round 5: mean_val_loss=2247356892595.4858, comm_bytes=583920
2026-09-24 23:59:58,082 [INFO] fl_ids.fl.client: Client 0 round 6: 179 of 4268 boosting-passed rows flagged; surfacing 50
2026-09-24 23:59:59,311 [INFO] fl_ids.fl.client: Client 1 round 6: 34 of 1311 boosting-passed rows flagged; surfacing 34
2026-09-25 00:00:00,464 [INFO] fl_ids.fl.client: Client 2 round 6: 223 of 6684 boosting-passed rows flagged; surfacing 50
2026-09-25 00:00:02,661 [INFO] fl_ids.fl.client: Client 3 round 6: 86 of 2545 boosting-passed rows flagged; surfacing 50
2026-09-25 00:00:03,851 [INFO] fl_ids.fl.client: Client 4 round 6: 188 of 4932 boosting-passed rows flagged; surfacing 50
2026-09-25 00:00:05,212 [INFO] fl_ids.fl.client: Client 5 round 6: 41 of 898 boosting-passed rows flagged; surfacing 41
2026-09-25 00:00:05,672 [INFO] fl_ids.fl.client: Client 6 round 6: 71 of 1781 boosting-passed rows flagged; surfacing 50
2026-09-25 00:00:06,365 [INFO] fl_ids.fl.client: Client 7 round 6: 73 of 1699 boosting-passed rows flagged; surfacing 50
2026-09-25 00:00:06,877 [INFO] fl_ids.fl.client: Client 8 round 6: 11 of 307 boosting-passed rows flagged; surfacing 11
2026-09-25 00:00:07,933 [INFO] fl_ids.fl.client: Client 9 round 6: 211 of 8436 boosting-passed rows flagged; surfacing 50
2026-09-25 00:00:38,859 [INFO] fl_ids.models.boosting: Continued boosting training: +50 trees on 93438 rows (now 400 trees)
2026-09-25 00:00:38,860 [INFO] fl_ids.models.boosting_update: Round 6: boosting v3 (continue) from 241 alerts ({'DDoS_HTTP': 2, 'Normal': 232, 'Password': 7}); 195 from excluded clients ignored
2026-09-25 00:00:39,129 [INFO] fl_ids.eval.simulation: Round 6: mean_val_loss=323739147806327.8125, comm_bytes=583920
2026-09-25 00:00:55,496 [INFO] fl_ids.eval.simulation: Round 7: mean_val_loss=13849918529057204.0000, comm_bytes=583920
2026-09-25 00:01:08,516 [INFO] fl_ids.eval.simulation: Round 8: mean_val_loss=334695959186035008.0000, comm_bytes=583920
2026-09-25 00:01:09,155 [INFO] fl_ids.fl.client: Client 0 round 9: 177 of 4263 boosting-passed rows flagged; surfacing 50
2026-09-25 00:01:10,453 [INFO] fl_ids.fl.client: Client 1 round 9: 32 of 1311 boosting-passed rows flagged; surfacing 32
2026-09-25 00:01:11,600 [INFO] fl_ids.fl.client: Client 2 round 9: 220 of 6680 boosting-passed rows flagged; surfacing 50
2026-09-25 00:01:13,758 [INFO] fl_ids.fl.client: Client 3 round 9: 53 of 2546 boosting-passed rows flagged; surfacing 50
2026-09-25 00:01:15,045 [INFO] fl_ids.fl.client: Client 4 round 9: 153 of 4930 boosting-passed rows flagged; surfacing 50
2026-09-25 00:01:16,396 [INFO] fl_ids.fl.client: Client 5 round 9: 20 of 897 boosting-passed rows flagged; surfacing 20
2026-09-25 00:01:16,924 [INFO] fl_ids.fl.client: Client 6 round 9: 62 of 1782 boosting-passed rows flagged; surfacing 50
2026-09-25 00:01:17,672 [INFO] fl_ids.fl.client: Client 7 round 9: 79 of 1701 boosting-passed rows flagged; surfacing 50
2026-09-25 00:01:18,188 [INFO] fl_ids.fl.client: Client 8 round 9: 11 of 307 boosting-passed rows flagged; surfacing 11
2026-09-25 00:01:19,481 [INFO] fl_ids.fl.client: Client 9 round 9: 292 of 8433 boosting-passed rows flagged; surfacing 50
2026-09-25 00:01:55,001 [INFO] fl_ids.models.boosting: Continued boosting training: +50 trees on 93658 rows (now 450 trees)
2026-09-25 00:01:55,001 [INFO] fl_ids.models.boosting_update: Round 9: boosting v4 (continue) from 220 alerts ({'Normal': 220}); 193 from excluded clients ignored
2026-09-25 00:01:55,442 [INFO] fl_ids.eval.simulation: Round 9: mean_val_loss=5345085875006139392.0000, comm_bytes=583920
2026-09-25 00:02:10,933 [INFO] fl_ids.eval.simulation: Round 10: mean_val_loss=61749443544326397952.0000, comm_bytes=583920
2026-09-25 00:02:24,666 [INFO] fl_ids.eval.simulation: Round 11: mean_val_loss=529954326581000994816.0000, comm_bytes=583920
2026-09-25 00:02:25,299 [INFO] fl_ids.fl.client: Client 0 round 12: 176 of 4263 boosting-passed rows flagged; surfacing 50
2026-09-25 00:02:26,652 [INFO] fl_ids.fl.client: Client 1 round 12: 33 of 1311 boosting-passed rows flagged; surfacing 33
2026-09-25 00:02:27,930 [INFO] fl_ids.fl.client: Client 2 round 12: 232 of 6681 boosting-passed rows flagged; surfacing 50
2026-09-25 00:02:30,315 [INFO] fl_ids.fl.client: Client 3 round 12: 55 of 2542 boosting-passed rows flagged; surfacing 50
2026-09-25 00:02:31,710 [INFO] fl_ids.fl.client: Client 4 round 12: 161 of 4933 boosting-passed rows flagged; surfacing 50
2026-09-25 00:02:33,143 [INFO] fl_ids.fl.client: Client 5 round 12: 20 of 898 boosting-passed rows flagged; surfacing 20
2026-09-25 00:02:33,712 [INFO] fl_ids.fl.client: Client 6 round 12: 61 of 1782 boosting-passed rows flagged; surfacing 50
2026-09-25 00:02:34,518 [INFO] fl_ids.fl.client: Client 7 round 12: 79 of 1699 boosting-passed rows flagged; surfacing 50
2026-09-25 00:02:35,069 [INFO] fl_ids.fl.client: Client 8 round 12: 11 of 304 boosting-passed rows flagged; surfacing 11
2026-09-25 00:02:36,521 [INFO] fl_ids.fl.client: Client 9 round 12: 278 of 8432 boosting-passed rows flagged; surfacing 50
2026-09-25 00:03:21,630 [INFO] fl_ids.models.boosting: Continued boosting training: +50 trees on 93878 rows (now 500 trees)
2026-09-25 00:03:21,631 [INFO] fl_ids.models.boosting_update: Round 12: boosting v5 (continue) from 220 alerts ({'Normal': 220}); 194 from excluded clients ignored
2026-09-25 00:03:21,898 [INFO] fl_ids.eval.simulation: Round 12: mean_val_loss=3535242764425009561600.0000, comm_bytes=583920
2026-09-25 00:03:36,814 [INFO] fl_ids.eval.simulation: Round 13: mean_val_loss=18696057357736335114240.0000, comm_bytes=583920
2026-09-25 00:03:51,774 [INFO] fl_ids.eval.simulation: Round 14: mean_val_loss=61004708503414749790208.0000, comm_bytes=583920
2026-09-25 00:03:52,532 [INFO] fl_ids.fl.client: Client 0 round 15: 178 of 4259 boosting-passed rows flagged; surfacing 50
2026-09-25 00:03:54,043 [INFO] fl_ids.fl.client: Client 1 round 15: 33 of 1312 boosting-passed rows flagged; surfacing 33
2026-09-25 00:03:55,482 [INFO] fl_ids.fl.client: Client 2 round 15: 233 of 6680 boosting-passed rows flagged; surfacing 50
2026-09-25 00:03:58,002 [INFO] fl_ids.fl.client: Client 3 round 15: 55 of 2541 boosting-passed rows flagged; surfacing 50
2026-09-25 00:03:59,501 [INFO] fl_ids.fl.client: Client 4 round 15: 161 of 4930 boosting-passed rows flagged; surfacing 50
2026-09-25 00:04:00,989 [INFO] fl_ids.fl.client: Client 5 round 15: 20 of 897 boosting-passed rows flagged; surfacing 20
2026-09-25 00:04:01,603 [INFO] fl_ids.fl.client: Client 6 round 15: 63 of 1782 boosting-passed rows flagged; surfacing 50
2026-09-25 00:04:02,438 [INFO] fl_ids.fl.client: Client 7 round 15: 78 of 1697 boosting-passed rows flagged; surfacing 50
2026-09-25 00:04:03,029 [INFO] fl_ids.fl.client: Client 8 round 15: 11 of 303 boosting-passed rows flagged; surfacing 11
2026-09-25 00:04:05,589 [INFO] fl_ids.fl.client: Client 9 round 15: 278 of 8429 boosting-passed rows flagged; surfacing 50
2026-09-25 00:04:54,217 [INFO] fl_ids.models.boosting: Continued boosting training: +50 trees on 94098 rows (now 550 trees)
2026-09-25 00:04:54,218 [INFO] fl_ids.models.boosting_update: Round 15: boosting v6 (continue) from 220 alerts ({'Normal': 220}); 194 from excluded clients ignored
2026-09-25 00:04:54,513 [INFO] fl_ids.eval.simulation: Round 15: mean_val_loss=122779820453859774431232.0000, comm_bytes=583920
2026-09-25 00:05:10,486 [INFO] fl_ids.eval.simulation: Round 16: mean_val_loss=189181870992683134091264.0000, comm_bytes=583920
2026-09-25 00:05:26,037 [INFO] fl_ids.eval.simulation: Round 17: mean_val_loss=264032464993240693604352.0000, comm_bytes=583920
2026-09-25 00:05:26,914 [INFO] fl_ids.fl.client: Client 0 round 18: 176 of 4257 boosting-passed rows flagged; surfacing 50
2026-09-25 00:05:28,395 [INFO] fl_ids.fl.client: Client 1 round 18: 33 of 1310 boosting-passed rows flagged; surfacing 33
2026-09-25 00:05:29,992 [INFO] fl_ids.fl.client: Client 2 round 18: 256 of 6679 boosting-passed rows flagged; surfacing 50
2026-09-25 00:05:32,479 [INFO] fl_ids.fl.client: Client 3 round 18: 55 of 2543 boosting-passed rows flagged; surfacing 50
2026-09-25 00:05:34,005 [INFO] fl_ids.fl.client: Client 4 round 18: 171 of 4931 boosting-passed rows flagged; surfacing 50
2026-09-25 00:05:35,656 [INFO] fl_ids.fl.client: Client 5 round 18: 20 of 896 boosting-passed rows flagged; surfacing 20
2026-09-25 00:05:36,892 [INFO] fl_ids.fl.client: Client 6 round 18: 68 of 1782 boosting-passed rows flagged; surfacing 50
2026-09-25 00:05:37,769 [INFO] fl_ids.fl.client: Client 7 round 18: 79 of 1700 boosting-passed rows flagged; surfacing 50
2026-09-25 00:05:38,387 [INFO] fl_ids.fl.client: Client 8 round 18: 11 of 304 boosting-passed rows flagged; surfacing 11
2026-09-25 00:05:39,940 [INFO] fl_ids.fl.client: Client 9 round 18: 278 of 8429 boosting-passed rows flagged; surfacing 50
2026-09-25 00:06:37,814 [INFO] fl_ids.models.boosting: Continued boosting training: +50 trees on 94318 rows (now 600 trees)
2026-09-25 00:06:37,815 [INFO] fl_ids.models.boosting_update: Round 18: boosting v7 (continue) from 220 alerts ({'Normal': 219, 'Password': 1}); 194 from excluded clients ignored
2026-09-25 00:06:38,131 [INFO] fl_ids.eval.simulation: Round 18: mean_val_loss=349030369166388241629184.0000, comm_bytes=583920
2026-09-25 00:06:55,155 [INFO] fl_ids.eval.simulation: Round 19: mean_val_loss=436780590364855145332736.0000, comm_bytes=583920
2026-09-25 00:07:12,276 [INFO] fl_ids.eval.simulation: Round 20: mean_val_loss=517054646475475543654400.0000, comm_bytes=583920
2026-09-25 00:07:13,232 [INFO] fl_ids.eval.zero_day: zero-day holdout=DDoS_TCP run=malicious_fraction=0.50: detection_rate=0.921
2026-09-25 00:07:16,179 [INFO] fl_ids.eval.common: Excluded classes ['DDoS_UDP'] from training: removed 6078 calibration rows, 3819 federated-pool rows
2026-09-25 00:07:16,180 [INFO] fl_ids.models.boosting: Training boosting classifier: 89407 samples, 15 classes, 300 rounds
2026-09-25 00:07:36,106 [WARNING] fl_ids.data.pipeline: Client 1 has zero benign validation samples (heavy Dirichlet skew or too few benign samples in its shard)
2026-09-25 00:07:36,154 [INFO] fl_ids.eval.common: Evaluation setup: 89407 calibration, 56181 federated pool (subsampled), 8422 test rows across 10 clients
2026-09-25 00:07:52,498 [WARNING] fl_ids.fl.client: Client 1: no benign validation samples to evaluate on
2026-09-25 00:07:52,579 [INFO] fl_ids.eval.simulation: Round 1: mean_val_loss=0.2818, comm_bytes=583920
2026-09-25 00:08:07,281 [WARNING] fl_ids.fl.client: Client 1: no benign validation samples to evaluate on
2026-09-25 00:08:07,326 [INFO] fl_ids.eval.simulation: Round 2: mean_val_loss=0.2173, comm_bytes=583920
2026-09-25 00:08:08,249 [INFO] fl_ids.fl.client: Client 0 round 3: 135 of 6917 boosting-passed rows flagged; surfacing 50
2026-09-25 00:08:11,843 [INFO] fl_ids.fl.client: Client 2 round 3: 215 of 6995 boosting-passed rows flagged; surfacing 50
2026-09-25 00:08:14,076 [INFO] fl_ids.fl.client: Client 3 round 3: 5 of 176 boosting-passed rows flagged; surfacing 5
2026-09-25 00:08:14,323 [INFO] fl_ids.fl.client: Client 4 round 3: 58 of 216 boosting-passed rows flagged; surfacing 50
2026-09-25 00:08:14,912 [INFO] fl_ids.fl.client: Client 5 round 3: 88 of 2772 boosting-passed rows flagged; surfacing 50
2026-09-25 00:08:16,024 [INFO] fl_ids.fl.client: Client 6 round 3: 40 of 706 boosting-passed rows flagged; surfacing 40
2026-09-25 00:08:17,160 [INFO] fl_ids.fl.client: Client 7 round 3: 433 of 13845 boosting-passed rows flagged; surfacing 50
2026-09-25 00:08:21,898 [INFO] fl_ids.fl.client: Client 8 round 3: 22 of 634 boosting-passed rows flagged; surfacing 22
2026-09-25 00:08:22,428 [INFO] fl_ids.fl.client: Client 9 round 3: 1 of 188 boosting-passed rows flagged; surfacing 1
2026-09-25 00:08:44,008 [INFO] fl_ids.models.boosting: Continued boosting training: +50 trees on 89725 rows (now 350 trees)
2026-09-25 00:08:44,009 [INFO] fl_ids.models.boosting_update: Round 3: boosting v2 (continue) from 318 alerts ({'DDoS_HTTP': 4, 'Normal': 275, 'Password': 39}); 0 from excluded clients ignored
2026-09-25 00:08:44,181 [WARNING] fl_ids.fl.client: Client 1: no benign validation samples to evaluate on
2026-09-25 00:08:44,201 [INFO] fl_ids.eval.simulation: Round 3: mean_val_loss=0.1176, comm_bytes=583920
2026-09-25 00:08:58,943 [WARNING] fl_ids.fl.client: Client 1: no benign validation samples to evaluate on
2026-09-25 00:08:58,987 [INFO] fl_ids.eval.simulation: Round 4: mean_val_loss=0.0647, comm_bytes=583920
2026-09-25 00:09:14,325 [WARNING] fl_ids.fl.client: Client 1: no benign validation samples to evaluate on
2026-09-25 00:09:14,345 [INFO] fl_ids.eval.simulation: Round 5: mean_val_loss=0.0447, comm_bytes=583920
2026-09-25 00:09:14,910 [INFO] fl_ids.fl.client: Client 0 round 6: 245 of 6918 boosting-passed rows flagged; surfacing 50
2026-09-25 00:09:18,218 [INFO] fl_ids.fl.client: Client 2 round 6: 219 of 6992 boosting-passed rows flagged; surfacing 50
2026-09-25 00:09:20,839 [INFO] fl_ids.fl.client: Client 3 round 6: 7 of 174 boosting-passed rows flagged; surfacing 7
2026-09-25 00:09:21,023 [INFO] fl_ids.fl.client: Client 4 round 6: 36 of 214 boosting-passed rows flagged; surfacing 36
2026-09-25 00:09:21,386 [INFO] fl_ids.fl.client: Client 5 round 6: 94 of 2772 boosting-passed rows flagged; surfacing 50
2026-09-25 00:09:22,293 [INFO] fl_ids.fl.client: Client 6 round 6: 20 of 706 boosting-passed rows flagged; surfacing 20
2026-09-25 00:09:23,969 [INFO] fl_ids.fl.client: Client 7 round 6: 501 of 13844 boosting-passed rows flagged; surfacing 50
2026-09-25 00:09:28,625 [INFO] fl_ids.fl.client: Client 8 round 6: 23 of 631 boosting-passed rows flagged; surfacing 23
2026-09-25 00:09:29,200 [INFO] fl_ids.fl.client: Client 9 round 6: 1 of 188 boosting-passed rows flagged; surfacing 1
2026-09-25 00:09:53,123 [INFO] fl_ids.models.boosting: Continued boosting training: +50 trees on 90012 rows (now 400 trees)
2026-09-25 00:09:53,124 [INFO] fl_ids.models.boosting_update: Round 6: boosting v3 (continue) from 287 alerts ({'DDoS_HTTP': 3, 'Normal': 248, 'Password': 21, 'Port_Scanning': 2, 'Ransomware': 1, 'Uploading': 7, 'Vulnerability_scanner': 4, 'XSS': 1}); 0 from excluded clients ignored
2026-09-25 00:09:53,328 [WARNING] fl_ids.fl.client: Client 1: no benign validation samples to evaluate on
2026-09-25 00:09:53,348 [INFO] fl_ids.eval.simulation: Round 6: mean_val_loss=0.0377, comm_bytes=583920
2026-09-25 00:10:09,638 [WARNING] fl_ids.fl.client: Client 1: no benign validation samples to evaluate on
2026-09-25 00:10:09,667 [INFO] fl_ids.eval.simulation: Round 7: mean_val_loss=0.0341, comm_bytes=583920
2026-09-25 00:10:26,438 [WARNING] fl_ids.fl.client: Client 1: no benign validation samples to evaluate on
2026-09-25 00:10:26,459 [INFO] fl_ids.eval.simulation: Round 8: mean_val_loss=0.0311, comm_bytes=583920
2026-09-25 00:10:27,802 [INFO] fl_ids.fl.client: Client 0 round 9: 238 of 6913 boosting-passed rows flagged; surfacing 50
2026-09-25 00:10:31,431 [INFO] fl_ids.fl.client: Client 2 round 9: 204 of 6989 boosting-passed rows flagged; surfacing 50
2026-09-25 00:10:33,607 [INFO] fl_ids.fl.client: Client 3 round 9: 7 of 169 boosting-passed rows flagged; surfacing 7
2026-09-25 00:10:33,916 [INFO] fl_ids.fl.client: Client 4 round 9: 38 of 213 boosting-passed rows flagged; surfacing 38
2026-09-25 00:10:34,448 [INFO] fl_ids.fl.client: Client 5 round 9: 123 of 2774 boosting-passed rows flagged; surfacing 50
2026-09-25 00:10:36,183 [INFO] fl_ids.fl.client: Client 6 round 9: 25 of 700 boosting-passed rows flagged; surfacing 25
2026-09-25 00:10:37,951 [INFO] fl_ids.fl.client: Client 7 round 9: 464 of 13841 boosting-passed rows flagged; surfacing 50
2026-09-25 00:10:42,572 [INFO] fl_ids.fl.client: Client 8 round 9: 37 of 635 boosting-passed rows flagged; surfacing 37
2026-09-25 00:10:42,974 [INFO] fl_ids.fl.client: Client 9 round 9: 0 of 185 boosting-passed rows flagged; surfacing 0
2026-09-25 00:11:09,947 [INFO] fl_ids.models.boosting: Continued boosting training: +50 trees on 90319 rows (now 450 trees)
2026-09-25 00:11:09,947 [INFO] fl_ids.models.boosting_update: Round 9: boosting v4 (continue) from 307 alerts ({'DDoS_HTTP': 7, 'Normal': 271, 'Password': 19, 'Port_Scanning': 2, 'Ransomware': 2, 'Uploading': 2, 'Vulnerability_scanner': 3, 'XSS': 1}); 0 from excluded clients ignored
2026-09-25 00:11:10,160 [WARNING] fl_ids.fl.client: Client 1: no benign validation samples to evaluate on
2026-09-25 00:11:10,176 [INFO] fl_ids.eval.simulation: Round 9: mean_val_loss=0.0289, comm_bytes=583920
2026-09-25 00:11:28,706 [WARNING] fl_ids.fl.client: Client 1: no benign validation samples to evaluate on
2026-09-25 00:11:28,732 [INFO] fl_ids.eval.simulation: Round 10: mean_val_loss=0.0273, comm_bytes=583920
2026-09-25 00:11:45,875 [WARNING] fl_ids.fl.client: Client 1: no benign validation samples to evaluate on
2026-09-25 00:11:45,901 [INFO] fl_ids.eval.simulation: Round 11: mean_val_loss=0.0256, comm_bytes=583920
2026-09-25 00:11:46,769 [INFO] fl_ids.fl.client: Client 0 round 12: 257 of 6914 boosting-passed rows flagged; surfacing 50
2026-09-25 00:11:50,402 [INFO] fl_ids.fl.client: Client 2 round 12: 196 of 6989 boosting-passed rows flagged; surfacing 50
2026-09-25 00:11:53,403 [INFO] fl_ids.fl.client: Client 3 round 12: 6 of 167 boosting-passed rows flagged; surfacing 6
2026-09-25 00:11:53,655 [INFO] fl_ids.fl.client: Client 4 round 12: 26 of 211 boosting-passed rows flagged; surfacing 26
2026-09-25 00:11:54,102 [INFO] fl_ids.fl.client: Client 5 round 12: 115 of 2772 boosting-passed rows flagged; surfacing 50
2026-09-25 00:11:55,211 [INFO] fl_ids.fl.client: Client 6 round 12: 32 of 696 boosting-passed rows flagged; surfacing 32
2026-09-25 00:11:57,900 [INFO] fl_ids.fl.client: Client 7 round 12: 471 of 13840 boosting-passed rows flagged; surfacing 50
2026-09-25 00:12:02,560 [INFO] fl_ids.fl.client: Client 8 round 12: 26 of 631 boosting-passed rows flagged; surfacing 26
2026-09-25 00:12:02,903 [INFO] fl_ids.fl.client: Client 9 round 12: 0 of 184 boosting-passed rows flagged; surfacing 0
2026-09-25 00:12:35,032 [INFO] fl_ids.models.boosting: Continued boosting training: +50 trees on 90609 rows (now 500 trees)
2026-09-25 00:12:35,033 [INFO] fl_ids.models.boosting_update: Round 12: boosting v5 (continue) from 290 alerts ({'DDoS_HTTP': 8, 'Fingerprinting': 1, 'Normal': 266, 'Password': 11, 'Port_Scanning': 1, 'Ransomware': 1, 'Uploading': 1, 'XSS': 1}); 0 from excluded clients ignored
2026-09-25 00:12:35,351 [WARNING] fl_ids.fl.client: Client 1: no benign validation samples to evaluate on
2026-09-25 00:12:35,374 [INFO] fl_ids.eval.simulation: Round 12: mean_val_loss=0.0243, comm_bytes=583920
2026-09-25 00:12:54,283 [WARNING] fl_ids.fl.client: Client 1: no benign validation samples to evaluate on
2026-09-25 00:12:54,306 [INFO] fl_ids.eval.simulation: Round 13: mean_val_loss=0.0229, comm_bytes=583920
2026-09-25 00:13:13,216 [WARNING] fl_ids.fl.client: Client 1: no benign validation samples to evaluate on
2026-09-25 00:13:13,242 [INFO] fl_ids.eval.simulation: Round 14: mean_val_loss=0.0214, comm_bytes=583920
2026-09-25 00:13:14,423 [INFO] fl_ids.fl.client: Client 0 round 15: 253 of 6914 boosting-passed rows flagged; surfacing 50
2026-09-25 00:13:19,589 [INFO] fl_ids.fl.client: Client 2 round 15: 200 of 6984 boosting-passed rows flagged; surfacing 50
2026-09-25 00:13:22,464 [INFO] fl_ids.fl.client: Client 3 round 15: 7 of 164 boosting-passed rows flagged; surfacing 7
2026-09-25 00:13:22,689 [INFO] fl_ids.fl.client: Client 4 round 15: 20 of 205 boosting-passed rows flagged; surfacing 20
2026-09-25 00:13:23,197 [INFO] fl_ids.fl.client: Client 5 round 15: 131 of 2772 boosting-passed rows flagged; surfacing 50
2026-09-25 00:13:24,245 [INFO] fl_ids.fl.client: Client 6 round 15: 36 of 695 boosting-passed rows flagged; surfacing 36
2026-09-25 00:13:27,261 [INFO] fl_ids.fl.client: Client 7 round 15: 460 of 13835 boosting-passed rows flagged; surfacing 50
2026-09-25 00:13:31,143 [INFO] fl_ids.fl.client: Client 8 round 15: 30 of 629 boosting-passed rows flagged; surfacing 30
2026-09-25 00:13:31,519 [INFO] fl_ids.fl.client: Client 9 round 15: 0 of 181 boosting-passed rows flagged; surfacing 0
2026-09-25 00:14:10,930 [INFO] fl_ids.models.boosting: Continued boosting training: +50 trees on 90902 rows (now 550 trees)
2026-09-25 00:14:10,931 [INFO] fl_ids.models.boosting_update: Round 15: boosting v6 (continue) from 293 alerts ({'DDoS_HTTP': 5, 'Normal': 274, 'Password': 9, 'Port_Scanning': 3, 'Ransomware': 1, 'XSS': 1}); 0 from excluded clients ignored
2026-09-25 00:14:11,338 [WARNING] fl_ids.fl.client: Client 1: no benign validation samples to evaluate on
2026-09-25 00:14:11,371 [INFO] fl_ids.eval.simulation: Round 15: mean_val_loss=0.0200, comm_bytes=583920
2026-09-25 00:14:32,029 [WARNING] fl_ids.fl.client: Client 1: no benign validation samples to evaluate on
2026-09-25 00:14:32,038 [INFO] fl_ids.eval.simulation: Round 16: mean_val_loss=0.0186, comm_bytes=583920
2026-09-25 00:14:51,453 [WARNING] fl_ids.fl.client: Client 1: no benign validation samples to evaluate on
2026-09-25 00:14:51,483 [INFO] fl_ids.eval.simulation: Round 17: mean_val_loss=0.0176, comm_bytes=583920
2026-09-25 00:14:52,511 [INFO] fl_ids.fl.client: Client 0 round 18: 224 of 6915 boosting-passed rows flagged; surfacing 50
2026-09-25 00:14:56,548 [INFO] fl_ids.fl.client: Client 2 round 18: 207 of 6983 boosting-passed rows flagged; surfacing 50
2026-09-25 00:14:59,712 [INFO] fl_ids.fl.client: Client 3 round 18: 7 of 165 boosting-passed rows flagged; surfacing 7
2026-09-25 00:14:59,961 [INFO] fl_ids.fl.client: Client 4 round 18: 23 of 204 boosting-passed rows flagged; surfacing 23
2026-09-25 00:15:00,545 [INFO] fl_ids.fl.client: Client 5 round 18: 116 of 2769 boosting-passed rows flagged; surfacing 50
2026-09-25 00:15:01,687 [INFO] fl_ids.fl.client: Client 6 round 18: 17 of 695 boosting-passed rows flagged; surfacing 17
2026-09-25 00:15:04,275 [INFO] fl_ids.fl.client: Client 7 round 18: 473 of 13834 boosting-passed rows flagged; surfacing 50
2026-09-25 00:15:07,984 [INFO] fl_ids.fl.client: Client 8 round 18: 23 of 630 boosting-passed rows flagged; surfacing 23
2026-09-25 00:15:08,383 [INFO] fl_ids.fl.client: Client 9 round 18: 0 of 181 boosting-passed rows flagged; surfacing 0
2026-09-25 00:15:54,725 [INFO] fl_ids.models.boosting: Continued boosting training: +50 trees on 91172 rows (now 600 trees)
2026-09-25 00:15:54,725 [INFO] fl_ids.models.boosting_update: Round 18: boosting v7 (continue) from 270 alerts ({'DDoS_HTTP': 5, 'Fingerprinting': 1, 'Normal': 249, 'Password': 12, 'Port_Scanning': 1, 'Uploading': 1, 'XSS': 1}); 0 from excluded clients ignored
2026-09-25 00:15:55,172 [WARNING] fl_ids.fl.client: Client 1: no benign validation samples to evaluate on
2026-09-25 00:15:55,305 [INFO] fl_ids.eval.simulation: Round 18: mean_val_loss=0.0168, comm_bytes=583920
2026-09-25 00:16:17,170 [WARNING] fl_ids.fl.client: Client 1: no benign validation samples to evaluate on
2026-09-25 00:16:17,196 [INFO] fl_ids.eval.simulation: Round 19: mean_val_loss=0.0160, comm_bytes=583920
2026-09-25 00:16:37,040 [WARNING] fl_ids.fl.client: Client 1: no benign validation samples to evaluate on
2026-09-25 00:16:37,072 [INFO] fl_ids.eval.simulation: Round 20: mean_val_loss=0.0154, comm_bytes=583920
2026-09-25 00:16:37,111 [WARNING] fl_ids.eval.common: Clients [1] have no benign validation rows (infinite threshold); 384 test rows can't be flagged by the autoencoder
2026-09-25 00:16:37,571 [INFO] fl_ids.eval.zero_day: zero-day holdout=DDoS_UDP run=malicious_fraction=0.00: detection_rate=0.903
2026-09-25 00:16:51,323 [WARNING] fl_ids.fl.client: Client 1: no benign validation samples to evaluate on
2026-09-25 00:16:51,357 [INFO] fl_ids.eval.simulation: Round 1: mean_val_loss=0.2896, comm_bytes=583920
2026-09-25 00:17:03,929 [WARNING] fl_ids.fl.client: Client 1: no benign validation samples to evaluate on
2026-09-25 00:17:03,946 [INFO] fl_ids.eval.simulation: Round 2: mean_val_loss=0.2641, comm_bytes=583920
2026-09-25 00:17:04,440 [INFO] fl_ids.fl.client: Client 0 round 3: 124 of 6917 boosting-passed rows flagged; surfacing 50
2026-09-25 00:17:07,063 [INFO] fl_ids.fl.client: Client 2 round 3: 207 of 6995 boosting-passed rows flagged; surfacing 50
2026-09-25 00:17:09,135 [INFO] fl_ids.fl.client: Client 3 round 3: 5 of 176 boosting-passed rows flagged; surfacing 5
2026-09-25 00:17:09,321 [INFO] fl_ids.fl.client: Client 4 round 3: 58 of 216 boosting-passed rows flagged; surfacing 50
2026-09-25 00:17:09,735 [INFO] fl_ids.fl.client: Client 5 round 3: 84 of 2772 boosting-passed rows flagged; surfacing 50
2026-09-25 00:17:10,708 [INFO] fl_ids.fl.client: Client 6 round 3: 39 of 706 boosting-passed rows flagged; surfacing 39
2026-09-25 00:17:12,109 [INFO] fl_ids.fl.client: Client 7 round 3: 439 of 13845 boosting-passed rows flagged; surfacing 50
2026-09-25 00:17:15,544 [INFO] fl_ids.fl.client: Client 8 round 3: 18 of 634 boosting-passed rows flagged; surfacing 18
2026-09-25 00:17:15,817 [INFO] fl_ids.fl.client: Client 9 round 3: 1 of 188 boosting-passed rows flagged; surfacing 1
2026-09-25 00:17:36,049 [INFO] fl_ids.models.boosting: Continued boosting training: +50 trees on 89620 rows (now 350 trees)
2026-09-25 00:17:36,050 [INFO] fl_ids.models.boosting_update: Round 3: boosting v2 (continue) from 213 alerts ({'DDoS_HTTP': 4, 'Normal': 170, 'Password': 39}); 100 from excluded clients ignored
2026-09-25 00:17:36,251 [WARNING] fl_ids.fl.client: Client 1: no benign validation samples to evaluate on
2026-09-25 00:17:36,289 [INFO] fl_ids.eval.simulation: Round 3: mean_val_loss=0.2119, comm_bytes=583920
2026-09-25 00:17:48,998 [WARNING] fl_ids.fl.client: Client 1: no benign validation samples to evaluate on
2026-09-25 00:17:49,022 [INFO] fl_ids.eval.simulation: Round 4: mean_val_loss=0.1619, comm_bytes=583920
2026-09-25 00:18:01,585 [WARNING] fl_ids.fl.client: Client 1: no benign validation samples to evaluate on
2026-09-25 00:18:01,609 [INFO] fl_ids.eval.simulation: Round 5: mean_val_loss=0.1189, comm_bytes=583920
2026-09-25 00:18:02,174 [INFO] fl_ids.fl.client: Client 0 round 6: 210 of 6917 boosting-passed rows flagged; surfacing 50
2026-09-25 00:18:04,977 [INFO] fl_ids.fl.client: Client 2 round 6: 175 of 6991 boosting-passed rows flagged; surfacing 50
2026-09-25 00:18:07,039 [INFO] fl_ids.fl.client: Client 3 round 6: 5 of 173 boosting-passed rows flagged; surfacing 5
2026-09-25 00:18:07,205 [INFO] fl_ids.fl.client: Client 4 round 6: 9 of 215 boosting-passed rows flagged; surfacing 9
2026-09-25 00:18:07,551 [INFO] fl_ids.fl.client: Client 5 round 6: 88 of 2773 boosting-passed rows flagged; surfacing 50
2026-09-25 00:18:08,510 [INFO] fl_ids.fl.client: Client 6 round 6: 32 of 704 boosting-passed rows flagged; surfacing 32
2026-09-25 00:18:09,814 [INFO] fl_ids.fl.client: Client 7 round 6: 385 of 13843 boosting-passed rows flagged; surfacing 50
2026-09-25 00:18:13,735 [INFO] fl_ids.fl.client: Client 8 round 6: 20 of 637 boosting-passed rows flagged; surfacing 20
2026-09-25 00:18:14,012 [INFO] fl_ids.fl.client: Client 9 round 6: 1 of 190 boosting-passed rows flagged; surfacing 1
2026-09-25 00:18:37,084 [INFO] fl_ids.models.boosting: Continued boosting training: +50 trees on 89787 rows (now 400 trees)
2026-09-25 00:18:37,084 [INFO] fl_ids.models.boosting_update: Round 6: boosting v3 (continue) from 167 alerts ({'DDoS_HTTP': 1, 'Normal': 162, 'Password': 1, 'Vulnerability_scanner': 2, 'XSS': 1}); 100 from excluded clients ignored
2026-09-25 00:18:37,269 [WARNING] fl_ids.fl.client: Client 1: no benign validation samples to evaluate on
2026-09-25 00:18:37,288 [INFO] fl_ids.eval.simulation: Round 6: mean_val_loss=0.0864, comm_bytes=583920
2026-09-25 00:18:51,057 [WARNING] fl_ids.fl.client: Client 1: no benign validation samples to evaluate on
2026-09-25 00:18:51,087 [INFO] fl_ids.eval.simulation: Round 7: mean_val_loss=0.0672, comm_bytes=583920
2026-09-25 00:19:04,617 [WARNING] fl_ids.fl.client: Client 1: no benign validation samples to evaluate on
2026-09-25 00:19:04,642 [INFO] fl_ids.eval.simulation: Round 8: mean_val_loss=0.0586, comm_bytes=583920
2026-09-25 00:19:05,334 [INFO] fl_ids.fl.client: Client 0 round 9: 219 of 6918 boosting-passed rows flagged; surfacing 50
2026-09-25 00:19:08,327 [INFO] fl_ids.fl.client: Client 2 round 9: 210 of 6994 boosting-passed rows flagged; surfacing 50
2026-09-25 00:19:10,414 [INFO] fl_ids.fl.client: Client 3 round 9: 8 of 175 boosting-passed rows flagged; surfacing 8
2026-09-25 00:19:10,601 [INFO] fl_ids.fl.client: Client 4 round 9: 7 of 216 boosting-passed rows flagged; surfacing 7
2026-09-25 00:19:11,095 [INFO] fl_ids.fl.client: Client 5 round 9: 63 of 2774 boosting-passed rows flagged; surfacing 50
2026-09-25 00:19:12,116 [INFO] fl_ids.fl.client: Client 6 round 9: 31 of 700 boosting-passed rows flagged; surfacing 31
2026-09-25 00:19:13,673 [INFO] fl_ids.fl.client: Client 7 round 9: 469 of 13841 boosting-passed rows flagged; surfacing 50
2026-09-25 00:19:17,548 [INFO] fl_ids.fl.client: Client 8 round 9: 15 of 635 boosting-passed rows flagged; surfacing 15
2026-09-25 00:19:17,852 [INFO] fl_ids.fl.client: Client 9 round 9: 1 of 186 boosting-passed rows flagged; surfacing 1
2026-09-25 00:19:45,349 [INFO] fl_ids.models.boosting: Continued boosting training: +50 trees on 89949 rows (now 450 trees)
2026-09-25 00:19:45,350 [INFO] fl_ids.models.boosting_update: Round 9: boosting v4 (continue) from 162 alerts ({'DDoS_HTTP': 1, 'Normal': 149, 'Port_Scanning': 1, 'Ransomware': 1, 'Uploading': 4, 'Vulnerability_scanner': 4, 'XSS': 2}); 100 from excluded clients ignored
2026-09-25 00:19:45,582 [WARNING] fl_ids.fl.client: Client 1: no benign validation samples to evaluate on
2026-09-25 00:19:45,602 [INFO] fl_ids.eval.simulation: Round 9: mean_val_loss=0.0544, comm_bytes=583920
2026-09-25 00:19:59,468 [WARNING] fl_ids.fl.client: Client 1: no benign validation samples to evaluate on
2026-09-25 00:19:59,492 [INFO] fl_ids.eval.simulation: Round 10: mean_val_loss=0.0524, comm_bytes=583920
2026-09-25 00:20:13,670 [WARNING] fl_ids.fl.client: Client 1: no benign validation samples to evaluate on
2026-09-25 00:20:13,696 [INFO] fl_ids.eval.simulation: Round 11: mean_val_loss=0.0510, comm_bytes=583920
2026-09-25 00:20:14,681 [INFO] fl_ids.fl.client: Client 0 round 12: 261 of 6916 boosting-passed rows flagged; surfacing 50
2026-09-25 00:20:17,793 [INFO] fl_ids.fl.client: Client 2 round 12: 212 of 6984 boosting-passed rows flagged; surfacing 50
2026-09-25 00:20:19,947 [INFO] fl_ids.fl.client: Client 3 round 12: 6 of 168 boosting-passed rows flagged; surfacing 6
2026-09-25 00:20:20,184 [INFO] fl_ids.fl.client: Client 4 round 12: 20 of 214 boosting-passed rows flagged; surfacing 20
2026-09-25 00:20:20,727 [INFO] fl_ids.fl.client: Client 5 round 12: 109 of 2773 boosting-passed rows flagged; surfacing 50
2026-09-25 00:20:21,640 [INFO] fl_ids.fl.client: Client 6 round 12: 32 of 700 boosting-passed rows flagged; surfacing 32
2026-09-25 00:20:23,325 [INFO] fl_ids.fl.client: Client 7 round 12: 484 of 13838 boosting-passed rows flagged; surfacing 50
2026-09-25 00:20:27,540 [INFO] fl_ids.fl.client: Client 8 round 12: 21 of 629 boosting-passed rows flagged; surfacing 21
2026-09-25 00:20:27,859 [INFO] fl_ids.fl.client: Client 9 round 12: 3 of 184 boosting-passed rows flagged; surfacing 3
2026-09-25 00:21:00,821 [INFO] fl_ids.models.boosting: Continued boosting training: +50 trees on 90131 rows (now 500 trees)
2026-09-25 00:21:00,822 [INFO] fl_ids.models.boosting_update: Round 12: boosting v5 (continue) from 182 alerts ({'DDoS_HTTP': 3, 'Normal': 164, 'Password': 9, 'Port_Scanning': 1, 'Ransomware': 2, 'Uploading': 2, 'XSS': 1}); 100 from excluded clients ignored
2026-09-25 00:21:01,066 [WARNING] fl_ids.fl.client: Client 1: no benign validation samples to evaluate on
2026-09-25 00:21:01,086 [INFO] fl_ids.eval.simulation: Round 12: mean_val_loss=0.0496, comm_bytes=583920
2026-09-25 00:21:15,797 [WARNING] fl_ids.fl.client: Client 1: no benign validation samples to evaluate on
2026-09-25 00:21:15,818 [INFO] fl_ids.eval.simulation: Round 13: mean_val_loss=0.0482, comm_bytes=583920
2026-09-25 00:21:30,372 [WARNING] fl_ids.fl.client: Client 1: no benign validation samples to evaluate on
2026-09-25 00:21:30,395 [INFO] fl_ids.eval.simulation: Round 14: mean_val_loss=0.0464, comm_bytes=583920
2026-09-25 00:21:31,296 [INFO] fl_ids.fl.client: Client 0 round 15: 222 of 6915 boosting-passed rows flagged; surfacing 50
2026-09-25 00:21:34,538 [INFO] fl_ids.fl.client: Client 2 round 15: 209 of 6986 boosting-passed rows flagged; surfacing 50
2026-09-25 00:21:36,781 [INFO] fl_ids.fl.client: Client 3 round 15: 6 of 166 boosting-passed rows flagged; surfacing 6
2026-09-25 00:21:37,015 [INFO] fl_ids.fl.client: Client 4 round 15: 23 of 214 boosting-passed rows flagged; surfacing 23
2026-09-25 00:21:37,503 [INFO] fl_ids.fl.client: Client 5 round 15: 93 of 2774 boosting-passed rows flagged; surfacing 50
2026-09-25 00:21:38,548 [INFO] fl_ids.fl.client: Client 6 round 15: 30 of 700 boosting-passed rows flagged; surfacing 30
2026-09-25 00:21:40,495 [INFO] fl_ids.fl.client: Client 7 round 15: 483 of 13837 boosting-passed rows flagged; surfacing 50
2026-09-25 00:21:44,613 [INFO] fl_ids.fl.client: Client 8 round 15: 22 of 631 boosting-passed rows flagged; surfacing 22
2026-09-25 00:21:44,983 [INFO] fl_ids.fl.client: Client 9 round 15: 3 of 182 boosting-passed rows flagged; surfacing 3
2026-09-25 00:22:22,913 [INFO] fl_ids.models.boosting: Continued boosting training: +50 trees on 90315 rows (now 550 trees)
2026-09-25 00:22:22,913 [INFO] fl_ids.models.boosting_update: Round 15: boosting v6 (continue) from 184 alerts ({'DDoS_HTTP': 2, 'Normal': 164, 'Password': 13, 'Port_Scanning': 1, 'Ransomware': 2, 'Uploading': 1, 'XSS': 1}); 100 from excluded clients ignored
2026-09-25 00:22:23,182 [WARNING] fl_ids.fl.client: Client 1: no benign validation samples to evaluate on
2026-09-25 00:22:23,202 [INFO] fl_ids.eval.simulation: Round 15: mean_val_loss=0.0448, comm_bytes=583920
2026-09-25 00:22:39,063 [WARNING] fl_ids.fl.client: Client 1: no benign validation samples to evaluate on
2026-09-25 00:22:39,088 [INFO] fl_ids.eval.simulation: Round 16: mean_val_loss=0.0431, comm_bytes=583920
2026-09-25 00:22:54,719 [WARNING] fl_ids.fl.client: Client 1: no benign validation samples to evaluate on
2026-09-25 00:22:54,744 [INFO] fl_ids.eval.simulation: Round 17: mean_val_loss=0.0416, comm_bytes=583920
2026-09-25 00:22:55,780 [INFO] fl_ids.fl.client: Client 0 round 18: 221 of 6915 boosting-passed rows flagged; surfacing 50
2026-09-25 00:22:59,159 [INFO] fl_ids.fl.client: Client 2 round 18: 206 of 6985 boosting-passed rows flagged; surfacing 50
2026-09-25 00:23:01,716 [INFO] fl_ids.fl.client: Client 3 round 18: 6 of 164 boosting-passed rows flagged; surfacing 6
2026-09-25 00:23:01,968 [INFO] fl_ids.fl.client: Client 4 round 18: 9 of 213 boosting-passed rows flagged; surfacing 9
2026-09-25 00:23:02,513 [INFO] fl_ids.fl.client: Client 5 round 18: 75 of 2774 boosting-passed rows flagged; surfacing 50
2026-09-25 00:23:03,575 [INFO] fl_ids.fl.client: Client 6 round 18: 28 of 700 boosting-passed rows flagged; surfacing 28
2026-09-25 00:23:05,820 [INFO] fl_ids.fl.client: Client 7 round 18: 489 of 13836 boosting-passed rows flagged; surfacing 50
2026-09-25 00:23:09,983 [INFO] fl_ids.fl.client: Client 8 round 18: 32 of 628 boosting-passed rows flagged; surfacing 32
2026-09-25 00:23:10,424 [INFO] fl_ids.fl.client: Client 9 round 18: 2 of 179 boosting-passed rows flagged; surfacing 2
2026-09-25 00:23:54,315 [INFO] fl_ids.models.boosting: Continued boosting training: +50 trees on 90492 rows (now 600 trees)
2026-09-25 00:23:54,316 [INFO] fl_ids.models.boosting_update: Round 18: boosting v7 (continue) from 177 alerts ({'Backdoor': 1, 'Normal': 171, 'Password': 1, 'Ransomware': 2, 'Uploading': 1, 'XSS': 1}); 100 from excluded clients ignored
2026-09-25 00:23:54,617 [WARNING] fl_ids.fl.client: Client 1: no benign validation samples to evaluate on
2026-09-25 00:23:54,638 [INFO] fl_ids.eval.simulation: Round 18: mean_val_loss=0.0402, comm_bytes=583920
2026-09-25 00:24:11,892 [WARNING] fl_ids.fl.client: Client 1: no benign validation samples to evaluate on
2026-09-25 00:24:11,918 [INFO] fl_ids.eval.simulation: Round 19: mean_val_loss=0.0391, comm_bytes=583920
2026-09-25 00:24:28,365 [WARNING] fl_ids.fl.client: Client 1: no benign validation samples to evaluate on
2026-09-25 00:24:28,397 [INFO] fl_ids.eval.simulation: Round 20: mean_val_loss=0.0379, comm_bytes=583920
2026-09-25 00:24:28,426 [WARNING] fl_ids.eval.common: Clients [1] have no benign validation rows (infinite threshold); 384 test rows can't be flagged by the autoencoder
2026-09-25 00:24:28,811 [INFO] fl_ids.eval.zero_day: zero-day holdout=DDoS_UDP run=malicious_fraction=0.20: detection_rate=0.903
2026-09-25 00:24:41,398 [WARNING] fl_ids.fl.client: Client 1: no benign validation samples to evaluate on
2026-09-25 00:24:41,440 [INFO] fl_ids.eval.simulation: Round 1: mean_val_loss=0.2668, comm_bytes=583920
2026-09-25 00:24:53,067 [WARNING] fl_ids.fl.client: Client 1: no benign validation samples to evaluate on
2026-09-25 00:24:53,089 [INFO] fl_ids.eval.simulation: Round 2: mean_val_loss=0.1589, comm_bytes=583920
2026-09-25 00:24:53,665 [INFO] fl_ids.fl.client: Client 0 round 3: 185 of 6917 boosting-passed rows flagged; surfacing 50
2026-09-25 00:24:56,185 [INFO] fl_ids.fl.client: Client 2 round 3: 198 of 6995 boosting-passed rows flagged; surfacing 50
2026-09-25 00:24:57,993 [INFO] fl_ids.fl.client: Client 3 round 3: 5 of 176 boosting-passed rows flagged; surfacing 5
2026-09-25 00:24:58,163 [INFO] fl_ids.fl.client: Client 4 round 3: 59 of 216 boosting-passed rows flagged; surfacing 50
2026-09-25 00:24:58,524 [INFO] fl_ids.fl.client: Client 5 round 3: 101 of 2772 boosting-passed rows flagged; surfacing 50
2026-09-25 00:24:59,348 [INFO] fl_ids.fl.client: Client 6 round 3: 41 of 706 boosting-passed rows flagged; surfacing 41
2026-09-25 00:25:00,637 [INFO] fl_ids.fl.client: Client 7 round 3: 416 of 13845 boosting-passed rows flagged; surfacing 50
2026-09-25 00:25:03,886 [INFO] fl_ids.fl.client: Client 8 round 3: 35 of 634 boosting-passed rows flagged; surfacing 35
2026-09-25 00:25:04,152 [INFO] fl_ids.fl.client: Client 9 round 3: 1 of 188 boosting-passed rows flagged; surfacing 1
2026-09-25 00:25:29,138 [INFO] fl_ids.models.boosting: Continued boosting training: +50 trees on 89647 rows (now 350 trees)
2026-09-25 00:25:29,138 [INFO] fl_ids.models.boosting_update: Round 3: boosting v2 (continue) from 240 alerts ({'DDoS_HTTP': 4, 'Normal': 197, 'Password': 39}); 92 from excluded clients ignored
2026-09-25 00:25:29,349 [WARNING] fl_ids.fl.client: Client 1: no benign validation samples to evaluate on
2026-09-25 00:25:29,389 [INFO] fl_ids.eval.simulation: Round 3: mean_val_loss=0.0701, comm_bytes=583920
2026-09-25 00:25:43,694 [WARNING] fl_ids.fl.client: Client 1: no benign validation samples to evaluate on
2026-09-25 00:25:43,716 [INFO] fl_ids.eval.simulation: Round 4: mean_val_loss=0.0416, comm_bytes=583920
2026-09-25 00:25:55,400 [WARNING] fl_ids.fl.client: Client 1: no benign validation samples to evaluate on
2026-09-25 00:25:55,421 [INFO] fl_ids.eval.simulation: Round 5: mean_val_loss=0.0311, comm_bytes=583920
2026-09-25 00:25:56,086 [INFO] fl_ids.fl.client: Client 0 round 6: 258 of 6918 boosting-passed rows flagged; surfacing 50
2026-09-25 00:25:58,786 [INFO] fl_ids.fl.client: Client 2 round 6: 222 of 6991 boosting-passed rows flagged; surfacing 50
2026-09-25 00:26:00,646 [INFO] fl_ids.fl.client: Client 3 round 6: 8 of 177 boosting-passed rows flagged; surfacing 8
2026-09-25 00:26:00,834 [INFO] fl_ids.fl.client: Client 4 round 6: 39 of 214 boosting-passed rows flagged; surfacing 39
2026-09-25 00:26:01,250 [INFO] fl_ids.fl.client: Client 5 round 6: 108 of 2771 boosting-passed rows flagged; surfacing 50
2026-09-25 00:26:02,121 [INFO] fl_ids.fl.client: Client 6 round 6: 29 of 704 boosting-passed rows flagged; surfacing 29
2026-09-25 00:26:03,553 [INFO] fl_ids.fl.client: Client 7 round 6: 473 of 13840 boosting-passed rows flagged; surfacing 50
2026-09-25 00:26:06,820 [INFO] fl_ids.fl.client: Client 8 round 6: 46 of 636 boosting-passed rows flagged; surfacing 46
2026-09-25 00:26:07,097 [INFO] fl_ids.fl.client: Client 9 round 6: 0 of 189 boosting-passed rows flagged; surfacing 0
2026-09-25 00:26:37,466 [INFO] fl_ids.models.boosting: Continued boosting training: +50 trees on 89890 rows (now 400 trees)
2026-09-25 00:26:37,467 [INFO] fl_ids.models.boosting_update: Round 6: boosting v3 (continue) from 243 alerts ({'DDoS_HTTP': 4, 'Normal': 206, 'Password': 25, 'Port_Scanning': 1, 'Ransomware': 2, 'Uploading': 2, 'Vulnerability_scanner': 2, 'XSS': 1}); 79 from excluded clients ignored
2026-09-25 00:26:37,783 [WARNING] fl_ids.fl.client: Client 1: no benign validation samples to evaluate on
2026-09-25 00:26:37,805 [INFO] fl_ids.eval.simulation: Round 6: mean_val_loss=0.0251, comm_bytes=583920
2026-09-25 00:26:51,707 [WARNING] fl_ids.fl.client: Client 1: no benign validation samples to evaluate on
2026-09-25 00:26:51,731 [INFO] fl_ids.eval.simulation: Round 7: mean_val_loss=0.0216, comm_bytes=583920
2026-09-25 00:27:04,603 [WARNING] fl_ids.fl.client: Client 1: no benign validation samples to evaluate on
2026-09-25 00:27:04,626 [INFO] fl_ids.eval.simulation: Round 8: mean_val_loss=0.0255, comm_bytes=583920
2026-09-25 00:27:05,472 [INFO] fl_ids.fl.client: Client 0 round 9: 173 of 6917 boosting-passed rows flagged; surfacing 50
2026-09-25 00:27:08,356 [INFO] fl_ids.fl.client: Client 2 round 9: 223 of 6991 boosting-passed rows flagged; surfacing 50
2026-09-25 00:27:10,261 [INFO] fl_ids.fl.client: Client 3 round 9: 7 of 174 boosting-passed rows flagged; surfacing 7
2026-09-25 00:27:10,482 [INFO] fl_ids.fl.client: Client 4 round 9: 55 of 212 boosting-passed rows flagged; surfacing 50
2026-09-25 00:27:10,965 [INFO] fl_ids.fl.client: Client 5 round 9: 108 of 2771 boosting-passed rows flagged; surfacing 50
2026-09-25 00:27:11,855 [INFO] fl_ids.fl.client: Client 6 round 9: 17 of 703 boosting-passed rows flagged; surfacing 17
2026-09-25 00:27:13,518 [INFO] fl_ids.fl.client: Client 7 round 9: 477 of 13842 boosting-passed rows flagged; surfacing 50
2026-09-25 00:27:17,925 [INFO] fl_ids.fl.client: Client 8 round 9: 34 of 638 boosting-passed rows flagged; surfacing 34
2026-09-25 00:27:18,270 [INFO] fl_ids.fl.client: Client 9 round 9: 0 of 188 boosting-passed rows flagged; surfacing 0
2026-09-25 00:27:52,996 [INFO] fl_ids.models.boosting: Continued boosting training: +50 trees on 90148 rows (now 450 trees)
2026-09-25 00:27:52,997 [INFO] fl_ids.models.boosting_update: Round 9: boosting v4 (continue) from 258 alerts ({'DDoS_HTTP': 10, 'Normal': 207, 'Password': 31, 'Port_Scanning': 1, 'Uploading': 4, 'Vulnerability_scanner': 3, 'XSS': 2}); 50 from excluded clients ignored
2026-09-25 00:27:53,269 [WARNING] fl_ids.fl.client: Client 1: no benign validation samples to evaluate on
2026-09-25 00:27:53,276 [INFO] fl_ids.eval.simulation: Round 9: mean_val_loss=0.0316, comm_bytes=583920
2026-09-25 00:28:06,994 [WARNING] fl_ids.fl.client: Client 1: no benign validation samples to evaluate on
2026-09-25 00:28:07,016 [INFO] fl_ids.eval.simulation: Round 10: mean_val_loss=0.0202, comm_bytes=583920
2026-09-25 00:28:21,014 [WARNING] fl_ids.fl.client: Client 1: no benign validation samples to evaluate on
2026-09-25 00:28:21,038 [INFO] fl_ids.eval.simulation: Round 11: mean_val_loss=0.0237, comm_bytes=583920
2026-09-25 00:28:22,020 [INFO] fl_ids.fl.client: Client 0 round 12: 159 of 6917 boosting-passed rows flagged; surfacing 50
2026-09-25 00:28:25,127 [INFO] fl_ids.fl.client: Client 2 round 12: 226 of 6988 boosting-passed rows flagged; surfacing 50
2026-09-25 00:28:27,110 [INFO] fl_ids.fl.client: Client 3 round 12: 7 of 171 boosting-passed rows flagged; surfacing 7
2026-09-25 00:28:27,349 [INFO] fl_ids.fl.client: Client 4 round 12: 28 of 211 boosting-passed rows flagged; surfacing 28
2026-09-25 00:28:27,896 [INFO] fl_ids.fl.client: Client 5 round 12: 99 of 2773 boosting-passed rows flagged; surfacing 50
2026-09-25 00:28:28,813 [INFO] fl_ids.fl.client: Client 6 round 12: 11 of 700 boosting-passed rows flagged; surfacing 11
2026-09-25 00:28:30,777 [INFO] fl_ids.fl.client: Client 7 round 12: 524 of 13844 boosting-passed rows flagged; surfacing 50
2026-09-25 00:28:36,164 [INFO] fl_ids.fl.client: Client 8 round 12: 35 of 636 boosting-passed rows flagged; surfacing 35
2026-09-25 00:28:36,467 [INFO] fl_ids.fl.client: Client 9 round 12: 1 of 188 boosting-passed rows flagged; surfacing 1
2026-09-25 00:29:19,154 [INFO] fl_ids.models.boosting: Continued boosting training: +50 trees on 90330 rows (now 500 trees)
2026-09-25 00:29:19,154 [INFO] fl_ids.models.boosting_update: Round 12: boosting v5 (continue) from 182 alerts ({'Backdoor': 1, 'DDoS_HTTP': 5, 'Normal': 152, 'Password': 14, 'Port_Scanning': 2, 'Ransomware': 2, 'Uploading': 3, 'Vulnerability_scanner': 2, 'XSS': 1}); 100 from excluded clients ignored
2026-09-25 00:29:19,396 [WARNING] fl_ids.fl.client: Client 1: no benign validation samples to evaluate on
2026-09-25 00:29:19,417 [INFO] fl_ids.eval.simulation: Round 12: mean_val_loss=0.0316, comm_bytes=583920
2026-09-25 00:29:34,600 [WARNING] fl_ids.fl.client: Client 1: no benign validation samples to evaluate on
2026-09-25 00:29:34,622 [INFO] fl_ids.eval.simulation: Round 13: mean_val_loss=0.0254, comm_bytes=583920
2026-09-25 00:29:49,921 [WARNING] fl_ids.fl.client: Client 1: no benign validation samples to evaluate on
2026-09-25 00:29:49,944 [INFO] fl_ids.eval.simulation: Round 14: mean_val_loss=0.0490, comm_bytes=583920
2026-09-25 00:29:51,134 [INFO] fl_ids.fl.client: Client 0 round 15: 166 of 6917 boosting-passed rows flagged; surfacing 50
2026-09-25 00:29:54,427 [INFO] fl_ids.fl.client: Client 2 round 15: 235 of 6984 boosting-passed rows flagged; surfacing 50
2026-09-25 00:29:56,998 [INFO] fl_ids.fl.client: Client 3 round 15: 5 of 170 boosting-passed rows flagged; surfacing 5
2026-09-25 00:29:57,244 [INFO] fl_ids.fl.client: Client 4 round 15: 8 of 209 boosting-passed rows flagged; surfacing 8
2026-09-25 00:29:57,758 [INFO] fl_ids.fl.client: Client 5 round 15: 56 of 2773 boosting-passed rows flagged; surfacing 50
2026-09-25 00:29:59,320 [INFO] fl_ids.fl.client: Client 6 round 15: 11 of 699 boosting-passed rows flagged; surfacing 11
2026-09-25 00:30:01,545 [INFO] fl_ids.fl.client: Client 7 round 15: 460 of 13836 boosting-passed rows flagged; surfacing 50
2026-09-25 00:30:07,153 [INFO] fl_ids.fl.client: Client 8 round 15: 38 of 635 boosting-passed rows flagged; surfacing 38
2026-09-25 00:30:08,262 [INFO] fl_ids.fl.client: Client 9 round 15: 1 of 184 boosting-passed rows flagged; surfacing 1
2026-09-25 00:30:53,531 [INFO] fl_ids.models.boosting: Continued boosting training: +50 trees on 90531 rows (now 550 trees)
2026-09-25 00:30:53,532 [INFO] fl_ids.models.boosting_update: Round 15: boosting v6 (continue) from 201 alerts ({'DDoS_HTTP': 2, 'Fingerprinting': 2, 'Normal': 192, 'Ransomware': 1, 'SQL_injection': 1, 'Uploading': 1, 'Vulnerability_scanner': 1, 'XSS': 1}); 62 from excluded clients ignored
2026-09-25 00:30:53,804 [WARNING] fl_ids.fl.client: Client 1: no benign validation samples to evaluate on
2026-09-25 00:30:53,824 [INFO] fl_ids.eval.simulation: Round 15: mean_val_loss=0.0203, comm_bytes=583920
2026-09-25 00:31:09,872 [WARNING] fl_ids.fl.client: Client 1: no benign validation samples to evaluate on
2026-09-25 00:31:09,897 [INFO] fl_ids.eval.simulation: Round 16: mean_val_loss=0.0390, comm_bytes=583920
2026-09-25 00:31:25,810 [WARNING] fl_ids.fl.client: Client 1: no benign validation samples to evaluate on
2026-09-25 00:31:25,832 [INFO] fl_ids.eval.simulation: Round 17: mean_val_loss=0.0194, comm_bytes=583920
2026-09-25 00:31:27,019 [INFO] fl_ids.fl.client: Client 0 round 18: 206 of 6917 boosting-passed rows flagged; surfacing 50
2026-09-25 00:31:31,019 [INFO] fl_ids.fl.client: Client 2 round 18: 228 of 6982 boosting-passed rows flagged; surfacing 50
2026-09-25 00:31:33,875 [INFO] fl_ids.fl.client: Client 3 round 18: 6 of 167 boosting-passed rows flagged; surfacing 6
2026-09-25 00:31:34,102 [INFO] fl_ids.fl.client: Client 4 round 18: 8 of 207 boosting-passed rows flagged; surfacing 8
2026-09-25 00:31:34,653 [INFO] fl_ids.fl.client: Client 5 round 18: 114 of 2773 boosting-passed rows flagged; surfacing 50
2026-09-25 00:31:36,174 [INFO] fl_ids.fl.client: Client 6 round 18: 12 of 697 boosting-passed rows flagged; surfacing 12
2026-09-25 00:31:38,699 [INFO] fl_ids.fl.client: Client 7 round 18: 488 of 13834 boosting-passed rows flagged; surfacing 50
2026-09-25 00:31:45,332 [INFO] fl_ids.fl.client: Client 8 round 18: 35 of 630 boosting-passed rows flagged; surfacing 35
2026-09-25 00:31:45,698 [INFO] fl_ids.fl.client: Client 9 round 18: 0 of 182 boosting-passed rows flagged; surfacing 0
2026-09-25 00:32:39,435 [INFO] fl_ids.models.boosting: Continued boosting training: +50 trees on 90692 rows (now 600 trees)
2026-09-25 00:32:39,436 [INFO] fl_ids.models.boosting_update: Round 18: boosting v7 (continue) from 161 alerts ({'Fingerprinting': 1, 'Normal': 154, 'Password': 2, 'Port_Scanning': 1, 'Uploading': 2, 'XSS': 1}); 100 from excluded clients ignored
2026-09-25 00:32:39,740 [WARNING] fl_ids.fl.client: Client 1: no benign validation samples to evaluate on
2026-09-25 00:32:39,761 [INFO] fl_ids.eval.simulation: Round 18: mean_val_loss=0.0376, comm_bytes=583920
2026-09-25 00:32:57,066 [WARNING] fl_ids.fl.client: Client 1: no benign validation samples to evaluate on
2026-09-25 00:32:57,089 [INFO] fl_ids.eval.simulation: Round 19: mean_val_loss=0.0188, comm_bytes=583920
2026-09-25 00:33:16,478 [WARNING] fl_ids.fl.client: Client 1: no benign validation samples to evaluate on
2026-09-25 00:33:16,498 [INFO] fl_ids.eval.simulation: Round 20: mean_val_loss=0.0372, comm_bytes=583920
2026-09-25 00:33:16,523 [WARNING] fl_ids.eval.common: Clients [1] have no benign validation rows (infinite threshold); 384 test rows can't be flagged by the autoencoder
2026-09-25 00:33:16,889 [INFO] fl_ids.eval.zero_day: zero-day holdout=DDoS_UDP run=malicious_fraction=0.30: detection_rate=0.903
2026-09-25 00:33:33,918 [WARNING] fl_ids.fl.client: Client 1: no benign validation samples to evaluate on
2026-09-25 00:33:33,944 [INFO] fl_ids.eval.simulation: Round 1: mean_val_loss=0.2863, comm_bytes=583920
2026-09-25 00:33:50,816 [WARNING] fl_ids.fl.client: Client 1: no benign validation samples to evaluate on
2026-09-25 00:33:50,841 [INFO] fl_ids.eval.simulation: Round 2: mean_val_loss=0.2265, comm_bytes=583920
2026-09-25 00:33:51,365 [INFO] fl_ids.fl.client: Client 0 round 3: 131 of 6917 boosting-passed rows flagged; surfacing 50
2026-09-25 00:33:54,697 [INFO] fl_ids.fl.client: Client 2 round 3: 212 of 6995 boosting-passed rows flagged; surfacing 50
2026-09-25 00:33:57,145 [INFO] fl_ids.fl.client: Client 3 round 3: 5 of 176 boosting-passed rows flagged; surfacing 5
2026-09-25 00:33:57,381 [INFO] fl_ids.fl.client: Client 4 round 3: 51 of 216 boosting-passed rows flagged; surfacing 50
2026-09-25 00:33:57,858 [INFO] fl_ids.fl.client: Client 5 round 3: 74 of 2772 boosting-passed rows flagged; surfacing 50
2026-09-25 00:33:59,264 [INFO] fl_ids.fl.client: Client 6 round 3: 39 of 706 boosting-passed rows flagged; surfacing 39
2026-09-25 00:34:00,698 [INFO] fl_ids.fl.client: Client 7 round 3: 435 of 13845 boosting-passed rows flagged; surfacing 50
2026-09-25 00:34:05,180 [INFO] fl_ids.fl.client: Client 8 round 3: 21 of 634 boosting-passed rows flagged; surfacing 21
2026-09-25 00:34:05,445 [INFO] fl_ids.fl.client: Client 9 round 3: 1 of 188 boosting-passed rows flagged; surfacing 1
2026-09-25 00:34:29,980 [INFO] fl_ids.models.boosting: Continued boosting training: +50 trees on 89534 rows (now 350 trees)
2026-09-25 00:34:29,980 [INFO] fl_ids.models.boosting_update: Round 3: boosting v2 (continue) from 127 alerts ({'Normal': 127}); 189 from excluded clients ignored
2026-09-25 00:34:30,147 [WARNING] fl_ids.fl.client: Client 1: no benign validation samples to evaluate on
2026-09-25 00:34:30,165 [INFO] fl_ids.eval.simulation: Round 3: mean_val_loss=0.1218, comm_bytes=583920
2026-09-25 00:34:42,132 [WARNING] fl_ids.fl.client: Client 1: no benign validation samples to evaluate on
2026-09-25 00:34:42,153 [INFO] fl_ids.eval.simulation: Round 4: mean_val_loss=0.0539, comm_bytes=583920
2026-09-25 00:34:54,942 [WARNING] fl_ids.fl.client: Client 1: no benign validation samples to evaluate on
2026-09-25 00:34:54,968 [INFO] fl_ids.eval.simulation: Round 5: mean_val_loss=0.0284, comm_bytes=583920
2026-09-25 00:34:55,705 [INFO] fl_ids.fl.client: Client 0 round 6: 274 of 6918 boosting-passed rows flagged; surfacing 50
2026-09-25 00:34:59,034 [INFO] fl_ids.fl.client: Client 2 round 6: 240 of 6986 boosting-passed rows flagged; surfacing 50
2026-09-25 00:35:02,327 [INFO] fl_ids.fl.client: Client 3 round 6: 6 of 177 boosting-passed rows flagged; surfacing 6
2026-09-25 00:35:02,499 [INFO] fl_ids.fl.client: Client 4 round 6: 54 of 216 boosting-passed rows flagged; surfacing 50
2026-09-25 00:35:02,868 [INFO] fl_ids.fl.client: Client 5 round 6: 82 of 2773 boosting-passed rows flagged; surfacing 50
2026-09-25 00:35:03,761 [INFO] fl_ids.fl.client: Client 6 round 6: 29 of 703 boosting-passed rows flagged; surfacing 29
2026-09-25 00:35:05,132 [INFO] fl_ids.fl.client: Client 7 round 6: 507 of 13841 boosting-passed rows flagged; surfacing 50
2026-09-25 00:35:09,437 [INFO] fl_ids.fl.client: Client 8 round 6: 29 of 638 boosting-passed rows flagged; surfacing 29
2026-09-25 00:35:09,991 [INFO] fl_ids.fl.client: Client 9 round 6: 0 of 188 boosting-passed rows flagged; surfacing 0
2026-09-25 00:35:38,120 [INFO] fl_ids.models.boosting: Continued boosting training: +50 trees on 89798 rows (now 400 trees)
2026-09-25 00:35:38,120 [INFO] fl_ids.models.boosting_update: Round 6: boosting v3 (continue) from 264 alerts ({'Fingerprinting': 1, 'Normal': 251, 'Port_Scanning': 2, 'Ransomware': 1, 'Uploading': 5, 'Vulnerability_scanner': 3, 'XSS': 1}); 50 from excluded clients ignored
2026-09-25 00:35:38,313 [WARNING] fl_ids.fl.client: Client 1: no benign validation samples to evaluate on
2026-09-25 00:35:38,332 [INFO] fl_ids.eval.simulation: Round 6: mean_val_loss=0.0530, comm_bytes=583920
2026-09-25 00:35:51,285 [WARNING] fl_ids.fl.client: Client 1: no benign validation samples to evaluate on
2026-09-25 00:35:51,307 [INFO] fl_ids.eval.simulation: Round 7: mean_val_loss=0.0265, comm_bytes=583920
2026-09-25 00:36:05,522 [WARNING] fl_ids.fl.client: Client 1: no benign validation samples to evaluate on
2026-09-25 00:36:05,555 [INFO] fl_ids.eval.simulation: Round 8: mean_val_loss=0.0655, comm_bytes=583920
2026-09-25 00:36:06,379 [INFO] fl_ids.fl.client: Client 0 round 9: 221 of 6916 boosting-passed rows flagged; surfacing 50
2026-09-25 00:36:10,074 [INFO] fl_ids.fl.client: Client 2 round 9: 236 of 6985 boosting-passed rows flagged; surfacing 50
2026-09-25 00:36:13,065 [INFO] fl_ids.fl.client: Client 3 round 9: 5 of 174 boosting-passed rows flagged; surfacing 5
2026-09-25 00:36:13,288 [INFO] fl_ids.fl.client: Client 4 round 9: 11 of 216 boosting-passed rows flagged; surfacing 11
2026-09-25 00:36:13,694 [INFO] fl_ids.fl.client: Client 5 round 9: 89 of 2772 boosting-passed rows flagged; surfacing 50
2026-09-25 00:36:14,752 [INFO] fl_ids.fl.client: Client 6 round 9: 18 of 700 boosting-passed rows flagged; surfacing 18
2026-09-25 00:36:16,682 [INFO] fl_ids.fl.client: Client 7 round 9: 485 of 13841 boosting-passed rows flagged; surfacing 50
2026-09-25 00:36:21,897 [INFO] fl_ids.fl.client: Client 8 round 9: 24 of 631 boosting-passed rows flagged; surfacing 24
2026-09-25 00:36:22,267 [INFO] fl_ids.fl.client: Client 9 round 9: 0 of 189 boosting-passed rows flagged; surfacing 0
2026-09-25 00:36:53,521 [INFO] fl_ids.models.boosting: Continued boosting training: +50 trees on 89927 rows (now 450 trees)
2026-09-25 00:36:53,521 [INFO] fl_ids.models.boosting_update: Round 9: boosting v4 (continue) from 129 alerts ({'Normal': 126, 'Vulnerability_scanner': 2, 'XSS': 1}); 129 from excluded clients ignored
2026-09-25 00:36:53,746 [WARNING] fl_ids.fl.client: Client 1: no benign validation samples to evaluate on
2026-09-25 00:36:53,765 [INFO] fl_ids.eval.simulation: Round 9: mean_val_loss=0.0281, comm_bytes=583920
2026-09-25 00:37:07,570 [WARNING] fl_ids.fl.client: Client 1: no benign validation samples to evaluate on
2026-09-25 00:37:07,592 [INFO] fl_ids.eval.simulation: Round 10: mean_val_loss=0.0712, comm_bytes=583920
2026-09-25 00:37:22,868 [WARNING] fl_ids.fl.client: Client 1: no benign validation samples to evaluate on
2026-09-25 00:37:22,898 [INFO] fl_ids.eval.simulation: Round 11: mean_val_loss=0.0383, comm_bytes=583920
2026-09-25 00:37:23,674 [INFO] fl_ids.fl.client: Client 0 round 12: 190 of 6916 boosting-passed rows flagged; surfacing 50
2026-09-25 00:37:28,854 [INFO] fl_ids.fl.client: Client 2 round 12: 206 of 6981 boosting-passed rows flagged; surfacing 50
2026-09-25 00:37:31,391 [INFO] fl_ids.fl.client: Client 3 round 12: 9 of 171 boosting-passed rows flagged; surfacing 9
2026-09-25 00:37:31,646 [INFO] fl_ids.fl.client: Client 4 round 12: 11 of 217 boosting-passed rows flagged; surfacing 11
2026-09-25 00:37:32,193 [INFO] fl_ids.fl.client: Client 5 round 12: 69 of 2772 boosting-passed rows flagged; surfacing 50
2026-09-25 00:37:33,234 [INFO] fl_ids.fl.client: Client 6 round 12: 6 of 698 boosting-passed rows flagged; surfacing 6
2026-09-25 00:37:35,801 [INFO] fl_ids.fl.client: Client 7 round 12: 489 of 13841 boosting-passed rows flagged; surfacing 50
2026-09-25 00:37:40,563 [INFO] fl_ids.fl.client: Client 8 round 12: 29 of 628 boosting-passed rows flagged; surfacing 29
2026-09-25 00:37:40,954 [INFO] fl_ids.fl.client: Client 9 round 12: 0 of 187 boosting-passed rows flagged; surfacing 0
2026-09-25 00:38:19,580 [INFO] fl_ids.models.boosting: Continued boosting training: +50 trees on 90121 rows (now 500 trees)
2026-09-25 00:38:19,580 [INFO] fl_ids.models.boosting_update: Round 12: boosting v5 (continue) from 194 alerts ({'Normal': 193, 'XSS': 1}); 61 from excluded clients ignored
2026-09-25 00:38:19,832 [WARNING] fl_ids.fl.client: Client 1: no benign validation samples to evaluate on
2026-09-25 00:38:19,853 [INFO] fl_ids.eval.simulation: Round 12: mean_val_loss=0.0558, comm_bytes=583920
2026-09-25 00:38:35,027 [WARNING] fl_ids.fl.client: Client 1: no benign validation samples to evaluate on
2026-09-25 00:38:35,051 [INFO] fl_ids.eval.simulation: Round 13: mean_val_loss=0.0504, comm_bytes=583920
2026-09-25 00:38:52,425 [WARNING] fl_ids.fl.client: Client 1: no benign validation samples to evaluate on
2026-09-25 00:38:52,454 [INFO] fl_ids.eval.simulation: Round 14: mean_val_loss=0.1109, comm_bytes=583920
2026-09-25 00:38:53,773 [INFO] fl_ids.fl.client: Client 0 round 15: 223 of 6916 boosting-passed rows flagged; surfacing 50
2026-09-25 00:38:59,011 [INFO] fl_ids.fl.client: Client 2 round 15: 221 of 6987 boosting-passed rows flagged; surfacing 50
2026-09-25 00:39:01,387 [INFO] fl_ids.fl.client: Client 3 round 15: 6 of 169 boosting-passed rows flagged; surfacing 6
2026-09-25 00:39:01,723 [INFO] fl_ids.fl.client: Client 4 round 15: 9 of 218 boosting-passed rows flagged; surfacing 9
2026-09-25 00:39:02,727 [INFO] fl_ids.fl.client: Client 5 round 15: 109 of 2771 boosting-passed rows flagged; surfacing 50
2026-09-25 00:39:04,016 [INFO] fl_ids.fl.client: Client 6 round 15: 4 of 699 boosting-passed rows flagged; surfacing 4
2026-09-25 00:39:06,854 [INFO] fl_ids.fl.client: Client 7 round 15: 435 of 13840 boosting-passed rows flagged; surfacing 50
2026-09-25 00:39:12,593 [INFO] fl_ids.fl.client: Client 8 round 15: 38 of 626 boosting-passed rows flagged; surfacing 38
2026-09-25 00:39:13,062 [INFO] fl_ids.fl.client: Client 9 round 15: 0 of 184 boosting-passed rows flagged; surfacing 0
2026-09-25 00:39:56,228 [INFO] fl_ids.models.boosting: Continued boosting training: +50 trees on 90265 rows (now 550 trees)
2026-09-25 00:39:56,229 [INFO] fl_ids.models.boosting_update: Round 15: boosting v6 (continue) from 144 alerts ({'DDoS_HTTP': 1, 'Normal': 142, 'XSS': 1}); 113 from excluded clients ignored
2026-09-25 00:39:56,507 [WARNING] fl_ids.fl.client: Client 1: no benign validation samples to evaluate on
2026-09-25 00:39:56,527 [INFO] fl_ids.eval.simulation: Round 15: mean_val_loss=0.0333, comm_bytes=583920
2026-09-25 00:40:12,649 [WARNING] fl_ids.fl.client: Client 1: no benign validation samples to evaluate on
2026-09-25 00:40:12,672 [INFO] fl_ids.eval.simulation: Round 16: mean_val_loss=0.0951, comm_bytes=583920
2026-09-25 00:40:32,454 [WARNING] fl_ids.fl.client: Client 1: no benign validation samples to evaluate on
2026-09-25 00:40:32,478 [INFO] fl_ids.eval.simulation: Round 17: mean_val_loss=0.0344, comm_bytes=583920
2026-09-25 00:40:33,812 [INFO] fl_ids.fl.client: Client 0 round 18: 185 of 6915 boosting-passed rows flagged; surfacing 50
2026-09-25 00:40:37,383 [INFO] fl_ids.fl.client: Client 2 round 18: 208 of 6986 boosting-passed rows flagged; surfacing 50
2026-09-25 00:40:40,417 [INFO] fl_ids.fl.client: Client 3 round 18: 6 of 171 boosting-passed rows flagged; surfacing 6
2026-09-25 00:40:40,668 [INFO] fl_ids.fl.client: Client 4 round 18: 12 of 217 boosting-passed rows flagged; surfacing 12
2026-09-25 00:40:41,505 [INFO] fl_ids.fl.client: Client 5 round 18: 63 of 2771 boosting-passed rows flagged; surfacing 50
2026-09-25 00:40:42,998 [INFO] fl_ids.fl.client: Client 6 round 18: 12 of 699 boosting-passed rows flagged; surfacing 12
2026-09-25 00:40:46,174 [INFO] fl_ids.fl.client: Client 7 round 18: 495 of 13835 boosting-passed rows flagged; surfacing 50
2026-09-25 00:40:52,567 [INFO] fl_ids.fl.client: Client 8 round 18: 32 of 625 boosting-passed rows flagged; surfacing 32
2026-09-25 00:40:52,948 [INFO] fl_ids.fl.client: Client 9 round 18: 0 of 179 boosting-passed rows flagged; surfacing 0
2026-09-25 00:41:42,470 [INFO] fl_ids.models.boosting: Continued boosting training: +50 trees on 90415 rows (now 600 trees)
2026-09-25 00:41:42,470 [INFO] fl_ids.models.boosting_update: Round 18: boosting v7 (continue) from 150 alerts ({'Normal': 149, 'XSS': 1}); 112 from excluded clients ignored
2026-09-25 00:41:42,770 [WARNING] fl_ids.fl.client: Client 1: no benign validation samples to evaluate on
2026-09-25 00:41:42,791 [INFO] fl_ids.eval.simulation: Round 18: mean_val_loss=0.0985, comm_bytes=583920
2026-09-25 00:41:59,754 [WARNING] fl_ids.fl.client: Client 1: no benign validation samples to evaluate on
2026-09-25 00:41:59,823 [INFO] fl_ids.eval.simulation: Round 19: mean_val_loss=0.0495, comm_bytes=583920
2026-09-25 00:42:21,884 [WARNING] fl_ids.fl.client: Client 1: no benign validation samples to evaluate on
2026-09-25 00:42:21,916 [INFO] fl_ids.eval.simulation: Round 20: mean_val_loss=0.1330, comm_bytes=583920
2026-09-25 00:42:21,958 [WARNING] fl_ids.eval.common: Clients [1] have no benign validation rows (infinite threshold); 384 test rows can't be flagged by the autoencoder
2026-09-25 00:42:22,819 [INFO] fl_ids.eval.zero_day: zero-day holdout=DDoS_UDP run=malicious_fraction=0.40: detection_rate=0.902
2026-09-25 00:42:40,152 [WARNING] fl_ids.fl.client: Client 1: no benign validation samples to evaluate on
2026-09-25 00:42:40,176 [INFO] fl_ids.eval.simulation: Round 1: mean_val_loss=0.3396, comm_bytes=583920
2026-09-25 00:42:55,004 [WARNING] fl_ids.fl.client: Client 1: no benign validation samples to evaluate on
2026-09-25 00:42:55,026 [INFO] fl_ids.eval.simulation: Round 2: mean_val_loss=0.7212, comm_bytes=583920
2026-09-25 00:42:55,533 [INFO] fl_ids.fl.client: Client 0 round 3: 140 of 6917 boosting-passed rows flagged; surfacing 50
2026-09-25 00:42:58,689 [INFO] fl_ids.fl.client: Client 2 round 3: 195 of 6995 boosting-passed rows flagged; surfacing 50
2026-09-25 00:43:01,221 [INFO] fl_ids.fl.client: Client 3 round 3: 5 of 176 boosting-passed rows flagged; surfacing 5
2026-09-25 00:43:01,442 [INFO] fl_ids.fl.client: Client 4 round 3: 139 of 216 boosting-passed rows flagged; surfacing 50
2026-09-25 00:43:01,798 [INFO] fl_ids.fl.client: Client 5 round 3: 76 of 2772 boosting-passed rows flagged; surfacing 50
2026-09-25 00:43:02,956 [INFO] fl_ids.fl.client: Client 6 round 3: 43 of 706 boosting-passed rows flagged; surfacing 43
2026-09-25 00:43:04,273 [INFO] fl_ids.fl.client: Client 7 round 3: 456 of 13845 boosting-passed rows flagged; surfacing 50
2026-09-25 00:43:09,026 [INFO] fl_ids.fl.client: Client 8 round 3: 14 of 634 boosting-passed rows flagged; surfacing 14
2026-09-25 00:43:09,314 [INFO] fl_ids.fl.client: Client 9 round 3: 1 of 188 boosting-passed rows flagged; surfacing 1
2026-09-25 00:43:31,679 [INFO] fl_ids.models.boosting: Continued boosting training: +50 trees on 89612 rows (now 350 trees)
2026-09-25 00:43:31,680 [INFO] fl_ids.models.boosting_update: Round 3: boosting v2 (continue) from 205 alerts ({'DDoS_HTTP': 10, 'Normal': 158, 'Password': 37}); 108 from excluded clients ignored
2026-09-25 00:43:31,846 [WARNING] fl_ids.fl.client: Client 1: no benign validation samples to evaluate on
2026-09-25 00:43:31,863 [INFO] fl_ids.eval.simulation: Round 3: mean_val_loss=8.9023, comm_bytes=583920
2026-09-25 00:43:43,601 [WARNING] fl_ids.fl.client: Client 1: no benign validation samples to evaluate on
2026-09-25 00:43:43,624 [INFO] fl_ids.eval.simulation: Round 4: mean_val_loss=240.7817, comm_bytes=583920
2026-09-25 00:43:58,641 [WARNING] fl_ids.fl.client: Client 1: no benign validation samples to evaluate on
2026-09-25 00:43:58,663 [INFO] fl_ids.eval.simulation: Round 5: mean_val_loss=21546.7240, comm_bytes=583920
2026-09-25 00:43:59,220 [INFO] fl_ids.fl.client: Client 0 round 6: 179 of 6918 boosting-passed rows flagged; surfacing 50
2026-09-25 00:44:02,504 [INFO] fl_ids.fl.client: Client 2 round 6: 245 of 6993 boosting-passed rows flagged; surfacing 50
2026-09-25 00:44:05,049 [INFO] fl_ids.fl.client: Client 3 round 6: 5 of 174 boosting-passed rows flagged; surfacing 5
2026-09-25 00:44:05,331 [INFO] fl_ids.fl.client: Client 4 round 6: 153 of 214 boosting-passed rows flagged; surfacing 50
2026-09-25 00:44:05,699 [INFO] fl_ids.fl.client: Client 5 round 6: 75 of 2772 boosting-passed rows flagged; surfacing 50
2026-09-25 00:44:07,048 [INFO] fl_ids.fl.client: Client 6 round 6: 45 of 706 boosting-passed rows flagged; surfacing 45
2026-09-25 00:44:08,731 [INFO] fl_ids.fl.client: Client 7 round 6: 394 of 13842 boosting-passed rows flagged; surfacing 50
2026-09-25 00:44:13,672 [INFO] fl_ids.fl.client: Client 8 round 6: 12 of 638 boosting-passed rows flagged; surfacing 12
2026-09-25 00:44:13,942 [INFO] fl_ids.fl.client: Client 9 round 6: 0 of 187 boosting-passed rows flagged; surfacing 0
2026-09-25 00:44:40,073 [INFO] fl_ids.models.boosting: Continued boosting training: +50 trees on 89817 rows (now 400 trees)
2026-09-25 00:44:40,074 [INFO] fl_ids.models.boosting_update: Round 6: boosting v3 (continue) from 205 alerts ({'DDoS_HTTP': 13, 'Normal': 160, 'Password': 32}); 107 from excluded clients ignored
2026-09-25 00:44:40,265 [WARNING] fl_ids.fl.client: Client 1: no benign validation samples to evaluate on
2026-09-25 00:44:40,284 [INFO] fl_ids.eval.simulation: Round 6: mean_val_loss=1366326.1633, comm_bytes=583920
2026-09-25 00:44:53,094 [WARNING] fl_ids.fl.client: Client 1: no benign validation samples to evaluate on
2026-09-25 00:44:53,116 [INFO] fl_ids.eval.simulation: Round 7: mean_val_loss=52473954.7846, comm_bytes=583920
2026-09-25 00:45:09,634 [WARNING] fl_ids.fl.client: Client 1: no benign validation samples to evaluate on
2026-09-25 00:45:09,657 [INFO] fl_ids.eval.simulation: Round 8: mean_val_loss=1028028246.0366, comm_bytes=583920
2026-09-25 00:45:10,353 [INFO] fl_ids.fl.client: Client 0 round 9: 155 of 6917 boosting-passed rows flagged; surfacing 50
2026-09-25 00:45:13,838 [INFO] fl_ids.fl.client: Client 2 round 9: 248 of 6993 boosting-passed rows flagged; surfacing 50
2026-09-25 00:45:16,807 [INFO] fl_ids.fl.client: Client 3 round 9: 5 of 172 boosting-passed rows flagged; surfacing 5
2026-09-25 00:45:17,001 [INFO] fl_ids.fl.client: Client 4 round 9: 131 of 214 boosting-passed rows flagged; surfacing 50
2026-09-25 00:45:17,554 [INFO] fl_ids.fl.client: Client 5 round 9: 72 of 2773 boosting-passed rows flagged; surfacing 50
2026-09-25 00:45:18,794 [INFO] fl_ids.fl.client: Client 6 round 9: 40 of 705 boosting-passed rows flagged; surfacing 40
2026-09-25 00:45:20,596 [INFO] fl_ids.fl.client: Client 7 round 9: 394 of 13842 boosting-passed rows flagged; surfacing 50
2026-09-25 00:45:25,436 [INFO] fl_ids.fl.client: Client 8 round 9: 10 of 634 boosting-passed rows flagged; surfacing 10
2026-09-25 00:45:25,743 [INFO] fl_ids.fl.client: Client 9 round 9: 0 of 188 boosting-passed rows flagged; surfacing 0
2026-09-25 00:45:55,051 [INFO] fl_ids.models.boosting: Continued boosting training: +50 trees on 90022 rows (now 450 trees)
2026-09-25 00:45:55,051 [INFO] fl_ids.models.boosting_update: Round 9: boosting v4 (continue) from 205 alerts ({'DDoS_HTTP': 14, 'Normal': 161, 'Password': 30}); 100 from excluded clients ignored
2026-09-25 00:45:55,271 [WARNING] fl_ids.fl.client: Client 1: no benign validation samples to evaluate on
2026-09-25 00:45:55,290 [INFO] fl_ids.eval.simulation: Round 9: mean_val_loss=12141160366.5114, comm_bytes=583920
2026-09-25 00:46:09,012 [WARNING] fl_ids.fl.client: Client 1: no benign validation samples to evaluate on
2026-09-25 00:46:09,034 [INFO] fl_ids.eval.simulation: Round 10: mean_val_loss=96375256262.0484, comm_bytes=583920
2026-09-25 00:46:25,897 [WARNING] fl_ids.fl.client: Client 1: no benign validation samples to evaluate on
2026-09-25 00:46:25,923 [INFO] fl_ids.eval.simulation: Round 11: mean_val_loss=577223306876.9055, comm_bytes=583920
2026-09-25 00:46:26,721 [INFO] fl_ids.fl.client: Client 0 round 12: 152 of 6916 boosting-passed rows flagged; surfacing 50
2026-09-25 00:46:30,522 [INFO] fl_ids.fl.client: Client 2 round 12: 213 of 6988 boosting-passed rows flagged; surfacing 50
2026-09-25 00:46:33,058 [INFO] fl_ids.fl.client: Client 3 round 12: 5 of 172 boosting-passed rows flagged; surfacing 5
2026-09-25 00:46:33,265 [INFO] fl_ids.fl.client: Client 4 round 12: 72 of 214 boosting-passed rows flagged; surfacing 50
2026-09-25 00:46:33,740 [INFO] fl_ids.fl.client: Client 5 round 12: 87 of 2773 boosting-passed rows flagged; surfacing 50
2026-09-25 00:46:34,737 [INFO] fl_ids.fl.client: Client 6 round 12: 38 of 703 boosting-passed rows flagged; surfacing 38
2026-09-25 00:46:37,215 [INFO] fl_ids.fl.client: Client 7 round 12: 420 of 13840 boosting-passed rows flagged; surfacing 50
2026-09-25 00:46:42,829 [INFO] fl_ids.fl.client: Client 8 round 12: 9 of 633 boosting-passed rows flagged; surfacing 9
2026-09-25 00:46:43,172 [INFO] fl_ids.fl.client: Client 9 round 12: 0 of 182 boosting-passed rows flagged; surfacing 0
2026-09-25 00:47:19,108 [INFO] fl_ids.models.boosting: Continued boosting training: +50 trees on 90227 rows (now 500 trees)
2026-09-25 00:47:19,109 [INFO] fl_ids.models.boosting_update: Round 12: boosting v5 (continue) from 205 alerts ({'DDoS_HTTP': 5, 'Normal': 161, 'Password': 39}); 97 from excluded clients ignored
2026-09-25 00:47:19,356 [WARNING] fl_ids.fl.client: Client 1: no benign validation samples to evaluate on
2026-09-25 00:47:19,376 [INFO] fl_ids.eval.simulation: Round 12: mean_val_loss=2766840597192.6738, comm_bytes=583920
2026-09-25 00:47:33,999 [WARNING] fl_ids.fl.client: Client 1: no benign validation samples to evaluate on
2026-09-25 00:47:34,021 [INFO] fl_ids.eval.simulation: Round 13: mean_val_loss=12040080496041.3535, comm_bytes=583920
2026-09-25 00:47:53,094 [WARNING] fl_ids.fl.client: Client 1: no benign validation samples to evaluate on
2026-09-25 00:47:53,119 [INFO] fl_ids.eval.simulation: Round 14: mean_val_loss=44907393306524.9766, comm_bytes=583920
2026-09-25 00:47:54,049 [INFO] fl_ids.fl.client: Client 0 round 15: 152 of 6916 boosting-passed rows flagged; surfacing 50
2026-09-25 00:47:58,201 [INFO] fl_ids.fl.client: Client 2 round 15: 200 of 6985 boosting-passed rows flagged; surfacing 50
2026-09-25 00:48:00,934 [INFO] fl_ids.fl.client: Client 3 round 15: 5 of 169 boosting-passed rows flagged; surfacing 5
2026-09-25 00:48:01,174 [INFO] fl_ids.fl.client: Client 4 round 15: 73 of 213 boosting-passed rows flagged; surfacing 50
2026-09-25 00:48:01,747 [INFO] fl_ids.fl.client: Client 5 round 15: 84 of 2772 boosting-passed rows flagged; surfacing 50
2026-09-25 00:48:03,093 [INFO] fl_ids.fl.client: Client 6 round 15: 38 of 703 boosting-passed rows flagged; surfacing 38
2026-09-25 00:48:05,919 [INFO] fl_ids.fl.client: Client 7 round 15: 406 of 13838 boosting-passed rows flagged; surfacing 50
2026-09-25 00:48:11,764 [INFO] fl_ids.fl.client: Client 8 round 15: 11 of 630 boosting-passed rows flagged; surfacing 11
2026-09-25 00:48:12,126 [INFO] fl_ids.fl.client: Client 9 round 15: 0 of 182 boosting-passed rows flagged; surfacing 0
2026-09-25 00:48:52,580 [INFO] fl_ids.models.boosting: Continued boosting training: +50 trees on 90432 rows (now 550 trees)
2026-09-25 00:48:52,581 [INFO] fl_ids.models.boosting_update: Round 15: boosting v6 (continue) from 205 alerts ({'DDoS_HTTP': 4, 'Normal': 164, 'Password': 37}); 99 from excluded clients ignored
2026-09-25 00:48:52,857 [WARNING] fl_ids.fl.client: Client 1: no benign validation samples to evaluate on
2026-09-25 00:48:52,878 [INFO] fl_ids.eval.simulation: Round 15: mean_val_loss=147715334658253.5625, comm_bytes=583920
2026-09-25 00:49:09,000 [WARNING] fl_ids.fl.client: Client 1: no benign validation samples to evaluate on
2026-09-25 00:49:09,022 [INFO] fl_ids.eval.simulation: Round 16: mean_val_loss=426344944859095.5000, comm_bytes=583920
2026-09-25 00:49:28,741 [WARNING] fl_ids.fl.client: Client 1: no benign validation samples to evaluate on
2026-09-25 00:49:28,765 [INFO] fl_ids.eval.simulation: Round 17: mean_val_loss=1131834184185827.5000, comm_bytes=583920
2026-09-25 00:49:30,050 [INFO] fl_ids.fl.client: Client 0 round 18: 162 of 6916 boosting-passed rows flagged; surfacing 50
2026-09-25 00:49:34,802 [INFO] fl_ids.fl.client: Client 2 round 18: 191 of 6986 boosting-passed rows flagged; surfacing 50
2026-09-25 00:49:37,792 [INFO] fl_ids.fl.client: Client 3 round 18: 5 of 169 boosting-passed rows flagged; surfacing 5
2026-09-25 00:49:38,053 [INFO] fl_ids.fl.client: Client 4 round 18: 68 of 210 boosting-passed rows flagged; surfacing 50
2026-09-25 00:49:38,745 [INFO] fl_ids.fl.client: Client 5 round 18: 81 of 2773 boosting-passed rows flagged; surfacing 50
2026-09-25 00:49:40,252 [INFO] fl_ids.fl.client: Client 6 round 18: 37 of 704 boosting-passed rows flagged; surfacing 37
2026-09-25 00:49:43,332 [INFO] fl_ids.fl.client: Client 7 round 18: 423 of 13835 boosting-passed rows flagged; surfacing 50
2026-09-25 00:49:49,259 [INFO] fl_ids.fl.client: Client 8 round 18: 11 of 624 boosting-passed rows flagged; surfacing 11
2026-09-25 00:49:49,636 [INFO] fl_ids.fl.client: Client 9 round 18: 0 of 186 boosting-passed rows flagged; surfacing 0
2026-09-25 00:50:37,342 [INFO] fl_ids.models.boosting: Continued boosting training: +50 trees on 90637 rows (now 600 trees)
2026-09-25 00:50:37,343 [INFO] fl_ids.models.boosting_update: Round 18: boosting v7 (continue) from 205 alerts ({'DDoS_HTTP': 4, 'Normal': 163, 'Password': 38}); 98 from excluded clients ignored
2026-09-25 00:50:37,640 [WARNING] fl_ids.fl.client: Client 1: no benign validation samples to evaluate on
2026-09-25 00:50:37,662 [INFO] fl_ids.eval.simulation: Round 18: mean_val_loss=2797445239004157.5000, comm_bytes=583920
2026-09-25 00:50:54,705 [WARNING] fl_ids.fl.client: Client 1: no benign validation samples to evaluate on
2026-09-25 00:50:54,731 [INFO] fl_ids.eval.simulation: Round 19: mean_val_loss=6626695435777983.0000, comm_bytes=583920
2026-09-25 00:51:15,744 [WARNING] fl_ids.fl.client: Client 1: no benign validation samples to evaluate on
2026-09-25 00:51:15,767 [INFO] fl_ids.eval.simulation: Round 20: mean_val_loss=14839662532222238.0000, comm_bytes=583920
2026-09-25 00:51:15,796 [WARNING] fl_ids.eval.common: Clients [1] have no benign validation rows (infinite threshold); 384 test rows can't be flagged by the autoencoder
2026-09-25 00:51:16,255 [INFO] fl_ids.eval.zero_day: zero-day holdout=DDoS_UDP run=malicious_fraction=0.50: detection_rate=1.000
2026-09-25 00:51:19,174 [INFO] fl_ids.eval.common: Excluded classes ['Fingerprinting'] from training: removed 43 calibration rows, 27 federated-pool rows
2026-09-25 00:51:19,175 [INFO] fl_ids.models.boosting: Training boosting classifier: 95442 samples, 15 classes, 300 rounds
2026-09-25 00:51:39,275 [INFO] fl_ids.eval.common: Evaluation setup: 95442 calibration, 59973 federated pool (subsampled), 8992 test rows across 10 clients
2026-09-25 00:51:52,607 [INFO] fl_ids.eval.simulation: Round 1: mean_val_loss=0.2184, comm_bytes=583920
2026-09-25 00:52:05,319 [INFO] fl_ids.eval.simulation: Round 2: mean_val_loss=0.0660, comm_bytes=583920
2026-09-25 00:52:06,045 [INFO] fl_ids.fl.client: Client 0 round 3: 301 of 8367 boosting-passed rows flagged; surfacing 50
2026-09-25 00:52:08,479 [INFO] fl_ids.fl.client: Client 1 round 3: 1 of 103 boosting-passed rows flagged; surfacing 1
2026-09-25 00:52:08,730 [INFO] fl_ids.fl.client: Client 2 round 3: 81 of 2192 boosting-passed rows flagged; surfacing 50
2026-09-25 00:52:09,499 [INFO] fl_ids.fl.client: Client 3 round 3: 20 of 305 boosting-passed rows flagged; surfacing 20
2026-09-25 00:52:09,731 [INFO] fl_ids.fl.client: Client 4 round 3: 9 of 278 boosting-passed rows flagged; surfacing 9
2026-09-25 00:52:10,616 [INFO] fl_ids.fl.client: Client 5 round 3: 311 of 8990 boosting-passed rows flagged; surfacing 50
2026-09-25 00:52:13,541 [INFO] fl_ids.fl.client: Client 6 round 3: 231 of 6105 boosting-passed rows flagged; surfacing 50
2026-09-25 00:52:15,550 [INFO] fl_ids.fl.client: Client 7 round 3: 22 of 684 boosting-passed rows flagged; surfacing 22
2026-09-25 00:52:16,229 [INFO] fl_ids.fl.client: Client 8 round 3: 138 of 5782 boosting-passed rows flagged; surfacing 50
2026-09-25 00:52:17,741 [INFO] fl_ids.fl.client: Client 9 round 3: 51 of 73 boosting-passed rows flagged; surfacing 50
2026-09-25 00:52:36,698 [INFO] fl_ids.models.boosting: Continued boosting training: +50 trees on 95793 rows (now 350 trees)
2026-09-25 00:52:36,698 [INFO] fl_ids.models.boosting_update: Round 3: boosting v2 (continue) from 351 alerts ({'Backdoor': 4, 'Normal': 289, 'Password': 2, 'Port_Scanning': 13, 'Ransomware': 1, 'SQL_injection': 1, 'Uploading': 10, 'Vulnerability_scanner': 6, 'XSS': 25}); 1 from excluded clients ignored
2026-09-25 00:52:36,874 [INFO] fl_ids.eval.simulation: Round 3: mean_val_loss=0.0286, comm_bytes=583920
2026-09-25 00:52:49,741 [INFO] fl_ids.eval.simulation: Round 4: mean_val_loss=0.0230, comm_bytes=583920
2026-09-25 00:53:02,485 [INFO] fl_ids.eval.simulation: Round 5: mean_val_loss=0.0206, comm_bytes=583920
2026-09-25 00:53:03,115 [INFO] fl_ids.fl.client: Client 0 round 6: 221 of 8364 boosting-passed rows flagged; surfacing 50
2026-09-25 00:53:05,485 [INFO] fl_ids.fl.client: Client 1 round 6: 1 of 101 boosting-passed rows flagged; surfacing 1
2026-09-25 00:53:05,772 [INFO] fl_ids.fl.client: Client 2 round 6: 94 of 2192 boosting-passed rows flagged; surfacing 50
2026-09-25 00:53:06,677 [INFO] fl_ids.fl.client: Client 3 round 6: 10 of 302 boosting-passed rows flagged; surfacing 10
2026-09-25 00:53:06,896 [INFO] fl_ids.fl.client: Client 4 round 6: 15 of 274 boosting-passed rows flagged; surfacing 15
2026-09-25 00:53:07,897 [INFO] fl_ids.fl.client: Client 5 round 6: 295 of 8990 boosting-passed rows flagged; surfacing 50
2026-09-25 00:53:10,823 [INFO] fl_ids.fl.client: Client 6 round 6: 218 of 6096 boosting-passed rows flagged; surfacing 50
2026-09-25 00:53:12,654 [INFO] fl_ids.fl.client: Client 7 round 6: 33 of 679 boosting-passed rows flagged; surfacing 33
2026-09-25 00:53:13,404 [INFO] fl_ids.fl.client: Client 8 round 6: 172 of 5777 boosting-passed rows flagged; surfacing 50
2026-09-25 00:53:15,100 [INFO] fl_ids.fl.client: Client 9 round 6: 4 of 72 boosting-passed rows flagged; surfacing 4
2026-09-25 00:53:37,989 [INFO] fl_ids.models.boosting: Continued boosting training: +50 trees on 96106 rows (now 400 trees)
2026-09-25 00:53:37,989 [INFO] fl_ids.models.boosting_update: Round 6: boosting v3 (continue) from 313 alerts ({'Backdoor': 1, 'Normal': 279, 'Port_Scanning': 18, 'Ransomware': 2, 'Uploading': 9, 'Vulnerability_scanner': 3, 'XSS': 1}); 0 from excluded clients ignored
2026-09-25 00:53:38,186 [INFO] fl_ids.eval.simulation: Round 6: mean_val_loss=0.0189, comm_bytes=583920
2026-09-25 00:53:51,035 [INFO] fl_ids.eval.simulation: Round 7: mean_val_loss=0.0180, comm_bytes=583920
2026-09-25 00:54:04,530 [INFO] fl_ids.eval.simulation: Round 8: mean_val_loss=0.0175, comm_bytes=583920
2026-09-25 00:54:05,313 [INFO] fl_ids.fl.client: Client 0 round 9: 257 of 8363 boosting-passed rows flagged; surfacing 50
2026-09-25 00:54:07,649 [INFO] fl_ids.fl.client: Client 1 round 9: 0 of 98 boosting-passed rows flagged; surfacing 0
2026-09-25 00:54:07,972 [INFO] fl_ids.fl.client: Client 2 round 9: 70 of 2185 boosting-passed rows flagged; surfacing 50
2026-09-25 00:54:08,749 [INFO] fl_ids.fl.client: Client 3 round 9: 6 of 302 boosting-passed rows flagged; surfacing 6
2026-09-25 00:54:08,993 [INFO] fl_ids.fl.client: Client 4 round 9: 37 of 265 boosting-passed rows flagged; surfacing 37
2026-09-25 00:54:09,975 [INFO] fl_ids.fl.client: Client 5 round 9: 326 of 8988 boosting-passed rows flagged; surfacing 50
2026-09-25 00:54:12,983 [INFO] fl_ids.fl.client: Client 6 round 9: 244 of 6090 boosting-passed rows flagged; surfacing 50
2026-09-25 00:54:14,856 [INFO] fl_ids.fl.client: Client 7 round 9: 42 of 677 boosting-passed rows flagged; surfacing 42
2026-09-25 00:54:15,939 [INFO] fl_ids.fl.client: Client 8 round 9: 183 of 5773 boosting-passed rows flagged; surfacing 50
2026-09-25 00:54:17,640 [INFO] fl_ids.fl.client: Client 9 round 9: 3 of 71 boosting-passed rows flagged; surfacing 3
2026-09-25 00:54:44,237 [INFO] fl_ids.models.boosting: Continued boosting training: +50 trees on 96444 rows (now 450 trees)
2026-09-25 00:54:44,237 [INFO] fl_ids.models.boosting_update: Round 9: boosting v4 (continue) from 338 alerts ({'Backdoor': 1, 'DDoS_HTTP': 1, 'Normal': 297, 'Port_Scanning': 21, 'Ransomware': 4, 'SQL_injection': 2, 'Uploading': 10, 'Vulnerability_scanner': 1, 'XSS': 1}); 0 from excluded clients ignored
2026-09-25 00:54:44,464 [INFO] fl_ids.eval.simulation: Round 9: mean_val_loss=0.0173, comm_bytes=583920
2026-09-25 00:54:57,918 [INFO] fl_ids.eval.simulation: Round 10: mean_val_loss=0.0172, comm_bytes=583920
2026-09-25 00:55:11,589 [INFO] fl_ids.eval.simulation: Round 11: mean_val_loss=0.0166, comm_bytes=583920
2026-09-25 00:55:12,503 [INFO] fl_ids.fl.client: Client 0 round 12: 247 of 8362 boosting-passed rows flagged; surfacing 50
2026-09-25 00:55:15,010 [INFO] fl_ids.fl.client: Client 1 round 12: 0 of 94 boosting-passed rows flagged; surfacing 0
2026-09-25 00:55:15,389 [INFO] fl_ids.fl.client: Client 2 round 12: 69 of 2183 boosting-passed rows flagged; surfacing 50
2026-09-25 00:55:16,274 [INFO] fl_ids.fl.client: Client 3 round 12: 7 of 303 boosting-passed rows flagged; surfacing 7
2026-09-25 00:55:16,563 [INFO] fl_ids.fl.client: Client 4 round 12: 26 of 260 boosting-passed rows flagged; surfacing 26
2026-09-25 00:55:17,615 [INFO] fl_ids.fl.client: Client 5 round 12: 302 of 8986 boosting-passed rows flagged; surfacing 50
2026-09-25 00:55:20,897 [INFO] fl_ids.fl.client: Client 6 round 12: 209 of 6077 boosting-passed rows flagged; surfacing 50
2026-09-25 00:55:22,698 [INFO] fl_ids.fl.client: Client 7 round 12: 31 of 668 boosting-passed rows flagged; surfacing 31
2026-09-25 00:55:23,690 [INFO] fl_ids.fl.client: Client 8 round 12: 146 of 5768 boosting-passed rows flagged; surfacing 50
2026-09-25 00:55:25,375 [INFO] fl_ids.fl.client: Client 9 round 12: 4 of 71 boosting-passed rows flagged; surfacing 4
2026-09-25 00:55:58,025 [INFO] fl_ids.models.boosting: Continued boosting training: +50 trees on 96762 rows (now 500 trees)
2026-09-25 00:55:58,025 [INFO] fl_ids.models.boosting_update: Round 12: boosting v5 (continue) from 318 alerts ({'Backdoor': 1, 'Normal': 295, 'Port_Scanning': 8, 'Ransomware': 3, 'SQL_injection': 1, 'Uploading': 8, 'Vulnerability_scanner': 1, 'XSS': 1}); 0 from excluded clients ignored
2026-09-25 00:55:58,277 [INFO] fl_ids.eval.simulation: Round 12: mean_val_loss=0.0161, comm_bytes=583920
2026-09-25 00:56:12,745 [INFO] fl_ids.eval.simulation: Round 13: mean_val_loss=0.0156, comm_bytes=583920
2026-09-25 00:56:27,117 [INFO] fl_ids.eval.simulation: Round 14: mean_val_loss=0.0150, comm_bytes=583920
2026-09-25 00:56:28,146 [INFO] fl_ids.fl.client: Client 0 round 15: 209 of 8362 boosting-passed rows flagged; surfacing 50
2026-09-25 00:56:30,630 [INFO] fl_ids.fl.client: Client 1 round 15: 0 of 95 boosting-passed rows flagged; surfacing 0
2026-09-25 00:56:31,079 [INFO] fl_ids.fl.client: Client 2 round 15: 65 of 2185 boosting-passed rows flagged; surfacing 50
2026-09-25 00:56:31,935 [INFO] fl_ids.fl.client: Client 3 round 15: 6 of 302 boosting-passed rows flagged; surfacing 6
2026-09-25 00:56:32,248 [INFO] fl_ids.fl.client: Client 4 round 15: 17 of 252 boosting-passed rows flagged; surfacing 17
2026-09-25 00:56:33,450 [INFO] fl_ids.fl.client: Client 5 round 15: 379 of 8986 boosting-passed rows flagged; surfacing 50
2026-09-25 00:56:36,916 [INFO] fl_ids.fl.client: Client 6 round 15: 196 of 6075 boosting-passed rows flagged; surfacing 50
2026-09-25 00:56:38,806 [INFO] fl_ids.fl.client: Client 7 round 15: 32 of 665 boosting-passed rows flagged; surfacing 32
2026-09-25 00:56:39,931 [INFO] fl_ids.fl.client: Client 8 round 15: 141 of 5765 boosting-passed rows flagged; surfacing 50
2026-09-25 00:56:41,682 [INFO] fl_ids.fl.client: Client 9 round 15: 4 of 71 boosting-passed rows flagged; surfacing 4
2026-09-25 00:57:17,947 [INFO] fl_ids.models.boosting: Continued boosting training: +50 trees on 97071 rows (now 550 trees)
2026-09-25 00:57:17,947 [INFO] fl_ids.models.boosting_update: Round 15: boosting v6 (continue) from 309 alerts ({'Backdoor': 1, 'DDoS_HTTP': 1, 'Normal': 294, 'Port_Scanning': 3, 'SQL_injection': 1, 'Uploading': 7, 'Vulnerability_scanner': 1, 'XSS': 1}); 0 from excluded clients ignored
2026-09-25 00:57:18,230 [INFO] fl_ids.eval.simulation: Round 15: mean_val_loss=0.0145, comm_bytes=583920
2026-09-25 00:57:33,833 [INFO] fl_ids.eval.simulation: Round 16: mean_val_loss=0.0140, comm_bytes=583920
2026-09-25 00:57:49,352 [INFO] fl_ids.eval.simulation: Round 17: mean_val_loss=0.0137, comm_bytes=583920
2026-09-25 00:57:50,718 [INFO] fl_ids.fl.client: Client 0 round 18: 218 of 8363 boosting-passed rows flagged; surfacing 50
2026-09-25 00:57:53,837 [INFO] fl_ids.fl.client: Client 1 round 18: 0 of 92 boosting-passed rows flagged; surfacing 0
2026-09-25 00:57:54,466 [INFO] fl_ids.fl.client: Client 2 round 18: 67 of 2181 boosting-passed rows flagged; surfacing 50
2026-09-25 00:57:55,435 [INFO] fl_ids.fl.client: Client 3 round 18: 4 of 298 boosting-passed rows flagged; surfacing 4
2026-09-25 00:57:55,806 [INFO] fl_ids.fl.client: Client 4 round 18: 14 of 248 boosting-passed rows flagged; surfacing 14
2026-09-25 00:57:57,234 [INFO] fl_ids.fl.client: Client 5 round 18: 394 of 8985 boosting-passed rows flagged; surfacing 50
2026-09-25 00:58:00,882 [INFO] fl_ids.fl.client: Client 6 round 18: 166 of 6071 boosting-passed rows flagged; surfacing 50
2026-09-25 00:58:02,891 [INFO] fl_ids.fl.client: Client 7 round 18: 31 of 661 boosting-passed rows flagged; surfacing 31
2026-09-25 00:58:04,075 [INFO] fl_ids.fl.client: Client 8 round 18: 121 of 5761 boosting-passed rows flagged; surfacing 50
2026-09-25 00:58:05,895 [INFO] fl_ids.fl.client: Client 9 round 18: 4 of 70 boosting-passed rows flagged; surfacing 4
2026-09-25 00:58:49,506 [INFO] fl_ids.models.boosting: Continued boosting training: +50 trees on 97374 rows (now 600 trees)
2026-09-25 00:58:49,507 [INFO] fl_ids.models.boosting_update: Round 18: boosting v7 (continue) from 303 alerts ({'Backdoor': 1, 'DDoS_HTTP': 1, 'Normal': 293, 'Port_Scanning': 7, 'XSS': 1}); 0 from excluded clients ignored
2026-09-25 00:58:49,837 [INFO] fl_ids.eval.simulation: Round 18: mean_val_loss=0.0134, comm_bytes=583920
2026-09-25 00:59:06,560 [INFO] fl_ids.eval.simulation: Round 19: mean_val_loss=0.0130, comm_bytes=583920
2026-09-25 00:59:22,937 [INFO] fl_ids.eval.simulation: Round 20: mean_val_loss=0.0128, comm_bytes=583920
2026-09-25 00:59:23,078 [INFO] fl_ids.eval.zero_day: zero-day holdout=Fingerprinting run=malicious_fraction=0.00: detection_rate=0.830
2026-09-25 00:59:35,148 [INFO] fl_ids.eval.simulation: Round 1: mean_val_loss=0.2757, comm_bytes=583920
2026-09-25 00:59:47,609 [INFO] fl_ids.eval.simulation: Round 2: mean_val_loss=0.1360, comm_bytes=583920
2026-09-25 00:59:48,240 [INFO] fl_ids.fl.client: Client 0 round 3: 283 of 8367 boosting-passed rows flagged; surfacing 50
2026-09-25 00:59:50,767 [INFO] fl_ids.fl.client: Client 1 round 3: 0 of 103 boosting-passed rows flagged; surfacing 0
2026-09-25 00:59:51,106 [INFO] fl_ids.fl.client: Client 2 round 3: 68 of 2192 boosting-passed rows flagged; surfacing 50
2026-09-25 00:59:51,851 [INFO] fl_ids.fl.client: Client 3 round 3: 23 of 305 boosting-passed rows flagged; surfacing 23
2026-09-25 00:59:52,059 [INFO] fl_ids.fl.client: Client 4 round 3: 9 of 278 boosting-passed rows flagged; surfacing 9
2026-09-25 00:59:52,800 [INFO] fl_ids.fl.client: Client 5 round 3: 294 of 8990 boosting-passed rows flagged; surfacing 50
2026-09-25 00:59:55,603 [INFO] fl_ids.fl.client: Client 6 round 3: 173 of 6105 boosting-passed rows flagged; surfacing 50
2026-09-25 00:59:57,625 [INFO] fl_ids.fl.client: Client 7 round 3: 20 of 684 boosting-passed rows flagged; surfacing 20
2026-09-25 00:59:58,488 [INFO] fl_ids.fl.client: Client 8 round 3: 209 of 5782 boosting-passed rows flagged; surfacing 50
2026-09-25 01:00:00,158 [INFO] fl_ids.fl.client: Client 9 round 3: 51 of 73 boosting-passed rows flagged; surfacing 50
2026-09-25 01:00:20,131 [INFO] fl_ids.models.boosting: Continued boosting training: +50 trees on 95724 rows (now 350 trees)
2026-09-25 01:00:20,131 [INFO] fl_ids.models.boosting_update: Round 3: boosting v2 (continue) from 282 alerts ({'Backdoor': 4, 'Normal': 243, 'Password': 1, 'Uploading': 6, 'Vulnerability_scanner': 3, 'XSS': 25}); 70 from excluded clients ignored
2026-09-25 01:00:20,371 [INFO] fl_ids.eval.simulation: Round 3: mean_val_loss=0.0517, comm_bytes=583920
2026-09-25 01:00:35,064 [INFO] fl_ids.eval.simulation: Round 4: mean_val_loss=0.0302, comm_bytes=583920
2026-09-25 01:00:49,361 [INFO] fl_ids.eval.simulation: Round 5: mean_val_loss=0.0240, comm_bytes=583920
2026-09-25 01:00:50,170 [INFO] fl_ids.fl.client: Client 0 round 6: 203 of 8365 boosting-passed rows flagged; surfacing 50
2026-09-25 01:00:53,385 [INFO] fl_ids.fl.client: Client 1 round 6: 1 of 100 boosting-passed rows flagged; surfacing 1
2026-09-25 01:00:53,689 [INFO] fl_ids.fl.client: Client 2 round 6: 85 of 2192 boosting-passed rows flagged; surfacing 50
2026-09-25 01:00:54,532 [INFO] fl_ids.fl.client: Client 3 round 6: 9 of 304 boosting-passed rows flagged; surfacing 9
2026-09-25 01:00:54,804 [INFO] fl_ids.fl.client: Client 4 round 6: 4 of 273 boosting-passed rows flagged; surfacing 4
2026-09-25 01:00:55,567 [INFO] fl_ids.fl.client: Client 5 round 6: 280 of 8990 boosting-passed rows flagged; surfacing 50
2026-09-25 01:00:58,514 [INFO] fl_ids.fl.client: Client 6 round 6: 192 of 6103 boosting-passed rows flagged; surfacing 50
2026-09-25 01:01:00,148 [INFO] fl_ids.fl.client: Client 7 round 6: 41 of 677 boosting-passed rows flagged; surfacing 41
2026-09-25 01:01:00,987 [INFO] fl_ids.fl.client: Client 8 round 6: 187 of 5779 boosting-passed rows flagged; surfacing 50
2026-09-25 01:01:02,433 [INFO] fl_ids.fl.client: Client 9 round 6: 5 of 71 boosting-passed rows flagged; surfacing 5
2026-09-25 01:01:27,928 [INFO] fl_ids.models.boosting: Continued boosting training: +50 trees on 95943 rows (now 400 trees)
2026-09-25 01:01:27,928 [INFO] fl_ids.models.boosting_update: Round 6: boosting v3 (continue) from 219 alerts ({'Normal': 199, 'Port_Scanning': 11, 'Uploading': 6, 'Vulnerability_scanner': 2, 'XSS': 1}); 91 from excluded clients ignored
2026-09-25 01:01:28,225 [INFO] fl_ids.eval.simulation: Round 6: mean_val_loss=0.0208, comm_bytes=583920
2026-09-25 01:01:44,677 [INFO] fl_ids.eval.simulation: Round 7: mean_val_loss=0.0167, comm_bytes=583920
2026-09-25 01:01:59,291 [INFO] fl_ids.eval.simulation: Round 8: mean_val_loss=0.0177, comm_bytes=583920
2026-09-25 01:02:00,299 [INFO] fl_ids.fl.client: Client 0 round 9: 243 of 8364 boosting-passed rows flagged; surfacing 50
2026-09-25 01:02:02,452 [INFO] fl_ids.fl.client: Client 1 round 9: 0 of 98 boosting-passed rows flagged; surfacing 0
2026-09-25 01:02:02,887 [INFO] fl_ids.fl.client: Client 2 round 9: 83 of 2188 boosting-passed rows flagged; surfacing 50
2026-09-25 01:02:03,756 [INFO] fl_ids.fl.client: Client 3 round 9: 6 of 304 boosting-passed rows flagged; surfacing 6
2026-09-25 01:02:04,033 [INFO] fl_ids.fl.client: Client 4 round 9: 19 of 271 boosting-passed rows flagged; surfacing 19
2026-09-25 01:02:05,149 [INFO] fl_ids.fl.client: Client 5 round 9: 293 of 8987 boosting-passed rows flagged; surfacing 50
2026-09-25 01:02:08,074 [INFO] fl_ids.fl.client: Client 6 round 9: 226 of 6091 boosting-passed rows flagged; surfacing 50
2026-09-25 01:02:09,749 [INFO] fl_ids.fl.client: Client 7 round 9: 32 of 674 boosting-passed rows flagged; surfacing 32
2026-09-25 01:02:10,769 [INFO] fl_ids.fl.client: Client 8 round 9: 149 of 5777 boosting-passed rows flagged; surfacing 50
2026-09-25 01:02:12,243 [INFO] fl_ids.fl.client: Client 9 round 9: 6 of 71 boosting-passed rows flagged; surfacing 6
2026-09-25 01:02:42,912 [INFO] fl_ids.models.boosting: Continued boosting training: +50 trees on 96206 rows (now 450 trees)
2026-09-25 01:02:42,913 [INFO] fl_ids.models.boosting_update: Round 9: boosting v4 (continue) from 263 alerts ({'DDoS_HTTP': 1, 'Normal': 237, 'Port_Scanning': 16, 'Ransomware': 2, 'Uploading': 5, 'Vulnerability_scanner': 1, 'XSS': 1}); 50 from excluded clients ignored
2026-09-25 01:02:43,354 [INFO] fl_ids.eval.simulation: Round 9: mean_val_loss=0.0173, comm_bytes=583920
2026-09-25 01:03:01,099 [INFO] fl_ids.eval.simulation: Round 10: mean_val_loss=0.0162, comm_bytes=583920
2026-09-25 01:03:15,214 [INFO] fl_ids.eval.simulation: Round 11: mean_val_loss=0.0162, comm_bytes=583920
2026-09-25 01:03:16,286 [INFO] fl_ids.fl.client: Client 0 round 12: 168 of 8365 boosting-passed rows flagged; surfacing 50
2026-09-25 01:03:18,529 [INFO] fl_ids.fl.client: Client 1 round 12: 0 of 98 boosting-passed rows flagged; surfacing 0
2026-09-25 01:03:19,005 [INFO] fl_ids.fl.client: Client 2 round 12: 91 of 2183 boosting-passed rows flagged; surfacing 50
2026-09-25 01:03:19,851 [INFO] fl_ids.fl.client: Client 3 round 12: 6 of 301 boosting-passed rows flagged; surfacing 6
2026-09-25 01:03:20,172 [INFO] fl_ids.fl.client: Client 4 round 12: 3 of 270 boosting-passed rows flagged; surfacing 3
2026-09-25 01:03:21,424 [INFO] fl_ids.fl.client: Client 5 round 12: 321 of 8986 boosting-passed rows flagged; surfacing 50
2026-09-25 01:03:24,566 [INFO] fl_ids.fl.client: Client 6 round 12: 196 of 6087 boosting-passed rows flagged; surfacing 50
2026-09-25 01:03:26,288 [INFO] fl_ids.fl.client: Client 7 round 12: 22 of 668 boosting-passed rows flagged; surfacing 22
2026-09-25 01:03:27,365 [INFO] fl_ids.fl.client: Client 8 round 12: 167 of 5771 boosting-passed rows flagged; surfacing 50
2026-09-25 01:03:28,867 [INFO] fl_ids.fl.client: Client 9 round 12: 7 of 70 boosting-passed rows flagged; surfacing 7
2026-09-25 01:04:10,273 [INFO] fl_ids.models.boosting: Continued boosting training: +50 trees on 96422 rows (now 500 trees)
2026-09-25 01:04:10,274 [INFO] fl_ids.models.boosting_update: Round 12: boosting v5 (continue) from 216 alerts ({'Backdoor': 1, 'Normal': 199, 'Port_Scanning': 8, 'Ransomware': 1, 'SQL_injection': 1, 'Uploading': 4, 'Vulnerability_scanner': 1, 'XSS': 1}); 72 from excluded clients ignored
2026-09-25 01:04:10,655 [INFO] fl_ids.eval.simulation: Round 12: mean_val_loss=0.0155, comm_bytes=583920
2026-09-25 01:04:26,824 [INFO] fl_ids.eval.simulation: Round 13: mean_val_loss=0.0158, comm_bytes=583920
2026-09-25 01:04:41,628 [INFO] fl_ids.eval.simulation: Round 14: mean_val_loss=0.0156, comm_bytes=583920
2026-09-25 01:04:42,875 [INFO] fl_ids.fl.client: Client 0 round 15: 176 of 8365 boosting-passed rows flagged; surfacing 50
2026-09-25 01:04:45,183 [INFO] fl_ids.fl.client: Client 1 round 15: 0 of 95 boosting-passed rows flagged; surfacing 0
2026-09-25 01:04:45,728 [INFO] fl_ids.fl.client: Client 2 round 15: 116 of 2184 boosting-passed rows flagged; surfacing 50
2026-09-25 01:04:46,654 [INFO] fl_ids.fl.client: Client 3 round 15: 7 of 299 boosting-passed rows flagged; surfacing 7
2026-09-25 01:04:47,018 [INFO] fl_ids.fl.client: Client 4 round 15: 3 of 264 boosting-passed rows flagged; surfacing 3
2026-09-25 01:04:48,663 [INFO] fl_ids.fl.client: Client 5 round 15: 267 of 8986 boosting-passed rows flagged; surfacing 50
2026-09-25 01:04:51,904 [INFO] fl_ids.fl.client: Client 6 round 15: 183 of 6080 boosting-passed rows flagged; surfacing 50
2026-09-25 01:04:53,697 [INFO] fl_ids.fl.client: Client 7 round 15: 21 of 668 boosting-passed rows flagged; surfacing 21
2026-09-25 01:04:54,879 [INFO] fl_ids.fl.client: Client 8 round 15: 136 of 5769 boosting-passed rows flagged; surfacing 50
2026-09-25 01:04:56,345 [INFO] fl_ids.fl.client: Client 9 round 15: 8 of 70 boosting-passed rows flagged; surfacing 8
2026-09-25 01:05:42,497 [INFO] fl_ids.models.boosting: Continued boosting training: +50 trees on 96661 rows (now 550 trees)
2026-09-25 01:05:42,498 [INFO] fl_ids.models.boosting_update: Round 15: boosting v6 (continue) from 239 alerts ({'Backdoor': 2, 'Normal': 220, 'Port_Scanning': 7, 'Ransomware': 1, 'SQL_injection': 1, 'Uploading': 6, 'Vulnerability_scanner': 1, 'XSS': 1}); 50 from excluded clients ignored
2026-09-25 01:05:42,771 [INFO] fl_ids.eval.simulation: Round 15: mean_val_loss=0.0154, comm_bytes=583920
2026-09-25 01:05:58,444 [INFO] fl_ids.eval.simulation: Round 16: mean_val_loss=0.0155, comm_bytes=583920
2026-09-25 01:06:14,332 [INFO] fl_ids.eval.simulation: Round 17: mean_val_loss=0.0181, comm_bytes=583920
2026-09-25 01:06:15,838 [INFO] fl_ids.fl.client: Client 0 round 18: 252 of 8363 boosting-passed rows flagged; surfacing 50
2026-09-25 01:06:18,183 [INFO] fl_ids.fl.client: Client 1 round 18: 0 of 93 boosting-passed rows flagged; surfacing 0
2026-09-25 01:06:18,744 [INFO] fl_ids.fl.client: Client 2 round 18: 103 of 2185 boosting-passed rows flagged; surfacing 50
2026-09-25 01:06:19,711 [INFO] fl_ids.fl.client: Client 3 round 18: 23 of 303 boosting-passed rows flagged; surfacing 23
2026-09-25 01:06:20,083 [INFO] fl_ids.fl.client: Client 4 round 18: 4 of 264 boosting-passed rows flagged; surfacing 4
2026-09-25 01:06:21,708 [INFO] fl_ids.fl.client: Client 5 round 18: 279 of 8985 boosting-passed rows flagged; surfacing 50
2026-09-25 01:06:25,298 [INFO] fl_ids.fl.client: Client 6 round 18: 192 of 6076 boosting-passed rows flagged; surfacing 50
2026-09-25 01:06:27,867 [INFO] fl_ids.fl.client: Client 7 round 18: 21 of 664 boosting-passed rows flagged; surfacing 21
2026-09-25 01:06:29,106 [INFO] fl_ids.fl.client: Client 8 round 18: 154 of 5765 boosting-passed rows flagged; surfacing 50
2026-09-25 01:06:31,861 [INFO] fl_ids.fl.client: Client 9 round 18: 8 of 69 boosting-passed rows flagged; surfacing 8
2026-09-25 01:07:25,270 [INFO] fl_ids.models.boosting: Continued boosting training: +50 trees on 96896 rows (now 600 trees)
2026-09-25 01:07:25,270 [INFO] fl_ids.models.boosting_update: Round 18: boosting v7 (continue) from 235 alerts ({'Backdoor': 1, 'Normal': 226, 'Password': 1, 'Port_Scanning': 5, 'Uploading': 1, 'XSS': 1}); 71 from excluded clients ignored
2026-09-25 01:07:25,578 [INFO] fl_ids.eval.simulation: Round 18: mean_val_loss=0.0147, comm_bytes=583920
2026-09-25 01:07:42,710 [INFO] fl_ids.eval.simulation: Round 19: mean_val_loss=0.0171, comm_bytes=583920
2026-09-25 01:08:00,869 [INFO] fl_ids.eval.simulation: Round 20: mean_val_loss=0.0154, comm_bytes=583920
2026-09-25 01:08:00,989 [INFO] fl_ids.eval.zero_day: zero-day holdout=Fingerprinting run=malicious_fraction=0.20: detection_rate=0.830
2026-09-25 01:08:17,731 [INFO] fl_ids.eval.simulation: Round 1: mean_val_loss=0.2811, comm_bytes=583920
2026-09-25 01:08:32,991 [INFO] fl_ids.eval.simulation: Round 2: mean_val_loss=0.1454, comm_bytes=583920
2026-09-25 01:08:33,732 [INFO] fl_ids.fl.client: Client 0 round 3: 298 of 8367 boosting-passed rows flagged; surfacing 50
2026-09-25 01:08:37,502 [INFO] fl_ids.fl.client: Client 1 round 3: 0 of 103 boosting-passed rows flagged; surfacing 0
2026-09-25 01:08:37,773 [INFO] fl_ids.fl.client: Client 2 round 3: 78 of 2192 boosting-passed rows flagged; surfacing 50
2026-09-25 01:08:39,151 [INFO] fl_ids.fl.client: Client 3 round 3: 24 of 305 boosting-passed rows flagged; surfacing 24
2026-09-25 01:08:39,351 [INFO] fl_ids.fl.client: Client 4 round 3: 9 of 278 boosting-passed rows flagged; surfacing 9
2026-09-25 01:08:40,271 [INFO] fl_ids.fl.client: Client 5 round 3: 339 of 8990 boosting-passed rows flagged; surfacing 50
2026-09-25 01:08:43,555 [INFO] fl_ids.fl.client: Client 6 round 3: 165 of 6105 boosting-passed rows flagged; surfacing 50
2026-09-25 01:08:46,236 [INFO] fl_ids.fl.client: Client 7 round 3: 20 of 684 boosting-passed rows flagged; surfacing 20
2026-09-25 01:08:47,072 [INFO] fl_ids.fl.client: Client 8 round 3: 175 of 5782 boosting-passed rows flagged; surfacing 50
2026-09-25 01:08:49,016 [INFO] fl_ids.fl.client: Client 9 round 3: 51 of 73 boosting-passed rows flagged; surfacing 50
2026-09-25 01:09:13,450 [INFO] fl_ids.models.boosting: Continued boosting training: +50 trees on 95645 rows (now 350 trees)
2026-09-25 01:09:13,450 [INFO] fl_ids.models.boosting_update: Round 3: boosting v2 (continue) from 203 alerts ({'Normal': 201, 'SQL_injection': 1, 'Vulnerability_scanner': 1}); 150 from excluded clients ignored
2026-09-25 01:09:13,630 [INFO] fl_ids.eval.simulation: Round 3: mean_val_loss=0.0624, comm_bytes=583920
2026-09-25 01:09:25,350 [INFO] fl_ids.eval.simulation: Round 4: mean_val_loss=0.0402, comm_bytes=583920
2026-09-25 01:09:38,316 [INFO] fl_ids.eval.simulation: Round 5: mean_val_loss=0.0336, comm_bytes=583920
2026-09-25 01:09:39,206 [INFO] fl_ids.fl.client: Client 0 round 6: 257 of 8365 boosting-passed rows flagged; surfacing 50
2026-09-25 01:09:41,686 [INFO] fl_ids.fl.client: Client 1 round 6: 1 of 96 boosting-passed rows flagged; surfacing 1
2026-09-25 01:09:41,972 [INFO] fl_ids.fl.client: Client 2 round 6: 72 of 2190 boosting-passed rows flagged; surfacing 50
2026-09-25 01:09:43,104 [INFO] fl_ids.fl.client: Client 3 round 6: 7 of 302 boosting-passed rows flagged; surfacing 7
2026-09-25 01:09:43,402 [INFO] fl_ids.fl.client: Client 4 round 6: 8 of 272 boosting-passed rows flagged; surfacing 8
2026-09-25 01:09:44,908 [INFO] fl_ids.fl.client: Client 5 round 6: 293 of 8990 boosting-passed rows flagged; surfacing 50
2026-09-25 01:09:48,240 [INFO] fl_ids.fl.client: Client 6 round 6: 161 of 6099 boosting-passed rows flagged; surfacing 50
2026-09-25 01:09:50,897 [INFO] fl_ids.fl.client: Client 7 round 6: 21 of 678 boosting-passed rows flagged; surfacing 21
2026-09-25 01:09:51,741 [INFO] fl_ids.fl.client: Client 8 round 6: 173 of 5782 boosting-passed rows flagged; surfacing 50
2026-09-25 01:09:53,905 [INFO] fl_ids.fl.client: Client 9 round 6: 6 of 73 boosting-passed rows flagged; surfacing 6
2026-09-25 01:10:21,257 [INFO] fl_ids.models.boosting: Continued boosting training: +50 trees on 95832 rows (now 400 trees)
2026-09-25 01:10:21,258 [INFO] fl_ids.models.boosting_update: Round 6: boosting v3 (continue) from 187 alerts ({'Normal': 167, 'Port_Scanning': 16, 'Uploading': 1, 'Vulnerability_scanner': 3}); 106 from excluded clients ignored
2026-09-25 01:10:21,465 [INFO] fl_ids.eval.simulation: Round 6: mean_val_loss=0.0298, comm_bytes=583920
2026-09-25 01:10:34,328 [INFO] fl_ids.eval.simulation: Round 7: mean_val_loss=0.0264, comm_bytes=583920
2026-09-25 01:10:49,311 [INFO] fl_ids.eval.simulation: Round 8: mean_val_loss=0.0238, comm_bytes=583920
2026-09-25 01:10:50,927 [INFO] fl_ids.fl.client: Client 0 round 9: 221 of 8365 boosting-passed rows flagged; surfacing 50
2026-09-25 01:10:53,495 [INFO] fl_ids.fl.client: Client 1 round 9: 1 of 94 boosting-passed rows flagged; surfacing 1
2026-09-25 01:10:53,840 [INFO] fl_ids.fl.client: Client 2 round 9: 93 of 2187 boosting-passed rows flagged; surfacing 50
2026-09-25 01:10:54,964 [INFO] fl_ids.fl.client: Client 3 round 9: 3 of 303 boosting-passed rows flagged; surfacing 3
2026-09-25 01:10:55,408 [INFO] fl_ids.fl.client: Client 4 round 9: 24 of 269 boosting-passed rows flagged; surfacing 24
2026-09-25 01:10:57,130 [INFO] fl_ids.fl.client: Client 5 round 9: 270 of 8990 boosting-passed rows flagged; surfacing 50
2026-09-25 01:11:01,095 [INFO] fl_ids.fl.client: Client 6 round 9: 184 of 6088 boosting-passed rows flagged; surfacing 50
2026-09-25 01:11:02,907 [INFO] fl_ids.fl.client: Client 7 round 9: 30 of 671 boosting-passed rows flagged; surfacing 30
2026-09-25 01:11:03,994 [INFO] fl_ids.fl.client: Client 8 round 9: 182 of 5773 boosting-passed rows flagged; surfacing 50
2026-09-25 01:11:06,539 [INFO] fl_ids.fl.client: Client 9 round 9: 5 of 71 boosting-passed rows flagged; surfacing 5
2026-09-25 01:11:35,314 [INFO] fl_ids.models.boosting: Continued boosting training: +50 trees on 96040 rows (now 450 trees)
2026-09-25 01:11:35,315 [INFO] fl_ids.models.boosting_update: Round 9: boosting v4 (continue) from 208 alerts ({'DDoS_HTTP': 1, 'Normal': 190, 'Port_Scanning': 9, 'Ransomware': 2, 'Uploading': 3, 'Vulnerability_scanner': 2, 'XSS': 1}); 105 from excluded clients ignored
2026-09-25 01:11:35,541 [INFO] fl_ids.eval.simulation: Round 9: mean_val_loss=0.0220, comm_bytes=583920
2026-09-25 01:11:49,154 [INFO] fl_ids.eval.simulation: Round 10: mean_val_loss=0.0208, comm_bytes=583920
2026-09-25 01:12:05,839 [INFO] fl_ids.eval.simulation: Round 11: mean_val_loss=0.0183, comm_bytes=583920
2026-09-25 01:12:07,110 [INFO] fl_ids.fl.client: Client 0 round 12: 173 of 8364 boosting-passed rows flagged; surfacing 50
2026-09-25 01:12:11,014 [INFO] fl_ids.fl.client: Client 1 round 12: 0 of 91 boosting-passed rows flagged; surfacing 0
2026-09-25 01:12:11,743 [INFO] fl_ids.fl.client: Client 2 round 12: 70 of 2186 boosting-passed rows flagged; surfacing 50
2026-09-25 01:12:12,731 [INFO] fl_ids.fl.client: Client 3 round 12: 3 of 304 boosting-passed rows flagged; surfacing 3
2026-09-25 01:12:13,058 [INFO] fl_ids.fl.client: Client 4 round 12: 23 of 269 boosting-passed rows flagged; surfacing 23
2026-09-25 01:12:14,384 [INFO] fl_ids.fl.client: Client 5 round 12: 244 of 8987 boosting-passed rows flagged; surfacing 50
2026-09-25 01:12:18,902 [INFO] fl_ids.fl.client: Client 6 round 12: 218 of 6083 boosting-passed rows flagged; surfacing 50
2026-09-25 01:12:20,867 [INFO] fl_ids.fl.client: Client 7 round 12: 24 of 664 boosting-passed rows flagged; surfacing 24
2026-09-25 01:12:21,833 [INFO] fl_ids.fl.client: Client 8 round 12: 203 of 5769 boosting-passed rows flagged; surfacing 50
2026-09-25 01:12:24,546 [INFO] fl_ids.fl.client: Client 9 round 12: 25 of 73 boosting-passed rows flagged; surfacing 25
2026-09-25 01:12:58,527 [INFO] fl_ids.models.boosting: Continued boosting training: +50 trees on 96190 rows (now 500 trees)
2026-09-25 01:12:58,527 [INFO] fl_ids.models.boosting_update: Round 12: boosting v5 (continue) from 150 alerts ({'Normal': 136, 'Port_Scanning': 6, 'Ransomware': 4, 'Uploading': 3, 'XSS': 1}); 175 from excluded clients ignored
2026-09-25 01:12:58,784 [INFO] fl_ids.eval.simulation: Round 12: mean_val_loss=0.0196, comm_bytes=583920
2026-09-25 01:13:15,665 [INFO] fl_ids.eval.simulation: Round 13: mean_val_loss=0.0189, comm_bytes=583920
2026-09-25 01:13:34,343 [INFO] fl_ids.eval.simulation: Round 14: mean_val_loss=0.0306, comm_bytes=583920
2026-09-25 01:13:35,481 [INFO] fl_ids.fl.client: Client 0 round 15: 221 of 8364 boosting-passed rows flagged; surfacing 50
2026-09-25 01:13:38,915 [INFO] fl_ids.fl.client: Client 1 round 15: 0 of 91 boosting-passed rows flagged; surfacing 0
2026-09-25 01:13:39,365 [INFO] fl_ids.fl.client: Client 2 round 15: 84 of 2184 boosting-passed rows flagged; surfacing 50
2026-09-25 01:13:40,479 [INFO] fl_ids.fl.client: Client 3 round 15: 24 of 303 boosting-passed rows flagged; surfacing 24
2026-09-25 01:13:40,818 [INFO] fl_ids.fl.client: Client 4 round 15: 13 of 262 boosting-passed rows flagged; surfacing 13
2026-09-25 01:13:42,562 [INFO] fl_ids.fl.client: Client 5 round 15: 262 of 8986 boosting-passed rows flagged; surfacing 50
2026-09-25 01:13:47,585 [INFO] fl_ids.fl.client: Client 6 round 15: 177 of 6086 boosting-passed rows flagged; surfacing 50
2026-09-25 01:13:49,456 [INFO] fl_ids.fl.client: Client 7 round 15: 22 of 661 boosting-passed rows flagged; surfacing 22
2026-09-25 01:13:50,528 [INFO] fl_ids.fl.client: Client 8 round 15: 155 of 5763 boosting-passed rows flagged; surfacing 50
2026-09-25 01:13:52,543 [INFO] fl_ids.fl.client: Client 9 round 15: 25 of 73 boosting-passed rows flagged; surfacing 25
2026-09-25 01:14:29,709 [INFO] fl_ids.models.boosting: Continued boosting training: +50 trees on 96399 rows (now 550 trees)
2026-09-25 01:14:29,709 [INFO] fl_ids.models.boosting_update: Round 15: boosting v6 (continue) from 209 alerts ({'Normal': 198, 'Port_Scanning': 6, 'Ransomware': 2, 'Uploading': 3}); 125 from excluded clients ignored
2026-09-25 01:14:29,968 [INFO] fl_ids.eval.simulation: Round 15: mean_val_loss=0.0177, comm_bytes=583920
2026-09-25 01:14:49,702 [INFO] fl_ids.eval.simulation: Round 16: mean_val_loss=0.0295, comm_bytes=583920
2026-09-25 01:15:09,628 [INFO] fl_ids.eval.simulation: Round 17: mean_val_loss=0.0178, comm_bytes=583920
2026-09-25 01:15:10,726 [INFO] fl_ids.fl.client: Client 0 round 18: 182 of 8364 boosting-passed rows flagged; surfacing 50
2026-09-25 01:15:14,364 [INFO] fl_ids.fl.client: Client 1 round 18: 0 of 90 boosting-passed rows flagged; surfacing 0
2026-09-25 01:15:14,825 [INFO] fl_ids.fl.client: Client 2 round 18: 72 of 2186 boosting-passed rows flagged; surfacing 50
2026-09-25 01:15:15,749 [INFO] fl_ids.fl.client: Client 3 round 18: 4 of 301 boosting-passed rows flagged; surfacing 4
2026-09-25 01:15:16,064 [INFO] fl_ids.fl.client: Client 4 round 18: 36 of 254 boosting-passed rows flagged; surfacing 36
2026-09-25 01:15:18,636 [INFO] fl_ids.fl.client: Client 5 round 18: 267 of 8984 boosting-passed rows flagged; surfacing 50
2026-09-25 01:15:22,424 [INFO] fl_ids.fl.client: Client 6 round 18: 220 of 6084 boosting-passed rows flagged; surfacing 50
2026-09-25 01:15:24,887 [INFO] fl_ids.fl.client: Client 7 round 18: 24 of 659 boosting-passed rows flagged; surfacing 24
2026-09-25 01:15:27,466 [INFO] fl_ids.fl.client: Client 8 round 18: 174 of 5763 boosting-passed rows flagged; surfacing 50
2026-09-25 01:15:29,332 [INFO] fl_ids.fl.client: Client 9 round 18: 7 of 72 boosting-passed rows flagged; surfacing 7
2026-09-25 01:16:12,828 [INFO] fl_ids.models.boosting: Continued boosting training: +50 trees on 96613 rows (now 600 trees)
2026-09-25 01:16:12,829 [INFO] fl_ids.models.boosting_update: Round 18: boosting v7 (continue) from 214 alerts ({'DDoS_HTTP': 3, 'Normal': 189, 'Port_Scanning': 12, 'Ransomware': 2, 'SQL_injection': 3, 'Uploading': 3, 'Vulnerability_scanner': 1, 'XSS': 1}); 107 from excluded clients ignored
2026-09-25 01:16:13,212 [INFO] fl_ids.eval.simulation: Round 18: mean_val_loss=0.0330, comm_bytes=583920
2026-09-25 01:16:37,591 [INFO] fl_ids.eval.simulation: Round 19: mean_val_loss=0.0168, comm_bytes=583920
2026-09-25 01:16:58,907 [INFO] fl_ids.eval.simulation: Round 20: mean_val_loss=0.0301, comm_bytes=583920
2026-09-25 01:16:59,034 [INFO] fl_ids.eval.zero_day: zero-day holdout=Fingerprinting run=malicious_fraction=0.30: detection_rate=0.843
2026-09-25 01:17:13,334 [INFO] fl_ids.eval.simulation: Round 1: mean_val_loss=0.3278, comm_bytes=583920
2026-09-25 01:17:27,829 [INFO] fl_ids.eval.simulation: Round 2: mean_val_loss=0.3251, comm_bytes=583920
2026-09-25 01:17:28,442 [INFO] fl_ids.fl.client: Client 0 round 3: 243 of 8367 boosting-passed rows flagged; surfacing 50
2026-09-25 01:17:30,825 [INFO] fl_ids.fl.client: Client 1 round 3: 1 of 103 boosting-passed rows flagged; surfacing 1
2026-09-25 01:17:31,264 [INFO] fl_ids.fl.client: Client 2 round 3: 66 of 2192 boosting-passed rows flagged; surfacing 50
2026-09-25 01:17:32,088 [INFO] fl_ids.fl.client: Client 3 round 3: 26 of 305 boosting-passed rows flagged; surfacing 26
2026-09-25 01:17:32,569 [INFO] fl_ids.fl.client: Client 4 round 3: 9 of 278 boosting-passed rows flagged; surfacing 9
2026-09-25 01:17:33,699 [INFO] fl_ids.fl.client: Client 5 round 3: 301 of 8990 boosting-passed rows flagged; surfacing 50
2026-09-25 01:17:36,847 [INFO] fl_ids.fl.client: Client 6 round 3: 147 of 6105 boosting-passed rows flagged; surfacing 50
2026-09-25 01:17:38,428 [INFO] fl_ids.fl.client: Client 7 round 3: 19 of 684 boosting-passed rows flagged; surfacing 19
2026-09-25 01:17:39,179 [INFO] fl_ids.fl.client: Client 8 round 3: 194 of 5782 boosting-passed rows flagged; surfacing 50
2026-09-25 01:17:40,594 [INFO] fl_ids.fl.client: Client 9 round 3: 52 of 73 boosting-passed rows flagged; surfacing 50
2026-09-25 01:18:01,020 [INFO] fl_ids.models.boosting: Continued boosting training: +50 trees on 95788 rows (now 350 trees)
2026-09-25 01:18:01,021 [INFO] fl_ids.models.boosting_update: Round 3: boosting v2 (continue) from 346 alerts ({'Backdoor': 4, 'Normal': 306, 'Password': 1, 'Uploading': 6, 'Vulnerability_scanner': 3, 'XSS': 26}); 9 from excluded clients ignored
2026-09-25 01:18:01,268 [INFO] fl_ids.eval.simulation: Round 3: mean_val_loss=0.3235, comm_bytes=583920
2026-09-25 01:18:16,448 [INFO] fl_ids.eval.simulation: Round 4: mean_val_loss=0.3239, comm_bytes=583920
2026-09-25 01:18:31,269 [INFO] fl_ids.eval.simulation: Round 5: mean_val_loss=0.3250, comm_bytes=583920
2026-09-25 01:18:32,095 [INFO] fl_ids.fl.client: Client 0 round 6: 224 of 8366 boosting-passed rows flagged; surfacing 50
2026-09-25 01:18:35,441 [INFO] fl_ids.fl.client: Client 1 round 6: 1 of 97 boosting-passed rows flagged; surfacing 1
2026-09-25 01:18:35,724 [INFO] fl_ids.fl.client: Client 2 round 6: 66 of 2190 boosting-passed rows flagged; surfacing 50
2026-09-25 01:18:36,488 [INFO] fl_ids.fl.client: Client 3 round 6: 27 of 301 boosting-passed rows flagged; surfacing 27
2026-09-25 01:18:36,733 [INFO] fl_ids.fl.client: Client 4 round 6: 9 of 271 boosting-passed rows flagged; surfacing 9
2026-09-25 01:18:37,515 [INFO] fl_ids.fl.client: Client 5 round 6: 292 of 8990 boosting-passed rows flagged; surfacing 50
2026-09-25 01:18:40,422 [INFO] fl_ids.fl.client: Client 6 round 6: 156 of 6101 boosting-passed rows flagged; surfacing 50
2026-09-25 01:18:42,136 [INFO] fl_ids.fl.client: Client 7 round 6: 19 of 679 boosting-passed rows flagged; surfacing 19
2026-09-25 01:18:42,981 [INFO] fl_ids.fl.client: Client 8 round 6: 187 of 5783 boosting-passed rows flagged; surfacing 50
2026-09-25 01:18:44,428 [INFO] fl_ids.fl.client: Client 9 round 6: 51 of 72 boosting-passed rows flagged; surfacing 50
2026-09-25 01:19:09,041 [INFO] fl_ids.models.boosting: Continued boosting training: +50 trees on 96135 rows (now 400 trees)
2026-09-25 01:19:09,041 [INFO] fl_ids.models.boosting_update: Round 6: boosting v3 (continue) from 347 alerts ({'Backdoor': 3, 'Normal': 308, 'Password': 1, 'Uploading': 6, 'Vulnerability_scanner': 3, 'XSS': 26}); 9 from excluded clients ignored
2026-09-25 01:19:09,379 [INFO] fl_ids.eval.simulation: Round 6: mean_val_loss=0.3245, comm_bytes=583920
2026-09-25 01:19:26,067 [INFO] fl_ids.eval.simulation: Round 7: mean_val_loss=0.3660, comm_bytes=583920
2026-09-25 01:19:43,030 [INFO] fl_ids.eval.simulation: Round 8: mean_val_loss=0.7441, comm_bytes=583920
2026-09-25 01:19:44,098 [INFO] fl_ids.fl.client: Client 0 round 9: 244 of 8365 boosting-passed rows flagged; surfacing 50
2026-09-25 01:19:46,557 [INFO] fl_ids.fl.client: Client 1 round 9: 1 of 97 boosting-passed rows flagged; surfacing 1
2026-09-25 01:19:46,889 [INFO] fl_ids.fl.client: Client 2 round 9: 63 of 2190 boosting-passed rows flagged; surfacing 50
2026-09-25 01:19:47,878 [INFO] fl_ids.fl.client: Client 3 round 9: 25 of 301 boosting-passed rows flagged; surfacing 25
2026-09-25 01:19:48,156 [INFO] fl_ids.fl.client: Client 4 round 9: 9 of 268 boosting-passed rows flagged; surfacing 9
2026-09-25 01:19:49,294 [INFO] fl_ids.fl.client: Client 5 round 9: 276 of 8991 boosting-passed rows flagged; surfacing 50
2026-09-25 01:19:52,267 [INFO] fl_ids.fl.client: Client 6 round 9: 198 of 6100 boosting-passed rows flagged; surfacing 50
2026-09-25 01:19:53,949 [INFO] fl_ids.fl.client: Client 7 round 9: 19 of 674 boosting-passed rows flagged; surfacing 19
2026-09-25 01:19:55,004 [INFO] fl_ids.fl.client: Client 8 round 9: 227 of 5782 boosting-passed rows flagged; surfacing 50
2026-09-25 01:19:56,425 [INFO] fl_ids.fl.client: Client 9 round 9: 48 of 71 boosting-passed rows flagged; surfacing 48
2026-09-25 01:20:24,647 [INFO] fl_ids.models.boosting: Continued boosting training: +50 trees on 96328 rows (now 450 trees)
2026-09-25 01:20:24,647 [INFO] fl_ids.models.boosting_update: Round 9: boosting v4 (continue) from 193 alerts ({'Backdoor': 4, 'Normal': 156, 'Password': 1, 'Uploading': 5, 'Vulnerability_scanner': 3, 'XSS': 24}); 159 from excluded clients ignored
2026-09-25 01:20:24,953 [INFO] fl_ids.eval.simulation: Round 9: mean_val_loss=0.4164, comm_bytes=583920
2026-09-25 01:20:41,550 [INFO] fl_ids.eval.simulation: Round 10: mean_val_loss=0.3698, comm_bytes=583920
2026-09-25 01:20:58,686 [INFO] fl_ids.eval.simulation: Round 11: mean_val_loss=0.3651, comm_bytes=583920
2026-09-25 01:20:59,829 [INFO] fl_ids.fl.client: Client 0 round 12: 244 of 8365 boosting-passed rows flagged; surfacing 50
2026-09-25 01:21:02,449 [INFO] fl_ids.fl.client: Client 1 round 12: 1 of 96 boosting-passed rows flagged; surfacing 1
2026-09-25 01:21:02,912 [INFO] fl_ids.fl.client: Client 2 round 12: 64 of 2184 boosting-passed rows flagged; surfacing 50
2026-09-25 01:21:03,751 [INFO] fl_ids.fl.client: Client 3 round 12: 26 of 300 boosting-passed rows flagged; surfacing 26
2026-09-25 01:21:04,065 [INFO] fl_ids.fl.client: Client 4 round 12: 9 of 268 boosting-passed rows flagged; surfacing 9
2026-09-25 01:21:05,325 [INFO] fl_ids.fl.client: Client 5 round 12: 288 of 8989 boosting-passed rows flagged; surfacing 50
2026-09-25 01:21:08,362 [INFO] fl_ids.fl.client: Client 6 round 12: 183 of 6097 boosting-passed rows flagged; surfacing 50
2026-09-25 01:21:10,081 [INFO] fl_ids.fl.client: Client 7 round 12: 19 of 674 boosting-passed rows flagged; surfacing 19
2026-09-25 01:21:11,158 [INFO] fl_ids.fl.client: Client 8 round 12: 191 of 5780 boosting-passed rows flagged; surfacing 50
2026-09-25 01:21:12,652 [INFO] fl_ids.fl.client: Client 9 round 12: 49 of 69 boosting-passed rows flagged; surfacing 49
2026-09-25 01:21:47,816 [INFO] fl_ids.models.boosting: Continued boosting training: +50 trees on 96673 rows (now 500 trees)
2026-09-25 01:21:47,816 [INFO] fl_ids.models.boosting_update: Round 12: boosting v5 (continue) from 345 alerts ({'Backdoor': 4, 'Normal': 307, 'Password': 1, 'Uploading': 5, 'Vulnerability_scanner': 3, 'XSS': 25}); 9 from excluded clients ignored
2026-09-25 01:21:48,271 [INFO] fl_ids.eval.simulation: Round 12: mean_val_loss=0.3572, comm_bytes=583920
2026-09-25 01:22:07,988 [INFO] fl_ids.eval.simulation: Round 13: mean_val_loss=0.3576, comm_bytes=583920
2026-09-25 01:22:25,209 [INFO] fl_ids.eval.simulation: Round 14: mean_val_loss=0.3503, comm_bytes=583920
2026-09-25 01:22:26,475 [INFO] fl_ids.fl.client: Client 0 round 15: 235 of 8363 boosting-passed rows flagged; surfacing 50
2026-09-25 01:22:28,740 [INFO] fl_ids.fl.client: Client 1 round 15: 1 of 95 boosting-passed rows flagged; surfacing 1
2026-09-25 01:22:29,316 [INFO] fl_ids.fl.client: Client 2 round 15: 67 of 2183 boosting-passed rows flagged; surfacing 50
2026-09-25 01:22:30,225 [INFO] fl_ids.fl.client: Client 3 round 15: 27 of 299 boosting-passed rows flagged; surfacing 27
2026-09-25 01:22:30,580 [INFO] fl_ids.fl.client: Client 4 round 15: 9 of 266 boosting-passed rows flagged; surfacing 9
2026-09-25 01:22:32,113 [INFO] fl_ids.fl.client: Client 5 round 15: 277 of 8986 boosting-passed rows flagged; surfacing 50
2026-09-25 01:22:35,340 [INFO] fl_ids.fl.client: Client 6 round 15: 187 of 6095 boosting-passed rows flagged; surfacing 50
2026-09-25 01:22:37,213 [INFO] fl_ids.fl.client: Client 7 round 15: 19 of 673 boosting-passed rows flagged; surfacing 19
2026-09-25 01:22:38,538 [INFO] fl_ids.fl.client: Client 8 round 15: 192 of 5782 boosting-passed rows flagged; surfacing 50
2026-09-25 01:22:40,072 [INFO] fl_ids.fl.client: Client 9 round 15: 44 of 64 boosting-passed rows flagged; surfacing 44
2026-09-25 01:23:20,498 [INFO] fl_ids.models.boosting: Continued boosting training: +50 trees on 97014 rows (now 550 trees)
2026-09-25 01:23:20,498 [INFO] fl_ids.models.boosting_update: Round 15: boosting v6 (continue) from 341 alerts ({'Backdoor': 4, 'Normal': 308, 'Password': 1, 'Uploading': 5, 'Vulnerability_scanner': 1, 'XSS': 22}); 9 from excluded clients ignored
2026-09-25 01:23:21,076 [INFO] fl_ids.eval.simulation: Round 15: mean_val_loss=0.3547, comm_bytes=583920
2026-09-25 01:23:41,925 [INFO] fl_ids.eval.simulation: Round 16: mean_val_loss=0.3569, comm_bytes=583920
2026-09-25 01:23:59,826 [INFO] fl_ids.eval.simulation: Round 17: mean_val_loss=0.3534, comm_bytes=583920
2026-09-25 01:24:01,224 [INFO] fl_ids.fl.client: Client 0 round 18: 244 of 8364 boosting-passed rows flagged; surfacing 50
2026-09-25 01:24:03,590 [INFO] fl_ids.fl.client: Client 1 round 18: 1 of 95 boosting-passed rows flagged; surfacing 1
2026-09-25 01:24:04,138 [INFO] fl_ids.fl.client: Client 2 round 18: 65 of 2186 boosting-passed rows flagged; surfacing 50
2026-09-25 01:24:05,088 [INFO] fl_ids.fl.client: Client 3 round 18: 26 of 299 boosting-passed rows flagged; surfacing 26
2026-09-25 01:24:05,461 [INFO] fl_ids.fl.client: Client 4 round 18: 9 of 263 boosting-passed rows flagged; surfacing 9
2026-09-25 01:24:07,110 [INFO] fl_ids.fl.client: Client 5 round 18: 296 of 8985 boosting-passed rows flagged; surfacing 50
2026-09-25 01:24:10,455 [INFO] fl_ids.fl.client: Client 6 round 18: 184 of 6096 boosting-passed rows flagged; surfacing 50
2026-09-25 01:24:12,301 [INFO] fl_ids.fl.client: Client 7 round 18: 19 of 673 boosting-passed rows flagged; surfacing 19
2026-09-25 01:24:13,626 [INFO] fl_ids.fl.client: Client 8 round 18: 214 of 5780 boosting-passed rows flagged; surfacing 50
2026-09-25 01:24:15,189 [INFO] fl_ids.fl.client: Client 9 round 18: 38 of 58 boosting-passed rows flagged; surfacing 38
2026-09-25 01:25:04,736 [INFO] fl_ids.models.boosting: Continued boosting training: +50 trees on 97348 rows (now 600 trees)
2026-09-25 01:25:04,736 [INFO] fl_ids.models.boosting_update: Round 18: boosting v7 (continue) from 334 alerts ({'Backdoor': 4, 'Normal': 307, 'Password': 1, 'Uploading': 5, 'Vulnerability_scanner': 1, 'XSS': 16}); 9 from excluded clients ignored
2026-09-25 01:25:05,278 [INFO] fl_ids.eval.simulation: Round 18: mean_val_loss=0.3527, comm_bytes=583920
2026-09-25 01:25:24,845 [INFO] fl_ids.eval.simulation: Round 19: mean_val_loss=0.3587, comm_bytes=583920
2026-09-25 01:25:42,287 [INFO] fl_ids.eval.simulation: Round 20: mean_val_loss=0.3633, comm_bytes=583920
2026-09-25 01:25:42,403 [INFO] fl_ids.eval.zero_day: zero-day holdout=Fingerprinting run=malicious_fraction=0.40: detection_rate=0.826
2026-09-25 01:25:55,050 [INFO] fl_ids.eval.simulation: Round 1: mean_val_loss=0.4479, comm_bytes=583920
2026-09-25 01:26:06,542 [INFO] fl_ids.eval.simulation: Round 2: mean_val_loss=4.5205, comm_bytes=583920
2026-09-25 01:26:07,202 [INFO] fl_ids.fl.client: Client 0 round 3: 305 of 8367 boosting-passed rows flagged; surfacing 50
2026-09-25 01:26:09,273 [INFO] fl_ids.fl.client: Client 1 round 3: 1 of 103 boosting-passed rows flagged; surfacing 1
2026-09-25 01:26:09,590 [INFO] fl_ids.fl.client: Client 2 round 3: 54 of 2192 boosting-passed rows flagged; surfacing 50
2026-09-25 01:26:10,310 [INFO] fl_ids.fl.client: Client 3 round 3: 25 of 305 boosting-passed rows flagged; surfacing 25
2026-09-25 01:26:10,537 [INFO] fl_ids.fl.client: Client 4 round 3: 9 of 278 boosting-passed rows flagged; surfacing 9
2026-09-25 01:26:11,369 [INFO] fl_ids.fl.client: Client 5 round 3: 269 of 8990 boosting-passed rows flagged; surfacing 50
2026-09-25 01:26:13,995 [INFO] fl_ids.fl.client: Client 6 round 3: 149 of 6105 boosting-passed rows flagged; surfacing 50
2026-09-25 01:26:15,546 [INFO] fl_ids.fl.client: Client 7 round 3: 19 of 684 boosting-passed rows flagged; surfacing 19
2026-09-25 01:26:16,288 [INFO] fl_ids.fl.client: Client 8 round 3: 173 of 5782 boosting-passed rows flagged; surfacing 50
2026-09-25 01:26:17,675 [INFO] fl_ids.fl.client: Client 9 round 3: 58 of 73 boosting-passed rows flagged; surfacing 50
2026-09-25 01:26:39,250 [INFO] fl_ids.models.boosting: Continued boosting training: +50 trees on 95595 rows (now 350 trees)
2026-09-25 01:26:39,250 [INFO] fl_ids.models.boosting_update: Round 3: boosting v2 (continue) from 153 alerts ({'Normal': 153}); 201 from excluded clients ignored
2026-09-25 01:26:39,493 [INFO] fl_ids.eval.simulation: Round 3: mean_val_loss=1605.8708, comm_bytes=583920
2026-09-25 01:26:52,304 [INFO] fl_ids.eval.simulation: Round 4: mean_val_loss=370583.6907, comm_bytes=583920
2026-09-25 01:27:04,010 [INFO] fl_ids.eval.simulation: Round 5: mean_val_loss=29629170.5443, comm_bytes=583920
2026-09-25 01:27:04,793 [INFO] fl_ids.fl.client: Client 0 round 6: 211 of 8364 boosting-passed rows flagged; surfacing 50
2026-09-25 01:27:06,800 [INFO] fl_ids.fl.client: Client 1 round 6: 1 of 99 boosting-passed rows flagged; surfacing 1
2026-09-25 01:27:07,146 [INFO] fl_ids.fl.client: Client 2 round 6: 46 of 2195 boosting-passed rows flagged; surfacing 46
2026-09-25 01:27:07,875 [INFO] fl_ids.fl.client: Client 3 round 6: 25 of 303 boosting-passed rows flagged; surfacing 25
2026-09-25 01:27:08,109 [INFO] fl_ids.fl.client: Client 4 round 6: 9 of 273 boosting-passed rows flagged; surfacing 9
2026-09-25 01:27:08,958 [INFO] fl_ids.fl.client: Client 5 round 6: 317 of 8991 boosting-passed rows flagged; surfacing 50
2026-09-25 01:27:11,608 [INFO] fl_ids.fl.client: Client 6 round 6: 176 of 6097 boosting-passed rows flagged; surfacing 50
2026-09-25 01:27:13,173 [INFO] fl_ids.fl.client: Client 7 round 6: 19 of 677 boosting-passed rows flagged; surfacing 19
2026-09-25 01:27:14,001 [INFO] fl_ids.fl.client: Client 8 round 6: 207 of 5782 boosting-passed rows flagged; surfacing 50
2026-09-25 01:27:15,363 [INFO] fl_ids.fl.client: Client 9 round 6: 50 of 72 boosting-passed rows flagged; surfacing 50
2026-09-25 01:27:39,644 [INFO] fl_ids.models.boosting: Continued boosting training: +50 trees on 95748 rows (now 400 trees)
2026-09-25 01:27:39,644 [INFO] fl_ids.models.boosting_update: Round 6: boosting v3 (continue) from 153 alerts ({'Normal': 153}); 197 from excluded clients ignored
2026-09-25 01:27:39,914 [INFO] fl_ids.eval.simulation: Round 6: mean_val_loss=2052440294.3076, comm_bytes=583920
2026-09-25 01:27:53,454 [INFO] fl_ids.eval.simulation: Round 7: mean_val_loss=59837370602.7680, comm_bytes=583920
2026-09-25 01:28:06,914 [INFO] fl_ids.eval.simulation: Round 8: mean_val_loss=1075827060067.0515, comm_bytes=583920
2026-09-25 01:28:07,818 [INFO] fl_ids.fl.client: Client 0 round 9: 215 of 8364 boosting-passed rows flagged; surfacing 50
2026-09-25 01:28:09,934 [INFO] fl_ids.fl.client: Client 1 round 9: 1 of 97 boosting-passed rows flagged; surfacing 1
2026-09-25 01:28:10,361 [INFO] fl_ids.fl.client: Client 2 round 9: 30 of 2193 boosting-passed rows flagged; surfacing 30
2026-09-25 01:28:11,153 [INFO] fl_ids.fl.client: Client 3 round 9: 25 of 303 boosting-passed rows flagged; surfacing 25
2026-09-25 01:28:11,438 [INFO] fl_ids.fl.client: Client 4 round 9: 9 of 270 boosting-passed rows flagged; surfacing 9
2026-09-25 01:28:12,611 [INFO] fl_ids.fl.client: Client 5 round 9: 326 of 8990 boosting-passed rows flagged; surfacing 50
2026-09-25 01:28:15,463 [INFO] fl_ids.fl.client: Client 6 round 9: 153 of 6095 boosting-passed rows flagged; surfacing 50
2026-09-25 01:28:17,130 [INFO] fl_ids.fl.client: Client 7 round 9: 19 of 673 boosting-passed rows flagged; surfacing 19
2026-09-25 01:28:18,143 [INFO] fl_ids.fl.client: Client 8 round 9: 200 of 5783 boosting-passed rows flagged; surfacing 50
2026-09-25 01:28:19,554 [INFO] fl_ids.fl.client: Client 9 round 9: 15 of 71 boosting-passed rows flagged; surfacing 15
2026-09-25 01:28:45,922 [INFO] fl_ids.models.boosting: Continued boosting training: +50 trees on 95901 rows (now 450 trees)
2026-09-25 01:28:45,922 [INFO] fl_ids.models.boosting_update: Round 9: boosting v4 (continue) from 153 alerts ({'Normal': 153}); 146 from excluded clients ignored
2026-09-25 01:28:46,199 [INFO] fl_ids.eval.simulation: Round 9: mean_val_loss=12480109974256.7539, comm_bytes=583920
2026-09-25 01:28:59,762 [INFO] fl_ids.eval.simulation: Round 10: mean_val_loss=106599976013846.4531, comm_bytes=583920
2026-09-25 01:29:13,701 [INFO] fl_ids.eval.simulation: Round 11: mean_val_loss=720978678911190.0000, comm_bytes=583920
2026-09-25 01:29:14,677 [INFO] fl_ids.fl.client: Client 0 round 12: 218 of 8364 boosting-passed rows flagged; surfacing 50
2026-09-25 01:29:16,829 [INFO] fl_ids.fl.client: Client 1 round 12: 0 of 95 boosting-passed rows flagged; surfacing 0
2026-09-25 01:29:17,283 [INFO] fl_ids.fl.client: Client 2 round 12: 31 of 2192 boosting-passed rows flagged; surfacing 31
2026-09-25 01:29:18,110 [INFO] fl_ids.fl.client: Client 3 round 12: 25 of 301 boosting-passed rows flagged; surfacing 25
2026-09-25 01:29:18,409 [INFO] fl_ids.fl.client: Client 4 round 12: 9 of 270 boosting-passed rows flagged; surfacing 9
2026-09-25 01:29:19,610 [INFO] fl_ids.fl.client: Client 5 round 12: 319 of 8987 boosting-passed rows flagged; surfacing 50
2026-09-25 01:29:22,563 [INFO] fl_ids.fl.client: Client 6 round 12: 158 of 6098 boosting-passed rows flagged; surfacing 50
2026-09-25 01:29:24,235 [INFO] fl_ids.fl.client: Client 7 round 12: 19 of 674 boosting-passed rows flagged; surfacing 19
2026-09-25 01:29:25,300 [INFO] fl_ids.fl.client: Client 8 round 12: 202 of 5778 boosting-passed rows flagged; surfacing 50
2026-09-25 01:29:26,729 [INFO] fl_ids.fl.client: Client 9 round 12: 14 of 71 boosting-passed rows flagged; surfacing 14
2026-09-25 01:29:58,565 [INFO] fl_ids.models.boosting: Continued boosting training: +50 trees on 96054 rows (now 500 trees)
2026-09-25 01:29:58,565 [INFO] fl_ids.models.boosting_update: Round 12: boosting v5 (continue) from 153 alerts ({'Normal': 153}); 145 from excluded clients ignored
2026-09-25 01:29:58,869 [INFO] fl_ids.eval.simulation: Round 12: mean_val_loss=3846044479608931.5000, comm_bytes=583920
2026-09-25 01:30:14,217 [INFO] fl_ids.eval.simulation: Round 13: mean_val_loss=16358497015550460.0000, comm_bytes=583920
2026-09-25 01:30:29,005 [INFO] fl_ids.eval.simulation: Round 14: mean_val_loss=60405401157918472.0000, comm_bytes=583920
2026-09-25 01:30:30,023 [INFO] fl_ids.fl.client: Client 0 round 15: 215 of 8364 boosting-passed rows flagged; surfacing 50
2026-09-25 01:30:32,225 [INFO] fl_ids.fl.client: Client 1 round 15: 0 of 93 boosting-passed rows flagged; surfacing 0
2026-09-25 01:30:32,765 [INFO] fl_ids.fl.client: Client 2 round 15: 31 of 2188 boosting-passed rows flagged; surfacing 31
2026-09-25 01:30:33,652 [INFO] fl_ids.fl.client: Client 3 round 15: 26 of 300 boosting-passed rows flagged; surfacing 26
2026-09-25 01:30:33,994 [INFO] fl_ids.fl.client: Client 4 round 15: 9 of 268 boosting-passed rows flagged; surfacing 9
2026-09-25 01:30:35,386 [INFO] fl_ids.fl.client: Client 5 round 15: 315 of 8986 boosting-passed rows flagged; surfacing 50
2026-09-25 01:30:38,586 [INFO] fl_ids.fl.client: Client 6 round 15: 159 of 6098 boosting-passed rows flagged; surfacing 50
2026-09-25 01:30:40,330 [INFO] fl_ids.fl.client: Client 7 round 15: 19 of 673 boosting-passed rows flagged; surfacing 19
2026-09-25 01:30:41,562 [INFO] fl_ids.fl.client: Client 8 round 15: 203 of 5776 boosting-passed rows flagged; surfacing 50
2026-09-25 01:30:43,094 [INFO] fl_ids.fl.client: Client 9 round 15: 14 of 71 boosting-passed rows flagged; surfacing 14
2026-09-25 01:31:17,949 [INFO] fl_ids.models.boosting: Continued boosting training: +50 trees on 96208 rows (now 550 trees)
2026-09-25 01:31:17,949 [INFO] fl_ids.models.boosting_update: Round 15: boosting v6 (continue) from 154 alerts ({'Normal': 154}); 145 from excluded clients ignored
2026-09-25 01:31:18,286 [INFO] fl_ids.eval.simulation: Round 15: mean_val_loss=198312418921833888.0000, comm_bytes=583920
2026-09-25 01:31:33,908 [INFO] fl_ids.eval.simulation: Round 16: mean_val_loss=592458191842443776.0000, comm_bytes=583920
2026-09-25 01:31:49,092 [INFO] fl_ids.eval.simulation: Round 17: mean_val_loss=1623335647401285376.0000, comm_bytes=583920
2026-09-25 01:31:50,203 [INFO] fl_ids.fl.client: Client 0 round 18: 217 of 8365 boosting-passed rows flagged; surfacing 50
2026-09-25 01:31:52,763 [INFO] fl_ids.fl.client: Client 1 round 18: 0 of 90 boosting-passed rows flagged; surfacing 0
2026-09-25 01:31:53,319 [INFO] fl_ids.fl.client: Client 2 round 18: 33 of 2192 boosting-passed rows flagged; surfacing 33
2026-09-25 01:31:54,266 [INFO] fl_ids.fl.client: Client 3 round 18: 26 of 301 boosting-passed rows flagged; surfacing 26
2026-09-25 01:31:54,625 [INFO] fl_ids.fl.client: Client 4 round 18: 9 of 268 boosting-passed rows flagged; surfacing 9
2026-09-25 01:31:56,231 [INFO] fl_ids.fl.client: Client 5 round 18: 310 of 8985 boosting-passed rows flagged; surfacing 50
2026-09-25 01:31:59,554 [INFO] fl_ids.fl.client: Client 6 round 18: 156 of 6096 boosting-passed rows flagged; surfacing 50
2026-09-25 01:32:01,410 [INFO] fl_ids.fl.client: Client 7 round 18: 19 of 673 boosting-passed rows flagged; surfacing 19
2026-09-25 01:32:02,728 [INFO] fl_ids.fl.client: Client 8 round 18: 203 of 5777 boosting-passed rows flagged; surfacing 50
2026-09-25 01:32:04,274 [INFO] fl_ids.fl.client: Client 9 round 18: 14 of 71 boosting-passed rows flagged; surfacing 14
2026-09-25 01:32:45,861 [INFO] fl_ids.models.boosting: Continued boosting training: +50 trees on 96362 rows (now 600 trees)
2026-09-25 01:32:45,861 [INFO] fl_ids.models.boosting_update: Round 18: boosting v7 (continue) from 154 alerts ({'Normal': 154}); 147 from excluded clients ignored
2026-09-25 01:32:46,222 [INFO] fl_ids.eval.simulation: Round 18: mean_val_loss=4132408117652830208.0000, comm_bytes=583920
2026-09-25 01:33:02,528 [INFO] fl_ids.eval.simulation: Round 19: mean_val_loss=9840775769236862976.0000, comm_bytes=583920
2026-09-25 01:33:18,455 [INFO] fl_ids.eval.simulation: Round 20: mean_val_loss=22306070677196611584.0000, comm_bytes=583920
2026-09-25 01:33:18,597 [INFO] fl_ids.eval.zero_day: zero-day holdout=Fingerprinting run=malicious_fraction=0.50: detection_rate=0.803
2026-09-25 01:33:20,668 [INFO] fl_ids.eval.common: Excluded classes ['MITM'] from training: removed 20 calibration rows, 13 federated-pool rows
2026-09-25 01:33:20,669 [INFO] fl_ids.models.boosting: Training boosting classifier: 95465 samples, 15 classes, 300 rounds
2026-09-25 01:33:38,976 [WARNING] fl_ids.data.pipeline: Client 6 has zero benign validation samples (heavy Dirichlet skew or too few benign samples in its shard)
2026-09-25 01:33:39,005 [INFO] fl_ids.eval.common: Evaluation setup: 95465 calibration, 59987 federated pool (subsampled), 8994 test rows across 10 clients
2026-09-25 01:33:54,623 [WARNING] fl_ids.fl.client: Client 6: no benign validation samples to evaluate on
2026-09-25 01:33:54,634 [INFO] fl_ids.eval.simulation: Round 1: mean_val_loss=0.0642, comm_bytes=583920
2026-09-25 01:34:07,435 [WARNING] fl_ids.fl.client: Client 6: no benign validation samples to evaluate on
2026-09-25 01:34:07,446 [INFO] fl_ids.eval.simulation: Round 2: mean_val_loss=0.0239, comm_bytes=583920
2026-09-25 01:34:07,986 [INFO] fl_ids.fl.client: Client 0 round 3: 167 of 6012 boosting-passed rows flagged; surfacing 50
2026-09-25 01:34:09,913 [INFO] fl_ids.fl.client: Client 1 round 3: 156 of 4590 boosting-passed rows flagged; surfacing 50
2026-09-25 01:34:11,324 [INFO] fl_ids.fl.client: Client 2 round 3: 82 of 3110 boosting-passed rows flagged; surfacing 50
2026-09-25 01:34:12,232 [INFO] fl_ids.fl.client: Client 3 round 3: 29 of 190 boosting-passed rows flagged; surfacing 29
2026-09-25 01:34:12,646 [INFO] fl_ids.fl.client: Client 4 round 3: 95 of 2861 boosting-passed rows flagged; surfacing 50
2026-09-25 01:34:13,420 [INFO] fl_ids.fl.client: Client 5 round 3: 1 of 147 boosting-passed rows flagged; surfacing 1
2026-09-25 01:34:13,946 [INFO] fl_ids.fl.client: Client 7 round 3: 51 of 2261 boosting-passed rows flagged; surfacing 50
2026-09-25 01:34:15,655 [INFO] fl_ids.fl.client: Client 8 round 3: 442 of 13165 boosting-passed rows flagged; surfacing 50
2026-09-25 01:34:18,711 [INFO] fl_ids.fl.client: Client 9 round 3: 3 of 231 boosting-passed rows flagged; surfacing 3
2026-09-25 01:34:43,548 [INFO] fl_ids.models.boosting: Continued boosting training: +50 trees on 95765 rows (now 350 trees)
2026-09-25 01:34:43,548 [INFO] fl_ids.models.boosting_update: Round 3: boosting v2 (continue) from 300 alerts ({'Backdoor': 1, 'Normal': 276, 'Port_Scanning': 15, 'Ransomware': 2, 'Uploading': 5, 'Vulnerability_scanner': 1}); 33 from excluded clients ignored
2026-09-25 01:34:43,776 [WARNING] fl_ids.fl.client: Client 6: no benign validation samples to evaluate on
2026-09-25 01:34:43,794 [INFO] fl_ids.eval.simulation: Round 3: mean_val_loss=0.0118, comm_bytes=583920
2026-09-25 01:34:59,544 [WARNING] fl_ids.fl.client: Client 6: no benign validation samples to evaluate on
2026-09-25 01:34:59,560 [INFO] fl_ids.eval.simulation: Round 4: mean_val_loss=0.0083, comm_bytes=583920
2026-09-25 01:35:12,400 [WARNING] fl_ids.fl.client: Client 6: no benign validation samples to evaluate on
2026-09-25 01:35:12,413 [INFO] fl_ids.eval.simulation: Round 5: mean_val_loss=0.0062, comm_bytes=583920
2026-09-25 01:35:13,077 [INFO] fl_ids.fl.client: Client 0 round 6: 167 of 6011 boosting-passed rows flagged; surfacing 50
2026-09-25 01:35:15,143 [INFO] fl_ids.fl.client: Client 1 round 6: 161 of 4595 boosting-passed rows flagged; surfacing 50
2026-09-25 01:35:16,611 [INFO] fl_ids.fl.client: Client 2 round 6: 93 of 3107 boosting-passed rows flagged; surfacing 50
2026-09-25 01:35:17,574 [INFO] fl_ids.fl.client: Client 3 round 6: 13 of 189 boosting-passed rows flagged; surfacing 13
2026-09-25 01:35:18,039 [INFO] fl_ids.fl.client: Client 4 round 6: 124 of 2861 boosting-passed rows flagged; surfacing 50
2026-09-25 01:35:18,849 [INFO] fl_ids.fl.client: Client 5 round 6: 2 of 148 boosting-passed rows flagged; surfacing 2
2026-09-25 01:35:19,449 [INFO] fl_ids.fl.client: Client 7 round 6: 145 of 2255 boosting-passed rows flagged; surfacing 50
2026-09-25 01:35:21,302 [INFO] fl_ids.fl.client: Client 8 round 6: 384 of 13166 boosting-passed rows flagged; surfacing 50
2026-09-25 01:35:24,450 [INFO] fl_ids.fl.client: Client 9 round 6: 2 of 227 boosting-passed rows flagged; surfacing 2
2026-09-25 01:35:53,858 [INFO] fl_ids.models.boosting: Continued boosting training: +50 trees on 96082 rows (now 400 trees)
2026-09-25 01:35:53,859 [INFO] fl_ids.models.boosting_update: Round 6: boosting v3 (continue) from 317 alerts ({'Backdoor': 2, 'DDoS_HTTP': 12, 'Fingerprinting': 1, 'Normal': 288, 'Port_Scanning': 4, 'Ransomware': 2, 'Uploading': 3, 'Vulnerability_scanner': 4, 'XSS': 1}); 0 from excluded clients ignored
2026-09-25 01:35:54,121 [WARNING] fl_ids.fl.client: Client 6: no benign validation samples to evaluate on
2026-09-25 01:35:54,141 [INFO] fl_ids.eval.simulation: Round 6: mean_val_loss=0.0126, comm_bytes=583920
2026-09-25 01:36:10,615 [WARNING] fl_ids.fl.client: Client 6: no benign validation samples to evaluate on
2026-09-25 01:36:10,629 [INFO] fl_ids.eval.simulation: Round 7: mean_val_loss=0.0126, comm_bytes=583920
2026-09-25 01:36:24,069 [WARNING] fl_ids.fl.client: Client 6: no benign validation samples to evaluate on
2026-09-25 01:36:24,080 [INFO] fl_ids.eval.simulation: Round 8: mean_val_loss=0.0125, comm_bytes=583920
2026-09-25 01:36:24,907 [INFO] fl_ids.fl.client: Client 0 round 9: 142 of 6009 boosting-passed rows flagged; surfacing 50
2026-09-25 01:36:27,084 [INFO] fl_ids.fl.client: Client 1 round 9: 154 of 4594 boosting-passed rows flagged; surfacing 50
2026-09-25 01:36:28,636 [INFO] fl_ids.fl.client: Client 2 round 9: 66 of 3103 boosting-passed rows flagged; surfacing 50
2026-09-25 01:36:29,679 [INFO] fl_ids.fl.client: Client 3 round 9: 10 of 186 boosting-passed rows flagged; surfacing 10
2026-09-25 01:36:30,223 [INFO] fl_ids.fl.client: Client 4 round 9: 82 of 2861 boosting-passed rows flagged; surfacing 50
2026-09-25 01:36:31,075 [INFO] fl_ids.fl.client: Client 5 round 9: 2 of 148 boosting-passed rows flagged; surfacing 2
2026-09-25 01:36:31,807 [INFO] fl_ids.fl.client: Client 7 round 9: 76 of 2247 boosting-passed rows flagged; surfacing 50
2026-09-25 01:36:33,986 [INFO] fl_ids.fl.client: Client 8 round 9: 427 of 13161 boosting-passed rows flagged; surfacing 50
2026-09-25 01:36:37,184 [INFO] fl_ids.fl.client: Client 9 round 9: 2 of 225 boosting-passed rows flagged; surfacing 2
2026-09-25 01:37:11,634 [INFO] fl_ids.models.boosting: Continued boosting training: +50 trees on 96396 rows (now 450 trees)
2026-09-25 01:37:11,635 [INFO] fl_ids.models.boosting_update: Round 9: boosting v4 (continue) from 314 alerts ({'Backdoor': 2, 'Fingerprinting': 1, 'Normal': 303, 'Port_Scanning': 4, 'Ransomware': 2, 'Uploading': 1, 'XSS': 1}); 0 from excluded clients ignored
2026-09-25 01:37:11,936 [WARNING] fl_ids.fl.client: Client 6: no benign validation samples to evaluate on
2026-09-25 01:37:11,958 [INFO] fl_ids.eval.simulation: Round 9: mean_val_loss=0.0124, comm_bytes=583920
2026-09-25 01:37:28,658 [WARNING] fl_ids.fl.client: Client 6: no benign validation samples to evaluate on
2026-09-25 01:37:28,669 [INFO] fl_ids.eval.simulation: Round 10: mean_val_loss=0.0122, comm_bytes=583920
2026-09-25 01:37:42,576 [WARNING] fl_ids.fl.client: Client 6: no benign validation samples to evaluate on
2026-09-25 01:37:42,588 [INFO] fl_ids.eval.simulation: Round 11: mean_val_loss=0.0101, comm_bytes=583920
2026-09-25 01:37:43,506 [INFO] fl_ids.fl.client: Client 0 round 12: 122 of 6008 boosting-passed rows flagged; surfacing 50
2026-09-25 01:37:45,825 [INFO] fl_ids.fl.client: Client 1 round 12: 144 of 4595 boosting-passed rows flagged; surfacing 50
2026-09-25 01:37:47,493 [INFO] fl_ids.fl.client: Client 2 round 12: 98 of 3103 boosting-passed rows flagged; surfacing 50
2026-09-25 01:37:48,555 [INFO] fl_ids.fl.client: Client 3 round 12: 9 of 182 boosting-passed rows flagged; surfacing 9
2026-09-25 01:37:49,213 [INFO] fl_ids.fl.client: Client 4 round 12: 93 of 2859 boosting-passed rows flagged; surfacing 50
2026-09-25 01:37:50,085 [INFO] fl_ids.fl.client: Client 5 round 12: 1 of 145 boosting-passed rows flagged; surfacing 1
2026-09-25 01:37:50,880 [INFO] fl_ids.fl.client: Client 7 round 12: 75 of 2241 boosting-passed rows flagged; surfacing 50
2026-09-25 01:37:53,288 [INFO] fl_ids.fl.client: Client 8 round 12: 381 of 13160 boosting-passed rows flagged; surfacing 50
2026-09-25 01:37:56,554 [INFO] fl_ids.fl.client: Client 9 round 12: 3 of 226 boosting-passed rows flagged; surfacing 3
2026-09-25 01:38:39,661 [INFO] fl_ids.models.boosting: Continued boosting training: +50 trees on 96709 rows (now 500 trees)
2026-09-25 01:38:39,662 [INFO] fl_ids.models.boosting_update: Round 12: boosting v5 (continue) from 313 alerts ({'DDoS_HTTP': 3, 'Normal': 304, 'Port_Scanning': 3, 'Ransomware': 1, 'Uploading': 1, 'XSS': 1}); 0 from excluded clients ignored
2026-09-25 01:38:39,994 [WARNING] fl_ids.fl.client: Client 6: no benign validation samples to evaluate on
2026-09-25 01:38:40,015 [INFO] fl_ids.eval.simulation: Round 12: mean_val_loss=0.0115, comm_bytes=583920
2026-09-25 01:38:56,501 [WARNING] fl_ids.fl.client: Client 6: no benign validation samples to evaluate on
2026-09-25 01:38:56,512 [INFO] fl_ids.eval.simulation: Round 13: mean_val_loss=0.0112, comm_bytes=583920
2026-09-25 01:39:11,828 [WARNING] fl_ids.fl.client: Client 6: no benign validation samples to evaluate on
2026-09-25 01:39:11,839 [INFO] fl_ids.eval.simulation: Round 14: mean_val_loss=0.0092, comm_bytes=583920
2026-09-25 01:39:12,986 [INFO] fl_ids.fl.client: Client 0 round 15: 118 of 6006 boosting-passed rows flagged; surfacing 50
2026-09-25 01:39:15,410 [INFO] fl_ids.fl.client: Client 1 round 15: 139 of 4591 boosting-passed rows flagged; surfacing 50
2026-09-25 01:39:17,193 [INFO] fl_ids.fl.client: Client 2 round 15: 62 of 3101 boosting-passed rows flagged; surfacing 50
2026-09-25 01:39:18,364 [INFO] fl_ids.fl.client: Client 3 round 15: 9 of 180 boosting-passed rows flagged; surfacing 9
2026-09-25 01:39:19,093 [INFO] fl_ids.fl.client: Client 4 round 15: 108 of 2854 boosting-passed rows flagged; surfacing 50
2026-09-25 01:39:20,023 [INFO] fl_ids.fl.client: Client 5 round 15: 1 of 142 boosting-passed rows flagged; surfacing 1
2026-09-25 01:39:20,939 [INFO] fl_ids.fl.client: Client 7 round 15: 144 of 2242 boosting-passed rows flagged; surfacing 50
2026-09-25 01:39:23,736 [INFO] fl_ids.fl.client: Client 8 round 15: 402 of 13159 boosting-passed rows flagged; surfacing 50
2026-09-25 01:39:27,108 [INFO] fl_ids.fl.client: Client 9 round 15: 3 of 225 boosting-passed rows flagged; surfacing 3
2026-09-25 01:40:16,818 [INFO] fl_ids.models.boosting: Continued boosting training: +50 trees on 97022 rows (now 550 trees)
2026-09-25 01:40:16,819 [INFO] fl_ids.models.boosting_update: Round 15: boosting v6 (continue) from 313 alerts ({'DDoS_HTTP': 27, 'Fingerprinting': 1, 'Normal': 280, 'Password': 1, 'Uploading': 2, 'Vulnerability_scanner': 1, 'XSS': 1}); 0 from excluded clients ignored
2026-09-25 01:40:17,199 [WARNING] fl_ids.fl.client: Client 6: no benign validation samples to evaluate on
2026-09-25 01:40:17,206 [INFO] fl_ids.eval.simulation: Round 15: mean_val_loss=0.0108, comm_bytes=583920
2026-09-25 01:40:33,514 [WARNING] fl_ids.fl.client: Client 6: no benign validation samples to evaluate on
2026-09-25 01:40:33,526 [INFO] fl_ids.eval.simulation: Round 16: mean_val_loss=0.0043, comm_bytes=583920
2026-09-25 01:40:49,831 [WARNING] fl_ids.fl.client: Client 6: no benign validation samples to evaluate on
2026-09-25 01:40:49,843 [INFO] fl_ids.eval.simulation: Round 17: mean_val_loss=0.0089, comm_bytes=583920
2026-09-25 01:40:51,078 [INFO] fl_ids.fl.client: Client 0 round 18: 118 of 6005 boosting-passed rows flagged; surfacing 50
2026-09-25 01:40:53,754 [INFO] fl_ids.fl.client: Client 1 round 18: 160 of 4586 boosting-passed rows flagged; surfacing 50
2026-09-25 01:40:55,650 [INFO] fl_ids.fl.client: Client 2 round 18: 96 of 3102 boosting-passed rows flagged; surfacing 50
2026-09-25 01:40:56,861 [INFO] fl_ids.fl.client: Client 3 round 18: 3 of 180 boosting-passed rows flagged; surfacing 3
2026-09-25 01:40:57,636 [INFO] fl_ids.fl.client: Client 4 round 18: 104 of 2852 boosting-passed rows flagged; surfacing 50
2026-09-25 01:40:58,615 [INFO] fl_ids.fl.client: Client 5 round 18: 1 of 142 boosting-passed rows flagged; surfacing 1
2026-09-25 01:40:59,630 [INFO] fl_ids.fl.client: Client 7 round 18: 228 of 2243 boosting-passed rows flagged; surfacing 50
2026-09-25 01:41:02,762 [INFO] fl_ids.fl.client: Client 8 round 18: 358 of 13158 boosting-passed rows flagged; surfacing 50
2026-09-25 01:41:06,170 [INFO] fl_ids.fl.client: Client 9 round 18: 2 of 225 boosting-passed rows flagged; surfacing 2
2026-09-25 01:42:03,253 [INFO] fl_ids.models.boosting: Continued boosting training: +50 trees on 97328 rows (now 600 trees)
2026-09-25 01:42:03,254 [INFO] fl_ids.models.boosting_update: Round 18: boosting v7 (continue) from 306 alerts ({'DDoS_HTTP': 27, 'Fingerprinting': 1, 'Normal': 269, 'SQL_injection': 4, 'Uploading': 1, 'Vulnerability_scanner': 1, 'XSS': 3}); 0 from excluded clients ignored
2026-09-25 01:42:03,646 [WARNING] fl_ids.fl.client: Client 6: no benign validation samples to evaluate on
2026-09-25 01:42:03,669 [INFO] fl_ids.eval.simulation: Round 18: mean_val_loss=0.0094, comm_bytes=583920
2026-09-25 01:42:22,576 [WARNING] fl_ids.fl.client: Client 6: no benign validation samples to evaluate on
2026-09-25 01:42:22,589 [INFO] fl_ids.eval.simulation: Round 19: mean_val_loss=0.0093, comm_bytes=583920
2026-09-25 01:42:39,002 [WARNING] fl_ids.fl.client: Client 6: no benign validation samples to evaluate on
2026-09-25 01:42:39,014 [INFO] fl_ids.eval.simulation: Round 20: mean_val_loss=0.0060, comm_bytes=583920
2026-09-25 01:42:39,044 [WARNING] fl_ids.eval.common: Clients [6] have no benign validation rows (infinite threshold); 220 test rows can't be flagged by the autoencoder
2026-09-25 01:42:39,095 [INFO] fl_ids.eval.zero_day: zero-day holdout=MITM run=malicious_fraction=0.00: detection_rate=0.894
2026-09-25 01:42:50,922 [WARNING] fl_ids.fl.client: Client 6: no benign validation samples to evaluate on
2026-09-25 01:42:50,934 [INFO] fl_ids.eval.simulation: Round 1: mean_val_loss=0.2709, comm_bytes=583920
2026-09-25 01:43:06,398 [WARNING] fl_ids.fl.client: Client 6: no benign validation samples to evaluate on
2026-09-25 01:43:06,410 [INFO] fl_ids.eval.simulation: Round 2: mean_val_loss=0.1461, comm_bytes=583920
2026-09-25 01:43:06,888 [INFO] fl_ids.fl.client: Client 0 round 3: 146 of 6012 boosting-passed rows flagged; surfacing 50
2026-09-25 01:43:09,621 [INFO] fl_ids.fl.client: Client 1 round 3: 171 of 4590 boosting-passed rows flagged; surfacing 50
2026-09-25 01:43:11,306 [INFO] fl_ids.fl.client: Client 2 round 3: 88 of 3110 boosting-passed rows flagged; surfacing 50
2026-09-25 01:43:12,490 [INFO] fl_ids.fl.client: Client 3 round 3: 16 of 190 boosting-passed rows flagged; surfacing 16
2026-09-25 01:43:13,059 [INFO] fl_ids.fl.client: Client 4 round 3: 99 of 2861 boosting-passed rows flagged; surfacing 50
2026-09-25 01:43:14,127 [INFO] fl_ids.fl.client: Client 5 round 3: 1 of 147 boosting-passed rows flagged; surfacing 1
2026-09-25 01:43:15,129 [INFO] fl_ids.fl.client: Client 7 round 3: 76 of 2261 boosting-passed rows flagged; surfacing 50
2026-09-25 01:43:16,797 [INFO] fl_ids.fl.client: Client 8 round 3: 498 of 13165 boosting-passed rows flagged; surfacing 50
2026-09-25 01:43:21,024 [INFO] fl_ids.fl.client: Client 9 round 3: 7 of 231 boosting-passed rows flagged; surfacing 7
2026-09-25 01:43:43,560 [INFO] fl_ids.models.boosting: Continued boosting training: +50 trees on 95689 rows (now 350 trees)
2026-09-25 01:43:43,560 [INFO] fl_ids.models.boosting_update: Round 3: boosting v2 (continue) from 224 alerts ({'Normal': 223, 'XSS': 1}); 100 from excluded clients ignored
2026-09-25 01:43:43,733 [WARNING] fl_ids.fl.client: Client 6: no benign validation samples to evaluate on
2026-09-25 01:43:43,742 [INFO] fl_ids.eval.simulation: Round 3: mean_val_loss=0.0599, comm_bytes=583920
2026-09-25 01:43:56,599 [WARNING] fl_ids.fl.client: Client 6: no benign validation samples to evaluate on
2026-09-25 01:43:56,614 [INFO] fl_ids.eval.simulation: Round 4: mean_val_loss=0.0354, comm_bytes=583920
2026-09-25 01:44:12,454 [WARNING] fl_ids.fl.client: Client 6: no benign validation samples to evaluate on
2026-09-25 01:44:12,465 [INFO] fl_ids.eval.simulation: Round 5: mean_val_loss=0.0298, comm_bytes=583920
2026-09-25 01:44:13,011 [INFO] fl_ids.fl.client: Client 0 round 6: 160 of 6010 boosting-passed rows flagged; surfacing 50
2026-09-25 01:44:15,918 [INFO] fl_ids.fl.client: Client 1 round 6: 154 of 4589 boosting-passed rows flagged; surfacing 50
2026-09-25 01:44:17,507 [INFO] fl_ids.fl.client: Client 2 round 6: 79 of 3109 boosting-passed rows flagged; surfacing 50
2026-09-25 01:44:18,880 [INFO] fl_ids.fl.client: Client 3 round 6: 27 of 189 boosting-passed rows flagged; surfacing 27
2026-09-25 01:44:19,272 [INFO] fl_ids.fl.client: Client 4 round 6: 114 of 2859 boosting-passed rows flagged; surfacing 50
2026-09-25 01:44:21,071 [INFO] fl_ids.fl.client: Client 5 round 6: 2 of 147 boosting-passed rows flagged; surfacing 2
2026-09-25 01:44:21,575 [INFO] fl_ids.fl.client: Client 7 round 6: 47 of 2258 boosting-passed rows flagged; surfacing 47
2026-09-25 01:44:23,694 [INFO] fl_ids.fl.client: Client 8 round 6: 445 of 13164 boosting-passed rows flagged; surfacing 50
2026-09-25 01:44:28,238 [INFO] fl_ids.fl.client: Client 9 round 6: 3 of 229 boosting-passed rows flagged; surfacing 3
2026-09-25 01:44:54,884 [INFO] fl_ids.models.boosting: Continued boosting training: +50 trees on 95921 rows (now 400 trees)
2026-09-25 01:44:54,884 [INFO] fl_ids.models.boosting_update: Round 6: boosting v3 (continue) from 232 alerts ({'Backdoor': 1, 'Fingerprinting': 1, 'Normal': 222, 'Port_Scanning': 1, 'Ransomware': 2, 'Uploading': 1, 'Vulnerability_scanner': 3, 'XSS': 1}); 97 from excluded clients ignored
2026-09-25 01:44:55,084 [WARNING] fl_ids.fl.client: Client 6: no benign validation samples to evaluate on
2026-09-25 01:44:55,094 [INFO] fl_ids.eval.simulation: Round 6: mean_val_loss=0.0262, comm_bytes=583920
2026-09-25 01:45:10,369 [WARNING] fl_ids.fl.client: Client 6: no benign validation samples to evaluate on
2026-09-25 01:45:10,382 [INFO] fl_ids.eval.simulation: Round 7: mean_val_loss=0.0236, comm_bytes=583920
2026-09-25 01:45:27,255 [WARNING] fl_ids.fl.client: Client 6: no benign validation samples to evaluate on
2026-09-25 01:45:27,267 [INFO] fl_ids.eval.simulation: Round 8: mean_val_loss=0.0214, comm_bytes=583920
2026-09-25 01:45:27,965 [INFO] fl_ids.fl.client: Client 0 round 9: 190 of 6011 boosting-passed rows flagged; surfacing 50
2026-09-25 01:45:30,792 [INFO] fl_ids.fl.client: Client 1 round 9: 168 of 4592 boosting-passed rows flagged; surfacing 50
2026-09-25 01:45:33,154 [INFO] fl_ids.fl.client: Client 2 round 9: 97 of 3107 boosting-passed rows flagged; surfacing 50
2026-09-25 01:45:34,187 [INFO] fl_ids.fl.client: Client 3 round 9: 22 of 185 boosting-passed rows flagged; surfacing 22
2026-09-25 01:45:34,670 [INFO] fl_ids.fl.client: Client 4 round 9: 107 of 2857 boosting-passed rows flagged; surfacing 50
2026-09-25 01:45:35,676 [INFO] fl_ids.fl.client: Client 5 round 9: 2 of 146 boosting-passed rows flagged; surfacing 2
2026-09-25 01:45:36,414 [INFO] fl_ids.fl.client: Client 7 round 9: 102 of 2259 boosting-passed rows flagged; surfacing 50
2026-09-25 01:45:39,480 [INFO] fl_ids.fl.client: Client 8 round 9: 426 of 13163 boosting-passed rows flagged; surfacing 50
2026-09-25 01:45:43,876 [INFO] fl_ids.fl.client: Client 9 round 9: 7 of 228 boosting-passed rows flagged; surfacing 7
2026-09-25 01:46:12,014 [INFO] fl_ids.models.boosting: Continued boosting training: +50 trees on 96152 rows (now 450 trees)
2026-09-25 01:46:12,014 [INFO] fl_ids.models.boosting_update: Round 9: boosting v4 (continue) from 231 alerts ({'Backdoor': 2, 'Fingerprinting': 1, 'Normal': 226, 'Uploading': 1, 'XSS': 1}); 100 from excluded clients ignored
2026-09-25 01:46:12,243 [WARNING] fl_ids.fl.client: Client 6: no benign validation samples to evaluate on
2026-09-25 01:46:12,253 [INFO] fl_ids.eval.simulation: Round 9: mean_val_loss=0.0202, comm_bytes=583920
2026-09-25 01:46:27,330 [WARNING] fl_ids.fl.client: Client 6: no benign validation samples to evaluate on
2026-09-25 01:46:27,342 [INFO] fl_ids.eval.simulation: Round 10: mean_val_loss=0.0198, comm_bytes=583920
2026-09-25 01:46:45,246 [WARNING] fl_ids.fl.client: Client 6: no benign validation samples to evaluate on
2026-09-25 01:46:45,257 [INFO] fl_ids.eval.simulation: Round 11: mean_val_loss=0.0192, comm_bytes=583920
2026-09-25 01:46:46,060 [INFO] fl_ids.fl.client: Client 0 round 12: 173 of 6010 boosting-passed rows flagged; surfacing 50
2026-09-25 01:46:49,210 [INFO] fl_ids.fl.client: Client 1 round 12: 154 of 4589 boosting-passed rows flagged; surfacing 50
2026-09-25 01:46:50,939 [INFO] fl_ids.fl.client: Client 2 round 12: 128 of 3107 boosting-passed rows flagged; surfacing 50
2026-09-25 01:46:52,050 [INFO] fl_ids.fl.client: Client 3 round 12: 12 of 184 boosting-passed rows flagged; surfacing 12
2026-09-25 01:46:52,617 [INFO] fl_ids.fl.client: Client 4 round 12: 117 of 2860 boosting-passed rows flagged; surfacing 50
2026-09-25 01:46:53,860 [INFO] fl_ids.fl.client: Client 5 round 12: 1 of 146 boosting-passed rows flagged; surfacing 1
2026-09-25 01:46:54,638 [INFO] fl_ids.fl.client: Client 7 round 12: 109 of 2256 boosting-passed rows flagged; surfacing 50
2026-09-25 01:46:57,606 [INFO] fl_ids.fl.client: Client 8 round 12: 403 of 13161 boosting-passed rows flagged; surfacing 50
2026-09-25 01:47:02,578 [INFO] fl_ids.fl.client: Client 9 round 12: 7 of 227 boosting-passed rows flagged; surfacing 7
2026-09-25 01:47:40,489 [INFO] fl_ids.models.boosting: Continued boosting training: +50 trees on 96372 rows (now 500 trees)
2026-09-25 01:47:40,490 [INFO] fl_ids.models.boosting_update: Round 12: boosting v5 (continue) from 220 alerts ({'DDoS_HTTP': 1, 'Normal': 210, 'Port_Scanning': 7, 'Vulnerability_scanner': 1, 'XSS': 1}); 100 from excluded clients ignored
2026-09-25 01:47:40,740 [WARNING] fl_ids.fl.client: Client 6: no benign validation samples to evaluate on
2026-09-25 01:47:40,750 [INFO] fl_ids.eval.simulation: Round 12: mean_val_loss=0.0281, comm_bytes=583920
2026-09-25 01:47:58,055 [WARNING] fl_ids.fl.client: Client 6: no benign validation samples to evaluate on
2026-09-25 01:47:58,089 [INFO] fl_ids.eval.simulation: Round 13: mean_val_loss=0.0244, comm_bytes=583920
2026-09-25 01:48:17,444 [WARNING] fl_ids.fl.client: Client 6: no benign validation samples to evaluate on
2026-09-25 01:48:17,461 [INFO] fl_ids.eval.simulation: Round 14: mean_val_loss=0.0289, comm_bytes=583920
2026-09-25 01:48:18,843 [INFO] fl_ids.fl.client: Client 0 round 15: 205 of 6008 boosting-passed rows flagged; surfacing 50
2026-09-25 01:48:22,495 [INFO] fl_ids.fl.client: Client 1 round 15: 157 of 4592 boosting-passed rows flagged; surfacing 50
2026-09-25 01:48:24,358 [INFO] fl_ids.fl.client: Client 2 round 15: 61 of 3106 boosting-passed rows flagged; surfacing 50
2026-09-25 01:48:25,685 [INFO] fl_ids.fl.client: Client 3 round 15: 13 of 186 boosting-passed rows flagged; surfacing 13
2026-09-25 01:48:26,251 [INFO] fl_ids.fl.client: Client 4 round 15: 110 of 2859 boosting-passed rows flagged; surfacing 50
2026-09-25 01:48:27,573 [INFO] fl_ids.fl.client: Client 5 round 15: 1 of 146 boosting-passed rows flagged; surfacing 1
2026-09-25 01:48:29,139 [INFO] fl_ids.fl.client: Client 7 round 15: 87 of 2250 boosting-passed rows flagged; surfacing 50
2026-09-25 01:48:31,723 [INFO] fl_ids.fl.client: Client 8 round 15: 475 of 13159 boosting-passed rows flagged; surfacing 50
2026-09-25 01:48:36,392 [INFO] fl_ids.fl.client: Client 9 round 15: 5 of 227 boosting-passed rows flagged; surfacing 5
2026-09-25 01:49:15,176 [INFO] fl_ids.models.boosting: Continued boosting training: +50 trees on 96591 rows (now 550 trees)
2026-09-25 01:49:15,176 [INFO] fl_ids.models.boosting_update: Round 15: boosting v6 (continue) from 219 alerts ({'Backdoor': 1, 'Normal': 213, 'Ransomware': 2, 'Uploading': 1, 'Vulnerability_scanner': 1, 'XSS': 1}); 100 from excluded clients ignored
2026-09-25 01:49:15,461 [WARNING] fl_ids.fl.client: Client 6: no benign validation samples to evaluate on
2026-09-25 01:49:15,470 [INFO] fl_ids.eval.simulation: Round 15: mean_val_loss=0.0186, comm_bytes=583920
2026-09-25 01:49:34,010 [WARNING] fl_ids.fl.client: Client 6: no benign validation samples to evaluate on
2026-09-25 01:49:34,025 [INFO] fl_ids.eval.simulation: Round 16: mean_val_loss=0.0264, comm_bytes=583920
2026-09-25 01:49:54,238 [WARNING] fl_ids.fl.client: Client 6: no benign validation samples to evaluate on
2026-09-25 01:49:54,256 [INFO] fl_ids.eval.simulation: Round 17: mean_val_loss=0.0279, comm_bytes=583920
2026-09-25 01:49:55,557 [INFO] fl_ids.fl.client: Client 0 round 18: 215 of 6008 boosting-passed rows flagged; surfacing 50
2026-09-25 01:49:58,307 [INFO] fl_ids.fl.client: Client 1 round 18: 159 of 4586 boosting-passed rows flagged; surfacing 50
2026-09-25 01:50:01,806 [INFO] fl_ids.fl.client: Client 2 round 18: 61 of 3107 boosting-passed rows flagged; surfacing 50
2026-09-25 01:50:03,462 [INFO] fl_ids.fl.client: Client 3 round 18: 15 of 184 boosting-passed rows flagged; surfacing 15
2026-09-25 01:50:04,306 [INFO] fl_ids.fl.client: Client 4 round 18: 106 of 2859 boosting-passed rows flagged; surfacing 50
2026-09-25 01:50:05,303 [INFO] fl_ids.fl.client: Client 5 round 18: 1 of 145 boosting-passed rows flagged; surfacing 1
2026-09-25 01:50:06,273 [INFO] fl_ids.fl.client: Client 7 round 18: 85 of 2251 boosting-passed rows flagged; surfacing 50
2026-09-25 01:50:10,488 [INFO] fl_ids.fl.client: Client 8 round 18: 468 of 13157 boosting-passed rows flagged; surfacing 50
2026-09-25 01:50:15,238 [INFO] fl_ids.fl.client: Client 9 round 18: 6 of 226 boosting-passed rows flagged; surfacing 6
2026-09-25 01:51:03,167 [INFO] fl_ids.models.boosting: Continued boosting training: +50 trees on 96863 rows (now 600 trees)
2026-09-25 01:51:03,168 [INFO] fl_ids.models.boosting_update: Round 18: boosting v7 (continue) from 272 alerts ({'Backdoor': 1, 'DDoS_HTTP': 1, 'Normal': 265, 'Port_Scanning': 2, 'SQL_injection': 1, 'Vulnerability_scanner': 1, 'XSS': 1}); 50 from excluded clients ignored
2026-09-25 01:51:03,663 [WARNING] fl_ids.fl.client: Client 6: no benign validation samples to evaluate on
2026-09-25 01:51:03,741 [INFO] fl_ids.eval.simulation: Round 18: mean_val_loss=0.0225, comm_bytes=583920
2026-09-25 01:51:23,793 [WARNING] fl_ids.fl.client: Client 6: no benign validation samples to evaluate on
2026-09-25 01:51:23,804 [INFO] fl_ids.eval.simulation: Round 19: mean_val_loss=0.0266, comm_bytes=583920
2026-09-25 01:51:43,628 [WARNING] fl_ids.fl.client: Client 6: no benign validation samples to evaluate on
2026-09-25 01:51:43,645 [INFO] fl_ids.eval.simulation: Round 20: mean_val_loss=0.0212, comm_bytes=583920
2026-09-25 01:51:43,678 [WARNING] fl_ids.eval.common: Clients [6] have no benign validation rows (infinite threshold); 220 test rows can't be flagged by the autoencoder
2026-09-25 01:51:43,733 [INFO] fl_ids.eval.zero_day: zero-day holdout=MITM run=malicious_fraction=0.20: detection_rate=0.899
2026-09-25 01:51:56,334 [WARNING] fl_ids.fl.client: Client 6: no benign validation samples to evaluate on
2026-09-25 01:51:56,345 [INFO] fl_ids.eval.simulation: Round 1: mean_val_loss=0.2228, comm_bytes=583920
2026-09-25 01:52:07,796 [WARNING] fl_ids.fl.client: Client 6: no benign validation samples to evaluate on
2026-09-25 01:52:07,807 [INFO] fl_ids.eval.simulation: Round 2: mean_val_loss=0.0565, comm_bytes=583920
2026-09-25 01:52:08,357 [INFO] fl_ids.fl.client: Client 0 round 3: 182 of 6012 boosting-passed rows flagged; surfacing 50
2026-09-25 01:52:10,246 [INFO] fl_ids.fl.client: Client 1 round 3: 145 of 4590 boosting-passed rows flagged; surfacing 50
2026-09-25 01:52:11,688 [INFO] fl_ids.fl.client: Client 2 round 3: 79 of 3110 boosting-passed rows flagged; surfacing 50
2026-09-25 01:52:12,621 [INFO] fl_ids.fl.client: Client 3 round 3: 25 of 190 boosting-passed rows flagged; surfacing 25
2026-09-25 01:52:13,039 [INFO] fl_ids.fl.client: Client 4 round 3: 87 of 2861 boosting-passed rows flagged; surfacing 50
2026-09-25 01:52:13,817 [INFO] fl_ids.fl.client: Client 5 round 3: 1 of 147 boosting-passed rows flagged; surfacing 1
2026-09-25 01:52:14,351 [INFO] fl_ids.fl.client: Client 7 round 3: 80 of 2261 boosting-passed rows flagged; surfacing 50
2026-09-25 01:52:16,020 [INFO] fl_ids.fl.client: Client 8 round 3: 396 of 13165 boosting-passed rows flagged; surfacing 50
2026-09-25 01:52:19,074 [INFO] fl_ids.fl.client: Client 9 round 3: 9 of 231 boosting-passed rows flagged; surfacing 9
2026-09-25 01:52:46,647 [INFO] fl_ids.models.boosting: Continued boosting training: +50 trees on 95741 rows (now 350 trees)
2026-09-25 01:52:46,647 [INFO] fl_ids.models.boosting_update: Round 3: boosting v2 (continue) from 276 alerts ({'DDoS_HTTP': 1, 'Normal': 261, 'Port_Scanning': 9, 'SQL_injection': 1, 'Uploading': 1, 'Vulnerability_scanner': 3}); 59 from excluded clients ignored
2026-09-25 01:52:46,987 [WARNING] fl_ids.fl.client: Client 6: no benign validation samples to evaluate on
2026-09-25 01:52:47,066 [INFO] fl_ids.eval.simulation: Round 3: mean_val_loss=0.0359, comm_bytes=583920
2026-09-25 01:53:01,179 [WARNING] fl_ids.fl.client: Client 6: no benign validation samples to evaluate on
2026-09-25 01:53:01,190 [INFO] fl_ids.eval.simulation: Round 4: mean_val_loss=0.0933, comm_bytes=583920
2026-09-25 01:53:13,251 [WARNING] fl_ids.fl.client: Client 6: no benign validation samples to evaluate on
2026-09-25 01:53:13,261 [INFO] fl_ids.eval.simulation: Round 5: mean_val_loss=0.0175, comm_bytes=583920
2026-09-25 01:53:13,918 [INFO] fl_ids.fl.client: Client 0 round 6: 186 of 6010 boosting-passed rows flagged; surfacing 50
2026-09-25 01:53:15,995 [INFO] fl_ids.fl.client: Client 1 round 6: 160 of 4593 boosting-passed rows flagged; surfacing 50
2026-09-25 01:53:17,501 [INFO] fl_ids.fl.client: Client 2 round 6: 79 of 3107 boosting-passed rows flagged; surfacing 50
2026-09-25 01:53:18,464 [INFO] fl_ids.fl.client: Client 3 round 6: 19 of 187 boosting-passed rows flagged; surfacing 19
2026-09-25 01:53:18,947 [INFO] fl_ids.fl.client: Client 4 round 6: 90 of 2860 boosting-passed rows flagged; surfacing 50
2026-09-25 01:53:19,766 [INFO] fl_ids.fl.client: Client 5 round 6: 1 of 145 boosting-passed rows flagged; surfacing 1
2026-09-25 01:53:20,388 [INFO] fl_ids.fl.client: Client 7 round 6: 70 of 2256 boosting-passed rows flagged; surfacing 50
2026-09-25 01:53:22,274 [INFO] fl_ids.fl.client: Client 8 round 6: 370 of 13165 boosting-passed rows flagged; surfacing 50
2026-09-25 01:53:25,401 [INFO] fl_ids.fl.client: Client 9 round 6: 10 of 229 boosting-passed rows flagged; surfacing 10
2026-09-25 01:53:56,791 [INFO] fl_ids.models.boosting: Continued boosting training: +50 trees on 96010 rows (now 400 trees)
2026-09-25 01:53:56,792 [INFO] fl_ids.models.boosting_update: Round 6: boosting v3 (continue) from 269 alerts ({'Backdoor': 1, 'Normal': 255, 'Port_Scanning': 6, 'Ransomware': 2, 'Uploading': 3, 'Vulnerability_scanner': 2}); 61 from excluded clients ignored
2026-09-25 01:53:57,214 [WARNING] fl_ids.fl.client: Client 6: no benign validation samples to evaluate on
2026-09-25 01:53:57,230 [INFO] fl_ids.eval.simulation: Round 6: mean_val_loss=0.0180, comm_bytes=583920
2026-09-25 01:54:13,539 [WARNING] fl_ids.fl.client: Client 6: no benign validation samples to evaluate on
2026-09-25 01:54:13,551 [INFO] fl_ids.eval.simulation: Round 7: mean_val_loss=0.0134, comm_bytes=583920
2026-09-25 01:54:26,635 [WARNING] fl_ids.fl.client: Client 6: no benign validation samples to evaluate on
2026-09-25 01:54:26,647 [INFO] fl_ids.eval.simulation: Round 8: mean_val_loss=0.0187, comm_bytes=583920
2026-09-25 01:54:27,443 [INFO] fl_ids.fl.client: Client 0 round 9: 169 of 6008 boosting-passed rows flagged; surfacing 50
2026-09-25 01:54:29,642 [INFO] fl_ids.fl.client: Client 1 round 9: 167 of 4589 boosting-passed rows flagged; surfacing 50
2026-09-25 01:54:31,242 [INFO] fl_ids.fl.client: Client 2 round 9: 101 of 3108 boosting-passed rows flagged; surfacing 50
2026-09-25 01:54:32,263 [INFO] fl_ids.fl.client: Client 3 round 9: 22 of 185 boosting-passed rows flagged; surfacing 22
2026-09-25 01:54:32,803 [INFO] fl_ids.fl.client: Client 4 round 9: 161 of 2861 boosting-passed rows flagged; surfacing 50
2026-09-25 01:54:33,629 [INFO] fl_ids.fl.client: Client 5 round 9: 2 of 146 boosting-passed rows flagged; surfacing 2
2026-09-25 01:54:34,338 [INFO] fl_ids.fl.client: Client 7 round 9: 96 of 2247 boosting-passed rows flagged; surfacing 50
2026-09-25 01:54:36,502 [INFO] fl_ids.fl.client: Client 8 round 9: 466 of 13161 boosting-passed rows flagged; surfacing 50
2026-09-25 01:54:39,713 [INFO] fl_ids.fl.client: Client 9 round 9: 5 of 227 boosting-passed rows flagged; surfacing 5
2026-09-25 01:55:12,766 [INFO] fl_ids.models.boosting: Continued boosting training: +50 trees on 96284 rows (now 450 trees)
2026-09-25 01:55:12,767 [INFO] fl_ids.models.boosting_update: Round 9: boosting v4 (continue) from 274 alerts ({'Backdoor': 1, 'Fingerprinting': 1, 'Normal': 262, 'Ransomware': 1, 'Uploading': 3, 'Vulnerability_scanner': 5, 'XSS': 1}); 55 from excluded clients ignored
2026-09-25 01:55:13,137 [WARNING] fl_ids.fl.client: Client 6: no benign validation samples to evaluate on
2026-09-25 01:55:13,149 [INFO] fl_ids.eval.simulation: Round 9: mean_val_loss=0.0109, comm_bytes=583920
2026-09-25 01:55:31,865 [WARNING] fl_ids.fl.client: Client 6: no benign validation samples to evaluate on
2026-09-25 01:55:31,876 [INFO] fl_ids.eval.simulation: Round 10: mean_val_loss=0.0112, comm_bytes=583920
2026-09-25 01:55:47,301 [WARNING] fl_ids.fl.client: Client 6: no benign validation samples to evaluate on
2026-09-25 01:55:47,313 [INFO] fl_ids.eval.simulation: Round 11: mean_val_loss=0.0102, comm_bytes=583920
2026-09-25 01:55:48,228 [INFO] fl_ids.fl.client: Client 0 round 12: 210 of 6009 boosting-passed rows flagged; surfacing 50
2026-09-25 01:55:50,519 [INFO] fl_ids.fl.client: Client 1 round 12: 148 of 4587 boosting-passed rows flagged; surfacing 50
2026-09-25 01:55:52,229 [INFO] fl_ids.fl.client: Client 2 round 12: 55 of 3102 boosting-passed rows flagged; surfacing 50
2026-09-25 01:55:53,325 [INFO] fl_ids.fl.client: Client 3 round 12: 17 of 183 boosting-passed rows flagged; surfacing 17
2026-09-25 01:55:53,936 [INFO] fl_ids.fl.client: Client 4 round 12: 157 of 2859 boosting-passed rows flagged; surfacing 50
2026-09-25 01:55:54,824 [INFO] fl_ids.fl.client: Client 5 round 12: 2 of 146 boosting-passed rows flagged; surfacing 2
2026-09-25 01:55:55,621 [INFO] fl_ids.fl.client: Client 7 round 12: 237 of 2249 boosting-passed rows flagged; surfacing 50
2026-09-25 01:55:58,014 [INFO] fl_ids.fl.client: Client 8 round 12: 401 of 13158 boosting-passed rows flagged; surfacing 50
2026-09-25 01:56:01,339 [INFO] fl_ids.fl.client: Client 9 round 12: 2 of 225 boosting-passed rows flagged; surfacing 2
2026-09-25 01:56:43,416 [INFO] fl_ids.models.boosting: Continued boosting training: +50 trees on 96553 rows (now 500 trees)
2026-09-25 01:56:43,417 [INFO] fl_ids.models.boosting_update: Round 12: boosting v5 (continue) from 269 alerts ({'Backdoor': 2, 'DDoS_HTTP': 27, 'Fingerprinting': 1, 'Normal': 227, 'SQL_injection': 1, 'Uploading': 3, 'Vulnerability_scanner': 7, 'XSS': 1}); 52 from excluded clients ignored
2026-09-25 01:56:43,732 [WARNING] fl_ids.fl.client: Client 6: no benign validation samples to evaluate on
2026-09-25 01:56:43,744 [INFO] fl_ids.eval.simulation: Round 12: mean_val_loss=0.0111, comm_bytes=583920
2026-09-25 01:57:03,262 [WARNING] fl_ids.fl.client: Client 6: no benign validation samples to evaluate on
2026-09-25 01:57:03,273 [INFO] fl_ids.eval.simulation: Round 13: mean_val_loss=0.0191, comm_bytes=583920
2026-09-25 01:57:18,500 [WARNING] fl_ids.fl.client: Client 6: no benign validation samples to evaluate on
2026-09-25 01:57:18,511 [INFO] fl_ids.eval.simulation: Round 14: mean_val_loss=0.0111, comm_bytes=583920
2026-09-25 01:57:19,570 [INFO] fl_ids.fl.client: Client 0 round 15: 186 of 6008 boosting-passed rows flagged; surfacing 50
2026-09-25 01:57:22,005 [INFO] fl_ids.fl.client: Client 1 round 15: 142 of 4584 boosting-passed rows flagged; surfacing 50
2026-09-25 01:57:23,729 [INFO] fl_ids.fl.client: Client 2 round 15: 118 of 3099 boosting-passed rows flagged; surfacing 50
2026-09-25 01:57:24,875 [INFO] fl_ids.fl.client: Client 3 round 15: 5 of 181 boosting-passed rows flagged; surfacing 5
2026-09-25 01:57:25,545 [INFO] fl_ids.fl.client: Client 4 round 15: 131 of 2860 boosting-passed rows flagged; surfacing 50
2026-09-25 01:57:26,459 [INFO] fl_ids.fl.client: Client 5 round 15: 1 of 145 boosting-passed rows flagged; surfacing 1
2026-09-25 01:57:27,344 [INFO] fl_ids.fl.client: Client 7 round 15: 195 of 2245 boosting-passed rows flagged; surfacing 50
2026-09-25 01:57:30,120 [INFO] fl_ids.fl.client: Client 8 round 15: 354 of 13157 boosting-passed rows flagged; surfacing 50
2026-09-25 01:57:33,438 [INFO] fl_ids.fl.client: Client 9 round 15: 2 of 225 boosting-passed rows flagged; surfacing 2
2026-09-25 01:58:15,352 [INFO] fl_ids.models.boosting: Continued boosting training: +50 trees on 96803 rows (now 550 trees)
2026-09-25 01:58:15,353 [INFO] fl_ids.models.boosting_update: Round 15: boosting v6 (continue) from 250 alerts ({'Backdoor': 1, 'DDoS_HTTP': 29, 'Normal': 203, 'Port_Scanning': 1, 'Ransomware': 1, 'SQL_injection': 10, 'Uploading': 3, 'Vulnerability_scanner': 2}); 58 from excluded clients ignored
2026-09-25 01:58:15,894 [WARNING] fl_ids.fl.client: Client 6: no benign validation samples to evaluate on
2026-09-25 01:58:15,975 [INFO] fl_ids.eval.simulation: Round 15: mean_val_loss=0.0058, comm_bytes=583920
2026-09-25 01:58:35,849 [WARNING] fl_ids.fl.client: Client 6: no benign validation samples to evaluate on
2026-09-25 01:58:35,861 [INFO] fl_ids.eval.simulation: Round 16: mean_val_loss=0.0117, comm_bytes=583920
2026-09-25 01:58:51,994 [WARNING] fl_ids.fl.client: Client 6: no benign validation samples to evaluate on
2026-09-25 01:58:52,006 [INFO] fl_ids.eval.simulation: Round 17: mean_val_loss=0.0088, comm_bytes=583920
2026-09-25 01:58:53,036 [INFO] fl_ids.fl.client: Client 0 round 18: 132 of 6009 boosting-passed rows flagged; surfacing 50
2026-09-25 01:58:56,006 [INFO] fl_ids.fl.client: Client 1 round 18: 136 of 4584 boosting-passed rows flagged; surfacing 50
2026-09-25 01:58:57,935 [INFO] fl_ids.fl.client: Client 2 round 18: 73 of 3097 boosting-passed rows flagged; surfacing 50
2026-09-25 01:58:59,192 [INFO] fl_ids.fl.client: Client 3 round 18: 16 of 180 boosting-passed rows flagged; surfacing 16
2026-09-25 01:58:59,821 [INFO] fl_ids.fl.client: Client 4 round 18: 126 of 2856 boosting-passed rows flagged; surfacing 50
2026-09-25 01:59:00,823 [INFO] fl_ids.fl.client: Client 5 round 18: 1 of 144 boosting-passed rows flagged; surfacing 1
2026-09-25 01:59:01,604 [INFO] fl_ids.fl.client: Client 7 round 18: 244 of 2247 boosting-passed rows flagged; surfacing 50
2026-09-25 01:59:04,285 [INFO] fl_ids.fl.client: Client 8 round 18: 366 of 13155 boosting-passed rows flagged; surfacing 50
2026-09-25 01:59:07,977 [INFO] fl_ids.fl.client: Client 9 round 18: 3 of 225 boosting-passed rows flagged; surfacing 3
2026-09-25 01:59:52,573 [INFO] fl_ids.models.boosting: Continued boosting training: +50 trees on 97070 rows (now 600 trees)
2026-09-25 01:59:52,574 [INFO] fl_ids.models.boosting_update: Round 18: boosting v7 (continue) from 267 alerts ({'Backdoor': 1, 'DDoS_HTTP': 28, 'Normal': 228, 'SQL_injection': 1, 'Uploading': 4, 'Vulnerability_scanner': 5}); 53 from excluded clients ignored
2026-09-25 01:59:52,931 [WARNING] fl_ids.fl.client: Client 6: no benign validation samples to evaluate on
2026-09-25 01:59:52,951 [INFO] fl_ids.eval.simulation: Round 18: mean_val_loss=0.0108, comm_bytes=583920
2026-09-25 02:00:10,304 [WARNING] fl_ids.fl.client: Client 6: no benign validation samples to evaluate on
2026-09-25 02:00:10,319 [INFO] fl_ids.eval.simulation: Round 19: mean_val_loss=0.0077, comm_bytes=583920
2026-09-25 02:00:26,537 [WARNING] fl_ids.fl.client: Client 6: no benign validation samples to evaluate on
2026-09-25 02:00:26,549 [INFO] fl_ids.eval.simulation: Round 20: mean_val_loss=0.0108, comm_bytes=583920
2026-09-25 02:00:26,579 [WARNING] fl_ids.eval.common: Clients [6] have no benign validation rows (infinite threshold); 220 test rows can't be flagged by the autoencoder
2026-09-25 02:00:26,630 [INFO] fl_ids.eval.zero_day: zero-day holdout=MITM run=malicious_fraction=0.30: detection_rate=0.887
2026-09-25 02:00:38,135 [WARNING] fl_ids.fl.client: Client 6: no benign validation samples to evaluate on
2026-09-25 02:00:38,147 [INFO] fl_ids.eval.simulation: Round 1: mean_val_loss=0.2932, comm_bytes=583920
2026-09-25 02:00:49,918 [WARNING] fl_ids.fl.client: Client 6: no benign validation samples to evaluate on
2026-09-25 02:00:49,930 [INFO] fl_ids.eval.simulation: Round 2: mean_val_loss=0.3149, comm_bytes=583920
2026-09-25 02:00:50,418 [INFO] fl_ids.fl.client: Client 0 round 3: 172 of 6012 boosting-passed rows flagged; surfacing 50
2026-09-25 02:00:52,650 [INFO] fl_ids.fl.client: Client 1 round 3: 173 of 4590 boosting-passed rows flagged; surfacing 50
2026-09-25 02:00:54,188 [INFO] fl_ids.fl.client: Client 2 round 3: 43 of 3110 boosting-passed rows flagged; surfacing 43
2026-09-25 02:00:55,141 [INFO] fl_ids.fl.client: Client 3 round 3: 16 of 190 boosting-passed rows flagged; surfacing 16
2026-09-25 02:00:55,521 [INFO] fl_ids.fl.client: Client 4 round 3: 76 of 2861 boosting-passed rows flagged; surfacing 50
2026-09-25 02:00:56,378 [INFO] fl_ids.fl.client: Client 5 round 3: 1 of 147 boosting-passed rows flagged; surfacing 1
2026-09-25 02:00:56,918 [INFO] fl_ids.fl.client: Client 7 round 3: 65 of 2261 boosting-passed rows flagged; surfacing 50
2026-09-25 02:00:58,498 [INFO] fl_ids.fl.client: Client 8 round 3: 429 of 13165 boosting-passed rows flagged; surfacing 50
2026-09-25 02:01:02,050 [INFO] fl_ids.fl.client: Client 9 round 3: 4 of 231 boosting-passed rows flagged; surfacing 4
2026-09-25 02:01:25,320 [INFO] fl_ids.models.boosting: Continued boosting training: +50 trees on 95678 rows (now 350 trees)
2026-09-25 02:01:25,320 [INFO] fl_ids.models.boosting_update: Round 3: boosting v2 (continue) from 213 alerts ({'Normal': 212, 'Vulnerability_scanner': 1}); 101 from excluded clients ignored
2026-09-25 02:01:25,495 [WARNING] fl_ids.fl.client: Client 6: no benign validation samples to evaluate on
2026-09-25 02:01:25,504 [INFO] fl_ids.eval.simulation: Round 3: mean_val_loss=0.0468, comm_bytes=583920
2026-09-25 02:01:37,453 [WARNING] fl_ids.fl.client: Client 6: no benign validation samples to evaluate on
2026-09-25 02:01:37,463 [INFO] fl_ids.eval.simulation: Round 4: mean_val_loss=0.0939, comm_bytes=583920
2026-09-25 02:01:49,415 [WARNING] fl_ids.fl.client: Client 6: no benign validation samples to evaluate on
2026-09-25 02:01:49,426 [INFO] fl_ids.eval.simulation: Round 5: mean_val_loss=0.2439, comm_bytes=583920
2026-09-25 02:01:50,049 [INFO] fl_ids.fl.client: Client 0 round 6: 172 of 6008 boosting-passed rows flagged; surfacing 50
2026-09-25 02:01:51,960 [INFO] fl_ids.fl.client: Client 1 round 6: 187 of 4588 boosting-passed rows flagged; surfacing 50
2026-09-25 02:01:53,369 [INFO] fl_ids.fl.client: Client 2 round 6: 94 of 3114 boosting-passed rows flagged; surfacing 50
2026-09-25 02:01:54,366 [INFO] fl_ids.fl.client: Client 3 round 6: 12 of 188 boosting-passed rows flagged; surfacing 12
2026-09-25 02:01:54,746 [INFO] fl_ids.fl.client: Client 4 round 6: 81 of 2858 boosting-passed rows flagged; surfacing 50
2026-09-25 02:01:55,616 [INFO] fl_ids.fl.client: Client 5 round 6: 1 of 148 boosting-passed rows flagged; surfacing 1
2026-09-25 02:01:56,213 [INFO] fl_ids.fl.client: Client 7 round 6: 83 of 2257 boosting-passed rows flagged; surfacing 50
2026-09-25 02:01:58,016 [INFO] fl_ids.fl.client: Client 8 round 6: 357 of 13163 boosting-passed rows flagged; surfacing 50
2026-09-25 02:02:01,615 [INFO] fl_ids.fl.client: Client 9 round 6: 5 of 229 boosting-passed rows flagged; surfacing 5
2026-09-25 02:02:29,572 [INFO] fl_ids.models.boosting: Continued boosting training: +50 trees on 95895 rows (now 400 trees)
2026-09-25 02:02:29,572 [INFO] fl_ids.models.boosting_update: Round 6: boosting v3 (continue) from 217 alerts ({'Normal': 213, 'Uploading': 1, 'Vulnerability_scanner': 2, 'XSS': 1}); 101 from excluded clients ignored
2026-09-25 02:02:29,773 [WARNING] fl_ids.fl.client: Client 6: no benign validation samples to evaluate on
2026-09-25 02:02:29,782 [INFO] fl_ids.eval.simulation: Round 6: mean_val_loss=0.0162, comm_bytes=583920
2026-09-25 02:02:42,772 [WARNING] fl_ids.fl.client: Client 6: no benign validation samples to evaluate on
2026-09-25 02:02:42,783 [INFO] fl_ids.eval.simulation: Round 7: mean_val_loss=0.0662, comm_bytes=583920
2026-09-25 02:02:55,730 [WARNING] fl_ids.fl.client: Client 6: no benign validation samples to evaluate on
2026-09-25 02:02:55,741 [INFO] fl_ids.eval.simulation: Round 8: mean_val_loss=0.0108, comm_bytes=583920
2026-09-25 02:02:56,544 [INFO] fl_ids.fl.client: Client 0 round 9: 161 of 6008 boosting-passed rows flagged; surfacing 50
2026-09-25 02:02:58,663 [INFO] fl_ids.fl.client: Client 1 round 9: 163 of 4588 boosting-passed rows flagged; surfacing 50
2026-09-25 02:03:00,286 [INFO] fl_ids.fl.client: Client 2 round 9: 88 of 3112 boosting-passed rows flagged; surfacing 50
2026-09-25 02:03:01,304 [INFO] fl_ids.fl.client: Client 3 round 9: 29 of 186 boosting-passed rows flagged; surfacing 29
2026-09-25 02:03:01,873 [INFO] fl_ids.fl.client: Client 4 round 9: 143 of 2859 boosting-passed rows flagged; surfacing 50
2026-09-25 02:03:02,698 [INFO] fl_ids.fl.client: Client 5 round 9: 2 of 150 boosting-passed rows flagged; surfacing 2
2026-09-25 02:03:03,382 [INFO] fl_ids.fl.client: Client 7 round 9: 114 of 2257 boosting-passed rows flagged; surfacing 50
2026-09-25 02:03:05,531 [INFO] fl_ids.fl.client: Client 8 round 9: 379 of 13160 boosting-passed rows flagged; surfacing 50
2026-09-25 02:03:08,809 [INFO] fl_ids.fl.client: Client 9 round 9: 3 of 229 boosting-passed rows flagged; surfacing 3
2026-09-25 02:03:39,852 [INFO] fl_ids.models.boosting: Continued boosting training: +50 trees on 96100 rows (now 450 trees)
2026-09-25 02:03:39,852 [INFO] fl_ids.models.boosting_update: Round 9: boosting v4 (continue) from 205 alerts ({'Backdoor': 2, 'DDoS_HTTP': 9, 'Fingerprinting': 1, 'Normal': 183, 'Port_Scanning': 6, 'Uploading': 2, 'Vulnerability_scanner': 1, 'XSS': 1}); 129 from excluded clients ignored
2026-09-25 02:03:40,127 [WARNING] fl_ids.fl.client: Client 6: no benign validation samples to evaluate on
2026-09-25 02:03:40,142 [INFO] fl_ids.eval.simulation: Round 9: mean_val_loss=0.0948, comm_bytes=583920
2026-09-25 02:03:53,843 [WARNING] fl_ids.fl.client: Client 6: no benign validation samples to evaluate on
2026-09-25 02:03:53,854 [INFO] fl_ids.eval.simulation: Round 10: mean_val_loss=0.0093, comm_bytes=583920
2026-09-25 02:04:07,740 [WARNING] fl_ids.fl.client: Client 6: no benign validation samples to evaluate on
2026-09-25 02:04:07,751 [INFO] fl_ids.eval.simulation: Round 11: mean_val_loss=0.0600, comm_bytes=583920
2026-09-25 02:04:08,707 [INFO] fl_ids.fl.client: Client 0 round 12: 189 of 6006 boosting-passed rows flagged; surfacing 50
2026-09-25 02:04:10,960 [INFO] fl_ids.fl.client: Client 1 round 12: 171 of 4588 boosting-passed rows flagged; surfacing 50
2026-09-25 02:04:12,603 [INFO] fl_ids.fl.client: Client 2 round 12: 61 of 3108 boosting-passed rows flagged; surfacing 50
2026-09-25 02:04:13,688 [INFO] fl_ids.fl.client: Client 3 round 12: 9 of 183 boosting-passed rows flagged; surfacing 9
2026-09-25 02:04:14,325 [INFO] fl_ids.fl.client: Client 4 round 12: 76 of 2857 boosting-passed rows flagged; surfacing 50
2026-09-25 02:04:15,200 [INFO] fl_ids.fl.client: Client 5 round 12: 2 of 147 boosting-passed rows flagged; surfacing 2
2026-09-25 02:04:15,984 [INFO] fl_ids.fl.client: Client 7 round 12: 71 of 2252 boosting-passed rows flagged; surfacing 50
2026-09-25 02:04:18,379 [INFO] fl_ids.fl.client: Client 8 round 12: 416 of 13158 boosting-passed rows flagged; surfacing 50
2026-09-25 02:04:21,596 [INFO] fl_ids.fl.client: Client 9 round 12: 4 of 228 boosting-passed rows flagged; surfacing 4
2026-09-25 02:04:59,076 [INFO] fl_ids.models.boosting: Continued boosting training: +50 trees on 96313 rows (now 500 trees)
2026-09-25 02:04:59,076 [INFO] fl_ids.models.boosting_update: Round 12: boosting v5 (continue) from 213 alerts ({'Normal': 212, 'XSS': 1}); 102 from excluded clients ignored
2026-09-25 02:04:59,327 [WARNING] fl_ids.fl.client: Client 6: no benign validation samples to evaluate on
2026-09-25 02:04:59,336 [INFO] fl_ids.eval.simulation: Round 12: mean_val_loss=0.0093, comm_bytes=583920
2026-09-25 02:05:14,762 [WARNING] fl_ids.fl.client: Client 6: no benign validation samples to evaluate on
2026-09-25 02:05:14,773 [INFO] fl_ids.eval.simulation: Round 13: mean_val_loss=0.0570, comm_bytes=583920
2026-09-25 02:05:29,762 [WARNING] fl_ids.fl.client: Client 6: no benign validation samples to evaluate on
2026-09-25 02:05:29,774 [INFO] fl_ids.eval.simulation: Round 14: mean_val_loss=0.0095, comm_bytes=583920
2026-09-25 02:05:30,830 [INFO] fl_ids.fl.client: Client 0 round 15: 169 of 6007 boosting-passed rows flagged; surfacing 50
2026-09-25 02:05:33,337 [INFO] fl_ids.fl.client: Client 1 round 15: 170 of 4586 boosting-passed rows flagged; surfacing 50
2026-09-25 02:05:35,104 [INFO] fl_ids.fl.client: Client 2 round 15: 62 of 3106 boosting-passed rows flagged; surfacing 50
2026-09-25 02:05:36,257 [INFO] fl_ids.fl.client: Client 3 round 15: 17 of 181 boosting-passed rows flagged; surfacing 17
2026-09-25 02:05:36,967 [INFO] fl_ids.fl.client: Client 4 round 15: 104 of 2857 boosting-passed rows flagged; surfacing 50
2026-09-25 02:05:37,898 [INFO] fl_ids.fl.client: Client 5 round 15: 2 of 146 boosting-passed rows flagged; surfacing 2
2026-09-25 02:05:38,820 [INFO] fl_ids.fl.client: Client 7 round 15: 210 of 2251 boosting-passed rows flagged; surfacing 50
2026-09-25 02:05:41,643 [INFO] fl_ids.fl.client: Client 8 round 15: 400 of 13156 boosting-passed rows flagged; surfacing 50
2026-09-25 02:05:44,981 [INFO] fl_ids.fl.client: Client 9 round 15: 7 of 228 boosting-passed rows flagged; surfacing 7
2026-09-25 02:06:22,906 [INFO] fl_ids.models.boosting: Continued boosting training: +50 trees on 96522 rows (now 550 trees)
2026-09-25 02:06:22,907 [INFO] fl_ids.models.boosting_update: Round 15: boosting v6 (continue) from 209 alerts ({'Backdoor': 1, 'DDoS_HTTP': 28, 'Fingerprinting': 1, 'Normal': 173, 'Port_Scanning': 3, 'Uploading': 1, 'Vulnerability_scanner': 1, 'XSS': 1}); 117 from excluded clients ignored
2026-09-25 02:06:23,192 [WARNING] fl_ids.fl.client: Client 6: no benign validation samples to evaluate on
2026-09-25 02:06:23,203 [INFO] fl_ids.eval.simulation: Round 15: mean_val_loss=0.0494, comm_bytes=583920
2026-09-25 02:06:39,880 [WARNING] fl_ids.fl.client: Client 6: no benign validation samples to evaluate on
2026-09-25 02:06:39,896 [INFO] fl_ids.eval.simulation: Round 16: mean_val_loss=0.0098, comm_bytes=583920
2026-09-25 02:06:58,249 [WARNING] fl_ids.fl.client: Client 6: no benign validation samples to evaluate on
2026-09-25 02:06:58,261 [INFO] fl_ids.eval.simulation: Round 17: mean_val_loss=0.0419, comm_bytes=583920
2026-09-25 02:06:59,225 [INFO] fl_ids.fl.client: Client 0 round 18: 191 of 6005 boosting-passed rows flagged; surfacing 50
2026-09-25 02:07:01,866 [INFO] fl_ids.fl.client: Client 1 round 18: 185 of 4587 boosting-passed rows flagged; surfacing 50
2026-09-25 02:07:04,463 [INFO] fl_ids.fl.client: Client 2 round 18: 80 of 3106 boosting-passed rows flagged; surfacing 50
2026-09-25 02:07:05,781 [INFO] fl_ids.fl.client: Client 3 round 18: 18 of 182 boosting-passed rows flagged; surfacing 18
2026-09-25 02:07:07,066 [INFO] fl_ids.fl.client: Client 4 round 18: 74 of 2856 boosting-passed rows flagged; surfacing 50
2026-09-25 02:07:08,138 [INFO] fl_ids.fl.client: Client 5 round 18: 1 of 146 boosting-passed rows flagged; surfacing 1
2026-09-25 02:07:08,942 [INFO] fl_ids.fl.client: Client 7 round 18: 74 of 2249 boosting-passed rows flagged; surfacing 50
2026-09-25 02:07:11,560 [INFO] fl_ids.fl.client: Client 8 round 18: 410 of 13155 boosting-passed rows flagged; surfacing 50
2026-09-25 02:07:16,206 [INFO] fl_ids.fl.client: Client 9 round 18: 22 of 228 boosting-passed rows flagged; surfacing 22
2026-09-25 02:08:04,332 [INFO] fl_ids.models.boosting: Continued boosting training: +50 trees on 96762 rows (now 600 trees)
2026-09-25 02:08:04,333 [INFO] fl_ids.models.boosting_update: Round 18: boosting v7 (continue) from 240 alerts ({'Backdoor': 1, 'Normal': 224, 'Uploading': 1, 'Vulnerability_scanner': 5, 'XSS': 9}); 101 from excluded clients ignored
2026-09-25 02:08:04,780 [WARNING] fl_ids.fl.client: Client 6: no benign validation samples to evaluate on
2026-09-25 02:08:04,809 [INFO] fl_ids.eval.simulation: Round 18: mean_val_loss=0.0102, comm_bytes=583920
2026-09-25 02:08:22,989 [WARNING] fl_ids.fl.client: Client 6: no benign validation samples to evaluate on
2026-09-25 02:08:23,000 [INFO] fl_ids.eval.simulation: Round 19: mean_val_loss=0.0993, comm_bytes=583920
2026-09-25 02:08:39,758 [WARNING] fl_ids.fl.client: Client 6: no benign validation samples to evaluate on
2026-09-25 02:08:39,769 [INFO] fl_ids.eval.simulation: Round 20: mean_val_loss=0.0098, comm_bytes=583920
2026-09-25 02:08:39,800 [WARNING] fl_ids.eval.common: Clients [6] have no benign validation rows (infinite threshold); 220 test rows can't be flagged by the autoencoder
2026-09-25 02:08:39,846 [INFO] fl_ids.eval.zero_day: zero-day holdout=MITM run=malicious_fraction=0.40: detection_rate=0.892
2026-09-25 02:08:55,121 [WARNING] fl_ids.fl.client: Client 6: no benign validation samples to evaluate on
2026-09-25 02:08:55,133 [INFO] fl_ids.eval.simulation: Round 1: mean_val_loss=0.3740, comm_bytes=583920
2026-09-25 02:09:10,327 [WARNING] fl_ids.fl.client: Client 6: no benign validation samples to evaluate on
2026-09-25 02:09:10,340 [INFO] fl_ids.eval.simulation: Round 2: mean_val_loss=0.9622, comm_bytes=583920
2026-09-25 02:09:10,922 [INFO] fl_ids.fl.client: Client 0 round 3: 207 of 6012 boosting-passed rows flagged; surfacing 50
2026-09-25 02:09:14,030 [INFO] fl_ids.fl.client: Client 1 round 3: 145 of 4590 boosting-passed rows flagged; surfacing 50
2026-09-25 02:09:16,509 [INFO] fl_ids.fl.client: Client 2 round 3: 99 of 3110 boosting-passed rows flagged; surfacing 50
2026-09-25 02:09:17,516 [INFO] fl_ids.fl.client: Client 3 round 3: 16 of 190 boosting-passed rows flagged; surfacing 16
2026-09-25 02:09:17,845 [INFO] fl_ids.fl.client: Client 4 round 3: 99 of 2861 boosting-passed rows flagged; surfacing 50
2026-09-25 02:09:18,788 [INFO] fl_ids.fl.client: Client 5 round 3: 1 of 147 boosting-passed rows flagged; surfacing 1
2026-09-25 02:09:19,267 [INFO] fl_ids.fl.client: Client 7 round 3: 49 of 2261 boosting-passed rows flagged; surfacing 49
2026-09-25 02:09:21,145 [INFO] fl_ids.fl.client: Client 8 round 3: 436 of 13165 boosting-passed rows flagged; surfacing 50
2026-09-25 02:09:25,391 [INFO] fl_ids.fl.client: Client 9 round 3: 6 of 231 boosting-passed rows flagged; surfacing 6
2026-09-25 02:09:45,960 [INFO] fl_ids.models.boosting: Continued boosting training: +50 trees on 95631 rows (now 350 trees)
2026-09-25 02:09:45,960 [INFO] fl_ids.models.boosting_update: Round 3: boosting v2 (continue) from 166 alerts ({'Normal': 165, 'Vulnerability_scanner': 1}); 156 from excluded clients ignored
2026-09-25 02:09:46,139 [WARNING] fl_ids.fl.client: Client 6: no benign validation samples to evaluate on
2026-09-25 02:09:46,148 [INFO] fl_ids.eval.simulation: Round 3: mean_val_loss=34.6109, comm_bytes=583920
2026-09-25 02:10:01,485 [WARNING] fl_ids.fl.client: Client 6: no benign validation samples to evaluate on
2026-09-25 02:10:01,497 [INFO] fl_ids.eval.simulation: Round 4: mean_val_loss=2239.9772, comm_bytes=583920
2026-09-25 02:10:17,030 [WARNING] fl_ids.fl.client: Client 6: no benign validation samples to evaluate on
2026-09-25 02:10:17,045 [INFO] fl_ids.eval.simulation: Round 5: mean_val_loss=217209.0485, comm_bytes=583920
2026-09-25 02:10:17,577 [INFO] fl_ids.fl.client: Client 0 round 6: 178 of 6009 boosting-passed rows flagged; surfacing 50
2026-09-25 02:10:19,687 [INFO] fl_ids.fl.client: Client 1 round 6: 153 of 4590 boosting-passed rows flagged; surfacing 50
2026-09-25 02:10:21,553 [INFO] fl_ids.fl.client: Client 2 round 6: 124 of 3105 boosting-passed rows flagged; surfacing 50
2026-09-25 02:10:23,098 [INFO] fl_ids.fl.client: Client 3 round 6: 16 of 190 boosting-passed rows flagged; surfacing 16
2026-09-25 02:10:23,484 [INFO] fl_ids.fl.client: Client 4 round 6: 87 of 2859 boosting-passed rows flagged; surfacing 50
2026-09-25 02:10:24,380 [INFO] fl_ids.fl.client: Client 5 round 6: 2 of 146 boosting-passed rows flagged; surfacing 2
2026-09-25 02:10:25,092 [INFO] fl_ids.fl.client: Client 7 round 6: 71 of 2256 boosting-passed rows flagged; surfacing 50
2026-09-25 02:10:27,438 [INFO] fl_ids.fl.client: Client 8 round 6: 515 of 13162 boosting-passed rows flagged; surfacing 50
2026-09-25 02:10:31,225 [INFO] fl_ids.fl.client: Client 9 round 6: 6 of 230 boosting-passed rows flagged; surfacing 6
2026-09-25 02:10:56,859 [INFO] fl_ids.models.boosting: Continued boosting training: +50 trees on 95799 rows (now 400 trees)
2026-09-25 02:10:56,860 [INFO] fl_ids.models.boosting_update: Round 6: boosting v3 (continue) from 168 alerts ({'Fingerprinting': 1, 'Normal': 166, 'Vulnerability_scanner': 1}); 156 from excluded clients ignored
2026-09-25 02:10:57,063 [WARNING] fl_ids.fl.client: Client 6: no benign validation samples to evaluate on
2026-09-25 02:10:57,073 [INFO] fl_ids.eval.simulation: Round 6: mean_val_loss=14606816.4763, comm_bytes=583920
2026-09-25 02:11:13,005 [WARNING] fl_ids.fl.client: Client 6: no benign validation samples to evaluate on
2026-09-25 02:11:13,078 [INFO] fl_ids.eval.simulation: Round 7: mean_val_loss=592993371.1387, comm_bytes=583920
2026-09-25 02:11:31,138 [WARNING] fl_ids.fl.client: Client 6: no benign validation samples to evaluate on
2026-09-25 02:11:31,150 [INFO] fl_ids.eval.simulation: Round 8: mean_val_loss=15867889505.9996, comm_bytes=583920
2026-09-25 02:11:32,571 [INFO] fl_ids.fl.client: Client 0 round 9: 196 of 6009 boosting-passed rows flagged; surfacing 50
2026-09-25 02:11:35,259 [INFO] fl_ids.fl.client: Client 1 round 9: 134 of 4587 boosting-passed rows flagged; surfacing 50
2026-09-25 02:11:37,360 [INFO] fl_ids.fl.client: Client 2 round 9: 119 of 3104 boosting-passed rows flagged; surfacing 50
2026-09-25 02:11:39,272 [INFO] fl_ids.fl.client: Client 3 round 9: 15 of 182 boosting-passed rows flagged; surfacing 15
2026-09-25 02:11:39,735 [INFO] fl_ids.fl.client: Client 4 round 9: 86 of 2859 boosting-passed rows flagged; surfacing 50
2026-09-25 02:11:40,689 [INFO] fl_ids.fl.client: Client 5 round 9: 1 of 146 boosting-passed rows flagged; surfacing 1
2026-09-25 02:11:41,613 [INFO] fl_ids.fl.client: Client 7 round 9: 44 of 2254 boosting-passed rows flagged; surfacing 44
2026-09-25 02:11:44,315 [INFO] fl_ids.fl.client: Client 8 round 9: 511 of 13163 boosting-passed rows flagged; surfacing 50
2026-09-25 02:11:48,780 [INFO] fl_ids.fl.client: Client 9 round 9: 6 of 230 boosting-passed rows flagged; surfacing 6
2026-09-25 02:12:16,707 [INFO] fl_ids.models.boosting: Continued boosting training: +50 trees on 95959 rows (now 450 trees)
2026-09-25 02:12:16,707 [INFO] fl_ids.models.boosting_update: Round 9: boosting v4 (continue) from 160 alerts ({'Normal': 160}); 156 from excluded clients ignored
2026-09-25 02:12:16,943 [WARNING] fl_ids.fl.client: Client 6: no benign validation samples to evaluate on
2026-09-25 02:12:16,953 [INFO] fl_ids.eval.simulation: Round 9: mean_val_loss=279876622304.8503, comm_bytes=583920
2026-09-25 02:12:33,343 [WARNING] fl_ids.fl.client: Client 6: no benign validation samples to evaluate on
2026-09-25 02:12:33,355 [INFO] fl_ids.eval.simulation: Round 10: mean_val_loss=3654304691816.0513, comm_bytes=583920
2026-09-25 02:12:51,735 [WARNING] fl_ids.fl.client: Client 6: no benign validation samples to evaluate on
2026-09-25 02:12:51,746 [INFO] fl_ids.eval.simulation: Round 11: mean_val_loss=35108334708758.1406, comm_bytes=583920
2026-09-25 02:12:52,548 [INFO] fl_ids.fl.client: Client 0 round 12: 212 of 6007 boosting-passed rows flagged; surfacing 50
2026-09-25 02:12:55,177 [INFO] fl_ids.fl.client: Client 1 round 12: 143 of 4585 boosting-passed rows flagged; surfacing 50
2026-09-25 02:12:58,188 [INFO] fl_ids.fl.client: Client 2 round 12: 98 of 3103 boosting-passed rows flagged; surfacing 50
2026-09-25 02:12:59,543 [INFO] fl_ids.fl.client: Client 3 round 12: 15 of 182 boosting-passed rows flagged; surfacing 15
2026-09-25 02:13:00,101 [INFO] fl_ids.fl.client: Client 4 round 12: 86 of 2856 boosting-passed rows flagged; surfacing 50
2026-09-25 02:13:01,068 [INFO] fl_ids.fl.client: Client 5 round 12: 1 of 143 boosting-passed rows flagged; surfacing 1
2026-09-25 02:13:01,793 [INFO] fl_ids.fl.client: Client 7 round 12: 50 of 2258 boosting-passed rows flagged; surfacing 50
2026-09-25 02:13:04,545 [INFO] fl_ids.fl.client: Client 8 round 12: 492 of 13160 boosting-passed rows flagged; surfacing 50
2026-09-25 02:13:10,237 [INFO] fl_ids.fl.client: Client 9 round 12: 6 of 230 boosting-passed rows flagged; surfacing 6
2026-09-25 02:13:47,015 [INFO] fl_ids.models.boosting: Continued boosting training: +50 trees on 96125 rows (now 500 trees)
2026-09-25 02:13:47,015 [INFO] fl_ids.models.boosting_update: Round 12: boosting v5 (continue) from 166 alerts ({'Normal': 166}); 156 from excluded clients ignored
2026-09-25 02:13:47,269 [WARNING] fl_ids.fl.client: Client 6: no benign validation samples to evaluate on
2026-09-25 02:13:47,278 [INFO] fl_ids.eval.simulation: Round 12: mean_val_loss=266986436440217.8750, comm_bytes=583920
2026-09-25 02:14:05,345 [WARNING] fl_ids.fl.client: Client 6: no benign validation samples to evaluate on
2026-09-25 02:14:05,357 [INFO] fl_ids.eval.simulation: Round 13: mean_val_loss=1648332097551261.0000, comm_bytes=583920
2026-09-25 02:14:24,707 [WARNING] fl_ids.fl.client: Client 6: no benign validation samples to evaluate on
2026-09-25 02:14:24,729 [INFO] fl_ids.eval.simulation: Round 14: mean_val_loss=8621418181847509.0000, comm_bytes=583920
2026-09-25 02:14:25,629 [INFO] fl_ids.fl.client: Client 0 round 15: 236 of 6007 boosting-passed rows flagged; surfacing 50
2026-09-25 02:14:28,776 [INFO] fl_ids.fl.client: Client 1 round 15: 143 of 4586 boosting-passed rows flagged; surfacing 50
2026-09-25 02:14:31,890 [INFO] fl_ids.fl.client: Client 2 round 15: 91 of 3102 boosting-passed rows flagged; surfacing 50
2026-09-25 02:14:33,184 [INFO] fl_ids.fl.client: Client 3 round 15: 15 of 182 boosting-passed rows flagged; surfacing 15
2026-09-25 02:14:33,939 [INFO] fl_ids.fl.client: Client 4 round 15: 99 of 2856 boosting-passed rows flagged; surfacing 50
2026-09-25 02:14:34,935 [INFO] fl_ids.fl.client: Client 5 round 15: 1 of 145 boosting-passed rows flagged; surfacing 1
2026-09-25 02:14:35,712 [INFO] fl_ids.fl.client: Client 7 round 15: 50 of 2256 boosting-passed rows flagged; surfacing 50
2026-09-25 02:14:39,310 [INFO] fl_ids.fl.client: Client 8 round 15: 468 of 13159 boosting-passed rows flagged; surfacing 50
2026-09-25 02:14:43,883 [INFO] fl_ids.fl.client: Client 9 round 15: 6 of 229 boosting-passed rows flagged; surfacing 6
2026-09-25 02:15:24,156 [INFO] fl_ids.models.boosting: Continued boosting training: +50 trees on 96291 rows (now 550 trees)
2026-09-25 02:15:24,156 [INFO] fl_ids.models.boosting_update: Round 15: boosting v6 (continue) from 166 alerts ({'Normal': 166}); 156 from excluded clients ignored
2026-09-25 02:15:24,424 [WARNING] fl_ids.fl.client: Client 6: no benign validation samples to evaluate on
2026-09-25 02:15:24,434 [INFO] fl_ids.eval.simulation: Round 15: mean_val_loss=38416096722510264.0000, comm_bytes=583920
2026-09-25 02:15:40,884 [WARNING] fl_ids.fl.client: Client 6: no benign validation samples to evaluate on
2026-09-25 02:15:40,896 [INFO] fl_ids.eval.simulation: Round 16: mean_val_loss=152411772844043712.0000, comm_bytes=583920
2026-09-25 02:15:59,659 [WARNING] fl_ids.fl.client: Client 6: no benign validation samples to evaluate on
2026-09-25 02:15:59,671 [INFO] fl_ids.eval.simulation: Round 17: mean_val_loss=535670871232758336.0000, comm_bytes=583920
2026-09-25 02:16:00,647 [INFO] fl_ids.fl.client: Client 0 round 18: 243 of 6007 boosting-passed rows flagged; surfacing 50
2026-09-25 02:16:03,419 [INFO] fl_ids.fl.client: Client 1 round 18: 140 of 4585 boosting-passed rows flagged; surfacing 50
2026-09-25 02:16:05,968 [INFO] fl_ids.fl.client: Client 2 round 18: 90 of 3099 boosting-passed rows flagged; surfacing 50
2026-09-25 02:16:07,188 [INFO] fl_ids.fl.client: Client 3 round 18: 15 of 182 boosting-passed rows flagged; surfacing 15
2026-09-25 02:16:07,913 [INFO] fl_ids.fl.client: Client 4 round 18: 97 of 2856 boosting-passed rows flagged; surfacing 50
2026-09-25 02:16:09,464 [INFO] fl_ids.fl.client: Client 5 round 18: 1 of 144 boosting-passed rows flagged; surfacing 1
2026-09-25 02:16:10,228 [INFO] fl_ids.fl.client: Client 7 round 18: 52 of 2254 boosting-passed rows flagged; surfacing 50
2026-09-25 02:16:12,836 [INFO] fl_ids.fl.client: Client 8 round 18: 469 of 13157 boosting-passed rows flagged; surfacing 50
2026-09-25 02:16:17,513 [INFO] fl_ids.fl.client: Client 9 round 18: 6 of 230 boosting-passed rows flagged; surfacing 6
2026-09-25 02:17:04,726 [INFO] fl_ids.models.boosting: Continued boosting training: +50 trees on 96457 rows (now 600 trees)
2026-09-25 02:17:04,726 [INFO] fl_ids.models.boosting_update: Round 18: boosting v7 (continue) from 166 alerts ({'Normal': 166}); 156 from excluded clients ignored
2026-09-25 02:17:05,133 [WARNING] fl_ids.fl.client: Client 6: no benign validation samples to evaluate on
2026-09-25 02:17:05,152 [INFO] fl_ids.eval.simulation: Round 18: mean_val_loss=1720984100407766784.0000, comm_bytes=583920
2026-09-25 02:17:24,864 [WARNING] fl_ids.fl.client: Client 6: no benign validation samples to evaluate on
2026-09-25 02:17:24,875 [INFO] fl_ids.eval.simulation: Round 19: mean_val_loss=5038679385816523776.0000, comm_bytes=583920
2026-09-25 02:17:42,254 [WARNING] fl_ids.fl.client: Client 6: no benign validation samples to evaluate on
2026-09-25 02:17:42,266 [INFO] fl_ids.eval.simulation: Round 20: mean_val_loss=13778689540552034304.0000, comm_bytes=583920
2026-09-25 02:17:42,298 [WARNING] fl_ids.eval.common: Clients [6] have no benign validation rows (infinite threshold); 220 test rows can't be flagged by the autoencoder
2026-09-25 02:17:42,353 [INFO] fl_ids.eval.zero_day: zero-day holdout=MITM run=malicious_fraction=0.50: detection_rate=0.000
2026-09-25 02:17:44,771 [INFO] fl_ids.eval.common: Excluded classes ['Password'] from training: removed 2497 calibration rows, 1569 federated-pool rows
2026-09-25 02:17:44,771 [INFO] fl_ids.models.boosting: Training boosting classifier: 92988 samples, 15 classes, 300 rounds
2026-09-25 02:18:01,639 [WARNING] fl_ids.data.pipeline: Client 5 has zero benign validation samples (heavy Dirichlet skew or too few benign samples in its shard)
2026-09-25 02:18:01,667 [INFO] fl_ids.eval.common: Evaluation setup: 92988 calibration, 58431 federated pool (subsampled), 8761 test rows across 10 clients
2026-09-25 02:18:16,939 [WARNING] fl_ids.fl.client: Client 5: no benign validation samples to evaluate on
2026-09-25 02:18:16,953 [INFO] fl_ids.eval.simulation: Round 1: mean_val_loss=0.2762, comm_bytes=583920
2026-09-25 02:18:31,946 [WARNING] fl_ids.fl.client: Client 5: no benign validation samples to evaluate on
2026-09-25 02:18:31,957 [INFO] fl_ids.eval.simulation: Round 2: mean_val_loss=0.1017, comm_bytes=583920
2026-09-25 02:18:32,020 [INFO] fl_ids.fl.client: Client 0 round 3: 5 of 60 boosting-passed rows flagged; surfacing 5
2026-09-25 02:18:32,194 [INFO] fl_ids.fl.client: Client 1 round 3: 14 of 532 boosting-passed rows flagged; surfacing 14
2026-09-25 02:18:32,452 [INFO] fl_ids.fl.client: Client 2 round 3: 4 of 305 boosting-passed rows flagged; surfacing 4
2026-09-25 02:18:33,031 [INFO] fl_ids.fl.client: Client 3 round 3: 208 of 5647 boosting-passed rows flagged; surfacing 50
2026-09-25 02:18:35,806 [INFO] fl_ids.fl.client: Client 4 round 3: 404 of 11627 boosting-passed rows flagged; surfacing 50
2026-09-25 02:18:40,049 [INFO] fl_ids.fl.client: Client 6 round 3: 90 of 2544 boosting-passed rows flagged; surfacing 50
2026-09-25 02:18:40,996 [INFO] fl_ids.fl.client: Client 7 round 3: 12 of 311 boosting-passed rows flagged; surfacing 12
2026-09-25 02:18:42,195 [INFO] fl_ids.fl.client: Client 8 round 3: 299 of 10308 boosting-passed rows flagged; surfacing 50
2026-09-25 02:18:44,830 [INFO] fl_ids.fl.client: Client 9 round 3: 57 of 1059 boosting-passed rows flagged; surfacing 50
2026-09-25 02:19:04,086 [INFO] fl_ids.models.boosting: Continued boosting training: +50 trees on 93268 rows (now 350 trees)
2026-09-25 02:19:04,086 [INFO] fl_ids.models.boosting_update: Round 3: boosting v2 (continue) from 280 alerts ({'Backdoor': 3, 'Normal': 264, 'Port_Scanning': 5, 'Ransomware': 1, 'SQL_injection': 2, 'Uploading': 3, 'Vulnerability_scanner': 2}); 5 from excluded clients ignored
2026-09-25 02:19:04,253 [WARNING] fl_ids.fl.client: Client 5: no benign validation samples to evaluate on
2026-09-25 02:19:04,263 [INFO] fl_ids.eval.simulation: Round 3: mean_val_loss=0.0373, comm_bytes=583920
2026-09-25 02:19:18,339 [WARNING] fl_ids.fl.client: Client 5: no benign validation samples to evaluate on
2026-09-25 02:19:18,360 [INFO] fl_ids.eval.simulation: Round 4: mean_val_loss=0.0228, comm_bytes=583920
2026-09-25 02:19:33,796 [WARNING] fl_ids.fl.client: Client 5: no benign validation samples to evaluate on
2026-09-25 02:19:33,831 [INFO] fl_ids.eval.simulation: Round 5: mean_val_loss=0.0177, comm_bytes=583920
2026-09-25 02:19:34,010 [INFO] fl_ids.fl.client: Client 0 round 6: 7 of 61 boosting-passed rows flagged; surfacing 7
2026-09-25 02:19:34,505 [INFO] fl_ids.fl.client: Client 1 round 6: 9 of 530 boosting-passed rows flagged; surfacing 9
2026-09-25 02:19:35,232 [INFO] fl_ids.fl.client: Client 2 round 6: 5 of 302 boosting-passed rows flagged; surfacing 5
2026-09-25 02:19:35,914 [INFO] fl_ids.fl.client: Client 3 round 6: 198 of 5649 boosting-passed rows flagged; surfacing 50
2026-09-25 02:19:38,701 [INFO] fl_ids.fl.client: Client 4 round 6: 357 of 11621 boosting-passed rows flagged; surfacing 50
2026-09-25 02:19:43,706 [INFO] fl_ids.fl.client: Client 6 round 6: 97 of 2540 boosting-passed rows flagged; surfacing 50
2026-09-25 02:19:44,509 [INFO] fl_ids.fl.client: Client 7 round 6: 7 of 310 boosting-passed rows flagged; surfacing 7
2026-09-25 02:19:45,534 [INFO] fl_ids.fl.client: Client 8 round 6: 299 of 10310 boosting-passed rows flagged; surfacing 50
2026-09-25 02:19:49,782 [INFO] fl_ids.fl.client: Client 9 round 6: 24 of 1056 boosting-passed rows flagged; surfacing 24
2026-09-25 02:20:15,352 [INFO] fl_ids.models.boosting: Continued boosting training: +50 trees on 93520 rows (now 400 trees)
2026-09-25 02:20:15,352 [INFO] fl_ids.models.boosting_update: Round 6: boosting v3 (continue) from 252 alerts ({'Backdoor': 3, 'Normal': 234, 'Port_Scanning': 10, 'Uploading': 4, 'Vulnerability_scanner': 1}); 0 from excluded clients ignored
2026-09-25 02:20:15,539 [WARNING] fl_ids.fl.client: Client 5: no benign validation samples to evaluate on
2026-09-25 02:20:15,550 [INFO] fl_ids.eval.simulation: Round 6: mean_val_loss=0.0175, comm_bytes=583920
2026-09-25 02:20:28,195 [WARNING] fl_ids.fl.client: Client 5: no benign validation samples to evaluate on
2026-09-25 02:20:28,207 [INFO] fl_ids.eval.simulation: Round 7: mean_val_loss=0.0174, comm_bytes=583920
2026-09-25 02:20:43,124 [WARNING] fl_ids.fl.client: Client 5: no benign validation samples to evaluate on
2026-09-25 02:20:43,137 [INFO] fl_ids.eval.simulation: Round 8: mean_val_loss=0.0167, comm_bytes=583920
2026-09-25 02:20:43,224 [INFO] fl_ids.fl.client: Client 0 round 9: 7 of 57 boosting-passed rows flagged; surfacing 7
2026-09-25 02:20:43,466 [INFO] fl_ids.fl.client: Client 1 round 9: 5 of 525 boosting-passed rows flagged; surfacing 5
2026-09-25 02:20:43,767 [INFO] fl_ids.fl.client: Client 2 round 9: 5 of 304 boosting-passed rows flagged; surfacing 5
2026-09-25 02:20:44,566 [INFO] fl_ids.fl.client: Client 3 round 9: 173 of 5645 boosting-passed rows flagged; surfacing 50
2026-09-25 02:20:47,459 [INFO] fl_ids.fl.client: Client 4 round 9: 349 of 11620 boosting-passed rows flagged; surfacing 50
2026-09-25 02:20:52,636 [INFO] fl_ids.fl.client: Client 6 round 9: 71 of 2538 boosting-passed rows flagged; surfacing 50
2026-09-25 02:20:53,428 [INFO] fl_ids.fl.client: Client 7 round 9: 6 of 309 boosting-passed rows flagged; surfacing 6
2026-09-25 02:20:54,792 [INFO] fl_ids.fl.client: Client 8 round 9: 291 of 10303 boosting-passed rows flagged; surfacing 50
2026-09-25 02:20:58,696 [INFO] fl_ids.fl.client: Client 9 round 9: 21 of 1058 boosting-passed rows flagged; surfacing 21
2026-09-25 02:21:31,044 [INFO] fl_ids.models.boosting: Continued boosting training: +50 trees on 93764 rows (now 450 trees)
2026-09-25 02:21:31,044 [INFO] fl_ids.models.boosting_update: Round 9: boosting v4 (continue) from 244 alerts ({'Backdoor': 1, 'Normal': 230, 'Port_Scanning': 6, 'Ransomware': 1, 'SQL_injection': 1, 'Uploading': 5}); 0 from excluded clients ignored
2026-09-25 02:21:31,254 [WARNING] fl_ids.fl.client: Client 5: no benign validation samples to evaluate on
2026-09-25 02:21:31,265 [INFO] fl_ids.eval.simulation: Round 9: mean_val_loss=0.0158, comm_bytes=583920
2026-09-25 02:21:44,552 [WARNING] fl_ids.fl.client: Client 5: no benign validation samples to evaluate on
2026-09-25 02:21:44,564 [INFO] fl_ids.eval.simulation: Round 10: mean_val_loss=0.0149, comm_bytes=583920
2026-09-25 02:21:58,001 [WARNING] fl_ids.fl.client: Client 5: no benign validation samples to evaluate on
2026-09-25 02:21:58,013 [INFO] fl_ids.eval.simulation: Round 11: mean_val_loss=0.0139, comm_bytes=583920
2026-09-25 02:21:58,117 [INFO] fl_ids.fl.client: Client 0 round 12: 7 of 55 boosting-passed rows flagged; surfacing 7
2026-09-25 02:21:58,437 [INFO] fl_ids.fl.client: Client 1 round 12: 40 of 525 boosting-passed rows flagged; surfacing 40
2026-09-25 02:21:58,764 [INFO] fl_ids.fl.client: Client 2 round 12: 5 of 301 boosting-passed rows flagged; surfacing 5
2026-09-25 02:21:59,737 [INFO] fl_ids.fl.client: Client 3 round 12: 229 of 5639 boosting-passed rows flagged; surfacing 50
2026-09-25 02:22:02,734 [INFO] fl_ids.fl.client: Client 4 round 12: 311 of 11621 boosting-passed rows flagged; surfacing 50
2026-09-25 02:22:06,088 [INFO] fl_ids.fl.client: Client 6 round 12: 106 of 2537 boosting-passed rows flagged; surfacing 50
2026-09-25 02:22:06,852 [INFO] fl_ids.fl.client: Client 7 round 12: 12 of 305 boosting-passed rows flagged; surfacing 12
2026-09-25 02:22:08,447 [INFO] fl_ids.fl.client: Client 8 round 12: 319 of 10299 boosting-passed rows flagged; surfacing 50
2026-09-25 02:22:11,191 [INFO] fl_ids.fl.client: Client 9 round 12: 22 of 1052 boosting-passed rows flagged; surfacing 22
2026-09-25 02:22:53,484 [INFO] fl_ids.models.boosting: Continued boosting training: +50 trees on 94050 rows (now 500 trees)
2026-09-25 02:22:53,484 [INFO] fl_ids.models.boosting_update: Round 12: boosting v5 (continue) from 286 alerts ({'Backdoor': 6, 'DDoS_HTTP': 4, 'DDoS_ICMP': 1, 'Normal': 253, 'Port_Scanning': 6, 'SQL_injection': 4, 'Uploading': 4, 'Vulnerability_scanner': 3, 'XSS': 5}); 0 from excluded clients ignored
2026-09-25 02:22:53,785 [WARNING] fl_ids.fl.client: Client 5: no benign validation samples to evaluate on
2026-09-25 02:22:53,807 [INFO] fl_ids.eval.simulation: Round 12: mean_val_loss=0.0131, comm_bytes=583920
2026-09-25 02:23:10,366 [WARNING] fl_ids.fl.client: Client 5: no benign validation samples to evaluate on
2026-09-25 02:23:10,383 [INFO] fl_ids.eval.simulation: Round 13: mean_val_loss=0.0125, comm_bytes=583920
2026-09-25 02:23:26,884 [WARNING] fl_ids.fl.client: Client 5: no benign validation samples to evaluate on
2026-09-25 02:23:26,898 [INFO] fl_ids.eval.simulation: Round 14: mean_val_loss=0.0120, comm_bytes=583920
2026-09-25 02:23:27,005 [INFO] fl_ids.fl.client: Client 0 round 15: 7 of 52 boosting-passed rows flagged; surfacing 7
2026-09-25 02:23:27,359 [INFO] fl_ids.fl.client: Client 1 round 15: 38 of 526 boosting-passed rows flagged; surfacing 38
2026-09-25 02:23:27,691 [INFO] fl_ids.fl.client: Client 2 round 15: 5 of 298 boosting-passed rows flagged; surfacing 5
2026-09-25 02:23:28,784 [INFO] fl_ids.fl.client: Client 3 round 15: 215 of 5638 boosting-passed rows flagged; surfacing 50
2026-09-25 02:23:31,971 [INFO] fl_ids.fl.client: Client 4 round 15: 384 of 11619 boosting-passed rows flagged; surfacing 50
2026-09-25 02:23:35,238 [INFO] fl_ids.fl.client: Client 6 round 15: 75 of 2535 boosting-passed rows flagged; surfacing 50
2026-09-25 02:23:35,995 [INFO] fl_ids.fl.client: Client 7 round 15: 17 of 304 boosting-passed rows flagged; surfacing 17
2026-09-25 02:23:37,676 [INFO] fl_ids.fl.client: Client 8 round 15: 348 of 10295 boosting-passed rows flagged; surfacing 50
2026-09-25 02:23:40,384 [INFO] fl_ids.fl.client: Client 9 round 15: 22 of 1045 boosting-passed rows flagged; surfacing 22
2026-09-25 02:24:18,923 [INFO] fl_ids.models.boosting: Continued boosting training: +50 trees on 94339 rows (now 550 trees)
2026-09-25 02:24:18,923 [INFO] fl_ids.models.boosting_update: Round 15: boosting v6 (continue) from 289 alerts ({'Backdoor': 4, 'DDoS_HTTP': 2, 'Normal': 264, 'Port_Scanning': 5, 'Ransomware': 2, 'SQL_injection': 6, 'Vulnerability_scanner': 2, 'XSS': 4}); 0 from excluded clients ignored
2026-09-25 02:24:19,251 [WARNING] fl_ids.fl.client: Client 5: no benign validation samples to evaluate on
2026-09-25 02:24:19,267 [INFO] fl_ids.eval.simulation: Round 15: mean_val_loss=0.0117, comm_bytes=583920
2026-09-25 02:24:34,709 [WARNING] fl_ids.fl.client: Client 5: no benign validation samples to evaluate on
2026-09-25 02:24:34,722 [INFO] fl_ids.eval.simulation: Round 16: mean_val_loss=0.0114, comm_bytes=583920
2026-09-25 02:24:49,087 [WARNING] fl_ids.fl.client: Client 5: no benign validation samples to evaluate on
2026-09-25 02:24:49,099 [INFO] fl_ids.eval.simulation: Round 17: mean_val_loss=0.0112, comm_bytes=583920
2026-09-25 02:24:49,224 [INFO] fl_ids.fl.client: Client 0 round 18: 7 of 53 boosting-passed rows flagged; surfacing 7
2026-09-25 02:24:49,636 [INFO] fl_ids.fl.client: Client 1 round 18: 56 of 526 boosting-passed rows flagged; surfacing 50
2026-09-25 02:24:49,983 [INFO] fl_ids.fl.client: Client 2 round 18: 5 of 295 boosting-passed rows flagged; surfacing 5
2026-09-25 02:24:51,250 [INFO] fl_ids.fl.client: Client 3 round 18: 162 of 5639 boosting-passed rows flagged; surfacing 50
2026-09-25 02:24:54,486 [INFO] fl_ids.fl.client: Client 4 round 18: 374 of 11620 boosting-passed rows flagged; surfacing 50
2026-09-25 02:24:57,871 [INFO] fl_ids.fl.client: Client 6 round 18: 68 of 2534 boosting-passed rows flagged; surfacing 50
2026-09-25 02:24:59,423 [INFO] fl_ids.fl.client: Client 7 round 18: 17 of 303 boosting-passed rows flagged; surfacing 17
2026-09-25 02:25:01,172 [INFO] fl_ids.fl.client: Client 8 round 18: 341 of 10292 boosting-passed rows flagged; surfacing 50
2026-09-25 02:25:05,116 [INFO] fl_ids.fl.client: Client 9 round 18: 24 of 1043 boosting-passed rows flagged; surfacing 24
2026-09-25 02:25:51,421 [INFO] fl_ids.models.boosting: Continued boosting training: +50 trees on 94642 rows (now 600 trees)
2026-09-25 02:25:51,421 [INFO] fl_ids.models.boosting_update: Round 18: boosting v7 (continue) from 303 alerts ({'Backdoor': 7, 'DDoS_HTTP': 3, 'Normal': 264, 'Port_Scanning': 3, 'Ransomware': 2, 'SQL_injection': 7, 'Uploading': 5, 'Vulnerability_scanner': 5, 'XSS': 7}); 0 from excluded clients ignored
2026-09-25 02:25:51,696 [WARNING] fl_ids.fl.client: Client 5: no benign validation samples to evaluate on
2026-09-25 02:25:51,707 [INFO] fl_ids.eval.simulation: Round 18: mean_val_loss=0.0112, comm_bytes=583920
2026-09-25 02:26:09,554 [WARNING] fl_ids.fl.client: Client 5: no benign validation samples to evaluate on
2026-09-25 02:26:09,567 [INFO] fl_ids.eval.simulation: Round 19: mean_val_loss=0.0110, comm_bytes=583920
2026-09-25 02:26:28,439 [WARNING] fl_ids.fl.client: Client 5: no benign validation samples to evaluate on
2026-09-25 02:26:28,452 [INFO] fl_ids.eval.simulation: Round 20: mean_val_loss=0.0110, comm_bytes=583920
2026-09-25 02:26:28,481 [WARNING] fl_ids.eval.common: Clients [5] have no benign validation rows (infinite threshold); 127 test rows can't be flagged by the autoencoder
2026-09-25 02:26:29,412 [INFO] fl_ids.eval.zero_day: zero-day holdout=Password run=malicious_fraction=0.00: detection_rate=0.443
2026-09-25 02:26:44,693 [WARNING] fl_ids.fl.client: Client 5: no benign validation samples to evaluate on
2026-09-25 02:26:44,711 [INFO] fl_ids.eval.simulation: Round 1: mean_val_loss=0.1959, comm_bytes=583920
2026-09-25 02:26:57,374 [WARNING] fl_ids.fl.client: Client 5: no benign validation samples to evaluate on
2026-09-25 02:26:57,387 [INFO] fl_ids.eval.simulation: Round 2: mean_val_loss=0.0407, comm_bytes=583920
2026-09-25 02:26:57,459 [INFO] fl_ids.fl.client: Client 0 round 3: 8 of 60 boosting-passed rows flagged; surfacing 8
2026-09-25 02:26:57,671 [INFO] fl_ids.fl.client: Client 1 round 3: 15 of 532 boosting-passed rows flagged; surfacing 15
2026-09-25 02:26:57,930 [INFO] fl_ids.fl.client: Client 2 round 3: 5 of 305 boosting-passed rows flagged; surfacing 5
2026-09-25 02:26:58,585 [INFO] fl_ids.fl.client: Client 3 round 3: 193 of 5647 boosting-passed rows flagged; surfacing 50
2026-09-25 02:27:00,872 [INFO] fl_ids.fl.client: Client 4 round 3: 367 of 11627 boosting-passed rows flagged; surfacing 50
2026-09-25 02:27:03,960 [INFO] fl_ids.fl.client: Client 6 round 3: 169 of 2544 boosting-passed rows flagged; surfacing 50
2026-09-25 02:27:04,667 [INFO] fl_ids.fl.client: Client 7 round 3: 14 of 311 boosting-passed rows flagged; surfacing 14
2026-09-25 02:27:05,675 [INFO] fl_ids.fl.client: Client 8 round 3: 353 of 10308 boosting-passed rows flagged; surfacing 50
2026-09-25 02:27:08,234 [INFO] fl_ids.fl.client: Client 9 round 3: 30 of 1059 boosting-passed rows flagged; surfacing 30
2026-09-25 02:27:28,066 [INFO] fl_ids.models.boosting: Continued boosting training: +50 trees on 93246 rows (now 350 trees)
2026-09-25 02:27:28,066 [INFO] fl_ids.models.boosting_update: Round 3: boosting v2 (continue) from 258 alerts ({'Backdoor': 4, 'Normal': 235, 'Port_Scanning': 10, 'SQL_injection': 1, 'Uploading': 4, 'Vulnerability_scanner': 4}); 14 from excluded clients ignored
2026-09-25 02:27:28,423 [WARNING] fl_ids.fl.client: Client 5: no benign validation samples to evaluate on
2026-09-25 02:27:28,494 [INFO] fl_ids.eval.simulation: Round 3: mean_val_loss=0.0263, comm_bytes=583920
2026-09-25 02:27:43,436 [WARNING] fl_ids.fl.client: Client 5: no benign validation samples to evaluate on
2026-09-25 02:27:43,453 [INFO] fl_ids.eval.simulation: Round 4: mean_val_loss=0.0209, comm_bytes=583920
2026-09-25 02:27:58,522 [WARNING] fl_ids.fl.client: Client 5: no benign validation samples to evaluate on
2026-09-25 02:27:58,556 [INFO] fl_ids.eval.simulation: Round 5: mean_val_loss=0.0337, comm_bytes=583920
2026-09-25 02:27:58,687 [INFO] fl_ids.fl.client: Client 0 round 6: 5 of 58 boosting-passed rows flagged; surfacing 5
2026-09-25 02:27:58,935 [INFO] fl_ids.fl.client: Client 1 round 6: 22 of 530 boosting-passed rows flagged; surfacing 22
2026-09-25 02:27:59,328 [INFO] fl_ids.fl.client: Client 2 round 6: 5 of 307 boosting-passed rows flagged; surfacing 5
2026-09-25 02:28:00,475 [INFO] fl_ids.fl.client: Client 3 round 6: 212 of 5646 boosting-passed rows flagged; surfacing 50
2026-09-25 02:28:04,175 [INFO] fl_ids.fl.client: Client 4 round 6: 375 of 11625 boosting-passed rows flagged; surfacing 50
2026-09-25 02:28:08,113 [INFO] fl_ids.fl.client: Client 6 round 6: 94 of 2542 boosting-passed rows flagged; surfacing 50
2026-09-25 02:28:09,035 [INFO] fl_ids.fl.client: Client 7 round 6: 13 of 312 boosting-passed rows flagged; surfacing 13
2026-09-25 02:28:11,121 [INFO] fl_ids.fl.client: Client 8 round 6: 314 of 10311 boosting-passed rows flagged; surfacing 50
2026-09-25 02:28:14,051 [INFO] fl_ids.fl.client: Client 9 round 6: 29 of 1053 boosting-passed rows flagged; surfacing 29
2026-09-25 02:28:37,252 [INFO] fl_ids.models.boosting: Continued boosting training: +50 trees on 93502 rows (now 400 trees)
2026-09-25 02:28:37,253 [INFO] fl_ids.models.boosting_update: Round 6: boosting v3 (continue) from 256 alerts ({'Backdoor': 3, 'Normal': 242, 'Port_Scanning': 8, 'Uploading': 2, 'Vulnerability_scanner': 1}); 18 from excluded clients ignored
2026-09-25 02:28:37,440 [WARNING] fl_ids.fl.client: Client 5: no benign validation samples to evaluate on
2026-09-25 02:28:37,450 [INFO] fl_ids.eval.simulation: Round 6: mean_val_loss=0.0097, comm_bytes=583920
2026-09-25 02:28:51,392 [WARNING] fl_ids.fl.client: Client 5: no benign validation samples to evaluate on
2026-09-25 02:28:51,403 [INFO] fl_ids.eval.simulation: Round 7: mean_val_loss=0.0154, comm_bytes=583920
2026-09-25 02:29:08,286 [WARNING] fl_ids.fl.client: Client 5: no benign validation samples to evaluate on
2026-09-25 02:29:08,300 [INFO] fl_ids.eval.simulation: Round 8: mean_val_loss=0.0071, comm_bytes=583920
2026-09-25 02:29:08,380 [INFO] fl_ids.fl.client: Client 0 round 9: 7 of 55 boosting-passed rows flagged; surfacing 7
2026-09-25 02:29:08,612 [INFO] fl_ids.fl.client: Client 1 round 9: 19 of 528 boosting-passed rows flagged; surfacing 19
2026-09-25 02:29:08,901 [INFO] fl_ids.fl.client: Client 2 round 9: 5 of 302 boosting-passed rows flagged; surfacing 5
2026-09-25 02:29:09,656 [INFO] fl_ids.fl.client: Client 3 round 9: 196 of 5645 boosting-passed rows flagged; surfacing 50
2026-09-25 02:29:13,344 [INFO] fl_ids.fl.client: Client 4 round 9: 398 of 11622 boosting-passed rows flagged; surfacing 50
2026-09-25 02:29:17,993 [INFO] fl_ids.fl.client: Client 6 round 9: 53 of 2537 boosting-passed rows flagged; surfacing 50
2026-09-25 02:29:19,621 [INFO] fl_ids.fl.client: Client 7 round 9: 19 of 308 boosting-passed rows flagged; surfacing 19
2026-09-25 02:29:20,809 [INFO] fl_ids.fl.client: Client 8 round 9: 321 of 10309 boosting-passed rows flagged; surfacing 50
2026-09-25 02:29:24,826 [INFO] fl_ids.fl.client: Client 9 round 9: 21 of 1051 boosting-passed rows flagged; surfacing 21
2026-09-25 02:29:53,006 [INFO] fl_ids.models.boosting: Continued boosting training: +50 trees on 93749 rows (now 450 trees)
2026-09-25 02:29:53,006 [INFO] fl_ids.models.boosting_update: Round 9: boosting v4 (continue) from 247 alerts ({'Backdoor': 2, 'Normal': 233, 'Port_Scanning': 7, 'Ransomware': 1, 'Uploading': 4}); 24 from excluded clients ignored
2026-09-25 02:29:53,214 [WARNING] fl_ids.fl.client: Client 5: no benign validation samples to evaluate on
2026-09-25 02:29:53,226 [INFO] fl_ids.eval.simulation: Round 9: mean_val_loss=0.0096, comm_bytes=583920
2026-09-25 02:30:06,670 [WARNING] fl_ids.fl.client: Client 5: no benign validation samples to evaluate on
2026-09-25 02:30:06,685 [INFO] fl_ids.eval.simulation: Round 10: mean_val_loss=0.0068, comm_bytes=583920
2026-09-25 02:30:20,117 [WARNING] fl_ids.fl.client: Client 5: no benign validation samples to evaluate on
2026-09-25 02:30:20,129 [INFO] fl_ids.eval.simulation: Round 11: mean_val_loss=0.0100, comm_bytes=583920
2026-09-25 02:30:20,228 [INFO] fl_ids.fl.client: Client 0 round 12: 7 of 56 boosting-passed rows flagged; surfacing 7
2026-09-25 02:30:20,539 [INFO] fl_ids.fl.client: Client 1 round 12: 25 of 525 boosting-passed rows flagged; surfacing 25
2026-09-25 02:30:20,845 [INFO] fl_ids.fl.client: Client 2 round 12: 5 of 300 boosting-passed rows flagged; surfacing 5
2026-09-25 02:30:21,808 [INFO] fl_ids.fl.client: Client 3 round 12: 248 of 5645 boosting-passed rows flagged; surfacing 50
2026-09-25 02:30:25,256 [INFO] fl_ids.fl.client: Client 4 round 12: 361 of 11625 boosting-passed rows flagged; surfacing 50
2026-09-25 02:30:30,610 [INFO] fl_ids.fl.client: Client 6 round 12: 82 of 2534 boosting-passed rows flagged; surfacing 50
2026-09-25 02:30:31,503 [INFO] fl_ids.fl.client: Client 7 round 12: 16 of 307 boosting-passed rows flagged; surfacing 16
2026-09-25 02:30:32,915 [INFO] fl_ids.fl.client: Client 8 round 12: 318 of 10304 boosting-passed rows flagged; surfacing 50
2026-09-25 02:30:36,652 [INFO] fl_ids.fl.client: Client 9 round 12: 23 of 1046 boosting-passed rows flagged; surfacing 23
2026-09-25 02:31:18,093 [INFO] fl_ids.models.boosting: Continued boosting training: +50 trees on 94002 rows (now 500 trees)
2026-09-25 02:31:18,094 [INFO] fl_ids.models.boosting_update: Round 12: boosting v5 (continue) from 253 alerts ({'Backdoor': 1, 'DDoS_ICMP': 1, 'Normal': 246, 'Port_Scanning': 2, 'Ransomware': 1, 'Uploading': 2}); 23 from excluded clients ignored
2026-09-25 02:31:18,385 [WARNING] fl_ids.fl.client: Client 5: no benign validation samples to evaluate on
2026-09-25 02:31:18,397 [INFO] fl_ids.eval.simulation: Round 12: mean_val_loss=0.0066, comm_bytes=583920
2026-09-25 02:31:32,984 [WARNING] fl_ids.fl.client: Client 5: no benign validation samples to evaluate on
2026-09-25 02:31:32,997 [INFO] fl_ids.eval.simulation: Round 13: mean_val_loss=0.0077, comm_bytes=583920
2026-09-25 02:31:46,710 [WARNING] fl_ids.fl.client: Client 5: no benign validation samples to evaluate on
2026-09-25 02:31:46,723 [INFO] fl_ids.eval.simulation: Round 14: mean_val_loss=0.0067, comm_bytes=583920
2026-09-25 02:31:46,838 [INFO] fl_ids.fl.client: Client 0 round 15: 7 of 55 boosting-passed rows flagged; surfacing 7
2026-09-25 02:31:47,188 [INFO] fl_ids.fl.client: Client 1 round 15: 9 of 525 boosting-passed rows flagged; surfacing 9
2026-09-25 02:31:47,527 [INFO] fl_ids.fl.client: Client 2 round 15: 5 of 296 boosting-passed rows flagged; surfacing 5
2026-09-25 02:31:48,693 [INFO] fl_ids.fl.client: Client 3 round 15: 190 of 5643 boosting-passed rows flagged; surfacing 50
2026-09-25 02:31:51,686 [INFO] fl_ids.fl.client: Client 4 round 15: 377 of 11619 boosting-passed rows flagged; surfacing 50
2026-09-25 02:31:54,996 [INFO] fl_ids.fl.client: Client 6 round 15: 58 of 2534 boosting-passed rows flagged; surfacing 50
2026-09-25 02:31:55,742 [INFO] fl_ids.fl.client: Client 7 round 15: 17 of 303 boosting-passed rows flagged; surfacing 17
2026-09-25 02:31:57,492 [INFO] fl_ids.fl.client: Client 8 round 15: 361 of 10301 boosting-passed rows flagged; surfacing 50
2026-09-25 02:32:00,170 [INFO] fl_ids.fl.client: Client 9 round 15: 21 of 1046 boosting-passed rows flagged; surfacing 21
2026-09-25 02:32:36,479 [INFO] fl_ids.models.boosting: Continued boosting training: +50 trees on 94247 rows (now 550 trees)
2026-09-25 02:32:36,480 [INFO] fl_ids.models.boosting_update: Round 15: boosting v6 (continue) from 245 alerts ({'Normal': 232, 'Port_Scanning': 6, 'Ransomware': 1, 'Uploading': 6}); 14 from excluded clients ignored
2026-09-25 02:32:36,722 [WARNING] fl_ids.fl.client: Client 5: no benign validation samples to evaluate on
2026-09-25 02:32:36,732 [INFO] fl_ids.eval.simulation: Round 15: mean_val_loss=0.0085, comm_bytes=583920
2026-09-25 02:32:51,671 [WARNING] fl_ids.fl.client: Client 5: no benign validation samples to evaluate on
2026-09-25 02:32:51,682 [INFO] fl_ids.eval.simulation: Round 16: mean_val_loss=0.0065, comm_bytes=583920
2026-09-25 02:33:05,888 [WARNING] fl_ids.fl.client: Client 5: no benign validation samples to evaluate on
2026-09-25 02:33:05,903 [INFO] fl_ids.eval.simulation: Round 17: mean_val_loss=0.0109, comm_bytes=583920
2026-09-25 02:33:06,008 [INFO] fl_ids.fl.client: Client 0 round 18: 7 of 51 boosting-passed rows flagged; surfacing 7
2026-09-25 02:33:06,327 [INFO] fl_ids.fl.client: Client 1 round 18: 23 of 525 boosting-passed rows flagged; surfacing 23
2026-09-25 02:33:06,682 [INFO] fl_ids.fl.client: Client 2 round 18: 5 of 296 boosting-passed rows flagged; surfacing 5
2026-09-25 02:33:07,801 [INFO] fl_ids.fl.client: Client 3 round 18: 194 of 5641 boosting-passed rows flagged; surfacing 50
2026-09-25 02:33:10,983 [INFO] fl_ids.fl.client: Client 4 round 18: 353 of 11617 boosting-passed rows flagged; surfacing 50
2026-09-25 02:33:14,613 [INFO] fl_ids.fl.client: Client 6 round 18: 94 of 2532 boosting-passed rows flagged; surfacing 50
2026-09-25 02:33:15,389 [INFO] fl_ids.fl.client: Client 7 round 18: 18 of 304 boosting-passed rows flagged; surfacing 18
2026-09-25 02:33:17,082 [INFO] fl_ids.fl.client: Client 8 round 18: 299 of 10298 boosting-passed rows flagged; surfacing 50
2026-09-25 02:33:20,255 [INFO] fl_ids.fl.client: Client 9 round 18: 21 of 1044 boosting-passed rows flagged; surfacing 21
2026-09-25 02:34:02,595 [INFO] fl_ids.models.boosting: Continued boosting training: +50 trees on 94496 rows (now 600 trees)
2026-09-25 02:34:02,595 [INFO] fl_ids.models.boosting_update: Round 18: boosting v7 (continue) from 249 alerts ({'Normal': 244, 'Ransomware': 1, 'Uploading': 4}); 25 from excluded clients ignored
2026-09-25 02:34:02,872 [WARNING] fl_ids.fl.client: Client 5: no benign validation samples to evaluate on
2026-09-25 02:34:02,883 [INFO] fl_ids.eval.simulation: Round 18: mean_val_loss=0.0061, comm_bytes=583920
2026-09-25 02:34:18,461 [WARNING] fl_ids.fl.client: Client 5: no benign validation samples to evaluate on
2026-09-25 02:34:18,474 [INFO] fl_ids.eval.simulation: Round 19: mean_val_loss=0.0069, comm_bytes=583920
2026-09-25 02:34:34,462 [WARNING] fl_ids.fl.client: Client 5: no benign validation samples to evaluate on
2026-09-25 02:34:34,484 [INFO] fl_ids.eval.simulation: Round 20: mean_val_loss=0.0091, comm_bytes=583920
2026-09-25 02:34:34,517 [WARNING] fl_ids.eval.common: Clients [5] have no benign validation rows (infinite threshold); 127 test rows can't be flagged by the autoencoder
2026-09-25 02:34:35,276 [INFO] fl_ids.eval.zero_day: zero-day holdout=Password run=malicious_fraction=0.20: detection_rate=0.426
2026-09-25 02:34:47,579 [WARNING] fl_ids.fl.client: Client 5: no benign validation samples to evaluate on
2026-09-25 02:34:47,601 [INFO] fl_ids.eval.simulation: Round 1: mean_val_loss=0.2898, comm_bytes=583920
2026-09-25 02:34:58,956 [WARNING] fl_ids.fl.client: Client 5: no benign validation samples to evaluate on
2026-09-25 02:34:58,967 [INFO] fl_ids.eval.simulation: Round 2: mean_val_loss=0.1064, comm_bytes=583920
2026-09-25 02:34:59,038 [INFO] fl_ids.fl.client: Client 0 round 3: 5 of 60 boosting-passed rows flagged; surfacing 5
2026-09-25 02:34:59,247 [INFO] fl_ids.fl.client: Client 1 round 3: 6 of 532 boosting-passed rows flagged; surfacing 6
2026-09-25 02:34:59,502 [INFO] fl_ids.fl.client: Client 2 round 3: 2 of 305 boosting-passed rows flagged; surfacing 2
2026-09-25 02:35:00,184 [INFO] fl_ids.fl.client: Client 3 round 3: 189 of 5647 boosting-passed rows flagged; surfacing 50
2026-09-25 02:35:02,536 [INFO] fl_ids.fl.client: Client 4 round 3: 315 of 11627 boosting-passed rows flagged; surfacing 50
2026-09-25 02:35:05,623 [INFO] fl_ids.fl.client: Client 6 round 3: 47 of 2544 boosting-passed rows flagged; surfacing 47
2026-09-25 02:35:06,429 [INFO] fl_ids.fl.client: Client 7 round 3: 12 of 311 boosting-passed rows flagged; surfacing 12
2026-09-25 02:35:07,486 [INFO] fl_ids.fl.client: Client 8 round 3: 261 of 10308 boosting-passed rows flagged; surfacing 50
2026-09-25 02:35:10,064 [INFO] fl_ids.fl.client: Client 9 round 3: 49 of 1059 boosting-passed rows flagged; surfacing 49
2026-09-25 02:35:28,837 [INFO] fl_ids.models.boosting: Continued boosting training: +50 trees on 93158 rows (now 350 trees)
2026-09-25 02:35:28,838 [INFO] fl_ids.models.boosting_update: Round 3: boosting v2 (continue) from 170 alerts ({'Normal': 169, 'Vulnerability_scanner': 1}); 101 from excluded clients ignored
2026-09-25 02:35:28,994 [WARNING] fl_ids.fl.client: Client 5: no benign validation samples to evaluate on
2026-09-25 02:35:29,004 [INFO] fl_ids.eval.simulation: Round 3: mean_val_loss=0.0273, comm_bytes=583920
2026-09-25 02:35:41,272 [WARNING] fl_ids.fl.client: Client 5: no benign validation samples to evaluate on
2026-09-25 02:35:41,285 [INFO] fl_ids.eval.simulation: Round 4: mean_val_loss=0.0165, comm_bytes=583920
2026-09-25 02:35:53,361 [WARNING] fl_ids.fl.client: Client 5: no benign validation samples to evaluate on
2026-09-25 02:35:53,375 [INFO] fl_ids.eval.simulation: Round 5: mean_val_loss=0.0167, comm_bytes=583920
2026-09-25 02:35:53,437 [INFO] fl_ids.fl.client: Client 0 round 6: 7 of 61 boosting-passed rows flagged; surfacing 7
2026-09-25 02:35:53,637 [INFO] fl_ids.fl.client: Client 1 round 6: 28 of 530 boosting-passed rows flagged; surfacing 28
2026-09-25 02:35:53,931 [INFO] fl_ids.fl.client: Client 2 round 6: 5 of 304 boosting-passed rows flagged; surfacing 5
2026-09-25 02:35:54,574 [INFO] fl_ids.fl.client: Client 3 round 6: 159 of 5643 boosting-passed rows flagged; surfacing 50
2026-09-25 02:35:57,058 [INFO] fl_ids.fl.client: Client 4 round 6: 433 of 11624 boosting-passed rows flagged; surfacing 50
2026-09-25 02:36:00,734 [INFO] fl_ids.fl.client: Client 6 round 6: 77 of 2543 boosting-passed rows flagged; surfacing 50
2026-09-25 02:36:01,495 [INFO] fl_ids.fl.client: Client 7 round 6: 10 of 311 boosting-passed rows flagged; surfacing 10
2026-09-25 02:36:02,478 [INFO] fl_ids.fl.client: Client 8 round 6: 327 of 10309 boosting-passed rows flagged; surfacing 50
2026-09-25 02:36:05,424 [INFO] fl_ids.fl.client: Client 9 round 6: 22 of 1058 boosting-passed rows flagged; surfacing 22
2026-09-25 02:36:29,069 [INFO] fl_ids.models.boosting: Continued boosting training: +50 trees on 93351 rows (now 400 trees)
2026-09-25 02:36:29,070 [INFO] fl_ids.models.boosting_update: Round 6: boosting v3 (continue) from 193 alerts ({'Backdoor': 1, 'Normal': 179, 'Port_Scanning': 6, 'Uploading': 6, 'Vulnerability_scanner': 1}); 79 from excluded clients ignored
2026-09-25 02:36:29,247 [WARNING] fl_ids.fl.client: Client 5: no benign validation samples to evaluate on
2026-09-25 02:36:29,257 [INFO] fl_ids.eval.simulation: Round 6: mean_val_loss=0.0156, comm_bytes=583920
2026-09-25 02:36:41,759 [WARNING] fl_ids.fl.client: Client 5: no benign validation samples to evaluate on
2026-09-25 02:36:41,771 [INFO] fl_ids.eval.simulation: Round 7: mean_val_loss=0.0189, comm_bytes=583920
2026-09-25 02:36:54,279 [WARNING] fl_ids.fl.client: Client 5: no benign validation samples to evaluate on
2026-09-25 02:36:54,292 [INFO] fl_ids.eval.simulation: Round 8: mean_val_loss=0.0164, comm_bytes=583920
2026-09-25 02:36:54,368 [INFO] fl_ids.fl.client: Client 0 round 9: 5 of 56 boosting-passed rows flagged; surfacing 5
2026-09-25 02:36:54,596 [INFO] fl_ids.fl.client: Client 1 round 9: 26 of 528 boosting-passed rows flagged; surfacing 26
2026-09-25 02:36:54,909 [INFO] fl_ids.fl.client: Client 2 round 9: 5 of 301 boosting-passed rows flagged; surfacing 5
2026-09-25 02:36:55,737 [INFO] fl_ids.fl.client: Client 3 round 9: 185 of 5644 boosting-passed rows flagged; surfacing 50
2026-09-25 02:36:58,462 [INFO] fl_ids.fl.client: Client 4 round 9: 409 of 11625 boosting-passed rows flagged; surfacing 50
2026-09-25 02:37:01,993 [INFO] fl_ids.fl.client: Client 6 round 9: 68 of 2542 boosting-passed rows flagged; surfacing 50
2026-09-25 02:37:02,812 [INFO] fl_ids.fl.client: Client 7 round 9: 11 of 312 boosting-passed rows flagged; surfacing 11
2026-09-25 02:37:04,012 [INFO] fl_ids.fl.client: Client 8 round 9: 333 of 10305 boosting-passed rows flagged; surfacing 50
2026-09-25 02:37:07,030 [INFO] fl_ids.fl.client: Client 9 round 9: 22 of 1051 boosting-passed rows flagged; surfacing 22
2026-09-25 02:37:34,481 [INFO] fl_ids.models.boosting: Continued boosting training: +50 trees on 93565 rows (now 450 trees)
2026-09-25 02:37:34,481 [INFO] fl_ids.models.boosting_update: Round 9: boosting v4 (continue) from 214 alerts ({'Normal': 201, 'Port_Scanning': 3, 'Uploading': 9, 'Vulnerability_scanner': 1}); 55 from excluded clients ignored
2026-09-25 02:37:34,688 [WARNING] fl_ids.fl.client: Client 5: no benign validation samples to evaluate on
2026-09-25 02:37:34,699 [INFO] fl_ids.eval.simulation: Round 9: mean_val_loss=0.0179, comm_bytes=583920
2026-09-25 02:37:47,811 [WARNING] fl_ids.fl.client: Client 5: no benign validation samples to evaluate on
2026-09-25 02:37:47,823 [INFO] fl_ids.eval.simulation: Round 10: mean_val_loss=0.0228, comm_bytes=583920
2026-09-25 02:38:00,930 [WARNING] fl_ids.fl.client: Client 5: no benign validation samples to evaluate on
2026-09-25 02:38:00,942 [INFO] fl_ids.eval.simulation: Round 11: mean_val_loss=0.0136, comm_bytes=583920
2026-09-25 02:38:01,045 [INFO] fl_ids.fl.client: Client 0 round 12: 6 of 53 boosting-passed rows flagged; surfacing 6
2026-09-25 02:38:01,355 [INFO] fl_ids.fl.client: Client 1 round 12: 27 of 527 boosting-passed rows flagged; surfacing 27
2026-09-25 02:38:01,677 [INFO] fl_ids.fl.client: Client 2 round 12: 5 of 299 boosting-passed rows flagged; surfacing 5
2026-09-25 02:38:02,653 [INFO] fl_ids.fl.client: Client 3 round 12: 176 of 5643 boosting-passed rows flagged; surfacing 50
2026-09-25 02:38:05,476 [INFO] fl_ids.fl.client: Client 4 round 12: 375 of 11625 boosting-passed rows flagged; surfacing 50
2026-09-25 02:38:08,826 [INFO] fl_ids.fl.client: Client 6 round 12: 83 of 2540 boosting-passed rows flagged; surfacing 50
2026-09-25 02:38:09,595 [INFO] fl_ids.fl.client: Client 7 round 12: 13 of 309 boosting-passed rows flagged; surfacing 13
2026-09-25 02:38:11,146 [INFO] fl_ids.fl.client: Client 8 round 12: 344 of 10306 boosting-passed rows flagged; surfacing 50
2026-09-25 02:38:13,838 [INFO] fl_ids.fl.client: Client 9 round 12: 24 of 1050 boosting-passed rows flagged; surfacing 24
2026-09-25 02:38:47,272 [INFO] fl_ids.models.boosting: Continued boosting training: +50 trees on 93834 rows (now 500 trees)
2026-09-25 02:38:47,273 [INFO] fl_ids.models.boosting_update: Round 12: boosting v5 (continue) from 269 alerts ({'Backdoor': 1, 'DDoS_HTTP': 1, 'Normal': 257, 'Port_Scanning': 6, 'Uploading': 4}); 6 from excluded clients ignored
2026-09-25 02:38:47,527 [WARNING] fl_ids.fl.client: Client 5: no benign validation samples to evaluate on
2026-09-25 02:38:47,538 [INFO] fl_ids.eval.simulation: Round 12: mean_val_loss=0.0209, comm_bytes=583920
2026-09-25 02:39:02,215 [WARNING] fl_ids.fl.client: Client 5: no benign validation samples to evaluate on
2026-09-25 02:39:02,229 [INFO] fl_ids.eval.simulation: Round 13: mean_val_loss=0.0246, comm_bytes=583920
2026-09-25 02:39:19,470 [WARNING] fl_ids.fl.client: Client 5: no benign validation samples to evaluate on
2026-09-25 02:39:19,484 [INFO] fl_ids.eval.simulation: Round 14: mean_val_loss=0.0150, comm_bytes=583920
2026-09-25 02:39:19,585 [INFO] fl_ids.fl.client: Client 0 round 15: 7 of 55 boosting-passed rows flagged; surfacing 7
2026-09-25 02:39:19,874 [INFO] fl_ids.fl.client: Client 1 round 15: 22 of 525 boosting-passed rows flagged; surfacing 22
2026-09-25 02:39:20,230 [INFO] fl_ids.fl.client: Client 2 round 15: 5 of 299 boosting-passed rows flagged; surfacing 5
2026-09-25 02:39:21,430 [INFO] fl_ids.fl.client: Client 3 round 15: 178 of 5643 boosting-passed rows flagged; surfacing 50
2026-09-25 02:39:25,295 [INFO] fl_ids.fl.client: Client 4 round 15: 354 of 11621 boosting-passed rows flagged; surfacing 50
2026-09-25 02:39:29,706 [INFO] fl_ids.fl.client: Client 6 round 15: 70 of 2537 boosting-passed rows flagged; surfacing 50
2026-09-25 02:39:30,980 [INFO] fl_ids.fl.client: Client 7 round 15: 12 of 304 boosting-passed rows flagged; surfacing 12
2026-09-25 02:39:32,987 [INFO] fl_ids.fl.client: Client 8 round 15: 291 of 10303 boosting-passed rows flagged; surfacing 50
2026-09-25 02:39:36,445 [INFO] fl_ids.fl.client: Client 9 round 15: 24 of 1051 boosting-passed rows flagged; surfacing 24
2026-09-25 02:40:12,174 [INFO] fl_ids.models.boosting: Continued boosting training: +50 trees on 94104 rows (now 550 trees)
2026-09-25 02:40:12,175 [INFO] fl_ids.models.boosting_update: Round 15: boosting v6 (continue) from 270 alerts ({'Backdoor': 1, 'Normal': 252, 'Port_Scanning': 11, 'SQL_injection': 1, 'Uploading': 4, 'XSS': 1}); 0 from excluded clients ignored
2026-09-25 02:40:12,539 [WARNING] fl_ids.fl.client: Client 5: no benign validation samples to evaluate on
2026-09-25 02:40:12,600 [INFO] fl_ids.eval.simulation: Round 15: mean_val_loss=0.0183, comm_bytes=583920
2026-09-25 02:40:30,387 [WARNING] fl_ids.fl.client: Client 5: no benign validation samples to evaluate on
2026-09-25 02:40:30,400 [INFO] fl_ids.eval.simulation: Round 16: mean_val_loss=0.0247, comm_bytes=583920
2026-09-25 02:40:46,630 [WARNING] fl_ids.fl.client: Client 5: no benign validation samples to evaluate on
2026-09-25 02:40:46,643 [INFO] fl_ids.eval.simulation: Round 17: mean_val_loss=0.0113, comm_bytes=583920
2026-09-25 02:40:46,778 [INFO] fl_ids.fl.client: Client 0 round 18: 7 of 53 boosting-passed rows flagged; surfacing 7
2026-09-25 02:40:47,186 [INFO] fl_ids.fl.client: Client 1 round 18: 26 of 526 boosting-passed rows flagged; surfacing 26
2026-09-25 02:40:47,556 [INFO] fl_ids.fl.client: Client 2 round 18: 5 of 300 boosting-passed rows flagged; surfacing 5
2026-09-25 02:40:48,770 [INFO] fl_ids.fl.client: Client 3 round 18: 167 of 5641 boosting-passed rows flagged; surfacing 50
2026-09-25 02:40:52,112 [INFO] fl_ids.fl.client: Client 4 round 18: 347 of 11619 boosting-passed rows flagged; surfacing 50
2026-09-25 02:40:55,590 [INFO] fl_ids.fl.client: Client 6 round 18: 85 of 2531 boosting-passed rows flagged; surfacing 50
2026-09-25 02:40:56,401 [INFO] fl_ids.fl.client: Client 7 round 18: 15 of 304 boosting-passed rows flagged; surfacing 15
2026-09-25 02:40:58,328 [INFO] fl_ids.fl.client: Client 8 round 18: 291 of 10299 boosting-passed rows flagged; surfacing 50
2026-09-25 02:41:01,165 [INFO] fl_ids.fl.client: Client 9 round 18: 25 of 1048 boosting-passed rows flagged; surfacing 25
2026-09-25 02:41:48,704 [INFO] fl_ids.models.boosting: Continued boosting training: +50 trees on 94375 rows (now 600 trees)
2026-09-25 02:41:48,704 [INFO] fl_ids.models.boosting_update: Round 18: boosting v7 (continue) from 271 alerts ({'Backdoor': 1, 'Normal': 264, 'Port_Scanning': 1, 'Uploading': 5}); 7 from excluded clients ignored
2026-09-25 02:41:48,970 [WARNING] fl_ids.fl.client: Client 5: no benign validation samples to evaluate on
2026-09-25 02:41:48,981 [INFO] fl_ids.eval.simulation: Round 18: mean_val_loss=0.0165, comm_bytes=583920
2026-09-25 02:42:05,058 [WARNING] fl_ids.fl.client: Client 5: no benign validation samples to evaluate on
2026-09-25 02:42:05,070 [INFO] fl_ids.eval.simulation: Round 19: mean_val_loss=0.0240, comm_bytes=583920
2026-09-25 02:42:21,127 [WARNING] fl_ids.fl.client: Client 5: no benign validation samples to evaluate on
2026-09-25 02:42:21,140 [INFO] fl_ids.eval.simulation: Round 20: mean_val_loss=0.0149, comm_bytes=583920
2026-09-25 02:42:21,165 [WARNING] fl_ids.eval.common: Clients [5] have no benign validation rows (infinite threshold); 127 test rows can't be flagged by the autoencoder
2026-09-25 02:42:22,059 [INFO] fl_ids.eval.zero_day: zero-day holdout=Password run=malicious_fraction=0.30: detection_rate=0.423
2026-09-25 02:42:37,060 [WARNING] fl_ids.fl.client: Client 5: no benign validation samples to evaluate on
2026-09-25 02:42:37,074 [INFO] fl_ids.eval.simulation: Round 1: mean_val_loss=0.2902, comm_bytes=583920
2026-09-25 02:42:52,272 [WARNING] fl_ids.fl.client: Client 5: no benign validation samples to evaluate on
2026-09-25 02:42:52,285 [INFO] fl_ids.eval.simulation: Round 2: mean_val_loss=0.1493, comm_bytes=583920
2026-09-25 02:42:52,343 [INFO] fl_ids.fl.client: Client 0 round 3: 5 of 60 boosting-passed rows flagged; surfacing 5
2026-09-25 02:42:52,514 [INFO] fl_ids.fl.client: Client 1 round 3: 26 of 532 boosting-passed rows flagged; surfacing 26
2026-09-25 02:42:52,773 [INFO] fl_ids.fl.client: Client 2 round 3: 2 of 305 boosting-passed rows flagged; surfacing 2
2026-09-25 02:42:53,396 [INFO] fl_ids.fl.client: Client 3 round 3: 180 of 5647 boosting-passed rows flagged; surfacing 50
2026-09-25 02:42:56,931 [INFO] fl_ids.fl.client: Client 4 round 3: 317 of 11627 boosting-passed rows flagged; surfacing 50
2026-09-25 02:43:01,373 [INFO] fl_ids.fl.client: Client 6 round 3: 41 of 2544 boosting-passed rows flagged; surfacing 41
2026-09-25 02:43:02,203 [INFO] fl_ids.fl.client: Client 7 round 3: 8 of 311 boosting-passed rows flagged; surfacing 8
2026-09-25 02:43:03,324 [INFO] fl_ids.fl.client: Client 8 round 3: 243 of 10308 boosting-passed rows flagged; surfacing 50
2026-09-25 02:43:07,366 [INFO] fl_ids.fl.client: Client 9 round 3: 49 of 1059 boosting-passed rows flagged; surfacing 49
2026-09-25 02:43:26,646 [INFO] fl_ids.models.boosting: Continued boosting training: +50 trees on 93173 rows (now 350 trees)
2026-09-25 02:43:26,646 [INFO] fl_ids.models.boosting_update: Round 3: boosting v2 (continue) from 185 alerts ({'Normal': 182, 'Vulnerability_scanner': 3}); 96 from excluded clients ignored
2026-09-25 02:43:26,807 [WARNING] fl_ids.fl.client: Client 5: no benign validation samples to evaluate on
2026-09-25 02:43:26,818 [INFO] fl_ids.eval.simulation: Round 3: mean_val_loss=0.0583, comm_bytes=583920
2026-09-25 02:43:38,463 [WARNING] fl_ids.fl.client: Client 5: no benign validation samples to evaluate on
2026-09-25 02:43:38,475 [INFO] fl_ids.eval.simulation: Round 4: mean_val_loss=0.0314, comm_bytes=583920
2026-09-25 02:43:54,388 [WARNING] fl_ids.fl.client: Client 5: no benign validation samples to evaluate on
2026-09-25 02:43:54,411 [INFO] fl_ids.eval.simulation: Round 5: mean_val_loss=0.0505, comm_bytes=583920
2026-09-25 02:43:54,489 [INFO] fl_ids.fl.client: Client 0 round 6: 8 of 60 boosting-passed rows flagged; surfacing 8
2026-09-25 02:43:54,695 [INFO] fl_ids.fl.client: Client 1 round 6: 12 of 529 boosting-passed rows flagged; surfacing 12
2026-09-25 02:43:55,087 [INFO] fl_ids.fl.client: Client 2 round 6: 5 of 305 boosting-passed rows flagged; surfacing 5
2026-09-25 02:43:55,796 [INFO] fl_ids.fl.client: Client 3 round 6: 179 of 5645 boosting-passed rows flagged; surfacing 50
2026-09-25 02:43:59,401 [INFO] fl_ids.fl.client: Client 4 round 6: 325 of 11624 boosting-passed rows flagged; surfacing 50
2026-09-25 02:44:03,833 [INFO] fl_ids.fl.client: Client 6 round 6: 94 of 2541 boosting-passed rows flagged; surfacing 50
2026-09-25 02:44:04,676 [INFO] fl_ids.fl.client: Client 7 round 6: 9 of 310 boosting-passed rows flagged; surfacing 9
2026-09-25 02:44:05,977 [INFO] fl_ids.fl.client: Client 8 round 6: 313 of 10310 boosting-passed rows flagged; surfacing 50
2026-09-25 02:44:09,894 [INFO] fl_ids.fl.client: Client 9 round 6: 23 of 1054 boosting-passed rows flagged; surfacing 23
2026-09-25 02:44:36,749 [INFO] fl_ids.models.boosting: Continued boosting training: +50 trees on 93322 rows (now 400 trees)
2026-09-25 02:44:36,749 [INFO] fl_ids.models.boosting_update: Round 6: boosting v3 (continue) from 149 alerts ({'Backdoor': 2, 'Normal': 142, 'Port_Scanning': 3, 'Uploading': 1, 'Vulnerability_scanner': 1}); 108 from excluded clients ignored
2026-09-25 02:44:36,938 [WARNING] fl_ids.fl.client: Client 5: no benign validation samples to evaluate on
2026-09-25 02:44:36,949 [INFO] fl_ids.eval.simulation: Round 6: mean_val_loss=0.0211, comm_bytes=583920
2026-09-25 02:44:49,661 [WARNING] fl_ids.fl.client: Client 5: no benign validation samples to evaluate on
2026-09-25 02:44:49,673 [INFO] fl_ids.eval.simulation: Round 7: mean_val_loss=0.0385, comm_bytes=583920
2026-09-25 02:45:02,676 [WARNING] fl_ids.fl.client: Client 5: no benign validation samples to evaluate on
2026-09-25 02:45:02,698 [INFO] fl_ids.eval.simulation: Round 8: mean_val_loss=0.0185, comm_bytes=583920
2026-09-25 02:45:02,800 [INFO] fl_ids.fl.client: Client 0 round 9: 8 of 58 boosting-passed rows flagged; surfacing 8
2026-09-25 02:45:03,226 [INFO] fl_ids.fl.client: Client 1 round 9: 19 of 527 boosting-passed rows flagged; surfacing 19
2026-09-25 02:45:03,676 [INFO] fl_ids.fl.client: Client 2 round 9: 5 of 301 boosting-passed rows flagged; surfacing 5
2026-09-25 02:45:05,064 [INFO] fl_ids.fl.client: Client 3 round 9: 153 of 5647 boosting-passed rows flagged; surfacing 50
2026-09-25 02:45:09,462 [INFO] fl_ids.fl.client: Client 4 round 9: 324 of 11623 boosting-passed rows flagged; surfacing 50
2026-09-25 02:45:13,549 [INFO] fl_ids.fl.client: Client 6 round 9: 116 of 2541 boosting-passed rows flagged; surfacing 50
2026-09-25 02:45:14,434 [INFO] fl_ids.fl.client: Client 7 round 9: 9 of 309 boosting-passed rows flagged; surfacing 9
2026-09-25 02:45:17,029 [INFO] fl_ids.fl.client: Client 8 round 9: 277 of 10302 boosting-passed rows flagged; surfacing 50
2026-09-25 02:45:20,410 [INFO] fl_ids.fl.client: Client 9 round 9: 22 of 1053 boosting-passed rows flagged; surfacing 22
2026-09-25 02:45:54,688 [INFO] fl_ids.models.boosting: Continued boosting training: +50 trees on 93485 rows (now 450 trees)
2026-09-25 02:45:54,689 [INFO] fl_ids.models.boosting_update: Round 9: boosting v4 (continue) from 163 alerts ({'Backdoor': 5, 'DDoS_HTTP': 2, 'DDoS_ICMP': 1, 'Normal': 140, 'Port_Scanning': 7, 'Uploading': 3, 'Vulnerability_scanner': 2, 'XSS': 3}); 100 from excluded clients ignored
2026-09-25 02:45:54,903 [WARNING] fl_ids.fl.client: Client 5: no benign validation samples to evaluate on
2026-09-25 02:45:54,913 [INFO] fl_ids.eval.simulation: Round 9: mean_val_loss=0.0331, comm_bytes=583920
2026-09-25 02:46:08,534 [WARNING] fl_ids.fl.client: Client 5: no benign validation samples to evaluate on
2026-09-25 02:46:08,547 [INFO] fl_ids.eval.simulation: Round 10: mean_val_loss=0.0175, comm_bytes=583920
2026-09-25 02:46:22,124 [WARNING] fl_ids.fl.client: Client 5: no benign validation samples to evaluate on
2026-09-25 02:46:22,136 [INFO] fl_ids.eval.simulation: Round 11: mean_val_loss=0.0314, comm_bytes=583920
2026-09-25 02:46:22,241 [INFO] fl_ids.fl.client: Client 0 round 12: 5 of 58 boosting-passed rows flagged; surfacing 5
2026-09-25 02:46:22,582 [INFO] fl_ids.fl.client: Client 1 round 12: 21 of 528 boosting-passed rows flagged; surfacing 21
2026-09-25 02:46:22,913 [INFO] fl_ids.fl.client: Client 2 round 12: 5 of 302 boosting-passed rows flagged; surfacing 5
2026-09-25 02:46:23,981 [INFO] fl_ids.fl.client: Client 3 round 12: 135 of 5645 boosting-passed rows flagged; surfacing 50
2026-09-25 02:46:26,911 [INFO] fl_ids.fl.client: Client 4 round 12: 299 of 11621 boosting-passed rows flagged; surfacing 50
2026-09-25 02:46:30,245 [INFO] fl_ids.fl.client: Client 6 round 12: 114 of 2540 boosting-passed rows flagged; surfacing 50
2026-09-25 02:46:31,020 [INFO] fl_ids.fl.client: Client 7 round 12: 18 of 307 boosting-passed rows flagged; surfacing 18
2026-09-25 02:46:32,609 [INFO] fl_ids.fl.client: Client 8 round 12: 309 of 10299 boosting-passed rows flagged; surfacing 50
2026-09-25 02:46:35,394 [INFO] fl_ids.fl.client: Client 9 round 12: 24 of 1054 boosting-passed rows flagged; surfacing 24
2026-09-25 02:47:18,857 [INFO] fl_ids.models.boosting: Continued boosting training: +50 trees on 93653 rows (now 500 trees)
2026-09-25 02:47:18,857 [INFO] fl_ids.models.boosting_update: Round 12: boosting v5 (continue) from 168 alerts ({'Backdoor': 5, 'Normal': 152, 'Port_Scanning': 5, 'Uploading': 6}); 105 from excluded clients ignored
2026-09-25 02:47:19,163 [WARNING] fl_ids.fl.client: Client 5: no benign validation samples to evaluate on
2026-09-25 02:47:19,187 [INFO] fl_ids.eval.simulation: Round 12: mean_val_loss=0.0169, comm_bytes=583920
2026-09-25 02:47:35,887 [WARNING] fl_ids.fl.client: Client 5: no benign validation samples to evaluate on
2026-09-25 02:47:35,900 [INFO] fl_ids.eval.simulation: Round 13: mean_val_loss=0.0319, comm_bytes=583920
2026-09-25 02:47:53,180 [WARNING] fl_ids.fl.client: Client 5: no benign validation samples to evaluate on
2026-09-25 02:47:53,192 [INFO] fl_ids.eval.simulation: Round 14: mean_val_loss=0.0168, comm_bytes=583920
2026-09-25 02:47:53,306 [INFO] fl_ids.fl.client: Client 0 round 15: 8 of 58 boosting-passed rows flagged; surfacing 8
2026-09-25 02:47:53,663 [INFO] fl_ids.fl.client: Client 1 round 15: 23 of 527 boosting-passed rows flagged; surfacing 23
2026-09-25 02:47:54,002 [INFO] fl_ids.fl.client: Client 2 round 15: 5 of 299 boosting-passed rows flagged; surfacing 5
2026-09-25 02:47:55,111 [INFO] fl_ids.fl.client: Client 3 round 15: 196 of 5646 boosting-passed rows flagged; surfacing 50
2026-09-25 02:47:58,202 [INFO] fl_ids.fl.client: Client 4 round 15: 346 of 11619 boosting-passed rows flagged; surfacing 50
2026-09-25 02:48:01,521 [INFO] fl_ids.fl.client: Client 6 round 15: 135 of 2540 boosting-passed rows flagged; surfacing 50
2026-09-25 02:48:02,274 [INFO] fl_ids.fl.client: Client 7 round 15: 9 of 304 boosting-passed rows flagged; surfacing 9
2026-09-25 02:48:04,069 [INFO] fl_ids.fl.client: Client 8 round 15: 273 of 10298 boosting-passed rows flagged; surfacing 50
2026-09-25 02:48:06,715 [INFO] fl_ids.fl.client: Client 9 round 15: 21 of 1049 boosting-passed rows flagged; surfacing 21
2026-09-25 02:48:45,981 [INFO] fl_ids.models.boosting: Continued boosting training: +50 trees on 93819 rows (now 550 trees)
2026-09-25 02:48:45,981 [INFO] fl_ids.models.boosting_update: Round 15: boosting v6 (continue) from 166 alerts ({'Backdoor': 4, 'DDoS_HTTP': 2, 'Normal': 141, 'Port_Scanning': 8, 'SQL_injection': 5, 'Uploading': 1, 'Vulnerability_scanner': 2, 'XSS': 3}); 100 from excluded clients ignored
2026-09-25 02:48:46,332 [WARNING] fl_ids.fl.client: Client 5: no benign validation samples to evaluate on
2026-09-25 02:48:46,358 [INFO] fl_ids.eval.simulation: Round 15: mean_val_loss=0.0422, comm_bytes=583920
2026-09-25 02:49:01,476 [WARNING] fl_ids.fl.client: Client 5: no benign validation samples to evaluate on
2026-09-25 02:49:01,488 [INFO] fl_ids.eval.simulation: Round 16: mean_val_loss=0.0216, comm_bytes=583920
2026-09-25 02:49:15,944 [WARNING] fl_ids.fl.client: Client 5: no benign validation samples to evaluate on
2026-09-25 02:49:15,956 [INFO] fl_ids.eval.simulation: Round 17: mean_val_loss=0.0435, comm_bytes=583920
2026-09-25 02:49:16,082 [INFO] fl_ids.fl.client: Client 0 round 18: 7 of 51 boosting-passed rows flagged; surfacing 7
2026-09-25 02:49:16,474 [INFO] fl_ids.fl.client: Client 1 round 18: 17 of 524 boosting-passed rows flagged; surfacing 17
2026-09-25 02:49:16,844 [INFO] fl_ids.fl.client: Client 2 round 18: 5 of 297 boosting-passed rows flagged; surfacing 5
2026-09-25 02:49:18,059 [INFO] fl_ids.fl.client: Client 3 round 18: 113 of 5643 boosting-passed rows flagged; surfacing 50
2026-09-25 02:49:21,360 [INFO] fl_ids.fl.client: Client 4 round 18: 284 of 11619 boosting-passed rows flagged; surfacing 50
2026-09-25 02:49:24,712 [INFO] fl_ids.fl.client: Client 6 round 18: 129 of 2538 boosting-passed rows flagged; surfacing 50
2026-09-25 02:49:26,086 [INFO] fl_ids.fl.client: Client 7 round 18: 13 of 302 boosting-passed rows flagged; surfacing 13
2026-09-25 02:49:28,114 [INFO] fl_ids.fl.client: Client 8 round 18: 308 of 10295 boosting-passed rows flagged; surfacing 50
2026-09-25 02:49:32,030 [INFO] fl_ids.fl.client: Client 9 round 18: 27 of 1049 boosting-passed rows flagged; surfacing 27
2026-09-25 02:50:18,843 [INFO] fl_ids.models.boosting: Continued boosting training: +50 trees on 94031 rows (now 600 trees)
2026-09-25 02:50:18,843 [INFO] fl_ids.models.boosting_update: Round 18: boosting v7 (continue) from 212 alerts ({'Backdoor': 4, 'Normal': 200, 'Port_Scanning': 1, 'Uploading': 7}); 57 from excluded clients ignored
2026-09-25 02:50:19,114 [WARNING] fl_ids.fl.client: Client 5: no benign validation samples to evaluate on
2026-09-25 02:50:19,125 [INFO] fl_ids.eval.simulation: Round 18: mean_val_loss=0.0223, comm_bytes=583920
2026-09-25 02:50:36,902 [WARNING] fl_ids.fl.client: Client 5: no benign validation samples to evaluate on
2026-09-25 02:50:36,925 [INFO] fl_ids.eval.simulation: Round 19: mean_val_loss=0.0561, comm_bytes=583920
2026-09-25 02:50:56,395 [WARNING] fl_ids.fl.client: Client 5: no benign validation samples to evaluate on
2026-09-25 02:50:56,408 [INFO] fl_ids.eval.simulation: Round 20: mean_val_loss=0.0172, comm_bytes=583920
2026-09-25 02:50:56,436 [WARNING] fl_ids.eval.common: Clients [5] have no benign validation rows (infinite threshold); 127 test rows can't be flagged by the autoencoder
2026-09-25 02:50:57,188 [INFO] fl_ids.eval.zero_day: zero-day holdout=Password run=malicious_fraction=0.40: detection_rate=0.438
2026-09-25 02:51:12,519 [WARNING] fl_ids.fl.client: Client 5: no benign validation samples to evaluate on
2026-09-25 02:51:12,532 [INFO] fl_ids.eval.simulation: Round 1: mean_val_loss=0.3078, comm_bytes=583920
2026-09-25 02:51:25,300 [WARNING] fl_ids.fl.client: Client 5: no benign validation samples to evaluate on
2026-09-25 02:51:25,313 [INFO] fl_ids.eval.simulation: Round 2: mean_val_loss=0.2358, comm_bytes=583920
2026-09-25 02:51:25,381 [INFO] fl_ids.fl.client: Client 0 round 3: 5 of 60 boosting-passed rows flagged; surfacing 5
2026-09-25 02:51:25,592 [INFO] fl_ids.fl.client: Client 1 round 3: 6 of 532 boosting-passed rows flagged; surfacing 6
2026-09-25 02:51:25,856 [INFO] fl_ids.fl.client: Client 2 round 3: 2 of 305 boosting-passed rows flagged; surfacing 2
2026-09-25 02:51:26,520 [INFO] fl_ids.fl.client: Client 3 round 3: 179 of 5647 boosting-passed rows flagged; surfacing 50
2026-09-25 02:51:28,811 [INFO] fl_ids.fl.client: Client 4 round 3: 278 of 11627 boosting-passed rows flagged; surfacing 50
2026-09-25 02:51:31,853 [INFO] fl_ids.fl.client: Client 6 round 3: 60 of 2544 boosting-passed rows flagged; surfacing 50
2026-09-25 02:51:32,570 [INFO] fl_ids.fl.client: Client 7 round 3: 9 of 311 boosting-passed rows flagged; surfacing 9
2026-09-25 02:51:33,562 [INFO] fl_ids.fl.client: Client 8 round 3: 275 of 10308 boosting-passed rows flagged; surfacing 50
2026-09-25 02:51:36,152 [INFO] fl_ids.fl.client: Client 9 round 3: 53 of 1059 boosting-passed rows flagged; surfacing 50
2026-09-25 02:51:55,607 [INFO] fl_ids.models.boosting: Continued boosting training: +50 trees on 93151 rows (now 350 trees)
2026-09-25 02:51:55,608 [INFO] fl_ids.models.boosting_update: Round 3: boosting v2 (continue) from 163 alerts ({'Normal': 162, 'Vulnerability_scanner': 1}); 109 from excluded clients ignored
2026-09-25 02:51:55,881 [WARNING] fl_ids.fl.client: Client 5: no benign validation samples to evaluate on
2026-09-25 02:51:55,906 [INFO] fl_ids.eval.simulation: Round 3: mean_val_loss=0.1909, comm_bytes=583920
2026-09-25 02:52:10,958 [WARNING] fl_ids.fl.client: Client 5: no benign validation samples to evaluate on
2026-09-25 02:52:10,983 [INFO] fl_ids.eval.simulation: Round 4: mean_val_loss=0.2954, comm_bytes=583920
2026-09-25 02:52:26,397 [WARNING] fl_ids.fl.client: Client 5: no benign validation samples to evaluate on
2026-09-25 02:52:26,409 [INFO] fl_ids.eval.simulation: Round 5: mean_val_loss=0.6583, comm_bytes=583920
2026-09-25 02:52:26,478 [INFO] fl_ids.fl.client: Client 0 round 6: 5 of 58 boosting-passed rows flagged; surfacing 5
2026-09-25 02:52:26,683 [INFO] fl_ids.fl.client: Client 1 round 6: 12 of 528 boosting-passed rows flagged; surfacing 12
2026-09-25 02:52:26,971 [INFO] fl_ids.fl.client: Client 2 round 6: 0 of 305 boosting-passed rows flagged; surfacing 0
2026-09-25 02:52:27,930 [INFO] fl_ids.fl.client: Client 3 round 6: 163 of 5645 boosting-passed rows flagged; surfacing 50
2026-09-25 02:52:31,346 [INFO] fl_ids.fl.client: Client 4 round 6: 293 of 11625 boosting-passed rows flagged; surfacing 50
2026-09-25 02:52:35,711 [INFO] fl_ids.fl.client: Client 6 round 6: 125 of 2540 boosting-passed rows flagged; surfacing 50
2026-09-25 02:52:36,470 [INFO] fl_ids.fl.client: Client 7 round 6: 7 of 310 boosting-passed rows flagged; surfacing 7
2026-09-25 02:52:37,552 [INFO] fl_ids.fl.client: Client 8 round 6: 343 of 10307 boosting-passed rows flagged; surfacing 50
2026-09-25 02:52:41,698 [INFO] fl_ids.fl.client: Client 9 round 6: 38 of 1055 boosting-passed rows flagged; surfacing 38
2026-09-25 02:53:04,509 [INFO] fl_ids.models.boosting: Continued boosting training: +50 trees on 93313 rows (now 400 trees)
2026-09-25 02:53:04,509 [INFO] fl_ids.models.boosting_update: Round 6: boosting v3 (continue) from 162 alerts ({'Normal': 162}); 100 from excluded clients ignored
2026-09-25 02:53:04,694 [WARNING] fl_ids.fl.client: Client 5: no benign validation samples to evaluate on
2026-09-25 02:53:04,704 [INFO] fl_ids.eval.simulation: Round 6: mean_val_loss=1.5247, comm_bytes=583920
2026-09-25 02:53:17,256 [WARNING] fl_ids.fl.client: Client 5: no benign validation samples to evaluate on
2026-09-25 02:53:17,267 [INFO] fl_ids.eval.simulation: Round 7: mean_val_loss=0.9343, comm_bytes=583920
2026-09-25 02:53:33,998 [WARNING] fl_ids.fl.client: Client 5: no benign validation samples to evaluate on
2026-09-25 02:53:34,011 [INFO] fl_ids.eval.simulation: Round 8: mean_val_loss=21.8704, comm_bytes=583920
2026-09-25 02:53:34,086 [INFO] fl_ids.fl.client: Client 0 round 9: 7 of 55 boosting-passed rows flagged; surfacing 7
2026-09-25 02:53:34,329 [INFO] fl_ids.fl.client: Client 1 round 9: 10 of 529 boosting-passed rows flagged; surfacing 10
2026-09-25 02:53:34,592 [INFO] fl_ids.fl.client: Client 2 round 9: 0 of 301 boosting-passed rows flagged; surfacing 0
2026-09-25 02:53:35,569 [INFO] fl_ids.fl.client: Client 3 round 9: 197 of 5647 boosting-passed rows flagged; surfacing 50
2026-09-25 02:53:39,534 [INFO] fl_ids.fl.client: Client 4 round 9: 278 of 11624 boosting-passed rows flagged; surfacing 50
2026-09-25 02:53:44,207 [INFO] fl_ids.fl.client: Client 6 round 9: 106 of 2542 boosting-passed rows flagged; surfacing 50
2026-09-25 02:53:45,031 [INFO] fl_ids.fl.client: Client 7 round 9: 3 of 308 boosting-passed rows flagged; surfacing 3
2026-09-25 02:53:46,205 [INFO] fl_ids.fl.client: Client 8 round 9: 325 of 10306 boosting-passed rows flagged; surfacing 50
2026-09-25 02:53:50,558 [INFO] fl_ids.fl.client: Client 9 round 9: 31 of 1053 boosting-passed rows flagged; surfacing 31
2026-09-25 02:54:19,866 [INFO] fl_ids.models.boosting: Continued boosting training: +50 trees on 93464 rows (now 450 trees)
2026-09-25 02:54:19,867 [INFO] fl_ids.models.boosting_update: Round 9: boosting v4 (continue) from 151 alerts ({'Normal': 151}); 100 from excluded clients ignored
2026-09-25 02:54:20,082 [WARNING] fl_ids.fl.client: Client 5: no benign validation samples to evaluate on
2026-09-25 02:54:20,092 [INFO] fl_ids.eval.simulation: Round 9: mean_val_loss=6.6800, comm_bytes=583920
2026-09-25 02:54:33,400 [WARNING] fl_ids.fl.client: Client 5: no benign validation samples to evaluate on
2026-09-25 02:54:33,414 [INFO] fl_ids.eval.simulation: Round 10: mean_val_loss=14.4217, comm_bytes=583920
2026-09-25 02:54:46,806 [WARNING] fl_ids.fl.client: Client 5: no benign validation samples to evaluate on
2026-09-25 02:54:46,818 [INFO] fl_ids.eval.simulation: Round 11: mean_val_loss=7.6770, comm_bytes=583920
2026-09-25 02:54:46,924 [INFO] fl_ids.fl.client: Client 0 round 12: 7 of 54 boosting-passed rows flagged; surfacing 7
2026-09-25 02:54:47,241 [INFO] fl_ids.fl.client: Client 1 round 12: 14 of 527 boosting-passed rows flagged; surfacing 14
2026-09-25 02:54:47,568 [INFO] fl_ids.fl.client: Client 2 round 12: 0 of 297 boosting-passed rows flagged; surfacing 0
2026-09-25 02:54:48,594 [INFO] fl_ids.fl.client: Client 3 round 12: 213 of 5646 boosting-passed rows flagged; surfacing 50
2026-09-25 02:54:51,510 [INFO] fl_ids.fl.client: Client 4 round 12: 285 of 11622 boosting-passed rows flagged; surfacing 50
2026-09-25 02:54:54,715 [INFO] fl_ids.fl.client: Client 6 round 12: 111 of 2542 boosting-passed rows flagged; surfacing 50
2026-09-25 02:54:56,353 [INFO] fl_ids.fl.client: Client 7 round 12: 3 of 305 boosting-passed rows flagged; surfacing 3
2026-09-25 02:54:58,319 [INFO] fl_ids.fl.client: Client 8 round 12: 312 of 10304 boosting-passed rows flagged; surfacing 50
2026-09-25 02:55:02,629 [INFO] fl_ids.fl.client: Client 9 round 12: 33 of 1052 boosting-passed rows flagged; surfacing 33
2026-09-25 02:55:44,866 [INFO] fl_ids.models.boosting: Continued boosting training: +50 trees on 93621 rows (now 500 trees)
2026-09-25 02:55:44,866 [INFO] fl_ids.models.boosting_update: Round 12: boosting v5 (continue) from 157 alerts ({'Normal': 157}); 100 from excluded clients ignored
2026-09-25 02:55:45,158 [WARNING] fl_ids.fl.client: Client 5: no benign validation samples to evaluate on
2026-09-25 02:55:45,181 [INFO] fl_ids.eval.simulation: Round 12: mean_val_loss=74.4890, comm_bytes=583920
2026-09-25 02:56:03,055 [WARNING] fl_ids.fl.client: Client 5: no benign validation samples to evaluate on
2026-09-25 02:56:03,069 [INFO] fl_ids.eval.simulation: Round 13: mean_val_loss=37.7329, comm_bytes=583920
2026-09-25 02:56:17,193 [WARNING] fl_ids.fl.client: Client 5: no benign validation samples to evaluate on
2026-09-25 02:56:17,205 [INFO] fl_ids.eval.simulation: Round 14: mean_val_loss=4.4945, comm_bytes=583920
2026-09-25 02:56:17,325 [INFO] fl_ids.fl.client: Client 0 round 15: 7 of 53 boosting-passed rows flagged; surfacing 7
2026-09-25 02:56:17,688 [INFO] fl_ids.fl.client: Client 1 round 15: 16 of 528 boosting-passed rows flagged; surfacing 16
2026-09-25 02:56:18,030 [INFO] fl_ids.fl.client: Client 2 round 15: 0 of 297 boosting-passed rows flagged; surfacing 0
2026-09-25 02:56:19,194 [INFO] fl_ids.fl.client: Client 3 round 15: 199 of 5643 boosting-passed rows flagged; surfacing 50
2026-09-25 02:56:22,178 [INFO] fl_ids.fl.client: Client 4 round 15: 287 of 11622 boosting-passed rows flagged; surfacing 50
2026-09-25 02:56:25,474 [INFO] fl_ids.fl.client: Client 6 round 15: 114 of 2540 boosting-passed rows flagged; surfacing 50
2026-09-25 02:56:26,253 [INFO] fl_ids.fl.client: Client 7 round 15: 2 of 303 boosting-passed rows flagged; surfacing 2
2026-09-25 02:56:27,997 [INFO] fl_ids.fl.client: Client 8 round 15: 306 of 10303 boosting-passed rows flagged; surfacing 50
2026-09-25 02:56:30,650 [INFO] fl_ids.fl.client: Client 9 round 15: 34 of 1053 boosting-passed rows flagged; surfacing 34
2026-09-25 02:57:10,230 [INFO] fl_ids.models.boosting: Continued boosting training: +50 trees on 93730 rows (now 550 trees)
2026-09-25 02:57:10,230 [INFO] fl_ids.models.boosting_update: Round 15: boosting v6 (continue) from 109 alerts ({'Normal': 109}); 150 from excluded clients ignored
2026-09-25 02:57:10,468 [WARNING] fl_ids.fl.client: Client 5: no benign validation samples to evaluate on
2026-09-25 02:57:10,477 [INFO] fl_ids.eval.simulation: Round 15: mean_val_loss=134.9156, comm_bytes=583920
2026-09-25 02:57:24,888 [WARNING] fl_ids.fl.client: Client 5: no benign validation samples to evaluate on
2026-09-25 02:57:24,900 [INFO] fl_ids.eval.simulation: Round 16: mean_val_loss=268.2894, comm_bytes=583920
2026-09-25 02:57:39,398 [WARNING] fl_ids.fl.client: Client 5: no benign validation samples to evaluate on
2026-09-25 02:57:39,424 [INFO] fl_ids.eval.simulation: Round 17: mean_val_loss=1090.4776, comm_bytes=583920
2026-09-25 02:57:39,583 [INFO] fl_ids.fl.client: Client 0 round 18: 7 of 50 boosting-passed rows flagged; surfacing 7
2026-09-25 02:57:40,082 [INFO] fl_ids.fl.client: Client 1 round 18: 15 of 525 boosting-passed rows flagged; surfacing 15
2026-09-25 02:57:40,789 [INFO] fl_ids.fl.client: Client 2 round 18: 0 of 297 boosting-passed rows flagged; surfacing 0
2026-09-25 02:57:42,142 [INFO] fl_ids.fl.client: Client 3 round 18: 205 of 5643 boosting-passed rows flagged; surfacing 50
2026-09-25 02:57:46,138 [INFO] fl_ids.fl.client: Client 4 round 18: 295 of 11620 boosting-passed rows flagged; surfacing 50
2026-09-25 02:57:50,985 [INFO] fl_ids.fl.client: Client 6 round 18: 109 of 2540 boosting-passed rows flagged; surfacing 50
2026-09-25 02:57:51,855 [INFO] fl_ids.fl.client: Client 7 round 18: 2 of 302 boosting-passed rows flagged; surfacing 2
2026-09-25 02:57:53,566 [INFO] fl_ids.fl.client: Client 8 round 18: 307 of 10295 boosting-passed rows flagged; surfacing 50
2026-09-25 02:57:57,574 [INFO] fl_ids.fl.client: Client 9 round 18: 33 of 1053 boosting-passed rows flagged; surfacing 33
2026-09-25 02:58:42,435 [INFO] fl_ids.models.boosting: Continued boosting training: +50 trees on 93922 rows (now 600 trees)
2026-09-25 02:58:42,435 [INFO] fl_ids.models.boosting_update: Round 18: boosting v7 (continue) from 192 alerts ({'Normal': 192}); 65 from excluded clients ignored
2026-09-25 02:58:42,701 [WARNING] fl_ids.fl.client: Client 5: no benign validation samples to evaluate on
2026-09-25 02:58:42,712 [INFO] fl_ids.eval.simulation: Round 18: mean_val_loss=10198.9600, comm_bytes=583920
2026-09-25 02:59:03,104 [WARNING] fl_ids.fl.client: Client 5: no benign validation samples to evaluate on
2026-09-25 02:59:03,125 [INFO] fl_ids.eval.simulation: Round 19: mean_val_loss=3308.9064, comm_bytes=583920
2026-09-25 02:59:22,185 [WARNING] fl_ids.fl.client: Client 5: no benign validation samples to evaluate on
2026-09-25 02:59:22,207 [INFO] fl_ids.eval.simulation: Round 20: mean_val_loss=4227.6811, comm_bytes=583920
2026-09-25 02:59:22,238 [WARNING] fl_ids.eval.common: Clients [5] have no benign validation rows (infinite threshold); 127 test rows can't be flagged by the autoencoder
2026-09-25 02:59:23,777 [INFO] fl_ids.eval.zero_day: zero-day holdout=Password run=malicious_fraction=0.50: detection_rate=0.372
2026-09-25 02:59:26,574 [INFO] fl_ids.eval.common: Excluded classes ['Port_Scanning'] from training: removed 999 calibration rows, 628 federated-pool rows
2026-09-25 02:59:26,575 [INFO] fl_ids.models.boosting: Training boosting classifier: 94486 samples, 15 classes, 300 rounds
2026-09-25 02:59:42,819 [WARNING] fl_ids.data.pipeline: Client 5 has zero benign validation samples (heavy Dirichlet skew or too few benign samples in its shard)
2026-09-25 02:59:42,843 [INFO] fl_ids.eval.common: Evaluation setup: 94486 calibration, 59372 federated pool (subsampled), 8899 test rows across 10 clients
2026-09-25 02:59:54,670 [WARNING] fl_ids.fl.client: Client 5: no benign validation samples to evaluate on
2026-09-25 02:59:54,685 [INFO] fl_ids.eval.simulation: Round 1: mean_val_loss=0.2792, comm_bytes=583920
2026-09-25 03:00:06,086 [WARNING] fl_ids.fl.client: Client 5: no benign validation samples to evaluate on
2026-09-25 03:00:06,099 [INFO] fl_ids.eval.simulation: Round 2: mean_val_loss=0.1199, comm_bytes=583920
2026-09-25 03:00:06,216 [INFO] fl_ids.fl.client: Client 0 round 3: 6 of 197 boosting-passed rows flagged; surfacing 6
2026-09-25 03:00:06,534 [INFO] fl_ids.fl.client: Client 1 round 3: 25 of 715 boosting-passed rows flagged; surfacing 25
2026-09-25 03:00:06,839 [INFO] fl_ids.fl.client: Client 2 round 3: 2 of 364 boosting-passed rows flagged; surfacing 2
2026-09-25 03:00:07,863 [INFO] fl_ids.fl.client: Client 3 round 3: 231 of 5623 boosting-passed rows flagged; surfacing 50
2026-09-25 03:00:10,991 [INFO] fl_ids.fl.client: Client 4 round 3: 344 of 11406 boosting-passed rows flagged; surfacing 50
2026-09-25 03:00:15,554 [INFO] fl_ids.fl.client: Client 6 round 3: 66 of 2572 boosting-passed rows flagged; surfacing 50
2026-09-25 03:00:16,415 [INFO] fl_ids.fl.client: Client 7 round 3: 5 of 329 boosting-passed rows flagged; surfacing 5
2026-09-25 03:00:17,641 [INFO] fl_ids.fl.client: Client 8 round 3: 339 of 10270 boosting-passed rows flagged; surfacing 50
2026-09-25 03:00:21,404 [INFO] fl_ids.fl.client: Client 9 round 3: 35 of 1036 boosting-passed rows flagged; surfacing 35
2026-09-25 03:00:48,967 [INFO] fl_ids.models.boosting: Continued boosting training: +50 trees on 94759 rows (now 350 trees)
2026-09-25 03:00:48,967 [INFO] fl_ids.models.boosting_update: Round 3: boosting v2 (continue) from 273 alerts ({'Normal': 273}); 0 from excluded clients ignored
2026-09-25 03:00:49,171 [WARNING] fl_ids.fl.client: Client 5: no benign validation samples to evaluate on
2026-09-25 03:00:49,182 [INFO] fl_ids.eval.simulation: Round 3: mean_val_loss=0.0495, comm_bytes=583920
2026-09-25 03:01:01,305 [WARNING] fl_ids.fl.client: Client 5: no benign validation samples to evaluate on
2026-09-25 03:01:01,317 [INFO] fl_ids.eval.simulation: Round 4: mean_val_loss=0.0316, comm_bytes=583920
2026-09-25 03:01:13,247 [WARNING] fl_ids.fl.client: Client 5: no benign validation samples to evaluate on
2026-09-25 03:01:13,259 [INFO] fl_ids.eval.simulation: Round 5: mean_val_loss=0.0242, comm_bytes=583920
2026-09-25 03:01:13,386 [INFO] fl_ids.fl.client: Client 0 round 6: 11 of 196 boosting-passed rows flagged; surfacing 11
2026-09-25 03:01:13,703 [INFO] fl_ids.fl.client: Client 1 round 6: 15 of 714 boosting-passed rows flagged; surfacing 15
2026-09-25 03:01:14,028 [INFO] fl_ids.fl.client: Client 2 round 6: 6 of 361 boosting-passed rows flagged; surfacing 6
2026-09-25 03:01:14,827 [INFO] fl_ids.fl.client: Client 3 round 6: 127 of 5625 boosting-passed rows flagged; surfacing 50
2026-09-25 03:01:17,228 [INFO] fl_ids.fl.client: Client 4 round 6: 299 of 11406 boosting-passed rows flagged; surfacing 50
2026-09-25 03:01:20,488 [INFO] fl_ids.fl.client: Client 6 round 6: 54 of 2573 boosting-passed rows flagged; surfacing 50
2026-09-25 03:01:21,239 [INFO] fl_ids.fl.client: Client 7 round 6: 4 of 330 boosting-passed rows flagged; surfacing 4
2026-09-25 03:01:22,374 [INFO] fl_ids.fl.client: Client 8 round 6: 339 of 10271 boosting-passed rows flagged; surfacing 50
2026-09-25 03:01:24,996 [INFO] fl_ids.fl.client: Client 9 round 6: 42 of 1036 boosting-passed rows flagged; surfacing 42
2026-09-25 03:01:55,615 [INFO] fl_ids.models.boosting: Continued boosting training: +50 trees on 95037 rows (now 400 trees)
2026-09-25 03:01:55,615 [INFO] fl_ids.models.boosting_update: Round 6: boosting v3 (continue) from 278 alerts ({'Backdoor': 1, 'Fingerprinting': 1, 'Normal': 265, 'Ransomware': 2, 'Uploading': 8, 'Vulnerability_scanner': 1}); 0 from excluded clients ignored
2026-09-25 03:01:55,840 [WARNING] fl_ids.fl.client: Client 5: no benign validation samples to evaluate on
2026-09-25 03:01:55,851 [INFO] fl_ids.eval.simulation: Round 6: mean_val_loss=0.0223, comm_bytes=583920
2026-09-25 03:02:11,903 [WARNING] fl_ids.fl.client: Client 5: no benign validation samples to evaluate on
2026-09-25 03:02:11,911 [INFO] fl_ids.eval.simulation: Round 7: mean_val_loss=0.0210, comm_bytes=583920
2026-09-25 03:02:26,147 [WARNING] fl_ids.fl.client: Client 5: no benign validation samples to evaluate on
2026-09-25 03:02:26,160 [INFO] fl_ids.eval.simulation: Round 8: mean_val_loss=0.0198, comm_bytes=583920
2026-09-25 03:02:26,311 [INFO] fl_ids.fl.client: Client 0 round 9: 7 of 196 boosting-passed rows flagged; surfacing 7
2026-09-25 03:02:26,668 [INFO] fl_ids.fl.client: Client 1 round 9: 7 of 715 boosting-passed rows flagged; surfacing 7
2026-09-25 03:02:27,018 [INFO] fl_ids.fl.client: Client 2 round 9: 8 of 358 boosting-passed rows flagged; surfacing 8
2026-09-25 03:02:27,943 [INFO] fl_ids.fl.client: Client 3 round 9: 175 of 5627 boosting-passed rows flagged; surfacing 50
2026-09-25 03:02:30,609 [INFO] fl_ids.fl.client: Client 4 round 9: 300 of 11404 boosting-passed rows flagged; surfacing 50
2026-09-25 03:02:33,999 [INFO] fl_ids.fl.client: Client 6 round 9: 54 of 2574 boosting-passed rows flagged; surfacing 50
2026-09-25 03:02:34,800 [INFO] fl_ids.fl.client: Client 7 round 9: 5 of 328 boosting-passed rows flagged; surfacing 5
2026-09-25 03:02:36,219 [INFO] fl_ids.fl.client: Client 8 round 9: 379 of 10269 boosting-passed rows flagged; surfacing 50
2026-09-25 03:02:38,885 [INFO] fl_ids.fl.client: Client 9 round 9: 45 of 1033 boosting-passed rows flagged; surfacing 45
2026-09-25 03:03:02,476 [INFO] fl_ids.models.boosting: Continued boosting training: +50 trees on 95309 rows (now 450 trees)
2026-09-25 03:03:02,476 [INFO] fl_ids.models.boosting_update: Round 9: boosting v4 (continue) from 272 alerts ({'Backdoor': 1, 'DDoS_HTTP': 1, 'Fingerprinting': 1, 'Normal': 260, 'Ransomware': 4, 'SQL_injection': 1, 'Uploading': 2, 'Vulnerability_scanner': 1, 'XSS': 1}); 0 from excluded clients ignored
2026-09-25 03:03:02,768 [WARNING] fl_ids.fl.client: Client 5: no benign validation samples to evaluate on
2026-09-25 03:03:02,791 [INFO] fl_ids.eval.simulation: Round 9: mean_val_loss=0.0186, comm_bytes=583920
2026-09-25 03:03:21,706 [WARNING] fl_ids.fl.client: Client 5: no benign validation samples to evaluate on
2026-09-25 03:03:21,720 [INFO] fl_ids.eval.simulation: Round 10: mean_val_loss=0.0182, comm_bytes=583920
2026-09-25 03:03:39,367 [WARNING] fl_ids.fl.client: Client 5: no benign validation samples to evaluate on
2026-09-25 03:03:39,380 [INFO] fl_ids.eval.simulation: Round 11: mean_val_loss=0.0178, comm_bytes=583920
2026-09-25 03:03:39,516 [INFO] fl_ids.fl.client: Client 0 round 12: 6 of 193 boosting-passed rows flagged; surfacing 6
2026-09-25 03:03:39,827 [INFO] fl_ids.fl.client: Client 1 round 12: 7 of 714 boosting-passed rows flagged; surfacing 7
2026-09-25 03:03:40,363 [INFO] fl_ids.fl.client: Client 2 round 12: 13 of 355 boosting-passed rows flagged; surfacing 13
2026-09-25 03:03:41,248 [INFO] fl_ids.fl.client: Client 3 round 12: 166 of 5621 boosting-passed rows flagged; surfacing 50
2026-09-25 03:03:44,813 [INFO] fl_ids.fl.client: Client 4 round 12: 356 of 11406 boosting-passed rows flagged; surfacing 50
2026-09-25 03:03:48,659 [INFO] fl_ids.fl.client: Client 6 round 12: 55 of 2574 boosting-passed rows flagged; surfacing 50
2026-09-25 03:03:49,495 [INFO] fl_ids.fl.client: Client 7 round 12: 5 of 327 boosting-passed rows flagged; surfacing 5
2026-09-25 03:03:50,781 [INFO] fl_ids.fl.client: Client 8 round 12: 307 of 10268 boosting-passed rows flagged; surfacing 50
2026-09-25 03:03:53,823 [INFO] fl_ids.fl.client: Client 9 round 12: 52 of 1032 boosting-passed rows flagged; surfacing 50
2026-09-25 03:04:27,304 [INFO] fl_ids.models.boosting: Continued boosting training: +50 trees on 95590 rows (now 500 trees)
2026-09-25 03:04:27,304 [INFO] fl_ids.models.boosting_update: Round 12: boosting v5 (continue) from 281 alerts ({'Backdoor': 1, 'Fingerprinting': 1, 'Normal': 273, 'Ransomware': 1, 'SQL_injection': 1, 'Uploading': 2, 'Vulnerability_scanner': 1, 'XSS': 1}); 0 from excluded clients ignored
2026-09-25 03:04:27,526 [WARNING] fl_ids.fl.client: Client 5: no benign validation samples to evaluate on
2026-09-25 03:04:27,537 [INFO] fl_ids.eval.simulation: Round 12: mean_val_loss=0.0176, comm_bytes=583920
2026-09-25 03:04:41,417 [WARNING] fl_ids.fl.client: Client 5: no benign validation samples to evaluate on
2026-09-25 03:04:41,430 [INFO] fl_ids.eval.simulation: Round 13: mean_val_loss=0.0174, comm_bytes=583920
2026-09-25 03:04:55,963 [WARNING] fl_ids.fl.client: Client 5: no benign validation samples to evaluate on
2026-09-25 03:04:55,976 [INFO] fl_ids.eval.simulation: Round 14: mean_val_loss=0.0170, comm_bytes=583920
2026-09-25 03:04:56,161 [INFO] fl_ids.fl.client: Client 0 round 15: 12 of 193 boosting-passed rows flagged; surfacing 12
2026-09-25 03:04:56,528 [INFO] fl_ids.fl.client: Client 1 round 15: 31 of 716 boosting-passed rows flagged; surfacing 31
2026-09-25 03:04:56,908 [INFO] fl_ids.fl.client: Client 2 round 15: 11 of 352 boosting-passed rows flagged; surfacing 11
2026-09-25 03:04:57,892 [INFO] fl_ids.fl.client: Client 3 round 15: 200 of 5618 boosting-passed rows flagged; surfacing 50
2026-09-25 03:05:00,745 [INFO] fl_ids.fl.client: Client 4 round 15: 330 of 11405 boosting-passed rows flagged; surfacing 50
2026-09-25 03:05:04,415 [INFO] fl_ids.fl.client: Client 6 round 15: 54 of 2573 boosting-passed rows flagged; surfacing 50
2026-09-25 03:05:05,338 [INFO] fl_ids.fl.client: Client 7 round 15: 4 of 322 boosting-passed rows flagged; surfacing 4
2026-09-25 03:05:06,941 [INFO] fl_ids.fl.client: Client 8 round 15: 310 of 10266 boosting-passed rows flagged; surfacing 50
2026-09-25 03:05:10,017 [INFO] fl_ids.fl.client: Client 9 round 15: 53 of 1026 boosting-passed rows flagged; surfacing 50
2026-09-25 03:05:43,584 [INFO] fl_ids.models.boosting: Continued boosting training: +50 trees on 95898 rows (now 550 trees)
2026-09-25 03:05:43,584 [INFO] fl_ids.models.boosting_update: Round 15: boosting v6 (continue) from 308 alerts ({'Backdoor': 1, 'Fingerprinting': 1, 'Normal': 299, 'Password': 2, 'Ransomware': 1, 'SQL_injection': 1, 'Uploading': 1, 'XSS': 2}); 0 from excluded clients ignored
2026-09-25 03:05:43,833 [WARNING] fl_ids.fl.client: Client 5: no benign validation samples to evaluate on
2026-09-25 03:05:43,849 [INFO] fl_ids.eval.simulation: Round 15: mean_val_loss=0.0164, comm_bytes=583920
2026-09-25 03:05:58,279 [WARNING] fl_ids.fl.client: Client 5: no benign validation samples to evaluate on
2026-09-25 03:05:58,292 [INFO] fl_ids.eval.simulation: Round 16: mean_val_loss=0.0161, comm_bytes=583920
2026-09-25 03:06:13,281 [WARNING] fl_ids.fl.client: Client 5: no benign validation samples to evaluate on
2026-09-25 03:06:13,303 [INFO] fl_ids.eval.simulation: Round 17: mean_val_loss=0.0135, comm_bytes=583920
2026-09-25 03:06:13,455 [INFO] fl_ids.fl.client: Client 0 round 18: 9 of 194 boosting-passed rows flagged; surfacing 9
2026-09-25 03:06:13,832 [INFO] fl_ids.fl.client: Client 1 round 18: 37 of 715 boosting-passed rows flagged; surfacing 37
2026-09-25 03:06:14,263 [INFO] fl_ids.fl.client: Client 2 round 18: 9 of 350 boosting-passed rows flagged; surfacing 9
2026-09-25 03:06:15,592 [INFO] fl_ids.fl.client: Client 3 round 18: 194 of 5618 boosting-passed rows flagged; surfacing 50
2026-09-25 03:06:18,705 [INFO] fl_ids.fl.client: Client 4 round 18: 336 of 11405 boosting-passed rows flagged; surfacing 50
2026-09-25 03:06:22,571 [INFO] fl_ids.fl.client: Client 6 round 18: 54 of 2572 boosting-passed rows flagged; surfacing 50
2026-09-25 03:06:23,501 [INFO] fl_ids.fl.client: Client 7 round 18: 3 of 322 boosting-passed rows flagged; surfacing 3
2026-09-25 03:06:25,444 [INFO] fl_ids.fl.client: Client 8 round 18: 312 of 10262 boosting-passed rows flagged; surfacing 50
2026-09-25 03:06:28,400 [INFO] fl_ids.fl.client: Client 9 round 18: 40 of 1026 boosting-passed rows flagged; surfacing 40
2026-09-25 03:07:09,623 [INFO] fl_ids.models.boosting: Continued boosting training: +50 trees on 96196 rows (now 600 trees)
2026-09-25 03:07:09,623 [INFO] fl_ids.models.boosting_update: Round 18: boosting v7 (continue) from 298 alerts ({'Backdoor': 1, 'Normal': 292, 'Password': 1, 'Uploading': 3, 'XSS': 1}); 0 from excluded clients ignored
2026-09-25 03:07:09,960 [WARNING] fl_ids.fl.client: Client 5: no benign validation samples to evaluate on
2026-09-25 03:07:09,982 [INFO] fl_ids.eval.simulation: Round 18: mean_val_loss=0.0160, comm_bytes=583920
2026-09-25 03:07:27,289 [WARNING] fl_ids.fl.client: Client 5: no benign validation samples to evaluate on
2026-09-25 03:07:27,303 [INFO] fl_ids.eval.simulation: Round 19: mean_val_loss=0.0107, comm_bytes=583920
2026-09-25 03:07:44,415 [WARNING] fl_ids.fl.client: Client 5: no benign validation samples to evaluate on
2026-09-25 03:07:44,428 [INFO] fl_ids.eval.simulation: Round 20: mean_val_loss=0.0180, comm_bytes=583920
2026-09-25 03:07:44,456 [WARNING] fl_ids.eval.common: Clients [5] have no benign validation rows (infinite threshold); 272 test rows can't be flagged by the autoencoder
2026-09-25 03:07:45,566 [INFO] fl_ids.eval.zero_day: zero-day holdout=Port_Scanning run=malicious_fraction=0.00: detection_rate=0.992
2026-09-25 03:07:57,927 [WARNING] fl_ids.fl.client: Client 5: no benign validation samples to evaluate on
2026-09-25 03:07:57,940 [INFO] fl_ids.eval.simulation: Round 1: mean_val_loss=0.1830, comm_bytes=583920
2026-09-25 03:08:09,657 [WARNING] fl_ids.fl.client: Client 5: no benign validation samples to evaluate on
2026-09-25 03:08:09,672 [INFO] fl_ids.eval.simulation: Round 2: mean_val_loss=0.0437, comm_bytes=583920
2026-09-25 03:08:09,786 [INFO] fl_ids.fl.client: Client 0 round 3: 6 of 197 boosting-passed rows flagged; surfacing 6
2026-09-25 03:08:10,071 [INFO] fl_ids.fl.client: Client 1 round 3: 29 of 715 boosting-passed rows flagged; surfacing 29
2026-09-25 03:08:10,401 [INFO] fl_ids.fl.client: Client 2 round 3: 9 of 364 boosting-passed rows flagged; surfacing 9
2026-09-25 03:08:11,151 [INFO] fl_ids.fl.client: Client 3 round 3: 117 of 5623 boosting-passed rows flagged; surfacing 50
2026-09-25 03:08:13,522 [INFO] fl_ids.fl.client: Client 4 round 3: 446 of 11406 boosting-passed rows flagged; surfacing 50
2026-09-25 03:08:16,860 [INFO] fl_ids.fl.client: Client 6 round 3: 54 of 2572 boosting-passed rows flagged; surfacing 50
2026-09-25 03:08:17,625 [INFO] fl_ids.fl.client: Client 7 round 3: 3 of 329 boosting-passed rows flagged; surfacing 3
2026-09-25 03:08:18,587 [INFO] fl_ids.fl.client: Client 8 round 3: 397 of 10270 boosting-passed rows flagged; surfacing 50
2026-09-25 03:08:21,245 [INFO] fl_ids.fl.client: Client 9 round 3: 40 of 1036 boosting-passed rows flagged; surfacing 40
2026-09-25 03:08:45,791 [INFO] fl_ids.models.boosting: Continued boosting training: +50 trees on 94764 rows (now 350 trees)
2026-09-25 03:08:45,791 [INFO] fl_ids.models.boosting_update: Round 3: boosting v2 (continue) from 278 alerts ({'Backdoor': 2, 'Fingerprinting': 1, 'Normal': 260, 'Password': 2, 'SQL_injection': 1, 'Uploading': 7, 'Vulnerability_scanner': 1, 'XSS': 4}); 9 from excluded clients ignored
2026-09-25 03:08:46,012 [WARNING] fl_ids.fl.client: Client 5: no benign validation samples to evaluate on
2026-09-25 03:08:46,034 [INFO] fl_ids.eval.simulation: Round 3: mean_val_loss=0.0262, comm_bytes=583920
2026-09-25 03:08:58,912 [WARNING] fl_ids.fl.client: Client 5: no benign validation samples to evaluate on
2026-09-25 03:08:58,924 [INFO] fl_ids.eval.simulation: Round 4: mean_val_loss=0.0174, comm_bytes=583920
2026-09-25 03:09:11,358 [WARNING] fl_ids.fl.client: Client 5: no benign validation samples to evaluate on
2026-09-25 03:09:11,370 [INFO] fl_ids.eval.simulation: Round 5: mean_val_loss=0.0282, comm_bytes=583920
2026-09-25 03:09:11,502 [INFO] fl_ids.fl.client: Client 0 round 6: 5 of 196 boosting-passed rows flagged; surfacing 5
2026-09-25 03:09:11,821 [INFO] fl_ids.fl.client: Client 1 round 6: 21 of 715 boosting-passed rows flagged; surfacing 21
2026-09-25 03:09:12,163 [INFO] fl_ids.fl.client: Client 2 round 6: 8 of 362 boosting-passed rows flagged; surfacing 8
2026-09-25 03:09:12,955 [INFO] fl_ids.fl.client: Client 3 round 6: 192 of 5625 boosting-passed rows flagged; surfacing 50
2026-09-25 03:09:15,529 [INFO] fl_ids.fl.client: Client 4 round 6: 276 of 11407 boosting-passed rows flagged; surfacing 50
2026-09-25 03:09:18,883 [INFO] fl_ids.fl.client: Client 6 round 6: 54 of 2573 boosting-passed rows flagged; surfacing 50
2026-09-25 03:09:19,669 [INFO] fl_ids.fl.client: Client 7 round 6: 12 of 330 boosting-passed rows flagged; surfacing 12
2026-09-25 03:09:20,839 [INFO] fl_ids.fl.client: Client 8 round 6: 309 of 10271 boosting-passed rows flagged; surfacing 50
2026-09-25 03:09:23,542 [INFO] fl_ids.fl.client: Client 9 round 6: 46 of 1035 boosting-passed rows flagged; surfacing 46
2026-09-25 03:09:48,512 [INFO] fl_ids.models.boosting: Continued boosting training: +50 trees on 95039 rows (now 400 trees)
2026-09-25 03:09:48,513 [INFO] fl_ids.models.boosting_update: Round 6: boosting v3 (continue) from 275 alerts ({'Backdoor': 1, 'Normal': 268, 'Password': 1, 'Ransomware': 1, 'Uploading': 3, 'Vulnerability_scanner': 1}); 17 from excluded clients ignored
2026-09-25 03:09:48,755 [WARNING] fl_ids.fl.client: Client 5: no benign validation samples to evaluate on
2026-09-25 03:09:48,769 [INFO] fl_ids.eval.simulation: Round 6: mean_val_loss=0.0123, comm_bytes=583920
2026-09-25 03:10:02,807 [WARNING] fl_ids.fl.client: Client 5: no benign validation samples to evaluate on
2026-09-25 03:10:02,821 [INFO] fl_ids.eval.simulation: Round 7: mean_val_loss=0.0096, comm_bytes=583920
2026-09-25 03:10:16,781 [WARNING] fl_ids.fl.client: Client 5: no benign validation samples to evaluate on
2026-09-25 03:10:16,794 [INFO] fl_ids.eval.simulation: Round 8: mean_val_loss=0.0114, comm_bytes=583920
2026-09-25 03:10:16,918 [INFO] fl_ids.fl.client: Client 0 round 9: 2 of 195 boosting-passed rows flagged; surfacing 2
2026-09-25 03:10:17,266 [INFO] fl_ids.fl.client: Client 1 round 9: 21 of 715 boosting-passed rows flagged; surfacing 21
2026-09-25 03:10:17,656 [INFO] fl_ids.fl.client: Client 2 round 9: 9 of 357 boosting-passed rows flagged; surfacing 9
2026-09-25 03:10:18,606 [INFO] fl_ids.fl.client: Client 3 round 9: 185 of 5621 boosting-passed rows flagged; surfacing 50
2026-09-25 03:10:21,206 [INFO] fl_ids.fl.client: Client 4 round 9: 314 of 11408 boosting-passed rows flagged; surfacing 50
2026-09-25 03:10:24,739 [INFO] fl_ids.fl.client: Client 6 round 9: 52 of 2570 boosting-passed rows flagged; surfacing 50
2026-09-25 03:10:25,552 [INFO] fl_ids.fl.client: Client 7 round 9: 4 of 329 boosting-passed rows flagged; surfacing 4
2026-09-25 03:10:26,938 [INFO] fl_ids.fl.client: Client 8 round 9: 291 of 10270 boosting-passed rows flagged; surfacing 50
2026-09-25 03:10:29,702 [INFO] fl_ids.fl.client: Client 9 round 9: 47 of 1032 boosting-passed rows flagged; surfacing 47
2026-09-25 03:10:53,906 [INFO] fl_ids.models.boosting: Continued boosting training: +50 trees on 95318 rows (now 450 trees)
2026-09-25 03:10:53,907 [INFO] fl_ids.models.boosting_update: Round 9: boosting v4 (continue) from 279 alerts ({'Backdoor': 2, 'DDoS_HTTP': 1, 'Fingerprinting': 1, 'Normal': 274, 'Uploading': 1}); 4 from excluded clients ignored
2026-09-25 03:10:54,127 [WARNING] fl_ids.fl.client: Client 5: no benign validation samples to evaluate on
2026-09-25 03:10:54,139 [INFO] fl_ids.eval.simulation: Round 9: mean_val_loss=0.0092, comm_bytes=583920
2026-09-25 03:11:07,925 [WARNING] fl_ids.fl.client: Client 5: no benign validation samples to evaluate on
2026-09-25 03:11:07,938 [INFO] fl_ids.eval.simulation: Round 10: mean_val_loss=0.0133, comm_bytes=583920
2026-09-25 03:11:22,150 [WARNING] fl_ids.fl.client: Client 5: no benign validation samples to evaluate on
2026-09-25 03:11:22,167 [INFO] fl_ids.eval.simulation: Round 11: mean_val_loss=0.0102, comm_bytes=583920
2026-09-25 03:11:22,334 [INFO] fl_ids.fl.client: Client 0 round 12: 3 of 197 boosting-passed rows flagged; surfacing 3
2026-09-25 03:11:22,693 [INFO] fl_ids.fl.client: Client 1 round 12: 18 of 713 boosting-passed rows flagged; surfacing 18
2026-09-25 03:11:23,077 [INFO] fl_ids.fl.client: Client 2 round 12: 8 of 358 boosting-passed rows flagged; surfacing 8
2026-09-25 03:11:24,011 [INFO] fl_ids.fl.client: Client 3 round 12: 151 of 5622 boosting-passed rows flagged; surfacing 50
2026-09-25 03:11:26,779 [INFO] fl_ids.fl.client: Client 4 round 12: 339 of 11407 boosting-passed rows flagged; surfacing 50
2026-09-25 03:11:30,615 [INFO] fl_ids.fl.client: Client 6 round 12: 46 of 2570 boosting-passed rows flagged; surfacing 46
2026-09-25 03:11:31,467 [INFO] fl_ids.fl.client: Client 7 round 12: 12 of 323 boosting-passed rows flagged; surfacing 12
2026-09-25 03:11:33,119 [INFO] fl_ids.fl.client: Client 8 round 12: 309 of 10267 boosting-passed rows flagged; surfacing 50
2026-09-25 03:11:36,261 [INFO] fl_ids.fl.client: Client 9 round 12: 54 of 1028 boosting-passed rows flagged; surfacing 50
2026-09-25 03:12:09,787 [INFO] fl_ids.models.boosting: Continued boosting training: +50 trees on 95590 rows (now 500 trees)
2026-09-25 03:12:09,788 [INFO] fl_ids.models.boosting_update: Round 12: boosting v5 (continue) from 272 alerts ({'Backdoor': 1, 'Normal': 266, 'Password': 1, 'Uploading': 4}); 15 from excluded clients ignored
2026-09-25 03:12:10,099 [WARNING] fl_ids.fl.client: Client 5: no benign validation samples to evaluate on
2026-09-25 03:12:10,118 [INFO] fl_ids.eval.simulation: Round 12: mean_val_loss=0.0120, comm_bytes=583920
2026-09-25 03:12:27,652 [WARNING] fl_ids.fl.client: Client 5: no benign validation samples to evaluate on
2026-09-25 03:12:27,667 [INFO] fl_ids.eval.simulation: Round 13: mean_val_loss=0.0074, comm_bytes=583920
2026-09-25 03:12:43,511 [WARNING] fl_ids.fl.client: Client 5: no benign validation samples to evaluate on
2026-09-25 03:12:43,523 [INFO] fl_ids.eval.simulation: Round 14: mean_val_loss=0.0121, comm_bytes=583920
2026-09-25 03:12:43,713 [INFO] fl_ids.fl.client: Client 0 round 15: 6 of 195 boosting-passed rows flagged; surfacing 6
2026-09-25 03:12:44,143 [INFO] fl_ids.fl.client: Client 1 round 15: 19 of 712 boosting-passed rows flagged; surfacing 19
2026-09-25 03:12:44,544 [INFO] fl_ids.fl.client: Client 2 round 15: 6 of 357 boosting-passed rows flagged; surfacing 6
2026-09-25 03:12:45,744 [INFO] fl_ids.fl.client: Client 3 round 15: 142 of 5619 boosting-passed rows flagged; surfacing 50
2026-09-25 03:12:48,751 [INFO] fl_ids.fl.client: Client 4 round 15: 266 of 11407 boosting-passed rows flagged; surfacing 50
2026-09-25 03:12:52,296 [INFO] fl_ids.fl.client: Client 6 round 15: 41 of 2570 boosting-passed rows flagged; surfacing 41
2026-09-25 03:12:53,141 [INFO] fl_ids.fl.client: Client 7 round 15: 14 of 320 boosting-passed rows flagged; surfacing 14
2026-09-25 03:12:54,830 [INFO] fl_ids.fl.client: Client 8 round 15: 382 of 10265 boosting-passed rows flagged; surfacing 50
2026-09-25 03:12:57,601 [INFO] fl_ids.fl.client: Client 9 round 15: 62 of 1028 boosting-passed rows flagged; surfacing 50
2026-09-25 03:13:39,067 [INFO] fl_ids.models.boosting: Continued boosting training: +50 trees on 95851 rows (now 550 trees)
2026-09-25 03:13:39,067 [INFO] fl_ids.models.boosting_update: Round 15: boosting v6 (continue) from 261 alerts ({'DDoS_HTTP': 2, 'Normal': 239, 'Ransomware': 2, 'SQL_injection': 12, 'Uploading': 3, 'XSS': 3}); 25 from excluded clients ignored
2026-09-25 03:13:39,389 [WARNING] fl_ids.fl.client: Client 5: no benign validation samples to evaluate on
2026-09-25 03:13:39,413 [INFO] fl_ids.eval.simulation: Round 15: mean_val_loss=0.0114, comm_bytes=583920
2026-09-25 03:13:55,235 [WARNING] fl_ids.fl.client: Client 5: no benign validation samples to evaluate on
2026-09-25 03:13:55,248 [INFO] fl_ids.eval.simulation: Round 16: mean_val_loss=0.0113, comm_bytes=583920
2026-09-25 03:14:10,745 [WARNING] fl_ids.fl.client: Client 5: no benign validation samples to evaluate on
2026-09-25 03:14:10,761 [INFO] fl_ids.eval.simulation: Round 17: mean_val_loss=0.0093, comm_bytes=583920
2026-09-25 03:14:11,028 [INFO] fl_ids.fl.client: Client 0 round 18: 6 of 196 boosting-passed rows flagged; surfacing 6
2026-09-25 03:14:11,667 [INFO] fl_ids.fl.client: Client 1 round 18: 19 of 715 boosting-passed rows flagged; surfacing 19
2026-09-25 03:14:12,214 [INFO] fl_ids.fl.client: Client 2 round 18: 5 of 355 boosting-passed rows flagged; surfacing 5
2026-09-25 03:14:13,862 [INFO] fl_ids.fl.client: Client 3 round 18: 182 of 5618 boosting-passed rows flagged; surfacing 50
2026-09-25 03:14:17,748 [INFO] fl_ids.fl.client: Client 4 round 18: 323 of 11403 boosting-passed rows flagged; surfacing 50
2026-09-25 03:14:22,447 [INFO] fl_ids.fl.client: Client 6 round 18: 33 of 2570 boosting-passed rows flagged; surfacing 33
2026-09-25 03:14:24,011 [INFO] fl_ids.fl.client: Client 7 round 18: 13 of 319 boosting-passed rows flagged; surfacing 13
2026-09-25 03:14:25,617 [INFO] fl_ids.fl.client: Client 8 round 18: 401 of 10264 boosting-passed rows flagged; surfacing 50
2026-09-25 03:14:29,658 [INFO] fl_ids.fl.client: Client 9 round 18: 71 of 1025 boosting-passed rows flagged; surfacing 50
2026-09-25 03:15:16,729 [INFO] fl_ids.models.boosting: Continued boosting training: +50 trees on 96103 rows (now 600 trees)
2026-09-25 03:15:16,730 [INFO] fl_ids.models.boosting_update: Round 18: boosting v7 (continue) from 252 alerts ({'DDoS_HTTP': 1, 'Normal': 240, 'Ransomware': 1, 'SQL_injection': 8, 'Uploading': 1, 'Vulnerability_scanner': 1}); 24 from excluded clients ignored
2026-09-25 03:15:17,098 [WARNING] fl_ids.fl.client: Client 5: no benign validation samples to evaluate on
2026-09-25 03:15:17,121 [INFO] fl_ids.eval.simulation: Round 18: mean_val_loss=0.0116, comm_bytes=583920
2026-09-25 03:15:37,710 [WARNING] fl_ids.fl.client: Client 5: no benign validation samples to evaluate on
2026-09-25 03:15:37,723 [INFO] fl_ids.eval.simulation: Round 19: mean_val_loss=0.0110, comm_bytes=583920
2026-09-25 03:15:58,563 [WARNING] fl_ids.fl.client: Client 5: no benign validation samples to evaluate on
2026-09-25 03:15:58,577 [INFO] fl_ids.eval.simulation: Round 20: mean_val_loss=0.0107, comm_bytes=583920
2026-09-25 03:15:58,605 [WARNING] fl_ids.eval.common: Clients [5] have no benign validation rows (infinite threshold); 272 test rows can't be flagged by the autoencoder
2026-09-25 03:15:59,549 [INFO] fl_ids.eval.zero_day: zero-day holdout=Port_Scanning run=malicious_fraction=0.20: detection_rate=0.975
2026-09-25 03:16:13,324 [WARNING] fl_ids.fl.client: Client 5: no benign validation samples to evaluate on
2026-09-25 03:16:13,337 [INFO] fl_ids.eval.simulation: Round 1: mean_val_loss=0.2876, comm_bytes=583920
2026-09-25 03:16:25,095 [WARNING] fl_ids.fl.client: Client 5: no benign validation samples to evaluate on
2026-09-25 03:16:25,107 [INFO] fl_ids.eval.simulation: Round 2: mean_val_loss=0.1041, comm_bytes=583920
2026-09-25 03:16:25,222 [INFO] fl_ids.fl.client: Client 0 round 3: 5 of 197 boosting-passed rows flagged; surfacing 5
2026-09-25 03:16:25,502 [INFO] fl_ids.fl.client: Client 1 round 3: 24 of 715 boosting-passed rows flagged; surfacing 24
2026-09-25 03:16:25,826 [INFO] fl_ids.fl.client: Client 2 round 3: 6 of 364 boosting-passed rows flagged; surfacing 6
2026-09-25 03:16:26,534 [INFO] fl_ids.fl.client: Client 3 round 3: 204 of 5623 boosting-passed rows flagged; surfacing 50
2026-09-25 03:16:28,815 [INFO] fl_ids.fl.client: Client 4 round 3: 428 of 11406 boosting-passed rows flagged; surfacing 50
2026-09-25 03:16:32,106 [INFO] fl_ids.fl.client: Client 6 round 3: 70 of 2572 boosting-passed rows flagged; surfacing 50
2026-09-25 03:16:32,881 [INFO] fl_ids.fl.client: Client 7 round 3: 5 of 329 boosting-passed rows flagged; surfacing 5
2026-09-25 03:16:33,920 [INFO] fl_ids.fl.client: Client 8 round 3: 357 of 10270 boosting-passed rows flagged; surfacing 50
2026-09-25 03:16:36,571 [INFO] fl_ids.fl.client: Client 9 round 3: 37 of 1036 boosting-passed rows flagged; surfacing 37
2026-09-25 03:17:02,055 [INFO] fl_ids.models.boosting: Continued boosting training: +50 trees on 94671 rows (now 350 trees)
2026-09-25 03:17:02,055 [INFO] fl_ids.models.boosting_update: Round 3: boosting v2 (continue) from 185 alerts ({'DDoS_HTTP': 2, 'Normal': 183}); 92 from excluded clients ignored
2026-09-25 03:17:02,272 [WARNING] fl_ids.fl.client: Client 5: no benign validation samples to evaluate on
2026-09-25 03:17:02,294 [INFO] fl_ids.eval.simulation: Round 3: mean_val_loss=0.0323, comm_bytes=583920
2026-09-25 03:17:18,986 [WARNING] fl_ids.fl.client: Client 5: no benign validation samples to evaluate on
2026-09-25 03:17:19,000 [INFO] fl_ids.eval.simulation: Round 4: mean_val_loss=0.0251, comm_bytes=583920
2026-09-25 03:17:33,239 [WARNING] fl_ids.fl.client: Client 5: no benign validation samples to evaluate on
2026-09-25 03:17:33,253 [INFO] fl_ids.eval.simulation: Round 5: mean_val_loss=0.0216, comm_bytes=583920
2026-09-25 03:17:33,390 [INFO] fl_ids.fl.client: Client 0 round 6: 8 of 197 boosting-passed rows flagged; surfacing 8
2026-09-25 03:17:33,714 [INFO] fl_ids.fl.client: Client 1 round 6: 8 of 716 boosting-passed rows flagged; surfacing 8
2026-09-25 03:17:34,060 [INFO] fl_ids.fl.client: Client 2 round 6: 6 of 363 boosting-passed rows flagged; surfacing 6
2026-09-25 03:17:34,913 [INFO] fl_ids.fl.client: Client 3 round 6: 169 of 5625 boosting-passed rows flagged; surfacing 50
2026-09-25 03:17:37,699 [INFO] fl_ids.fl.client: Client 4 round 6: 293 of 11406 boosting-passed rows flagged; surfacing 50
2026-09-25 03:17:41,539 [INFO] fl_ids.fl.client: Client 6 round 6: 56 of 2572 boosting-passed rows flagged; surfacing 50
2026-09-25 03:17:42,445 [INFO] fl_ids.fl.client: Client 7 round 6: 5 of 328 boosting-passed rows flagged; surfacing 5
2026-09-25 03:17:43,680 [INFO] fl_ids.fl.client: Client 8 round 6: 347 of 10268 boosting-passed rows flagged; surfacing 50
2026-09-25 03:17:46,604 [INFO] fl_ids.fl.client: Client 9 round 6: 48 of 1034 boosting-passed rows flagged; surfacing 48
2026-09-25 03:18:11,809 [INFO] fl_ids.models.boosting: Continued boosting training: +50 trees on 94840 rows (now 400 trees)
2026-09-25 03:18:11,809 [INFO] fl_ids.models.boosting_update: Round 6: boosting v3 (continue) from 169 alerts ({'Backdoor': 1, 'Fingerprinting': 1, 'Normal': 160, 'Ransomware': 1, 'Uploading': 6}); 106 from excluded clients ignored
2026-09-25 03:18:12,062 [WARNING] fl_ids.fl.client: Client 5: no benign validation samples to evaluate on
2026-09-25 03:18:12,068 [INFO] fl_ids.eval.simulation: Round 6: mean_val_loss=0.0198, comm_bytes=583920
2026-09-25 03:18:29,282 [WARNING] fl_ids.fl.client: Client 5: no benign validation samples to evaluate on
2026-09-25 03:18:29,329 [INFO] fl_ids.eval.simulation: Round 7: mean_val_loss=0.0235, comm_bytes=583920
2026-09-25 03:18:48,034 [WARNING] fl_ids.fl.client: Client 5: no benign validation samples to evaluate on
2026-09-25 03:18:48,063 [INFO] fl_ids.eval.simulation: Round 8: mean_val_loss=0.0239, comm_bytes=583920
2026-09-25 03:18:48,293 [INFO] fl_ids.fl.client: Client 0 round 9: 3 of 196 boosting-passed rows flagged; surfacing 3
2026-09-25 03:18:48,662 [INFO] fl_ids.fl.client: Client 1 round 9: 8 of 716 boosting-passed rows flagged; surfacing 8
2026-09-25 03:18:49,021 [INFO] fl_ids.fl.client: Client 2 round 9: 12 of 355 boosting-passed rows flagged; surfacing 12
2026-09-25 03:18:49,800 [INFO] fl_ids.fl.client: Client 3 round 9: 209 of 5622 boosting-passed rows flagged; surfacing 50
2026-09-25 03:18:52,572 [INFO] fl_ids.fl.client: Client 4 round 9: 321 of 11406 boosting-passed rows flagged; surfacing 50
2026-09-25 03:18:58,170 [INFO] fl_ids.fl.client: Client 6 round 9: 55 of 2572 boosting-passed rows flagged; surfacing 50
2026-09-25 03:18:59,053 [INFO] fl_ids.fl.client: Client 7 round 9: 5 of 331 boosting-passed rows flagged; surfacing 5
2026-09-25 03:19:00,240 [INFO] fl_ids.fl.client: Client 8 round 9: 266 of 10269 boosting-passed rows flagged; surfacing 50
2026-09-25 03:19:03,153 [INFO] fl_ids.fl.client: Client 9 round 9: 49 of 1035 boosting-passed rows flagged; surfacing 49
2026-09-25 03:19:27,361 [INFO] fl_ids.models.boosting: Continued boosting training: +50 trees on 95064 rows (now 450 trees)
2026-09-25 03:19:27,361 [INFO] fl_ids.models.boosting_update: Round 9: boosting v4 (continue) from 224 alerts ({'Backdoor': 2, 'Fingerprinting': 1, 'Normal': 214, 'SQL_injection': 3, 'Uploading': 3, 'XSS': 1}); 53 from excluded clients ignored
2026-09-25 03:19:27,570 [WARNING] fl_ids.fl.client: Client 5: no benign validation samples to evaluate on
2026-09-25 03:19:27,580 [INFO] fl_ids.eval.simulation: Round 9: mean_val_loss=0.0232, comm_bytes=583920
2026-09-25 03:19:40,984 [WARNING] fl_ids.fl.client: Client 5: no benign validation samples to evaluate on
2026-09-25 03:19:40,996 [INFO] fl_ids.eval.simulation: Round 10: mean_val_loss=0.0239, comm_bytes=583920
2026-09-25 03:19:58,827 [WARNING] fl_ids.fl.client: Client 5: no benign validation samples to evaluate on
2026-09-25 03:19:58,840 [INFO] fl_ids.eval.simulation: Round 11: mean_val_loss=0.0200, comm_bytes=583920
2026-09-25 03:19:58,969 [INFO] fl_ids.fl.client: Client 0 round 12: 3 of 192 boosting-passed rows flagged; surfacing 3
2026-09-25 03:19:59,263 [INFO] fl_ids.fl.client: Client 1 round 12: 76 of 716 boosting-passed rows flagged; surfacing 50
2026-09-25 03:19:59,628 [INFO] fl_ids.fl.client: Client 2 round 12: 6 of 355 boosting-passed rows flagged; surfacing 6
2026-09-25 03:20:00,653 [INFO] fl_ids.fl.client: Client 3 round 12: 151 of 5622 boosting-passed rows flagged; surfacing 50
2026-09-25 03:20:04,461 [INFO] fl_ids.fl.client: Client 4 round 12: 314 of 11404 boosting-passed rows flagged; surfacing 50
2026-09-25 03:20:09,778 [INFO] fl_ids.fl.client: Client 6 round 12: 56 of 2571 boosting-passed rows flagged; surfacing 50
2026-09-25 03:20:11,117 [INFO] fl_ids.fl.client: Client 7 round 12: 5 of 329 boosting-passed rows flagged; surfacing 5
2026-09-25 03:20:12,372 [INFO] fl_ids.fl.client: Client 8 round 12: 262 of 10268 boosting-passed rows flagged; surfacing 50
2026-09-25 03:20:16,362 [INFO] fl_ids.fl.client: Client 9 round 12: 38 of 1033 boosting-passed rows flagged; surfacing 38
2026-09-25 03:20:54,359 [INFO] fl_ids.models.boosting: Continued boosting training: +50 trees on 95275 rows (now 500 trees)
2026-09-25 03:20:54,359 [INFO] fl_ids.models.boosting_update: Round 12: boosting v5 (continue) from 211 alerts ({'Backdoor': 4, 'DDoS_HTTP': 3, 'Fingerprinting': 1, 'Normal': 170, 'Password': 24, 'Ransomware': 1, 'Uploading': 3, 'XSS': 5}); 91 from excluded clients ignored
2026-09-25 03:20:54,579 [WARNING] fl_ids.fl.client: Client 5: no benign validation samples to evaluate on
2026-09-25 03:20:54,588 [INFO] fl_ids.eval.simulation: Round 12: mean_val_loss=0.0180, comm_bytes=583920
2026-09-25 03:21:08,578 [WARNING] fl_ids.fl.client: Client 5: no benign validation samples to evaluate on
2026-09-25 03:21:08,590 [INFO] fl_ids.eval.simulation: Round 13: mean_val_loss=0.0241, comm_bytes=583920
2026-09-25 03:21:24,099 [WARNING] fl_ids.fl.client: Client 5: no benign validation samples to evaluate on
2026-09-25 03:21:24,112 [INFO] fl_ids.eval.simulation: Round 14: mean_val_loss=0.0143, comm_bytes=583920
2026-09-25 03:21:24,269 [INFO] fl_ids.fl.client: Client 0 round 15: 3 of 194 boosting-passed rows flagged; surfacing 3
2026-09-25 03:21:24,618 [INFO] fl_ids.fl.client: Client 1 round 15: 28 of 715 boosting-passed rows flagged; surfacing 28
2026-09-25 03:21:25,059 [INFO] fl_ids.fl.client: Client 2 round 15: 9 of 354 boosting-passed rows flagged; surfacing 9
2026-09-25 03:21:26,200 [INFO] fl_ids.fl.client: Client 3 round 15: 174 of 5616 boosting-passed rows flagged; surfacing 50
2026-09-25 03:21:29,688 [INFO] fl_ids.fl.client: Client 4 round 15: 375 of 11403 boosting-passed rows flagged; surfacing 50
2026-09-25 03:21:34,292 [INFO] fl_ids.fl.client: Client 6 round 15: 57 of 2573 boosting-passed rows flagged; surfacing 50
2026-09-25 03:21:35,433 [INFO] fl_ids.fl.client: Client 7 round 15: 4 of 327 boosting-passed rows flagged; surfacing 4
2026-09-25 03:21:37,341 [INFO] fl_ids.fl.client: Client 8 round 15: 261 of 10265 boosting-passed rows flagged; surfacing 50
2026-09-25 03:21:40,575 [INFO] fl_ids.fl.client: Client 9 round 15: 42 of 1029 boosting-passed rows flagged; surfacing 42
2026-09-25 03:22:16,091 [INFO] fl_ids.models.boosting: Continued boosting training: +50 trees on 95558 rows (now 550 trees)
2026-09-25 03:22:16,091 [INFO] fl_ids.models.boosting_update: Round 15: boosting v6 (continue) from 283 alerts ({'Backdoor': 2, 'Fingerprinting': 1, 'Normal': 277, 'Uploading': 2, 'Vulnerability_scanner': 1}); 3 from excluded clients ignored
2026-09-25 03:22:16,329 [WARNING] fl_ids.fl.client: Client 5: no benign validation samples to evaluate on
2026-09-25 03:22:16,339 [INFO] fl_ids.eval.simulation: Round 15: mean_val_loss=0.0220, comm_bytes=583920
2026-09-25 03:22:34,514 [WARNING] fl_ids.fl.client: Client 5: no benign validation samples to evaluate on
2026-09-25 03:22:34,527 [INFO] fl_ids.eval.simulation: Round 16: mean_val_loss=0.0220, comm_bytes=583920
2026-09-25 03:22:52,906 [WARNING] fl_ids.fl.client: Client 5: no benign validation samples to evaluate on
2026-09-25 03:22:52,919 [INFO] fl_ids.eval.simulation: Round 17: mean_val_loss=0.0163, comm_bytes=583920
2026-09-25 03:22:53,090 [INFO] fl_ids.fl.client: Client 0 round 18: 3 of 195 boosting-passed rows flagged; surfacing 3
2026-09-25 03:22:53,521 [INFO] fl_ids.fl.client: Client 1 round 18: 33 of 711 boosting-passed rows flagged; surfacing 33
2026-09-25 03:22:53,896 [INFO] fl_ids.fl.client: Client 2 round 18: 10 of 353 boosting-passed rows flagged; surfacing 10
2026-09-25 03:22:54,961 [INFO] fl_ids.fl.client: Client 3 round 18: 199 of 5617 boosting-passed rows flagged; surfacing 50
2026-09-25 03:22:58,667 [INFO] fl_ids.fl.client: Client 4 round 18: 395 of 11402 boosting-passed rows flagged; surfacing 50
2026-09-25 03:23:03,725 [INFO] fl_ids.fl.client: Client 6 round 18: 57 of 2573 boosting-passed rows flagged; surfacing 50
2026-09-25 03:23:04,599 [INFO] fl_ids.fl.client: Client 7 round 18: 5 of 324 boosting-passed rows flagged; surfacing 5
2026-09-25 03:23:06,187 [INFO] fl_ids.fl.client: Client 8 round 18: 329 of 10265 boosting-passed rows flagged; surfacing 50
2026-09-25 03:23:09,103 [INFO] fl_ids.fl.client: Client 9 round 18: 57 of 1025 boosting-passed rows flagged; surfacing 50
2026-09-25 03:23:54,574 [INFO] fl_ids.models.boosting: Continued boosting training: +50 trees on 95859 rows (now 600 trees)
2026-09-25 03:23:54,575 [INFO] fl_ids.models.boosting_update: Round 18: boosting v7 (continue) from 301 alerts ({'Backdoor': 1, 'Normal': 293, 'Password': 1, 'Uploading': 2, 'Vulnerability_scanner': 1, 'XSS': 3}); 0 from excluded clients ignored
2026-09-25 03:23:54,950 [WARNING] fl_ids.fl.client: Client 5: no benign validation samples to evaluate on
2026-09-25 03:23:54,981 [INFO] fl_ids.eval.simulation: Round 18: mean_val_loss=0.0182, comm_bytes=583920
2026-09-25 03:24:13,838 [WARNING] fl_ids.fl.client: Client 5: no benign validation samples to evaluate on
2026-09-25 03:24:13,853 [INFO] fl_ids.eval.simulation: Round 19: mean_val_loss=0.0240, comm_bytes=583920
2026-09-25 03:24:29,538 [WARNING] fl_ids.fl.client: Client 5: no benign validation samples to evaluate on
2026-09-25 03:24:29,550 [INFO] fl_ids.eval.simulation: Round 20: mean_val_loss=0.0139, comm_bytes=583920
2026-09-25 03:24:29,576 [WARNING] fl_ids.eval.common: Clients [5] have no benign validation rows (infinite threshold); 272 test rows can't be flagged by the autoencoder
2026-09-25 03:24:30,463 [INFO] fl_ids.eval.zero_day: zero-day holdout=Port_Scanning run=malicious_fraction=0.30: detection_rate=0.981
2026-09-25 03:24:42,140 [WARNING] fl_ids.fl.client: Client 5: no benign validation samples to evaluate on
2026-09-25 03:24:42,153 [INFO] fl_ids.eval.simulation: Round 1: mean_val_loss=0.2632, comm_bytes=583920
2026-09-25 03:24:53,490 [WARNING] fl_ids.fl.client: Client 5: no benign validation samples to evaluate on
2026-09-25 03:24:53,502 [INFO] fl_ids.eval.simulation: Round 2: mean_val_loss=0.1018, comm_bytes=583920
2026-09-25 03:24:53,610 [INFO] fl_ids.fl.client: Client 0 round 3: 5 of 197 boosting-passed rows flagged; surfacing 5
2026-09-25 03:24:53,878 [INFO] fl_ids.fl.client: Client 1 round 3: 32 of 715 boosting-passed rows flagged; surfacing 32
2026-09-25 03:24:54,259 [INFO] fl_ids.fl.client: Client 2 round 3: 9 of 364 boosting-passed rows flagged; surfacing 9
2026-09-25 03:24:55,207 [INFO] fl_ids.fl.client: Client 3 round 3: 183 of 5623 boosting-passed rows flagged; surfacing 50
2026-09-25 03:24:58,279 [INFO] fl_ids.fl.client: Client 4 round 3: 370 of 11406 boosting-passed rows flagged; surfacing 50
2026-09-25 03:25:02,623 [INFO] fl_ids.fl.client: Client 6 round 3: 59 of 2572 boosting-passed rows flagged; surfacing 50
2026-09-25 03:25:03,806 [INFO] fl_ids.fl.client: Client 7 round 3: 8 of 329 boosting-passed rows flagged; surfacing 8
2026-09-25 03:25:04,658 [INFO] fl_ids.fl.client: Client 8 round 3: 319 of 10270 boosting-passed rows flagged; surfacing 50
2026-09-25 03:25:08,725 [INFO] fl_ids.fl.client: Client 9 round 3: 30 of 1036 boosting-passed rows flagged; surfacing 30
2026-09-25 03:25:35,551 [INFO] fl_ids.models.boosting: Continued boosting training: +50 trees on 94665 rows (now 350 trees)
2026-09-25 03:25:35,551 [INFO] fl_ids.models.boosting_update: Round 3: boosting v2 (continue) from 179 alerts ({'Backdoor': 2, 'DDoS_HTTP': 1, 'Normal': 176}); 105 from excluded clients ignored
2026-09-25 03:25:35,740 [WARNING] fl_ids.fl.client: Client 5: no benign validation samples to evaluate on
2026-09-25 03:25:35,751 [INFO] fl_ids.eval.simulation: Round 3: mean_val_loss=0.0416, comm_bytes=583920
2026-09-25 03:25:47,647 [WARNING] fl_ids.fl.client: Client 5: no benign validation samples to evaluate on
2026-09-25 03:25:47,661 [INFO] fl_ids.eval.simulation: Round 4: mean_val_loss=0.0277, comm_bytes=583920
2026-09-25 03:25:59,627 [WARNING] fl_ids.fl.client: Client 5: no benign validation samples to evaluate on
2026-09-25 03:25:59,639 [INFO] fl_ids.eval.simulation: Round 5: mean_val_loss=0.0228, comm_bytes=583920
2026-09-25 03:25:59,765 [INFO] fl_ids.fl.client: Client 0 round 6: 8 of 196 boosting-passed rows flagged; surfacing 8
2026-09-25 03:26:00,077 [INFO] fl_ids.fl.client: Client 1 round 6: 13 of 714 boosting-passed rows flagged; surfacing 13
2026-09-25 03:26:00,406 [INFO] fl_ids.fl.client: Client 2 round 6: 6 of 362 boosting-passed rows flagged; surfacing 6
2026-09-25 03:26:01,196 [INFO] fl_ids.fl.client: Client 3 round 6: 161 of 5627 boosting-passed rows flagged; surfacing 50
2026-09-25 03:26:03,603 [INFO] fl_ids.fl.client: Client 4 round 6: 341 of 11408 boosting-passed rows flagged; surfacing 50
2026-09-25 03:26:06,872 [INFO] fl_ids.fl.client: Client 6 round 6: 55 of 2572 boosting-passed rows flagged; surfacing 50
2026-09-25 03:26:07,636 [INFO] fl_ids.fl.client: Client 7 round 6: 4 of 331 boosting-passed rows flagged; surfacing 4
2026-09-25 03:26:08,854 [INFO] fl_ids.fl.client: Client 8 round 6: 469 of 10273 boosting-passed rows flagged; surfacing 50
2026-09-25 03:26:11,420 [INFO] fl_ids.fl.client: Client 9 round 6: 44 of 1037 boosting-passed rows flagged; surfacing 44
2026-09-25 03:26:41,755 [INFO] fl_ids.models.boosting: Continued boosting training: +50 trees on 94832 rows (now 400 trees)
2026-09-25 03:26:41,755 [INFO] fl_ids.models.boosting_update: Round 6: boosting v3 (continue) from 167 alerts ({'Backdoor': 3, 'Fingerprinting': 1, 'Normal': 156, 'Ransomware': 1, 'Uploading': 6}); 108 from excluded clients ignored
2026-09-25 03:26:41,996 [WARNING] fl_ids.fl.client: Client 5: no benign validation samples to evaluate on
2026-09-25 03:26:42,014 [INFO] fl_ids.eval.simulation: Round 6: mean_val_loss=0.0217, comm_bytes=583920
2026-09-25 03:26:59,062 [WARNING] fl_ids.fl.client: Client 5: no benign validation samples to evaluate on
2026-09-25 03:26:59,075 [INFO] fl_ids.eval.simulation: Round 7: mean_val_loss=0.0207, comm_bytes=583920
2026-09-25 03:27:11,947 [WARNING] fl_ids.fl.client: Client 5: no benign validation samples to evaluate on
2026-09-25 03:27:11,960 [INFO] fl_ids.eval.simulation: Round 8: mean_val_loss=0.0193, comm_bytes=583920
2026-09-25 03:27:12,112 [INFO] fl_ids.fl.client: Client 0 round 9: 7 of 194 boosting-passed rows flagged; surfacing 7
2026-09-25 03:27:12,458 [INFO] fl_ids.fl.client: Client 1 round 9: 8 of 714 boosting-passed rows flagged; surfacing 8
2026-09-25 03:27:12,801 [INFO] fl_ids.fl.client: Client 2 round 9: 13 of 358 boosting-passed rows flagged; surfacing 13
2026-09-25 03:27:13,697 [INFO] fl_ids.fl.client: Client 3 round 9: 188 of 5627 boosting-passed rows flagged; surfacing 50
2026-09-25 03:27:16,239 [INFO] fl_ids.fl.client: Client 4 round 9: 266 of 11407 boosting-passed rows flagged; surfacing 50
2026-09-25 03:27:19,609 [INFO] fl_ids.fl.client: Client 6 round 9: 56 of 2572 boosting-passed rows flagged; surfacing 50
2026-09-25 03:27:20,390 [INFO] fl_ids.fl.client: Client 7 round 9: 6 of 331 boosting-passed rows flagged; surfacing 6
2026-09-25 03:27:21,737 [INFO] fl_ids.fl.client: Client 8 round 9: 298 of 10271 boosting-passed rows flagged; surfacing 50
2026-09-25 03:27:24,351 [INFO] fl_ids.fl.client: Client 9 round 9: 51 of 1034 boosting-passed rows flagged; surfacing 50
2026-09-25 03:27:49,402 [INFO] fl_ids.models.boosting: Continued boosting training: +50 trees on 95009 rows (now 450 trees)
2026-09-25 03:27:49,403 [INFO] fl_ids.models.boosting_update: Round 9: boosting v4 (continue) from 177 alerts ({'Backdoor': 3, 'Fingerprinting': 1, 'Normal': 166, 'SQL_injection': 1, 'Uploading': 4, 'Vulnerability_scanner': 1, 'XSS': 1}); 107 from excluded clients ignored
2026-09-25 03:27:49,794 [WARNING] fl_ids.fl.client: Client 5: no benign validation samples to evaluate on
2026-09-25 03:27:49,829 [INFO] fl_ids.eval.simulation: Round 9: mean_val_loss=0.0171, comm_bytes=583920
2026-09-25 03:28:06,686 [WARNING] fl_ids.fl.client: Client 5: no benign validation samples to evaluate on
2026-09-25 03:28:06,720 [INFO] fl_ids.eval.simulation: Round 10: mean_val_loss=0.0187, comm_bytes=583920
2026-09-25 03:28:24,477 [WARNING] fl_ids.fl.client: Client 5: no benign validation samples to evaluate on
2026-09-25 03:28:24,496 [INFO] fl_ids.eval.simulation: Round 11: mean_val_loss=0.0160, comm_bytes=583920
2026-09-25 03:28:24,624 [INFO] fl_ids.fl.client: Client 0 round 12: 5 of 195 boosting-passed rows flagged; surfacing 5
2026-09-25 03:28:25,088 [INFO] fl_ids.fl.client: Client 1 round 12: 30 of 715 boosting-passed rows flagged; surfacing 30
2026-09-25 03:28:25,768 [INFO] fl_ids.fl.client: Client 2 round 12: 10 of 358 boosting-passed rows flagged; surfacing 10
2026-09-25 03:28:26,637 [INFO] fl_ids.fl.client: Client 3 round 12: 189 of 5623 boosting-passed rows flagged; surfacing 50
2026-09-25 03:28:29,782 [INFO] fl_ids.fl.client: Client 4 round 12: 286 of 11408 boosting-passed rows flagged; surfacing 50
2026-09-25 03:28:34,213 [INFO] fl_ids.fl.client: Client 6 round 12: 57 of 2573 boosting-passed rows flagged; surfacing 50
2026-09-25 03:28:35,213 [INFO] fl_ids.fl.client: Client 7 round 12: 3 of 327 boosting-passed rows flagged; surfacing 3
2026-09-25 03:28:36,631 [INFO] fl_ids.fl.client: Client 8 round 12: 313 of 10270 boosting-passed rows flagged; surfacing 50
2026-09-25 03:28:40,590 [INFO] fl_ids.fl.client: Client 9 round 12: 52 of 1033 boosting-passed rows flagged; surfacing 50
2026-09-25 03:29:14,357 [INFO] fl_ids.models.boosting: Continued boosting training: +50 trees on 95152 rows (now 500 trees)
2026-09-25 03:29:14,358 [INFO] fl_ids.models.boosting_update: Round 12: boosting v5 (continue) from 143 alerts ({'Backdoor': 1, 'Fingerprinting': 1, 'Normal': 134, 'Password': 1, 'SQL_injection': 1, 'Uploading': 2, 'XSS': 3}); 155 from excluded clients ignored
2026-09-25 03:29:14,576 [WARNING] fl_ids.fl.client: Client 5: no benign validation samples to evaluate on
2026-09-25 03:29:14,586 [INFO] fl_ids.eval.simulation: Round 12: mean_val_loss=0.0226, comm_bytes=583920
2026-09-25 03:29:30,688 [WARNING] fl_ids.fl.client: Client 5: no benign validation samples to evaluate on
2026-09-25 03:29:30,701 [INFO] fl_ids.eval.simulation: Round 13: mean_val_loss=0.0144, comm_bytes=583920
2026-09-25 03:29:48,730 [WARNING] fl_ids.fl.client: Client 5: no benign validation samples to evaluate on
2026-09-25 03:29:48,744 [INFO] fl_ids.eval.simulation: Round 14: mean_val_loss=0.0231, comm_bytes=583920
2026-09-25 03:29:48,898 [INFO] fl_ids.fl.client: Client 0 round 15: 47 of 198 boosting-passed rows flagged; surfacing 47
2026-09-25 03:29:49,236 [INFO] fl_ids.fl.client: Client 1 round 15: 7 of 712 boosting-passed rows flagged; surfacing 7
2026-09-25 03:29:49,651 [INFO] fl_ids.fl.client: Client 2 round 15: 8 of 355 boosting-passed rows flagged; surfacing 8
2026-09-25 03:29:51,362 [INFO] fl_ids.fl.client: Client 3 round 15: 181 of 5620 boosting-passed rows flagged; surfacing 50
2026-09-25 03:29:54,505 [INFO] fl_ids.fl.client: Client 4 round 15: 347 of 11405 boosting-passed rows flagged; surfacing 50
2026-09-25 03:29:59,056 [INFO] fl_ids.fl.client: Client 6 round 15: 58 of 2574 boosting-passed rows flagged; surfacing 50
2026-09-25 03:29:59,958 [INFO] fl_ids.fl.client: Client 7 round 15: 4 of 324 boosting-passed rows flagged; surfacing 4
2026-09-25 03:30:01,513 [INFO] fl_ids.fl.client: Client 8 round 15: 304 of 10267 boosting-passed rows flagged; surfacing 50
2026-09-25 03:30:04,397 [INFO] fl_ids.fl.client: Client 9 round 15: 46 of 1031 boosting-passed rows flagged; surfacing 46
2026-09-25 03:30:40,159 [INFO] fl_ids.models.boosting: Continued boosting training: +50 trees on 95317 rows (now 550 trees)
2026-09-25 03:30:40,159 [INFO] fl_ids.models.boosting_update: Round 15: boosting v6 (continue) from 165 alerts ({'Backdoor': 3, 'Fingerprinting': 1, 'Normal': 157, 'Password': 1, 'Ransomware': 1, 'SQL_injection': 1, 'Uploading': 1}); 147 from excluded clients ignored
2026-09-25 03:30:40,477 [WARNING] fl_ids.fl.client: Client 5: no benign validation samples to evaluate on
2026-09-25 03:30:40,500 [INFO] fl_ids.eval.simulation: Round 15: mean_val_loss=0.0161, comm_bytes=583920
2026-09-25 03:30:58,341 [WARNING] fl_ids.fl.client: Client 5: no benign validation samples to evaluate on
2026-09-25 03:30:58,361 [INFO] fl_ids.eval.simulation: Round 16: mean_val_loss=0.0262, comm_bytes=583920
2026-09-25 03:31:14,299 [WARNING] fl_ids.fl.client: Client 5: no benign validation samples to evaluate on
2026-09-25 03:31:14,312 [INFO] fl_ids.eval.simulation: Round 17: mean_val_loss=0.0175, comm_bytes=583920
2026-09-25 03:31:14,525 [INFO] fl_ids.fl.client: Client 0 round 18: 14 of 197 boosting-passed rows flagged; surfacing 14
2026-09-25 03:31:14,989 [INFO] fl_ids.fl.client: Client 1 round 18: 26 of 711 boosting-passed rows flagged; surfacing 26
2026-09-25 03:31:15,405 [INFO] fl_ids.fl.client: Client 2 round 18: 8 of 350 boosting-passed rows flagged; surfacing 8
2026-09-25 03:31:16,647 [INFO] fl_ids.fl.client: Client 3 round 18: 179 of 5619 boosting-passed rows flagged; surfacing 50
2026-09-25 03:31:19,806 [INFO] fl_ids.fl.client: Client 4 round 18: 280 of 11405 boosting-passed rows flagged; surfacing 50
2026-09-25 03:31:23,446 [INFO] fl_ids.fl.client: Client 6 round 18: 61 of 2572 boosting-passed rows flagged; surfacing 50
2026-09-25 03:31:24,318 [INFO] fl_ids.fl.client: Client 7 round 18: 3 of 322 boosting-passed rows flagged; surfacing 3
2026-09-25 03:31:26,225 [INFO] fl_ids.fl.client: Client 8 round 18: 285 of 10266 boosting-passed rows flagged; surfacing 50
2026-09-25 03:31:28,962 [INFO] fl_ids.fl.client: Client 9 round 18: 47 of 1028 boosting-passed rows flagged; surfacing 47
2026-09-25 03:32:16,633 [INFO] fl_ids.models.boosting: Continued boosting training: +50 trees on 95504 rows (now 600 trees)
2026-09-25 03:32:16,633 [INFO] fl_ids.models.boosting_update: Round 18: boosting v7 (continue) from 187 alerts ({'Normal': 184, 'Ransomware': 2, 'Uploading': 1}); 111 from excluded clients ignored
2026-09-25 03:32:16,907 [WARNING] fl_ids.fl.client: Client 5: no benign validation samples to evaluate on
2026-09-25 03:32:16,918 [INFO] fl_ids.eval.simulation: Round 18: mean_val_loss=0.0347, comm_bytes=583920
2026-09-25 03:32:32,789 [WARNING] fl_ids.fl.client: Client 5: no benign validation samples to evaluate on
2026-09-25 03:32:32,801 [INFO] fl_ids.eval.simulation: Round 19: mean_val_loss=0.0343, comm_bytes=583920
2026-09-25 03:32:48,626 [WARNING] fl_ids.fl.client: Client 5: no benign validation samples to evaluate on
2026-09-25 03:32:48,637 [INFO] fl_ids.eval.simulation: Round 20: mean_val_loss=0.0198, comm_bytes=583920
2026-09-25 03:32:48,668 [WARNING] fl_ids.eval.common: Clients [5] have no benign validation rows (infinite threshold); 272 test rows can't be flagged by the autoencoder
2026-09-25 03:32:49,586 [INFO] fl_ids.eval.zero_day: zero-day holdout=Port_Scanning run=malicious_fraction=0.40: detection_rate=0.975
2026-09-25 03:33:03,443 [WARNING] fl_ids.fl.client: Client 5: no benign validation samples to evaluate on
2026-09-25 03:33:03,458 [INFO] fl_ids.eval.simulation: Round 1: mean_val_loss=0.3879, comm_bytes=583920
2026-09-25 03:33:18,860 [WARNING] fl_ids.fl.client: Client 5: no benign validation samples to evaluate on
2026-09-25 03:33:18,873 [INFO] fl_ids.eval.simulation: Round 2: mean_val_loss=1.4335, comm_bytes=583920
2026-09-25 03:33:18,983 [INFO] fl_ids.fl.client: Client 0 round 3: 3 of 197 boosting-passed rows flagged; surfacing 3
2026-09-25 03:33:19,242 [INFO] fl_ids.fl.client: Client 1 round 3: 3 of 715 boosting-passed rows flagged; surfacing 3
2026-09-25 03:33:19,547 [INFO] fl_ids.fl.client: Client 2 round 3: 0 of 364 boosting-passed rows flagged; surfacing 0
2026-09-25 03:33:20,130 [INFO] fl_ids.fl.client: Client 3 round 3: 145 of 5623 boosting-passed rows flagged; surfacing 50
2026-09-25 03:33:23,099 [INFO] fl_ids.fl.client: Client 4 round 3: 276 of 11406 boosting-passed rows flagged; surfacing 50
2026-09-25 03:33:27,470 [INFO] fl_ids.fl.client: Client 6 round 3: 48 of 2572 boosting-passed rows flagged; surfacing 48
2026-09-25 03:33:29,387 [INFO] fl_ids.fl.client: Client 7 round 3: 2 of 329 boosting-passed rows flagged; surfacing 2
2026-09-25 03:33:30,292 [INFO] fl_ids.fl.client: Client 8 round 3: 405 of 10270 boosting-passed rows flagged; surfacing 50
2026-09-25 03:33:33,858 [INFO] fl_ids.fl.client: Client 9 round 3: 27 of 1036 boosting-passed rows flagged; surfacing 27
2026-09-25 03:33:55,299 [INFO] fl_ids.models.boosting: Continued boosting training: +50 trees on 94591 rows (now 350 trees)
2026-09-25 03:33:55,299 [INFO] fl_ids.models.boosting_update: Round 3: boosting v2 (continue) from 105 alerts ({'Normal': 105}); 128 from excluded clients ignored
2026-09-25 03:33:55,465 [WARNING] fl_ids.fl.client: Client 5: no benign validation samples to evaluate on
2026-09-25 03:33:55,475 [INFO] fl_ids.eval.simulation: Round 3: mean_val_loss=255.6009, comm_bytes=583920
2026-09-25 03:34:07,406 [WARNING] fl_ids.fl.client: Client 5: no benign validation samples to evaluate on
2026-09-25 03:34:07,418 [INFO] fl_ids.eval.simulation: Round 4: mean_val_loss=81157.5746, comm_bytes=583920
2026-09-25 03:34:21,102 [WARNING] fl_ids.fl.client: Client 5: no benign validation samples to evaluate on
2026-09-25 03:34:21,115 [INFO] fl_ids.eval.simulation: Round 5: mean_val_loss=10274108.4486, comm_bytes=583920
2026-09-25 03:34:21,220 [INFO] fl_ids.fl.client: Client 0 round 6: 3 of 197 boosting-passed rows flagged; surfacing 3
2026-09-25 03:34:21,456 [INFO] fl_ids.fl.client: Client 1 round 6: 6 of 715 boosting-passed rows flagged; surfacing 6
2026-09-25 03:34:21,742 [INFO] fl_ids.fl.client: Client 2 round 6: 3 of 359 boosting-passed rows flagged; surfacing 3
2026-09-25 03:34:22,408 [INFO] fl_ids.fl.client: Client 3 round 6: 131 of 5627 boosting-passed rows flagged; surfacing 50
2026-09-25 03:34:25,083 [INFO] fl_ids.fl.client: Client 4 round 6: 287 of 11409 boosting-passed rows flagged; surfacing 50
2026-09-25 03:34:30,107 [INFO] fl_ids.fl.client: Client 6 round 6: 101 of 2572 boosting-passed rows flagged; surfacing 50
2026-09-25 03:34:30,924 [INFO] fl_ids.fl.client: Client 7 round 6: 9 of 329 boosting-passed rows flagged; surfacing 9
2026-09-25 03:34:31,876 [INFO] fl_ids.fl.client: Client 8 round 6: 384 of 10270 boosting-passed rows flagged; surfacing 50
2026-09-25 03:34:35,836 [INFO] fl_ids.fl.client: Client 9 round 6: 31 of 1035 boosting-passed rows flagged; surfacing 31
2026-09-25 03:35:06,107 [INFO] fl_ids.models.boosting: Continued boosting training: +50 trees on 94703 rows (now 400 trees)
2026-09-25 03:35:06,107 [INFO] fl_ids.models.boosting_update: Round 6: boosting v3 (continue) from 112 alerts ({'Normal': 112}); 140 from excluded clients ignored
2026-09-25 03:35:06,319 [WARNING] fl_ids.fl.client: Client 5: no benign validation samples to evaluate on
2026-09-25 03:35:06,334 [INFO] fl_ids.eval.simulation: Round 6: mean_val_loss=515801359.5986, comm_bytes=583920
2026-09-25 03:35:19,336 [WARNING] fl_ids.fl.client: Client 5: no benign validation samples to evaluate on
2026-09-25 03:35:19,348 [INFO] fl_ids.eval.simulation: Round 7: mean_val_loss=13274342269.4920, comm_bytes=583920
2026-09-25 03:35:32,392 [WARNING] fl_ids.fl.client: Client 5: no benign validation samples to evaluate on
2026-09-25 03:35:32,406 [INFO] fl_ids.eval.simulation: Round 8: mean_val_loss=178743776197.3089, comm_bytes=583920
2026-09-25 03:35:32,559 [INFO] fl_ids.fl.client: Client 0 round 9: 3 of 196 boosting-passed rows flagged; surfacing 3
2026-09-25 03:35:32,924 [INFO] fl_ids.fl.client: Client 1 round 9: 5 of 717 boosting-passed rows flagged; surfacing 5
2026-09-25 03:35:33,274 [INFO] fl_ids.fl.client: Client 2 round 9: 3 of 357 boosting-passed rows flagged; surfacing 3
2026-09-25 03:35:34,154 [INFO] fl_ids.fl.client: Client 3 round 9: 127 of 5624 boosting-passed rows flagged; surfacing 50
2026-09-25 03:35:36,773 [INFO] fl_ids.fl.client: Client 4 round 9: 271 of 11407 boosting-passed rows flagged; surfacing 50
2026-09-25 03:35:40,201 [INFO] fl_ids.fl.client: Client 6 round 9: 116 of 2572 boosting-passed rows flagged; surfacing 50
2026-09-25 03:35:40,997 [INFO] fl_ids.fl.client: Client 7 round 9: 9 of 328 boosting-passed rows flagged; surfacing 9
2026-09-25 03:35:42,356 [INFO] fl_ids.fl.client: Client 8 round 9: 418 of 10268 boosting-passed rows flagged; surfacing 50
2026-09-25 03:35:44,954 [INFO] fl_ids.fl.client: Client 9 round 9: 29 of 1037 boosting-passed rows flagged; surfacing 29
2026-09-25 03:36:19,937 [INFO] fl_ids.models.boosting: Continued boosting training: +50 trees on 94815 rows (now 450 trees)
2026-09-25 03:36:19,937 [INFO] fl_ids.models.boosting_update: Round 9: boosting v4 (continue) from 112 alerts ({'Normal': 112}); 137 from excluded clients ignored
2026-09-25 03:36:20,202 [WARNING] fl_ids.fl.client: Client 5: no benign validation samples to evaluate on
2026-09-25 03:36:20,223 [INFO] fl_ids.eval.simulation: Round 9: mean_val_loss=1728952667088.1846, comm_bytes=583920
2026-09-25 03:36:34,607 [WARNING] fl_ids.fl.client: Client 5: no benign validation samples to evaluate on
2026-09-25 03:36:34,627 [INFO] fl_ids.eval.simulation: Round 10: mean_val_loss=11788104273106.2012, comm_bytes=583920
2026-09-25 03:36:48,234 [WARNING] fl_ids.fl.client: Client 5: no benign validation samples to evaluate on
2026-09-25 03:36:48,247 [INFO] fl_ids.eval.simulation: Round 11: mean_val_loss=68271866488678.6172, comm_bytes=583920
2026-09-25 03:36:48,381 [INFO] fl_ids.fl.client: Client 0 round 12: 3 of 197 boosting-passed rows flagged; surfacing 3
2026-09-25 03:36:48,711 [INFO] fl_ids.fl.client: Client 1 round 12: 5 of 715 boosting-passed rows flagged; surfacing 5
2026-09-25 03:36:49,089 [INFO] fl_ids.fl.client: Client 2 round 12: 3 of 358 boosting-passed rows flagged; surfacing 3
2026-09-25 03:36:50,153 [INFO] fl_ids.fl.client: Client 3 round 12: 149 of 5626 boosting-passed rows flagged; surfacing 50
2026-09-25 03:36:52,931 [INFO] fl_ids.fl.client: Client 4 round 12: 270 of 11406 boosting-passed rows flagged; surfacing 50
2026-09-25 03:36:56,635 [INFO] fl_ids.fl.client: Client 6 round 12: 106 of 2573 boosting-passed rows flagged; surfacing 50
2026-09-25 03:36:57,666 [INFO] fl_ids.fl.client: Client 7 round 12: 9 of 325 boosting-passed rows flagged; surfacing 9
2026-09-25 03:36:58,926 [INFO] fl_ids.fl.client: Client 8 round 12: 432 of 10270 boosting-passed rows flagged; surfacing 50
2026-09-25 03:37:02,035 [INFO] fl_ids.fl.client: Client 9 round 12: 29 of 1033 boosting-passed rows flagged; surfacing 29
2026-09-25 03:37:33,505 [INFO] fl_ids.models.boosting: Continued boosting training: +50 trees on 94927 rows (now 500 trees)
2026-09-25 03:37:33,506 [INFO] fl_ids.models.boosting_update: Round 12: boosting v5 (continue) from 112 alerts ({'Normal': 112}); 137 from excluded clients ignored
2026-09-25 03:37:33,759 [WARNING] fl_ids.fl.client: Client 5: no benign validation samples to evaluate on
2026-09-25 03:37:33,774 [INFO] fl_ids.eval.simulation: Round 12: mean_val_loss=302364358017180.0000, comm_bytes=583920
2026-09-25 03:37:48,840 [WARNING] fl_ids.fl.client: Client 5: no benign validation samples to evaluate on
2026-09-25 03:37:48,854 [INFO] fl_ids.eval.simulation: Round 13: mean_val_loss=1178122277801851.2500, comm_bytes=583920
2026-09-25 03:38:03,071 [WARNING] fl_ids.fl.client: Client 5: no benign validation samples to evaluate on
2026-09-25 03:38:03,085 [INFO] fl_ids.eval.simulation: Round 14: mean_val_loss=3876075891194488.0000, comm_bytes=583920
2026-09-25 03:38:03,270 [INFO] fl_ids.fl.client: Client 0 round 15: 3 of 195 boosting-passed rows flagged; surfacing 3
2026-09-25 03:38:03,690 [INFO] fl_ids.fl.client: Client 1 round 15: 9 of 715 boosting-passed rows flagged; surfacing 9
2026-09-25 03:38:04,077 [INFO] fl_ids.fl.client: Client 2 round 15: 3 of 356 boosting-passed rows flagged; surfacing 3
2026-09-25 03:38:05,215 [INFO] fl_ids.fl.client: Client 3 round 15: 155 of 5626 boosting-passed rows flagged; surfacing 50
2026-09-25 03:38:08,030 [INFO] fl_ids.fl.client: Client 4 round 15: 291 of 11404 boosting-passed rows flagged; surfacing 50
2026-09-25 03:38:11,460 [INFO] fl_ids.fl.client: Client 6 round 15: 91 of 2572 boosting-passed rows flagged; surfacing 50
2026-09-25 03:38:12,281 [INFO] fl_ids.fl.client: Client 7 round 15: 9 of 324 boosting-passed rows flagged; surfacing 9
2026-09-25 03:38:13,932 [INFO] fl_ids.fl.client: Client 8 round 15: 445 of 10266 boosting-passed rows flagged; surfacing 50
2026-09-25 03:38:16,573 [INFO] fl_ids.fl.client: Client 9 round 15: 30 of 1033 boosting-passed rows flagged; surfacing 30
2026-09-25 03:38:51,032 [INFO] fl_ids.models.boosting: Continued boosting training: +50 trees on 95039 rows (now 550 trees)
2026-09-25 03:38:51,033 [INFO] fl_ids.models.boosting_update: Round 15: boosting v6 (continue) from 112 alerts ({'Normal': 112}); 142 from excluded clients ignored
2026-09-25 03:38:51,337 [WARNING] fl_ids.fl.client: Client 5: no benign validation samples to evaluate on
2026-09-25 03:38:51,349 [INFO] fl_ids.eval.simulation: Round 15: mean_val_loss=11760845319814702.0000, comm_bytes=583920
2026-09-25 03:39:05,695 [WARNING] fl_ids.fl.client: Client 5: no benign validation samples to evaluate on
2026-09-25 03:39:05,707 [INFO] fl_ids.eval.simulation: Round 16: mean_val_loss=32277677989047000.0000, comm_bytes=583920
2026-09-25 03:39:20,132 [WARNING] fl_ids.fl.client: Client 5: no benign validation samples to evaluate on
2026-09-25 03:39:20,144 [INFO] fl_ids.eval.simulation: Round 17: mean_val_loss=82745663581876736.0000, comm_bytes=583920
2026-09-25 03:39:20,354 [INFO] fl_ids.fl.client: Client 0 round 18: 3 of 193 boosting-passed rows flagged; surfacing 3
2026-09-25 03:39:20,819 [INFO] fl_ids.fl.client: Client 1 round 18: 10 of 715 boosting-passed rows flagged; surfacing 10
2026-09-25 03:39:21,238 [INFO] fl_ids.fl.client: Client 2 round 18: 3 of 359 boosting-passed rows flagged; surfacing 3
2026-09-25 03:39:22,434 [INFO] fl_ids.fl.client: Client 3 round 18: 140 of 5625 boosting-passed rows flagged; surfacing 50
2026-09-25 03:39:25,561 [INFO] fl_ids.fl.client: Client 4 round 18: 292 of 11404 boosting-passed rows flagged; surfacing 50
2026-09-25 03:39:29,079 [INFO] fl_ids.fl.client: Client 6 round 18: 109 of 2572 boosting-passed rows flagged; surfacing 50
2026-09-25 03:39:29,922 [INFO] fl_ids.fl.client: Client 7 round 18: 9 of 322 boosting-passed rows flagged; surfacing 9
2026-09-25 03:39:31,728 [INFO] fl_ids.fl.client: Client 8 round 18: 447 of 10264 boosting-passed rows flagged; surfacing 50
2026-09-25 03:39:34,404 [INFO] fl_ids.fl.client: Client 9 round 18: 30 of 1031 boosting-passed rows flagged; surfacing 30
2026-09-25 03:40:16,276 [INFO] fl_ids.models.boosting: Continued boosting training: +50 trees on 95151 rows (now 600 trees)
2026-09-25 03:40:16,276 [INFO] fl_ids.models.boosting_update: Round 18: boosting v7 (continue) from 112 alerts ({'Normal': 111, 'Uploading': 1}); 143 from excluded clients ignored
2026-09-25 03:40:16,550 [WARNING] fl_ids.fl.client: Client 5: no benign validation samples to evaluate on
2026-09-25 03:40:16,561 [INFO] fl_ids.eval.simulation: Round 18: mean_val_loss=196390084927784480.0000, comm_bytes=583920
2026-09-25 03:40:32,235 [WARNING] fl_ids.fl.client: Client 5: no benign validation samples to evaluate on
2026-09-25 03:40:32,247 [INFO] fl_ids.eval.simulation: Round 19: mean_val_loss=439955751970251840.0000, comm_bytes=583920
2026-09-25 03:40:47,826 [WARNING] fl_ids.fl.client: Client 5: no benign validation samples to evaluate on
2026-09-25 03:40:47,838 [INFO] fl_ids.eval.simulation: Round 20: mean_val_loss=925565339563394176.0000, comm_bytes=583920
2026-09-25 03:40:47,863 [WARNING] fl_ids.eval.common: Clients [5] have no benign validation rows (infinite threshold); 272 test rows can't be flagged by the autoencoder
2026-09-25 03:40:48,749 [INFO] fl_ids.eval.zero_day: zero-day holdout=Port_Scanning run=malicious_fraction=0.50: detection_rate=0.920
2026-09-25 03:40:51,232 [INFO] fl_ids.eval.common: Excluded classes ['Ransomware'] from training: removed 485 calibration rows, 304 federated-pool rows
2026-09-25 03:40:51,233 [INFO] fl_ids.models.boosting: Training boosting classifier: 95000 samples, 15 classes, 300 rounds
2026-09-25 03:41:08,692 [WARNING] fl_ids.data.pipeline: Client 5 has zero benign validation samples (heavy Dirichlet skew or too few benign samples in its shard)
2026-09-25 03:41:08,718 [INFO] fl_ids.eval.common: Evaluation setup: 95000 calibration, 59696 federated pool (subsampled), 8950 test rows across 10 clients
2026-09-25 03:41:21,044 [WARNING] fl_ids.fl.client: Client 5: no benign validation samples to evaluate on
2026-09-25 03:41:21,058 [INFO] fl_ids.eval.simulation: Round 1: mean_val_loss=0.2810, comm_bytes=583920
2026-09-25 03:41:32,679 [WARNING] fl_ids.fl.client: Client 5: no benign validation samples to evaluate on
2026-09-25 03:41:32,691 [INFO] fl_ids.eval.simulation: Round 2: mean_val_loss=0.1247, comm_bytes=583920
2026-09-25 03:41:32,849 [INFO] fl_ids.fl.client: Client 0 round 3: 10 of 177 boosting-passed rows flagged; surfacing 10
2026-09-25 03:41:33,094 [INFO] fl_ids.fl.client: Client 1 round 3: 1 of 693 boosting-passed rows flagged; surfacing 1
2026-09-25 03:41:33,417 [INFO] fl_ids.fl.client: Client 2 round 3: 3 of 454 boosting-passed rows flagged; surfacing 3
2026-09-25 03:41:34,076 [INFO] fl_ids.fl.client: Client 3 round 3: 251 of 5529 boosting-passed rows flagged; surfacing 50
2026-09-25 03:41:36,317 [INFO] fl_ids.fl.client: Client 4 round 3: 303 of 11656 boosting-passed rows flagged; surfacing 50
2026-09-25 03:41:39,416 [INFO] fl_ids.fl.client: Client 6 round 3: 87 of 2706 boosting-passed rows flagged; surfacing 50
2026-09-25 03:41:40,149 [INFO] fl_ids.fl.client: Client 7 round 3: 2 of 296 boosting-passed rows flagged; surfacing 2
2026-09-25 03:41:41,110 [INFO] fl_ids.fl.client: Client 8 round 3: 284 of 10300 boosting-passed rows flagged; surfacing 50
2026-09-25 03:41:43,658 [INFO] fl_ids.fl.client: Client 9 round 3: 19 of 908 boosting-passed rows flagged; surfacing 19
2026-09-25 03:42:01,832 [INFO] fl_ids.models.boosting: Continued boosting training: +50 trees on 95235 rows (now 350 trees)
2026-09-25 03:42:01,832 [INFO] fl_ids.models.boosting_update: Round 3: boosting v2 (continue) from 235 alerts ({'Normal': 235}); 0 from excluded clients ignored
2026-09-25 03:42:02,039 [WARNING] fl_ids.fl.client: Client 5: no benign validation samples to evaluate on
2026-09-25 03:42:02,058 [INFO] fl_ids.eval.simulation: Round 3: mean_val_loss=0.0491, comm_bytes=583920
2026-09-25 03:42:14,396 [WARNING] fl_ids.fl.client: Client 5: no benign validation samples to evaluate on
2026-09-25 03:42:14,407 [INFO] fl_ids.eval.simulation: Round 4: mean_val_loss=0.0296, comm_bytes=583920
2026-09-25 03:42:26,229 [WARNING] fl_ids.fl.client: Client 5: no benign validation samples to evaluate on
2026-09-25 03:42:26,242 [INFO] fl_ids.eval.simulation: Round 5: mean_val_loss=0.0204, comm_bytes=583920
2026-09-25 03:42:26,421 [INFO] fl_ids.fl.client: Client 0 round 6: 22 of 176 boosting-passed rows flagged; surfacing 22
2026-09-25 03:42:26,654 [INFO] fl_ids.fl.client: Client 1 round 6: 17 of 693 boosting-passed rows flagged; surfacing 17
2026-09-25 03:42:26,956 [INFO] fl_ids.fl.client: Client 2 round 6: 8 of 453 boosting-passed rows flagged; surfacing 8
2026-09-25 03:42:27,636 [INFO] fl_ids.fl.client: Client 3 round 6: 212 of 5529 boosting-passed rows flagged; surfacing 50
2026-09-25 03:42:30,300 [INFO] fl_ids.fl.client: Client 4 round 6: 385 of 11651 boosting-passed rows flagged; surfacing 50
2026-09-25 03:42:33,855 [INFO] fl_ids.fl.client: Client 6 round 6: 100 of 2703 boosting-passed rows flagged; surfacing 50
2026-09-25 03:42:34,737 [INFO] fl_ids.fl.client: Client 7 round 6: 2 of 297 boosting-passed rows flagged; surfacing 2
2026-09-25 03:42:35,914 [INFO] fl_ids.fl.client: Client 8 round 6: 315 of 10301 boosting-passed rows flagged; surfacing 50
2026-09-25 03:42:38,784 [INFO] fl_ids.fl.client: Client 9 round 6: 37 of 907 boosting-passed rows flagged; surfacing 37
2026-09-25 03:43:00,726 [INFO] fl_ids.models.boosting: Continued boosting training: +50 trees on 95521 rows (now 400 trees)
2026-09-25 03:43:00,726 [INFO] fl_ids.models.boosting_update: Round 6: boosting v3 (continue) from 286 alerts ({'Backdoor': 1, 'DDoS_HTTP': 2, 'Normal': 257, 'Password': 1, 'Port_Scanning': 18, 'Uploading': 4, 'Vulnerability_scanner': 3}); 0 from excluded clients ignored
2026-09-25 03:43:00,912 [WARNING] fl_ids.fl.client: Client 5: no benign validation samples to evaluate on
2026-09-25 03:43:00,923 [INFO] fl_ids.eval.simulation: Round 6: mean_val_loss=0.0196, comm_bytes=583920
2026-09-25 03:43:13,349 [WARNING] fl_ids.fl.client: Client 5: no benign validation samples to evaluate on
2026-09-25 03:43:13,358 [INFO] fl_ids.eval.simulation: Round 7: mean_val_loss=0.0184, comm_bytes=583920
2026-09-25 03:43:25,655 [WARNING] fl_ids.fl.client: Client 5: no benign validation samples to evaluate on
2026-09-25 03:43:25,667 [INFO] fl_ids.eval.simulation: Round 8: mean_val_loss=0.0174, comm_bytes=583920
2026-09-25 03:43:25,865 [INFO] fl_ids.fl.client: Client 0 round 9: 5 of 170 boosting-passed rows flagged; surfacing 5
2026-09-25 03:43:26,167 [INFO] fl_ids.fl.client: Client 1 round 9: 15 of 692 boosting-passed rows flagged; surfacing 15
2026-09-25 03:43:26,516 [INFO] fl_ids.fl.client: Client 2 round 9: 4 of 450 boosting-passed rows flagged; surfacing 4
2026-09-25 03:43:27,334 [INFO] fl_ids.fl.client: Client 3 round 9: 217 of 5528 boosting-passed rows flagged; surfacing 50
2026-09-25 03:43:30,168 [INFO] fl_ids.fl.client: Client 4 round 9: 323 of 11648 boosting-passed rows flagged; surfacing 50
2026-09-25 03:43:33,756 [INFO] fl_ids.fl.client: Client 6 round 9: 64 of 2699 boosting-passed rows flagged; surfacing 50
2026-09-25 03:43:34,583 [INFO] fl_ids.fl.client: Client 7 round 9: 2 of 296 boosting-passed rows flagged; surfacing 2
2026-09-25 03:43:35,714 [INFO] fl_ids.fl.client: Client 8 round 9: 320 of 10297 boosting-passed rows flagged; surfacing 50
2026-09-25 03:43:38,441 [INFO] fl_ids.fl.client: Client 9 round 9: 24 of 905 boosting-passed rows flagged; surfacing 24
2026-09-25 03:44:04,051 [INFO] fl_ids.models.boosting: Continued boosting training: +50 trees on 95771 rows (now 450 trees)
2026-09-25 03:44:04,051 [INFO] fl_ids.models.boosting_update: Round 9: boosting v4 (continue) from 250 alerts ({'Backdoor': 1, 'Normal': 234, 'Port_Scanning': 8, 'Uploading': 4, 'Vulnerability_scanner': 2, 'XSS': 1}); 0 from excluded clients ignored
2026-09-25 03:44:04,263 [WARNING] fl_ids.fl.client: Client 5: no benign validation samples to evaluate on
2026-09-25 03:44:04,273 [INFO] fl_ids.eval.simulation: Round 9: mean_val_loss=0.0169, comm_bytes=583920
2026-09-25 03:44:18,757 [WARNING] fl_ids.fl.client: Client 5: no benign validation samples to evaluate on
2026-09-25 03:44:18,771 [INFO] fl_ids.eval.simulation: Round 10: mean_val_loss=0.0166, comm_bytes=583920
2026-09-25 03:44:34,964 [WARNING] fl_ids.fl.client: Client 5: no benign validation samples to evaluate on
2026-09-25 03:44:34,980 [INFO] fl_ids.eval.simulation: Round 11: mean_val_loss=0.0164, comm_bytes=583920
2026-09-25 03:44:35,204 [INFO] fl_ids.fl.client: Client 0 round 12: 2 of 167 boosting-passed rows flagged; surfacing 2
2026-09-25 03:44:35,554 [INFO] fl_ids.fl.client: Client 1 round 12: 13 of 691 boosting-passed rows flagged; surfacing 13
2026-09-25 03:44:35,942 [INFO] fl_ids.fl.client: Client 2 round 12: 4 of 449 boosting-passed rows flagged; surfacing 4
2026-09-25 03:44:36,994 [INFO] fl_ids.fl.client: Client 3 round 12: 206 of 5529 boosting-passed rows flagged; surfacing 50
2026-09-25 03:44:39,906 [INFO] fl_ids.fl.client: Client 4 round 12: 351 of 11643 boosting-passed rows flagged; surfacing 50
2026-09-25 03:44:44,166 [INFO] fl_ids.fl.client: Client 6 round 12: 56 of 2700 boosting-passed rows flagged; surfacing 50
2026-09-25 03:44:45,038 [INFO] fl_ids.fl.client: Client 7 round 12: 2 of 294 boosting-passed rows flagged; surfacing 2
2026-09-25 03:44:46,355 [INFO] fl_ids.fl.client: Client 8 round 12: 309 of 10294 boosting-passed rows flagged; surfacing 50
2026-09-25 03:44:50,122 [INFO] fl_ids.fl.client: Client 9 round 12: 24 of 902 boosting-passed rows flagged; surfacing 24
2026-09-25 03:45:22,705 [INFO] fl_ids.models.boosting: Continued boosting training: +50 trees on 96016 rows (now 500 trees)
2026-09-25 03:45:22,705 [INFO] fl_ids.models.boosting_update: Round 12: boosting v5 (continue) from 245 alerts ({'Backdoor': 1, 'Normal': 235, 'Port_Scanning': 7, 'Uploading': 1, 'XSS': 1}); 0 from excluded clients ignored
2026-09-25 03:45:22,992 [WARNING] fl_ids.fl.client: Client 5: no benign validation samples to evaluate on
2026-09-25 03:45:23,009 [INFO] fl_ids.eval.simulation: Round 12: mean_val_loss=0.0163, comm_bytes=583920
2026-09-25 03:45:40,369 [WARNING] fl_ids.fl.client: Client 5: no benign validation samples to evaluate on
2026-09-25 03:45:40,381 [INFO] fl_ids.eval.simulation: Round 13: mean_val_loss=0.0135, comm_bytes=583920
2026-09-25 03:45:55,573 [WARNING] fl_ids.fl.client: Client 5: no benign validation samples to evaluate on
2026-09-25 03:45:55,585 [INFO] fl_ids.eval.simulation: Round 14: mean_val_loss=0.0162, comm_bytes=583920
2026-09-25 03:45:55,868 [INFO] fl_ids.fl.client: Client 0 round 15: 3 of 167 boosting-passed rows flagged; surfacing 3
2026-09-25 03:45:56,274 [INFO] fl_ids.fl.client: Client 1 round 15: 16 of 691 boosting-passed rows flagged; surfacing 16
2026-09-25 03:45:56,724 [INFO] fl_ids.fl.client: Client 2 round 15: 4 of 444 boosting-passed rows flagged; surfacing 4
2026-09-25 03:45:57,825 [INFO] fl_ids.fl.client: Client 3 round 15: 153 of 5530 boosting-passed rows flagged; surfacing 50
2026-09-25 03:46:00,926 [INFO] fl_ids.fl.client: Client 4 round 15: 377 of 11639 boosting-passed rows flagged; surfacing 50
2026-09-25 03:46:04,422 [INFO] fl_ids.fl.client: Client 6 round 15: 60 of 2699 boosting-passed rows flagged; surfacing 50
2026-09-25 03:46:05,221 [INFO] fl_ids.fl.client: Client 7 round 15: 2 of 294 boosting-passed rows flagged; surfacing 2
2026-09-25 03:46:06,941 [INFO] fl_ids.fl.client: Client 8 round 15: 310 of 10292 boosting-passed rows flagged; surfacing 50
2026-09-25 03:46:09,591 [INFO] fl_ids.fl.client: Client 9 round 15: 12 of 900 boosting-passed rows flagged; surfacing 12
2026-09-25 03:46:49,139 [INFO] fl_ids.models.boosting: Continued boosting training: +50 trees on 96253 rows (now 550 trees)
2026-09-25 03:46:49,139 [INFO] fl_ids.models.boosting_update: Round 15: boosting v6 (continue) from 237 alerts ({'Backdoor': 1, 'Normal': 230, 'Port_Scanning': 3, 'SQL_injection': 2, 'XSS': 1}); 0 from excluded clients ignored
2026-09-25 03:46:49,476 [WARNING] fl_ids.fl.client: Client 5: no benign validation samples to evaluate on
2026-09-25 03:46:49,499 [INFO] fl_ids.eval.simulation: Round 15: mean_val_loss=0.0161, comm_bytes=583920
2026-09-25 03:47:04,957 [WARNING] fl_ids.fl.client: Client 5: no benign validation samples to evaluate on
2026-09-25 03:47:04,970 [INFO] fl_ids.eval.simulation: Round 16: mean_val_loss=0.0163, comm_bytes=583920
2026-09-25 03:47:20,049 [WARNING] fl_ids.fl.client: Client 5: no benign validation samples to evaluate on
2026-09-25 03:47:20,061 [INFO] fl_ids.eval.simulation: Round 17: mean_val_loss=0.0160, comm_bytes=583920
2026-09-25 03:47:20,383 [INFO] fl_ids.fl.client: Client 0 round 18: 3 of 167 boosting-passed rows flagged; surfacing 3
2026-09-25 03:47:20,833 [INFO] fl_ids.fl.client: Client 1 round 18: 7 of 689 boosting-passed rows flagged; surfacing 7
2026-09-25 03:47:21,329 [INFO] fl_ids.fl.client: Client 2 round 18: 4 of 441 boosting-passed rows flagged; surfacing 4
2026-09-25 03:47:22,548 [INFO] fl_ids.fl.client: Client 3 round 18: 173 of 5530 boosting-passed rows flagged; surfacing 50
2026-09-25 03:47:25,795 [INFO] fl_ids.fl.client: Client 4 round 18: 387 of 11635 boosting-passed rows flagged; surfacing 50
2026-09-25 03:47:29,337 [INFO] fl_ids.fl.client: Client 6 round 18: 59 of 2696 boosting-passed rows flagged; surfacing 50
2026-09-25 03:47:30,788 [INFO] fl_ids.fl.client: Client 7 round 18: 2 of 292 boosting-passed rows flagged; surfacing 2
2026-09-25 03:47:32,461 [INFO] fl_ids.fl.client: Client 8 round 18: 306 of 10291 boosting-passed rows flagged; surfacing 50
2026-09-25 03:47:36,421 [INFO] fl_ids.fl.client: Client 9 round 18: 22 of 900 boosting-passed rows flagged; surfacing 22
2026-09-25 03:48:23,893 [INFO] fl_ids.models.boosting: Continued boosting training: +50 trees on 96491 rows (now 600 trees)
2026-09-25 03:48:23,894 [INFO] fl_ids.models.boosting_update: Round 18: boosting v7 (continue) from 238 alerts ({'DDoS_HTTP': 1, 'Normal': 234, 'Port_Scanning': 2, 'XSS': 1}); 0 from excluded clients ignored
2026-09-25 03:48:24,164 [WARNING] fl_ids.fl.client: Client 5: no benign validation samples to evaluate on
2026-09-25 03:48:24,175 [INFO] fl_ids.eval.simulation: Round 18: mean_val_loss=0.0158, comm_bytes=583920
2026-09-25 03:48:40,102 [WARNING] fl_ids.fl.client: Client 5: no benign validation samples to evaluate on
2026-09-25 03:48:40,114 [INFO] fl_ids.eval.simulation: Round 19: mean_val_loss=0.0121, comm_bytes=583920
2026-09-25 03:49:01,283 [WARNING] fl_ids.fl.client: Client 5: no benign validation samples to evaluate on
2026-09-25 03:49:01,304 [INFO] fl_ids.eval.simulation: Round 20: mean_val_loss=0.0154, comm_bytes=583920
2026-09-25 03:49:01,332 [WARNING] fl_ids.eval.common: Clients [5] have no benign validation rows (infinite threshold); 142 test rows can't be flagged by the autoencoder
2026-09-25 03:49:01,998 [INFO] fl_ids.eval.zero_day: zero-day holdout=Ransomware run=malicious_fraction=0.00: detection_rate=0.537
2026-09-25 03:49:16,202 [WARNING] fl_ids.fl.client: Client 5: no benign validation samples to evaluate on
2026-09-25 03:49:16,219 [INFO] fl_ids.eval.simulation: Round 1: mean_val_loss=0.1928, comm_bytes=583920
2026-09-25 03:49:31,463 [WARNING] fl_ids.fl.client: Client 5: no benign validation samples to evaluate on
2026-09-25 03:49:31,479 [INFO] fl_ids.eval.simulation: Round 2: mean_val_loss=0.0407, comm_bytes=583920
2026-09-25 03:49:31,633 [INFO] fl_ids.fl.client: Client 0 round 3: 29 of 177 boosting-passed rows flagged; surfacing 29
2026-09-25 03:49:31,884 [INFO] fl_ids.fl.client: Client 1 round 3: 22 of 693 boosting-passed rows flagged; surfacing 22
2026-09-25 03:49:32,222 [INFO] fl_ids.fl.client: Client 2 round 3: 5 of 454 boosting-passed rows flagged; surfacing 5
2026-09-25 03:49:32,908 [INFO] fl_ids.fl.client: Client 3 round 3: 173 of 5529 boosting-passed rows flagged; surfacing 50
2026-09-25 03:49:35,154 [INFO] fl_ids.fl.client: Client 4 round 3: 278 of 11656 boosting-passed rows flagged; surfacing 50
2026-09-25 03:49:38,335 [INFO] fl_ids.fl.client: Client 6 round 3: 80 of 2706 boosting-passed rows flagged; surfacing 50
2026-09-25 03:49:39,069 [INFO] fl_ids.fl.client: Client 7 round 3: 2 of 296 boosting-passed rows flagged; surfacing 2
2026-09-25 03:49:40,112 [INFO] fl_ids.fl.client: Client 8 round 3: 339 of 10300 boosting-passed rows flagged; surfacing 50
2026-09-25 03:49:42,623 [INFO] fl_ids.fl.client: Client 9 round 3: 58 of 908 boosting-passed rows flagged; surfacing 50
2026-09-25 03:50:01,233 [INFO] fl_ids.models.boosting: Continued boosting training: +50 trees on 95277 rows (now 350 trees)
2026-09-25 03:50:01,234 [INFO] fl_ids.models.boosting_update: Round 3: boosting v2 (continue) from 277 alerts ({'Backdoor': 1, 'Normal': 255, 'Password': 3, 'Port_Scanning': 11, 'SQL_injection': 1, 'Uploading': 4, 'Vulnerability_scanner': 1, 'XSS': 1}); 31 from excluded clients ignored
2026-09-25 03:50:01,397 [WARNING] fl_ids.fl.client: Client 5: no benign validation samples to evaluate on
2026-09-25 03:50:01,408 [INFO] fl_ids.eval.simulation: Round 3: mean_val_loss=0.0205, comm_bytes=583920
2026-09-25 03:50:15,833 [WARNING] fl_ids.fl.client: Client 5: no benign validation samples to evaluate on
2026-09-25 03:50:15,862 [INFO] fl_ids.eval.simulation: Round 4: mean_val_loss=0.0149, comm_bytes=583920
2026-09-25 03:50:31,500 [WARNING] fl_ids.fl.client: Client 5: no benign validation samples to evaluate on
2026-09-25 03:50:31,517 [INFO] fl_ids.eval.simulation: Round 5: mean_val_loss=0.0419, comm_bytes=583920
2026-09-25 03:50:31,679 [INFO] fl_ids.fl.client: Client 0 round 6: 4 of 175 boosting-passed rows flagged; surfacing 4
2026-09-25 03:50:31,897 [INFO] fl_ids.fl.client: Client 1 round 6: 13 of 692 boosting-passed rows flagged; surfacing 13
2026-09-25 03:50:32,272 [INFO] fl_ids.fl.client: Client 2 round 6: 14 of 450 boosting-passed rows flagged; surfacing 14
2026-09-25 03:50:33,296 [INFO] fl_ids.fl.client: Client 3 round 6: 167 of 5529 boosting-passed rows flagged; surfacing 50
2026-09-25 03:50:36,896 [INFO] fl_ids.fl.client: Client 4 round 6: 385 of 11653 boosting-passed rows flagged; surfacing 50
2026-09-25 03:50:41,081 [INFO] fl_ids.fl.client: Client 6 round 6: 98 of 2703 boosting-passed rows flagged; surfacing 50
2026-09-25 03:50:42,495 [INFO] fl_ids.fl.client: Client 7 round 6: 2 of 296 boosting-passed rows flagged; surfacing 2
2026-09-25 03:50:43,705 [INFO] fl_ids.fl.client: Client 8 round 6: 337 of 10299 boosting-passed rows flagged; surfacing 50
2026-09-25 03:50:47,709 [INFO] fl_ids.fl.client: Client 9 round 6: 59 of 906 boosting-passed rows flagged; surfacing 50
2026-09-25 03:51:11,683 [INFO] fl_ids.models.boosting: Continued boosting training: +50 trees on 95554 rows (now 400 trees)
2026-09-25 03:51:11,684 [INFO] fl_ids.models.boosting_update: Round 6: boosting v3 (continue) from 277 alerts ({'Normal': 270, 'Port_Scanning': 4, 'Uploading': 1, 'Vulnerability_scanner': 2}); 6 from excluded clients ignored
2026-09-25 03:51:11,874 [WARNING] fl_ids.fl.client: Client 5: no benign validation samples to evaluate on
2026-09-25 03:51:11,884 [INFO] fl_ids.eval.simulation: Round 6: mean_val_loss=0.0087, comm_bytes=583920
2026-09-25 03:51:24,605 [WARNING] fl_ids.fl.client: Client 5: no benign validation samples to evaluate on
2026-09-25 03:51:24,617 [INFO] fl_ids.eval.simulation: Round 7: mean_val_loss=0.0077, comm_bytes=583920
2026-09-25 03:51:38,628 [WARNING] fl_ids.fl.client: Client 5: no benign validation samples to evaluate on
2026-09-25 03:51:38,634 [INFO] fl_ids.eval.simulation: Round 8: mean_val_loss=0.0094, comm_bytes=583920
2026-09-25 03:51:38,985 [INFO] fl_ids.fl.client: Client 0 round 9: 22 of 175 boosting-passed rows flagged; surfacing 22
2026-09-25 03:51:39,595 [INFO] fl_ids.fl.client: Client 1 round 9: 12 of 691 boosting-passed rows flagged; surfacing 12
2026-09-25 03:51:40,270 [INFO] fl_ids.fl.client: Client 2 round 9: 7 of 453 boosting-passed rows flagged; surfacing 7
2026-09-25 03:51:41,222 [INFO] fl_ids.fl.client: Client 3 round 9: 230 of 5528 boosting-passed rows flagged; surfacing 50
2026-09-25 03:51:44,341 [INFO] fl_ids.fl.client: Client 4 round 9: 333 of 11648 boosting-passed rows flagged; surfacing 50
2026-09-25 03:51:49,515 [INFO] fl_ids.fl.client: Client 6 round 9: 63 of 2702 boosting-passed rows flagged; surfacing 50
2026-09-25 03:51:50,384 [INFO] fl_ids.fl.client: Client 7 round 9: 2 of 293 boosting-passed rows flagged; surfacing 2
2026-09-25 03:51:51,523 [INFO] fl_ids.fl.client: Client 8 round 9: 306 of 10294 boosting-passed rows flagged; surfacing 50
2026-09-25 03:51:55,739 [INFO] fl_ids.fl.client: Client 9 round 9: 38 of 904 boosting-passed rows flagged; surfacing 38
2026-09-25 03:52:28,539 [INFO] fl_ids.models.boosting: Continued boosting training: +50 trees on 95816 rows (now 450 trees)
2026-09-25 03:52:28,539 [INFO] fl_ids.models.boosting_update: Round 9: boosting v4 (continue) from 262 alerts ({'Normal': 244, 'Password': 1, 'Port_Scanning': 10, 'Uploading': 4, 'Vulnerability_scanner': 2, 'XSS': 1}); 19 from excluded clients ignored
2026-09-25 03:52:28,813 [WARNING] fl_ids.fl.client: Client 5: no benign validation samples to evaluate on
2026-09-25 03:52:28,835 [INFO] fl_ids.eval.simulation: Round 9: mean_val_loss=0.0121, comm_bytes=583920
2026-09-25 03:52:44,865 [WARNING] fl_ids.fl.client: Client 5: no benign validation samples to evaluate on
2026-09-25 03:52:44,877 [INFO] fl_ids.eval.simulation: Round 10: mean_val_loss=0.0085, comm_bytes=583920
2026-09-25 03:52:57,659 [WARNING] fl_ids.fl.client: Client 5: no benign validation samples to evaluate on
2026-09-25 03:52:57,671 [INFO] fl_ids.eval.simulation: Round 11: mean_val_loss=0.0060, comm_bytes=583920
2026-09-25 03:52:57,904 [INFO] fl_ids.fl.client: Client 0 round 12: 15 of 166 boosting-passed rows flagged; surfacing 15
2026-09-25 03:52:58,242 [INFO] fl_ids.fl.client: Client 1 round 12: 14 of 691 boosting-passed rows flagged; surfacing 14
2026-09-25 03:52:58,636 [INFO] fl_ids.fl.client: Client 2 round 12: 12 of 445 boosting-passed rows flagged; surfacing 12
2026-09-25 03:52:59,536 [INFO] fl_ids.fl.client: Client 3 round 12: 287 of 5528 boosting-passed rows flagged; surfacing 50
2026-09-25 03:53:02,223 [INFO] fl_ids.fl.client: Client 4 round 12: 329 of 11644 boosting-passed rows flagged; surfacing 50
2026-09-25 03:53:05,457 [INFO] fl_ids.fl.client: Client 6 round 12: 63 of 2698 boosting-passed rows flagged; surfacing 50
2026-09-25 03:53:06,225 [INFO] fl_ids.fl.client: Client 7 round 12: 2 of 291 boosting-passed rows flagged; surfacing 2
2026-09-25 03:53:07,605 [INFO] fl_ids.fl.client: Client 8 round 12: 324 of 10291 boosting-passed rows flagged; surfacing 50
2026-09-25 03:53:10,791 [INFO] fl_ids.fl.client: Client 9 round 12: 35 of 901 boosting-passed rows flagged; surfacing 35
2026-09-25 03:53:47,308 [INFO] fl_ids.models.boosting: Continued boosting training: +50 trees on 96092 rows (now 500 trees)
2026-09-25 03:53:47,309 [INFO] fl_ids.models.boosting_update: Round 12: boosting v5 (continue) from 276 alerts ({'Backdoor': 1, 'Normal': 270, 'Port_Scanning': 2, 'Uploading': 1, 'Vulnerability_scanner': 1, 'XSS': 1}); 2 from excluded clients ignored
2026-09-25 03:53:47,531 [WARNING] fl_ids.fl.client: Client 5: no benign validation samples to evaluate on
2026-09-25 03:53:47,541 [INFO] fl_ids.eval.simulation: Round 12: mean_val_loss=0.0082, comm_bytes=583920
2026-09-25 03:54:01,473 [WARNING] fl_ids.fl.client: Client 5: no benign validation samples to evaluate on
2026-09-25 03:54:01,485 [INFO] fl_ids.eval.simulation: Round 13: mean_val_loss=0.0114, comm_bytes=583920
2026-09-25 03:54:17,022 [WARNING] fl_ids.fl.client: Client 5: no benign validation samples to evaluate on
2026-09-25 03:54:17,036 [INFO] fl_ids.eval.simulation: Round 14: mean_val_loss=0.0085, comm_bytes=583920
2026-09-25 03:54:17,242 [INFO] fl_ids.fl.client: Client 0 round 15: 14 of 166 boosting-passed rows flagged; surfacing 14
2026-09-25 03:54:17,553 [INFO] fl_ids.fl.client: Client 1 round 15: 12 of 690 boosting-passed rows flagged; surfacing 12
2026-09-25 03:54:17,947 [INFO] fl_ids.fl.client: Client 2 round 15: 7 of 444 boosting-passed rows flagged; surfacing 7
2026-09-25 03:54:18,861 [INFO] fl_ids.fl.client: Client 3 round 15: 201 of 5529 boosting-passed rows flagged; surfacing 50
2026-09-25 03:54:22,217 [INFO] fl_ids.fl.client: Client 4 round 15: 347 of 11644 boosting-passed rows flagged; surfacing 50
2026-09-25 03:54:26,744 [INFO] fl_ids.fl.client: Client 6 round 15: 71 of 2699 boosting-passed rows flagged; surfacing 50
2026-09-25 03:54:28,015 [INFO] fl_ids.fl.client: Client 7 round 15: 2 of 290 boosting-passed rows flagged; surfacing 2
2026-09-25 03:54:29,879 [INFO] fl_ids.fl.client: Client 8 round 15: 309 of 10288 boosting-passed rows flagged; surfacing 50
2026-09-25 03:54:33,612 [INFO] fl_ids.fl.client: Client 9 round 15: 37 of 899 boosting-passed rows flagged; surfacing 37
2026-09-25 03:55:10,951 [INFO] fl_ids.models.boosting: Continued boosting training: +50 trees on 96345 rows (now 550 trees)
2026-09-25 03:55:10,952 [INFO] fl_ids.models.boosting_update: Round 15: boosting v6 (continue) from 253 alerts ({'Normal': 249, 'Port_Scanning': 2, 'Uploading': 1, 'XSS': 1}); 19 from excluded clients ignored
2026-09-25 03:55:11,198 [WARNING] fl_ids.fl.client: Client 5: no benign validation samples to evaluate on
2026-09-25 03:55:11,209 [INFO] fl_ids.eval.simulation: Round 15: mean_val_loss=0.0093, comm_bytes=583920
2026-09-25 03:55:27,985 [WARNING] fl_ids.fl.client: Client 5: no benign validation samples to evaluate on
2026-09-25 03:55:27,997 [INFO] fl_ids.eval.simulation: Round 16: mean_val_loss=0.0082, comm_bytes=583920
2026-09-25 03:55:46,810 [WARNING] fl_ids.fl.client: Client 5: no benign validation samples to evaluate on
2026-09-25 03:55:46,846 [INFO] fl_ids.eval.simulation: Round 17: mean_val_loss=0.0067, comm_bytes=583920
2026-09-25 03:55:47,359 [INFO] fl_ids.fl.client: Client 0 round 18: 14 of 167 boosting-passed rows flagged; surfacing 14
2026-09-25 03:55:47,878 [INFO] fl_ids.fl.client: Client 1 round 18: 18 of 689 boosting-passed rows flagged; surfacing 18
2026-09-25 03:55:48,430 [INFO] fl_ids.fl.client: Client 2 round 18: 17 of 447 boosting-passed rows flagged; surfacing 17
2026-09-25 03:55:49,503 [INFO] fl_ids.fl.client: Client 3 round 18: 250 of 5529 boosting-passed rows flagged; surfacing 50
2026-09-25 03:55:52,907 [INFO] fl_ids.fl.client: Client 4 round 18: 301 of 11640 boosting-passed rows flagged; surfacing 50
2026-09-25 03:55:58,065 [INFO] fl_ids.fl.client: Client 6 round 18: 85 of 2697 boosting-passed rows flagged; surfacing 50
2026-09-25 03:55:58,976 [INFO] fl_ids.fl.client: Client 7 round 18: 2 of 289 boosting-passed rows flagged; surfacing 2
2026-09-25 03:56:00,640 [INFO] fl_ids.fl.client: Client 8 round 18: 362 of 10287 boosting-passed rows flagged; surfacing 50
2026-09-25 03:56:04,983 [INFO] fl_ids.fl.client: Client 9 round 18: 29 of 898 boosting-passed rows flagged; surfacing 29
2026-09-25 03:56:48,036 [INFO] fl_ids.models.boosting: Continued boosting training: +50 trees on 96609 rows (now 600 trees)
2026-09-25 03:56:48,036 [INFO] fl_ids.models.boosting_update: Round 18: boosting v7 (continue) from 264 alerts ({'Normal': 263, 'Uploading': 1}); 16 from excluded clients ignored
2026-09-25 03:56:48,417 [WARNING] fl_ids.fl.client: Client 5: no benign validation samples to evaluate on
2026-09-25 03:56:48,436 [INFO] fl_ids.eval.simulation: Round 18: mean_val_loss=0.0086, comm_bytes=583920
2026-09-25 03:57:10,274 [WARNING] fl_ids.fl.client: Client 5: no benign validation samples to evaluate on
2026-09-25 03:57:10,289 [INFO] fl_ids.eval.simulation: Round 19: mean_val_loss=0.0080, comm_bytes=583920
2026-09-25 03:57:28,667 [WARNING] fl_ids.fl.client: Client 5: no benign validation samples to evaluate on
2026-09-25 03:57:28,681 [INFO] fl_ids.eval.simulation: Round 20: mean_val_loss=0.0080, comm_bytes=583920
2026-09-25 03:57:28,708 [WARNING] fl_ids.eval.common: Clients [5] have no benign validation rows (infinite threshold); 142 test rows can't be flagged by the autoencoder
2026-09-25 03:57:29,565 [INFO] fl_ids.eval.zero_day: zero-day holdout=Ransomware run=malicious_fraction=0.20: detection_rate=0.546
2026-09-25 03:57:41,055 [WARNING] fl_ids.fl.client: Client 5: no benign validation samples to evaluate on
2026-09-25 03:57:41,068 [INFO] fl_ids.eval.simulation: Round 1: mean_val_loss=0.2767, comm_bytes=583920
2026-09-25 03:57:52,471 [WARNING] fl_ids.fl.client: Client 5: no benign validation samples to evaluate on
2026-09-25 03:57:52,483 [INFO] fl_ids.eval.simulation: Round 2: mean_val_loss=0.0913, comm_bytes=583920
2026-09-25 03:57:52,640 [INFO] fl_ids.fl.client: Client 0 round 3: 11 of 177 boosting-passed rows flagged; surfacing 11
2026-09-25 03:57:52,896 [INFO] fl_ids.fl.client: Client 1 round 3: 7 of 693 boosting-passed rows flagged; surfacing 7
2026-09-25 03:57:53,224 [INFO] fl_ids.fl.client: Client 2 round 3: 2 of 454 boosting-passed rows flagged; surfacing 2
2026-09-25 03:57:53,894 [INFO] fl_ids.fl.client: Client 3 round 3: 288 of 5529 boosting-passed rows flagged; surfacing 50
2026-09-25 03:57:56,209 [INFO] fl_ids.fl.client: Client 4 round 3: 329 of 11656 boosting-passed rows flagged; surfacing 50
2026-09-25 03:57:59,392 [INFO] fl_ids.fl.client: Client 6 round 3: 55 of 2706 boosting-passed rows flagged; surfacing 50
2026-09-25 03:58:00,157 [INFO] fl_ids.fl.client: Client 7 round 3: 2 of 296 boosting-passed rows flagged; surfacing 2
2026-09-25 03:58:01,184 [INFO] fl_ids.fl.client: Client 8 round 3: 350 of 10300 boosting-passed rows flagged; surfacing 50
2026-09-25 03:58:03,679 [INFO] fl_ids.fl.client: Client 9 round 3: 24 of 908 boosting-passed rows flagged; surfacing 24
2026-09-25 03:58:30,364 [INFO] fl_ids.models.boosting: Continued boosting training: +50 trees on 95161 rows (now 350 trees)
2026-09-25 03:58:30,364 [INFO] fl_ids.models.boosting_update: Round 3: boosting v2 (continue) from 161 alerts ({'DDoS_HTTP': 1, 'Normal': 159, 'SQL_injection': 1}); 85 from excluded clients ignored
2026-09-25 03:58:30,587 [WARNING] fl_ids.fl.client: Client 5: no benign validation samples to evaluate on
2026-09-25 03:58:30,599 [INFO] fl_ids.eval.simulation: Round 3: mean_val_loss=0.0256, comm_bytes=583920
2026-09-25 03:58:46,369 [WARNING] fl_ids.fl.client: Client 5: no benign validation samples to evaluate on
2026-09-25 03:58:46,406 [INFO] fl_ids.eval.simulation: Round 4: mean_val_loss=0.0158, comm_bytes=583920
2026-09-25 03:58:59,562 [WARNING] fl_ids.fl.client: Client 5: no benign validation samples to evaluate on
2026-09-25 03:58:59,574 [INFO] fl_ids.eval.simulation: Round 5: mean_val_loss=0.0188, comm_bytes=583920
2026-09-25 03:58:59,755 [INFO] fl_ids.fl.client: Client 0 round 6: 11 of 177 boosting-passed rows flagged; surfacing 11
2026-09-25 03:59:00,096 [INFO] fl_ids.fl.client: Client 1 round 6: 14 of 692 boosting-passed rows flagged; surfacing 14
2026-09-25 03:59:00,441 [INFO] fl_ids.fl.client: Client 2 round 6: 9 of 453 boosting-passed rows flagged; surfacing 9
2026-09-25 03:59:01,172 [INFO] fl_ids.fl.client: Client 3 round 6: 185 of 5528 boosting-passed rows flagged; surfacing 50
2026-09-25 03:59:03,588 [INFO] fl_ids.fl.client: Client 4 round 6: 372 of 11649 boosting-passed rows flagged; surfacing 50
2026-09-25 03:59:06,837 [INFO] fl_ids.fl.client: Client 6 round 6: 66 of 2707 boosting-passed rows flagged; surfacing 50
2026-09-25 03:59:07,582 [INFO] fl_ids.fl.client: Client 7 round 6: 2 of 295 boosting-passed rows flagged; surfacing 2
2026-09-25 03:59:08,709 [INFO] fl_ids.fl.client: Client 8 round 6: 310 of 10298 boosting-passed rows flagged; surfacing 50
2026-09-25 03:59:11,243 [INFO] fl_ids.fl.client: Client 9 round 6: 23 of 907 boosting-passed rows flagged; surfacing 23
2026-09-25 03:59:32,840 [INFO] fl_ids.models.boosting: Continued boosting training: +50 trees on 95359 rows (now 400 trees)
2026-09-25 03:59:32,840 [INFO] fl_ids.models.boosting_update: Round 6: boosting v3 (continue) from 198 alerts ({'Backdoor': 1, 'Normal': 184, 'Port_Scanning': 8, 'SQL_injection': 3, 'Uploading': 1, 'Vulnerability_scanner': 1}); 61 from excluded clients ignored
2026-09-25 03:59:33,091 [WARNING] fl_ids.fl.client: Client 5: no benign validation samples to evaluate on
2026-09-25 03:59:33,114 [INFO] fl_ids.eval.simulation: Round 6: mean_val_loss=0.0247, comm_bytes=583920
2026-09-25 03:59:51,198 [WARNING] fl_ids.fl.client: Client 5: no benign validation samples to evaluate on
2026-09-25 03:59:51,246 [INFO] fl_ids.eval.simulation: Round 7: mean_val_loss=0.0316, comm_bytes=583920
2026-09-25 04:00:08,985 [WARNING] fl_ids.fl.client: Client 5: no benign validation samples to evaluate on
2026-09-25 04:00:09,001 [INFO] fl_ids.eval.simulation: Round 8: mean_val_loss=0.0477, comm_bytes=583920
2026-09-25 04:00:09,407 [INFO] fl_ids.fl.client: Client 0 round 9: 40 of 176 boosting-passed rows flagged; surfacing 40
2026-09-25 04:00:09,947 [INFO] fl_ids.fl.client: Client 1 round 9: 11 of 692 boosting-passed rows flagged; surfacing 11
2026-09-25 04:00:10,494 [INFO] fl_ids.fl.client: Client 2 round 9: 13 of 450 boosting-passed rows flagged; surfacing 13
2026-09-25 04:00:11,581 [INFO] fl_ids.fl.client: Client 3 round 9: 150 of 5529 boosting-passed rows flagged; surfacing 50
2026-09-25 04:00:14,928 [INFO] fl_ids.fl.client: Client 4 round 9: 411 of 11646 boosting-passed rows flagged; surfacing 50
2026-09-25 04:00:18,818 [INFO] fl_ids.fl.client: Client 6 round 9: 88 of 2705 boosting-passed rows flagged; surfacing 50
2026-09-25 04:00:19,965 [INFO] fl_ids.fl.client: Client 7 round 9: 2 of 293 boosting-passed rows flagged; surfacing 2
2026-09-25 04:00:21,465 [INFO] fl_ids.fl.client: Client 8 round 9: 400 of 10294 boosting-passed rows flagged; surfacing 50
2026-09-25 04:00:24,749 [INFO] fl_ids.fl.client: Client 9 round 9: 31 of 904 boosting-passed rows flagged; surfacing 31
2026-09-25 04:00:53,205 [INFO] fl_ids.models.boosting: Continued boosting training: +50 trees on 95606 rows (now 450 trees)
2026-09-25 04:00:53,205 [INFO] fl_ids.models.boosting_update: Round 9: boosting v4 (continue) from 247 alerts ({'Backdoor': 1, 'Normal': 204, 'Password': 22, 'SQL_injection': 6, 'Uploading': 6, 'Vulnerability_scanner': 7, 'XSS': 1}); 50 from excluded clients ignored
2026-09-25 04:00:53,405 [WARNING] fl_ids.fl.client: Client 5: no benign validation samples to evaluate on
2026-09-25 04:00:53,416 [INFO] fl_ids.eval.simulation: Round 9: mean_val_loss=0.0497, comm_bytes=583920
2026-09-25 04:01:06,091 [WARNING] fl_ids.fl.client: Client 5: no benign validation samples to evaluate on
2026-09-25 04:01:06,105 [INFO] fl_ids.eval.simulation: Round 10: mean_val_loss=0.0287, comm_bytes=583920
2026-09-25 04:01:21,393 [WARNING] fl_ids.fl.client: Client 5: no benign validation samples to evaluate on
2026-09-25 04:01:21,417 [INFO] fl_ids.eval.simulation: Round 11: mean_val_loss=0.0493, comm_bytes=583920
2026-09-25 04:01:21,676 [INFO] fl_ids.fl.client: Client 0 round 12: 53 of 175 boosting-passed rows flagged; surfacing 50
2026-09-25 04:01:22,026 [INFO] fl_ids.fl.client: Client 1 round 12: 15 of 689 boosting-passed rows flagged; surfacing 15
2026-09-25 04:01:22,633 [INFO] fl_ids.fl.client: Client 2 round 12: 11 of 450 boosting-passed rows flagged; surfacing 11
2026-09-25 04:01:24,052 [INFO] fl_ids.fl.client: Client 3 round 12: 135 of 5529 boosting-passed rows flagged; surfacing 50
2026-09-25 04:01:27,515 [INFO] fl_ids.fl.client: Client 4 round 12: 406 of 11645 boosting-passed rows flagged; surfacing 50
2026-09-25 04:01:31,391 [INFO] fl_ids.fl.client: Client 6 round 12: 83 of 2704 boosting-passed rows flagged; surfacing 50
2026-09-25 04:01:32,942 [INFO] fl_ids.fl.client: Client 7 round 12: 2 of 294 boosting-passed rows flagged; surfacing 2
2026-09-25 04:01:34,160 [INFO] fl_ids.fl.client: Client 8 round 12: 395 of 10294 boosting-passed rows flagged; surfacing 50
2026-09-25 04:01:37,380 [INFO] fl_ids.fl.client: Client 9 round 12: 32 of 902 boosting-passed rows flagged; surfacing 32
2026-09-25 04:02:09,416 [INFO] fl_ids.models.boosting: Continued boosting training: +50 trees on 95816 rows (now 500 trees)
2026-09-25 04:02:09,416 [INFO] fl_ids.models.boosting_update: Round 12: boosting v5 (continue) from 210 alerts ({'DDoS_HTTP': 1, 'Normal': 198, 'Password': 4, 'SQL_injection': 6, 'Uploading': 1}); 100 from excluded clients ignored
2026-09-25 04:02:09,874 [WARNING] fl_ids.fl.client: Client 5: no benign validation samples to evaluate on
2026-09-25 04:02:09,962 [INFO] fl_ids.eval.simulation: Round 12: mean_val_loss=0.0291, comm_bytes=583920
2026-09-25 04:02:27,398 [WARNING] fl_ids.fl.client: Client 5: no benign validation samples to evaluate on
2026-09-25 04:02:27,415 [INFO] fl_ids.eval.simulation: Round 13: mean_val_loss=0.0454, comm_bytes=583920
2026-09-25 04:02:45,236 [WARNING] fl_ids.fl.client: Client 5: no benign validation samples to evaluate on
2026-09-25 04:02:45,250 [INFO] fl_ids.eval.simulation: Round 14: mean_val_loss=0.0487, comm_bytes=583920
2026-09-25 04:02:45,460 [INFO] fl_ids.fl.client: Client 0 round 15: 62 of 174 boosting-passed rows flagged; surfacing 50
2026-09-25 04:02:45,845 [INFO] fl_ids.fl.client: Client 1 round 15: 11 of 690 boosting-passed rows flagged; surfacing 11
2026-09-25 04:02:46,250 [INFO] fl_ids.fl.client: Client 2 round 15: 6 of 447 boosting-passed rows flagged; surfacing 6
2026-09-25 04:02:47,203 [INFO] fl_ids.fl.client: Client 3 round 15: 125 of 5530 boosting-passed rows flagged; surfacing 50
2026-09-25 04:02:50,391 [INFO] fl_ids.fl.client: Client 4 round 15: 398 of 11644 boosting-passed rows flagged; surfacing 50
2026-09-25 04:02:54,860 [INFO] fl_ids.fl.client: Client 6 round 15: 75 of 2706 boosting-passed rows flagged; surfacing 50
2026-09-25 04:02:55,910 [INFO] fl_ids.fl.client: Client 7 round 15: 2 of 291 boosting-passed rows flagged; surfacing 2
2026-09-25 04:02:57,505 [INFO] fl_ids.fl.client: Client 8 round 15: 368 of 10290 boosting-passed rows flagged; surfacing 50
2026-09-25 04:03:00,099 [INFO] fl_ids.fl.client: Client 9 round 15: 58 of 898 boosting-passed rows flagged; surfacing 50
2026-09-25 04:03:36,709 [INFO] fl_ids.models.boosting: Continued boosting training: +50 trees on 96035 rows (now 550 trees)
2026-09-25 04:03:36,709 [INFO] fl_ids.models.boosting_update: Round 15: boosting v6 (continue) from 219 alerts ({'Backdoor': 1, 'DDoS_HTTP': 1, 'Normal': 171, 'Password': 23, 'SQL_injection': 3, 'Uploading': 7, 'Vulnerability_scanner': 12, 'XSS': 1}); 100 from excluded clients ignored
2026-09-25 04:03:37,032 [WARNING] fl_ids.fl.client: Client 5: no benign validation samples to evaluate on
2026-09-25 04:03:37,054 [INFO] fl_ids.eval.simulation: Round 15: mean_val_loss=0.0260, comm_bytes=583920
2026-09-25 04:03:55,116 [WARNING] fl_ids.fl.client: Client 5: no benign validation samples to evaluate on
2026-09-25 04:03:55,129 [INFO] fl_ids.eval.simulation: Round 16: mean_val_loss=0.0504, comm_bytes=583920
2026-09-25 04:04:11,994 [WARNING] fl_ids.fl.client: Client 5: no benign validation samples to evaluate on
2026-09-25 04:04:12,008 [INFO] fl_ids.eval.simulation: Round 17: mean_val_loss=0.0186, comm_bytes=583920
2026-09-25 04:04:12,317 [INFO] fl_ids.fl.client: Client 0 round 18: 7 of 175 boosting-passed rows flagged; surfacing 7
2026-09-25 04:04:12,744 [INFO] fl_ids.fl.client: Client 1 round 18: 15 of 689 boosting-passed rows flagged; surfacing 15
2026-09-25 04:04:13,216 [INFO] fl_ids.fl.client: Client 2 round 18: 6 of 447 boosting-passed rows flagged; surfacing 6
2026-09-25 04:04:14,354 [INFO] fl_ids.fl.client: Client 3 round 18: 128 of 5529 boosting-passed rows flagged; surfacing 50
2026-09-25 04:04:17,579 [INFO] fl_ids.fl.client: Client 4 round 18: 443 of 11643 boosting-passed rows flagged; surfacing 50
2026-09-25 04:04:21,063 [INFO] fl_ids.fl.client: Client 6 round 18: 87 of 2706 boosting-passed rows flagged; surfacing 50
2026-09-25 04:04:21,892 [INFO] fl_ids.fl.client: Client 7 round 18: 2 of 290 boosting-passed rows flagged; surfacing 2
2026-09-25 04:04:23,770 [INFO] fl_ids.fl.client: Client 8 round 18: 364 of 10291 boosting-passed rows flagged; surfacing 50
2026-09-25 04:04:26,454 [INFO] fl_ids.fl.client: Client 9 round 18: 46 of 898 boosting-passed rows flagged; surfacing 46
2026-09-25 04:05:13,268 [INFO] fl_ids.models.boosting: Continued boosting training: +50 trees on 96211 rows (now 600 trees)
2026-09-25 04:05:13,268 [INFO] fl_ids.models.boosting_update: Round 18: boosting v7 (continue) from 176 alerts ({'Backdoor': 1, 'Normal': 155, 'Password': 7, 'Port_Scanning': 2, 'SQL_injection': 5, 'Uploading': 4, 'Vulnerability_scanner': 1, 'XSS': 1}); 100 from excluded clients ignored
2026-09-25 04:05:13,694 [WARNING] fl_ids.fl.client: Client 5: no benign validation samples to evaluate on
2026-09-25 04:05:13,718 [INFO] fl_ids.eval.simulation: Round 18: mean_val_loss=0.0444, comm_bytes=583920
2026-09-25 04:05:30,911 [WARNING] fl_ids.fl.client: Client 5: no benign validation samples to evaluate on
2026-09-25 04:05:30,923 [INFO] fl_ids.eval.simulation: Round 19: mean_val_loss=0.0228, comm_bytes=583920
2026-09-25 04:05:46,940 [WARNING] fl_ids.fl.client: Client 5: no benign validation samples to evaluate on
2026-09-25 04:05:46,953 [INFO] fl_ids.eval.simulation: Round 20: mean_val_loss=0.0657, comm_bytes=583920
2026-09-25 04:05:46,978 [WARNING] fl_ids.eval.common: Clients [5] have no benign validation rows (infinite threshold); 142 test rows can't be flagged by the autoencoder
2026-09-25 04:05:47,785 [INFO] fl_ids.eval.zero_day: zero-day holdout=Ransomware run=malicious_fraction=0.30: detection_rate=0.536
2026-09-25 04:05:59,394 [WARNING] fl_ids.fl.client: Client 5: no benign validation samples to evaluate on
2026-09-25 04:05:59,408 [INFO] fl_ids.eval.simulation: Round 1: mean_val_loss=0.2705, comm_bytes=583920
2026-09-25 04:06:12,521 [WARNING] fl_ids.fl.client: Client 5: no benign validation samples to evaluate on
2026-09-25 04:06:12,550 [INFO] fl_ids.eval.simulation: Round 2: mean_val_loss=0.1106, comm_bytes=583920
2026-09-25 04:06:12,808 [INFO] fl_ids.fl.client: Client 0 round 3: 10 of 177 boosting-passed rows flagged; surfacing 10
2026-09-25 04:06:13,331 [INFO] fl_ids.fl.client: Client 1 round 3: 5 of 693 boosting-passed rows flagged; surfacing 5
2026-09-25 04:06:13,705 [INFO] fl_ids.fl.client: Client 2 round 3: 3 of 454 boosting-passed rows flagged; surfacing 3
2026-09-25 04:06:14,302 [INFO] fl_ids.fl.client: Client 3 round 3: 234 of 5529 boosting-passed rows flagged; surfacing 50
2026-09-25 04:06:16,606 [INFO] fl_ids.fl.client: Client 4 round 3: 419 of 11656 boosting-passed rows flagged; surfacing 50
2026-09-25 04:06:21,793 [INFO] fl_ids.fl.client: Client 6 round 3: 99 of 2706 boosting-passed rows flagged; surfacing 50
2026-09-25 04:06:22,701 [INFO] fl_ids.fl.client: Client 7 round 3: 2 of 296 boosting-passed rows flagged; surfacing 2
2026-09-25 04:06:23,759 [INFO] fl_ids.fl.client: Client 8 round 3: 349 of 10300 boosting-passed rows flagged; surfacing 50
2026-09-25 04:06:27,877 [INFO] fl_ids.fl.client: Client 9 round 3: 21 of 908 boosting-passed rows flagged; surfacing 21
2026-09-25 04:06:54,116 [INFO] fl_ids.models.boosting: Continued boosting training: +50 trees on 95131 rows (now 350 trees)
2026-09-25 04:06:54,116 [INFO] fl_ids.models.boosting_update: Round 3: boosting v2 (continue) from 131 alerts ({'DDoS_HTTP': 1, 'Normal': 128, 'SQL_injection': 1, 'Vulnerability_scanner': 1}); 110 from excluded clients ignored
2026-09-25 04:06:54,276 [WARNING] fl_ids.fl.client: Client 5: no benign validation samples to evaluate on
2026-09-25 04:06:54,286 [INFO] fl_ids.eval.simulation: Round 3: mean_val_loss=0.0408, comm_bytes=583920
2026-09-25 04:07:05,975 [WARNING] fl_ids.fl.client: Client 5: no benign validation samples to evaluate on
2026-09-25 04:07:05,988 [INFO] fl_ids.eval.simulation: Round 4: mean_val_loss=0.0292, comm_bytes=583920
2026-09-25 04:07:17,690 [WARNING] fl_ids.fl.client: Client 5: no benign validation samples to evaluate on
2026-09-25 04:07:17,702 [INFO] fl_ids.eval.simulation: Round 5: mean_val_loss=0.0244, comm_bytes=583920
2026-09-25 04:07:17,882 [INFO] fl_ids.fl.client: Client 0 round 6: 4 of 175 boosting-passed rows flagged; surfacing 4
2026-09-25 04:07:18,155 [INFO] fl_ids.fl.client: Client 1 round 6: 15 of 691 boosting-passed rows flagged; surfacing 15
2026-09-25 04:07:18,505 [INFO] fl_ids.fl.client: Client 2 round 6: 14 of 450 boosting-passed rows flagged; surfacing 14
2026-09-25 04:07:19,241 [INFO] fl_ids.fl.client: Client 3 round 6: 214 of 5528 boosting-passed rows flagged; surfacing 50
2026-09-25 04:07:21,623 [INFO] fl_ids.fl.client: Client 4 round 6: 471 of 11650 boosting-passed rows flagged; surfacing 50
2026-09-25 04:07:24,814 [INFO] fl_ids.fl.client: Client 6 round 6: 101 of 2702 boosting-passed rows flagged; surfacing 50
2026-09-25 04:07:25,575 [INFO] fl_ids.fl.client: Client 7 round 6: 2 of 296 boosting-passed rows flagged; surfacing 2
2026-09-25 04:07:26,654 [INFO] fl_ids.fl.client: Client 8 round 6: 306 of 10299 boosting-passed rows flagged; surfacing 50
2026-09-25 04:07:29,191 [INFO] fl_ids.fl.client: Client 9 round 6: 36 of 906 boosting-passed rows flagged; surfacing 36
2026-09-25 04:07:58,626 [INFO] fl_ids.models.boosting: Continued boosting training: +50 trees on 95302 rows (now 400 trees)
2026-09-25 04:07:58,627 [INFO] fl_ids.models.boosting_update: Round 6: boosting v3 (continue) from 171 alerts ({'Backdoor': 1, 'Normal': 164, 'Port_Scanning': 6}); 100 from excluded clients ignored
2026-09-25 04:07:58,954 [WARNING] fl_ids.fl.client: Client 5: no benign validation samples to evaluate on
2026-09-25 04:07:59,035 [INFO] fl_ids.eval.simulation: Round 6: mean_val_loss=0.0555, comm_bytes=583920
2026-09-25 04:08:14,271 [WARNING] fl_ids.fl.client: Client 5: no benign validation samples to evaluate on
2026-09-25 04:08:14,287 [INFO] fl_ids.eval.simulation: Round 7: mean_val_loss=0.0161, comm_bytes=583920
2026-09-25 04:08:27,414 [WARNING] fl_ids.fl.client: Client 5: no benign validation samples to evaluate on
2026-09-25 04:08:27,427 [INFO] fl_ids.eval.simulation: Round 8: mean_val_loss=0.0178, comm_bytes=583920
2026-09-25 04:08:27,611 [INFO] fl_ids.fl.client: Client 0 round 9: 3 of 173 boosting-passed rows flagged; surfacing 3
2026-09-25 04:08:27,867 [INFO] fl_ids.fl.client: Client 1 round 9: 11 of 690 boosting-passed rows flagged; surfacing 11
2026-09-25 04:08:28,282 [INFO] fl_ids.fl.client: Client 2 round 9: 10 of 453 boosting-passed rows flagged; surfacing 10
2026-09-25 04:08:29,210 [INFO] fl_ids.fl.client: Client 3 round 9: 169 of 5528 boosting-passed rows flagged; surfacing 50
2026-09-25 04:08:31,785 [INFO] fl_ids.fl.client: Client 4 round 9: 352 of 11648 boosting-passed rows flagged; surfacing 50
2026-09-25 04:08:35,504 [INFO] fl_ids.fl.client: Client 6 round 9: 79 of 2704 boosting-passed rows flagged; surfacing 50
2026-09-25 04:08:36,324 [INFO] fl_ids.fl.client: Client 7 round 9: 2 of 293 boosting-passed rows flagged; surfacing 2
2026-09-25 04:08:37,457 [INFO] fl_ids.fl.client: Client 8 round 9: 328 of 10294 boosting-passed rows flagged; surfacing 50
2026-09-25 04:08:40,660 [INFO] fl_ids.fl.client: Client 9 round 9: 26 of 905 boosting-passed rows flagged; surfacing 26
2026-09-25 04:09:05,388 [INFO] fl_ids.models.boosting: Continued boosting training: +50 trees on 95451 rows (now 450 trees)
2026-09-25 04:09:05,389 [INFO] fl_ids.models.boosting_update: Round 9: boosting v4 (continue) from 149 alerts ({'Backdoor': 1, 'Normal': 143, 'Port_Scanning': 5}); 103 from excluded clients ignored
2026-09-25 04:09:05,587 [WARNING] fl_ids.fl.client: Client 5: no benign validation samples to evaluate on
2026-09-25 04:09:05,597 [INFO] fl_ids.eval.simulation: Round 9: mean_val_loss=0.0152, comm_bytes=583920
2026-09-25 04:09:19,096 [WARNING] fl_ids.fl.client: Client 5: no benign validation samples to evaluate on
2026-09-25 04:09:19,108 [INFO] fl_ids.eval.simulation: Round 10: mean_val_loss=0.0166, comm_bytes=583920
2026-09-25 04:09:32,904 [WARNING] fl_ids.fl.client: Client 5: no benign validation samples to evaluate on
2026-09-25 04:09:32,908 [INFO] fl_ids.eval.simulation: Round 11: mean_val_loss=0.0183, comm_bytes=583920
2026-09-25 04:09:33,131 [INFO] fl_ids.fl.client: Client 0 round 12: 3 of 172 boosting-passed rows flagged; surfacing 3
2026-09-25 04:09:33,490 [INFO] fl_ids.fl.client: Client 1 round 12: 20 of 689 boosting-passed rows flagged; surfacing 20
2026-09-25 04:09:33,880 [INFO] fl_ids.fl.client: Client 2 round 12: 6 of 448 boosting-passed rows flagged; surfacing 6
2026-09-25 04:09:34,653 [INFO] fl_ids.fl.client: Client 3 round 12: 177 of 5529 boosting-passed rows flagged; surfacing 50
2026-09-25 04:09:37,382 [INFO] fl_ids.fl.client: Client 4 round 12: 398 of 11646 boosting-passed rows flagged; surfacing 50
2026-09-25 04:09:40,714 [INFO] fl_ids.fl.client: Client 6 round 12: 80 of 2708 boosting-passed rows flagged; surfacing 50
2026-09-25 04:09:41,620 [INFO] fl_ids.fl.client: Client 7 round 12: 2 of 294 boosting-passed rows flagged; surfacing 2
2026-09-25 04:09:42,833 [INFO] fl_ids.fl.client: Client 8 round 12: 324 of 10295 boosting-passed rows flagged; surfacing 50
2026-09-25 04:09:45,744 [INFO] fl_ids.fl.client: Client 9 round 12: 14 of 901 boosting-passed rows flagged; surfacing 14
2026-09-25 04:10:16,237 [INFO] fl_ids.models.boosting: Continued boosting training: +50 trees on 95596 rows (now 500 trees)
2026-09-25 04:10:16,238 [INFO] fl_ids.models.boosting_update: Round 12: boosting v5 (continue) from 145 alerts ({'Backdoor': 2, 'Normal': 142, 'Port_Scanning': 1}); 100 from excluded clients ignored
2026-09-25 04:10:16,511 [WARNING] fl_ids.fl.client: Client 5: no benign validation samples to evaluate on
2026-09-25 04:10:16,529 [INFO] fl_ids.eval.simulation: Round 12: mean_val_loss=0.0159, comm_bytes=583920
2026-09-25 04:10:30,610 [WARNING] fl_ids.fl.client: Client 5: no benign validation samples to evaluate on
2026-09-25 04:10:30,623 [INFO] fl_ids.eval.simulation: Round 13: mean_val_loss=0.0180, comm_bytes=583920
2026-09-25 04:10:45,106 [WARNING] fl_ids.fl.client: Client 5: no benign validation samples to evaluate on
2026-09-25 04:10:45,119 [INFO] fl_ids.eval.simulation: Round 14: mean_val_loss=0.0251, comm_bytes=583920
2026-09-25 04:10:45,320 [INFO] fl_ids.fl.client: Client 0 round 15: 3 of 171 boosting-passed rows flagged; surfacing 3
2026-09-25 04:10:45,650 [INFO] fl_ids.fl.client: Client 1 round 15: 2 of 690 boosting-passed rows flagged; surfacing 2
2026-09-25 04:10:46,033 [INFO] fl_ids.fl.client: Client 2 round 15: 11 of 449 boosting-passed rows flagged; surfacing 11
2026-09-25 04:10:46,935 [INFO] fl_ids.fl.client: Client 3 round 15: 167 of 5528 boosting-passed rows flagged; surfacing 50
2026-09-25 04:10:49,765 [INFO] fl_ids.fl.client: Client 4 round 15: 331 of 11643 boosting-passed rows flagged; surfacing 50
2026-09-25 04:10:53,461 [INFO] fl_ids.fl.client: Client 6 round 15: 123 of 2708 boosting-passed rows flagged; surfacing 50
2026-09-25 04:10:54,286 [INFO] fl_ids.fl.client: Client 7 round 15: 2 of 294 boosting-passed rows flagged; surfacing 2
2026-09-25 04:10:55,686 [INFO] fl_ids.fl.client: Client 8 round 15: 343 of 10293 boosting-passed rows flagged; surfacing 50
2026-09-25 04:10:58,262 [INFO] fl_ids.fl.client: Client 9 round 15: 38 of 901 boosting-passed rows flagged; surfacing 38
2026-09-25 04:11:32,458 [INFO] fl_ids.models.boosting: Continued boosting training: +50 trees on 95749 rows (now 550 trees)
2026-09-25 04:11:32,458 [INFO] fl_ids.models.boosting_update: Round 15: boosting v6 (continue) from 153 alerts ({'Backdoor': 1, 'Normal': 151, 'Port_Scanning': 1}); 103 from excluded clients ignored
2026-09-25 04:11:32,755 [WARNING] fl_ids.fl.client: Client 5: no benign validation samples to evaluate on
2026-09-25 04:11:32,774 [INFO] fl_ids.eval.simulation: Round 15: mean_val_loss=0.0153, comm_bytes=583920
2026-09-25 04:11:48,027 [WARNING] fl_ids.fl.client: Client 5: no benign validation samples to evaluate on
2026-09-25 04:11:48,041 [INFO] fl_ids.eval.simulation: Round 16: mean_val_loss=0.0222, comm_bytes=583920
2026-09-25 04:12:02,647 [WARNING] fl_ids.fl.client: Client 5: no benign validation samples to evaluate on
2026-09-25 04:12:02,660 [INFO] fl_ids.eval.simulation: Round 17: mean_val_loss=0.0159, comm_bytes=583920
2026-09-25 04:12:02,959 [INFO] fl_ids.fl.client: Client 0 round 18: 3 of 171 boosting-passed rows flagged; surfacing 3
2026-09-25 04:12:03,379 [INFO] fl_ids.fl.client: Client 1 round 18: 17 of 689 boosting-passed rows flagged; surfacing 17
2026-09-25 04:12:03,848 [INFO] fl_ids.fl.client: Client 2 round 18: 4 of 443 boosting-passed rows flagged; surfacing 4
2026-09-25 04:12:04,980 [INFO] fl_ids.fl.client: Client 3 round 18: 127 of 5528 boosting-passed rows flagged; surfacing 50
2026-09-25 04:12:08,100 [INFO] fl_ids.fl.client: Client 4 round 18: 447 of 11641 boosting-passed rows flagged; surfacing 50
2026-09-25 04:12:11,461 [INFO] fl_ids.fl.client: Client 6 round 18: 69 of 2706 boosting-passed rows flagged; surfacing 50
2026-09-25 04:12:12,275 [INFO] fl_ids.fl.client: Client 7 round 18: 2 of 293 boosting-passed rows flagged; surfacing 2
2026-09-25 04:12:14,031 [INFO] fl_ids.fl.client: Client 8 round 18: 328 of 10293 boosting-passed rows flagged; surfacing 50
2026-09-25 04:12:16,658 [INFO] fl_ids.fl.client: Client 9 round 18: 20 of 900 boosting-passed rows flagged; surfacing 20
2026-09-25 04:12:56,874 [INFO] fl_ids.models.boosting: Continued boosting training: +50 trees on 95925 rows (now 600 trees)
2026-09-25 04:12:56,874 [INFO] fl_ids.models.boosting_update: Round 18: boosting v7 (continue) from 176 alerts ({'Normal': 163, 'Password': 2, 'Port_Scanning': 5, 'SQL_injection': 1, 'Uploading': 4, 'XSS': 1}); 70 from excluded clients ignored
2026-09-25 04:12:57,201 [WARNING] fl_ids.fl.client: Client 5: no benign validation samples to evaluate on
2026-09-25 04:12:57,217 [INFO] fl_ids.eval.simulation: Round 18: mean_val_loss=0.0213, comm_bytes=583920
2026-09-25 04:13:13,045 [WARNING] fl_ids.fl.client: Client 5: no benign validation samples to evaluate on
2026-09-25 04:13:13,057 [INFO] fl_ids.eval.simulation: Round 19: mean_val_loss=0.0160, comm_bytes=583920
2026-09-25 04:13:28,706 [WARNING] fl_ids.fl.client: Client 5: no benign validation samples to evaluate on
2026-09-25 04:13:28,718 [INFO] fl_ids.eval.simulation: Round 20: mean_val_loss=0.0441, comm_bytes=583920
2026-09-25 04:13:28,744 [WARNING] fl_ids.eval.common: Clients [5] have no benign validation rows (infinite threshold); 142 test rows can't be flagged by the autoencoder
2026-09-25 04:13:29,504 [INFO] fl_ids.eval.zero_day: zero-day holdout=Ransomware run=malicious_fraction=0.40: detection_rate=0.541
2026-09-25 04:13:40,911 [WARNING] fl_ids.fl.client: Client 5: no benign validation samples to evaluate on
2026-09-25 04:13:40,923 [INFO] fl_ids.eval.simulation: Round 1: mean_val_loss=0.3484, comm_bytes=583920
2026-09-25 04:13:52,259 [WARNING] fl_ids.fl.client: Client 5: no benign validation samples to evaluate on
2026-09-25 04:13:52,272 [INFO] fl_ids.eval.simulation: Round 2: mean_val_loss=0.6955, comm_bytes=583920
2026-09-25 04:13:52,436 [INFO] fl_ids.fl.client: Client 0 round 3: 9 of 177 boosting-passed rows flagged; surfacing 9
2026-09-25 04:13:52,710 [INFO] fl_ids.fl.client: Client 1 round 3: 12 of 693 boosting-passed rows flagged; surfacing 12
2026-09-25 04:13:53,065 [INFO] fl_ids.fl.client: Client 2 round 3: 6 of 454 boosting-passed rows flagged; surfacing 6
2026-09-25 04:13:53,666 [INFO] fl_ids.fl.client: Client 3 round 3: 208 of 5529 boosting-passed rows flagged; surfacing 50
2026-09-25 04:13:55,958 [INFO] fl_ids.fl.client: Client 4 round 3: 312 of 11656 boosting-passed rows flagged; surfacing 50
2026-09-25 04:13:59,479 [INFO] fl_ids.fl.client: Client 6 round 3: 72 of 2706 boosting-passed rows flagged; surfacing 50
2026-09-25 04:14:00,330 [INFO] fl_ids.fl.client: Client 7 round 3: 2 of 296 boosting-passed rows flagged; surfacing 2
2026-09-25 04:14:01,192 [INFO] fl_ids.fl.client: Client 8 round 3: 327 of 10300 boosting-passed rows flagged; surfacing 50
2026-09-25 04:14:04,065 [INFO] fl_ids.fl.client: Client 9 round 3: 30 of 908 boosting-passed rows flagged; surfacing 30
2026-09-25 04:14:26,304 [INFO] fl_ids.models.boosting: Continued boosting training: +50 trees on 95191 rows (now 350 trees)
2026-09-25 04:14:26,304 [INFO] fl_ids.models.boosting_update: Round 3: boosting v2 (continue) from 191 alerts ({'Normal': 191}); 68 from excluded clients ignored
2026-09-25 04:14:26,506 [WARNING] fl_ids.fl.client: Client 5: no benign validation samples to evaluate on
2026-09-25 04:14:26,530 [INFO] fl_ids.eval.simulation: Round 3: mean_val_loss=10.2301, comm_bytes=583920
2026-09-25 04:14:38,022 [WARNING] fl_ids.fl.client: Client 5: no benign validation samples to evaluate on
2026-09-25 04:14:38,034 [INFO] fl_ids.eval.simulation: Round 4: mean_val_loss=1888.7336, comm_bytes=583920
2026-09-25 04:14:49,583 [WARNING] fl_ids.fl.client: Client 5: no benign validation samples to evaluate on
2026-09-25 04:14:49,596 [INFO] fl_ids.eval.simulation: Round 5: mean_val_loss=386376.7730, comm_bytes=583920
2026-09-25 04:14:49,772 [INFO] fl_ids.fl.client: Client 0 round 6: 9 of 179 boosting-passed rows flagged; surfacing 9
2026-09-25 04:14:50,048 [INFO] fl_ids.fl.client: Client 1 round 6: 30 of 692 boosting-passed rows flagged; surfacing 30
2026-09-25 04:14:50,383 [INFO] fl_ids.fl.client: Client 2 round 6: 6 of 454 boosting-passed rows flagged; surfacing 6
2026-09-25 04:14:51,101 [INFO] fl_ids.fl.client: Client 3 round 6: 161 of 5528 boosting-passed rows flagged; surfacing 50
2026-09-25 04:14:53,445 [INFO] fl_ids.fl.client: Client 4 round 6: 340 of 11650 boosting-passed rows flagged; surfacing 50
2026-09-25 04:14:56,640 [INFO] fl_ids.fl.client: Client 6 round 6: 99 of 2705 boosting-passed rows flagged; surfacing 50
2026-09-25 04:14:57,372 [INFO] fl_ids.fl.client: Client 7 round 6: 2 of 295 boosting-passed rows flagged; surfacing 2
2026-09-25 04:14:58,452 [INFO] fl_ids.fl.client: Client 8 round 6: 326 of 10298 boosting-passed rows flagged; surfacing 50
2026-09-25 04:15:00,986 [INFO] fl_ids.fl.client: Client 9 round 6: 19 of 907 boosting-passed rows flagged; surfacing 19
2026-09-25 04:15:24,829 [INFO] fl_ids.models.boosting: Continued boosting training: +50 trees on 95302 rows (now 400 trees)
2026-09-25 04:15:24,830 [INFO] fl_ids.models.boosting_update: Round 6: boosting v3 (continue) from 111 alerts ({'Normal': 111}); 155 from excluded clients ignored
2026-09-25 04:15:25,063 [WARNING] fl_ids.fl.client: Client 5: no benign validation samples to evaluate on
2026-09-25 04:15:25,092 [INFO] fl_ids.eval.simulation: Round 6: mean_val_loss=24415689.2704, comm_bytes=583920
2026-09-25 04:15:38,651 [WARNING] fl_ids.fl.client: Client 5: no benign validation samples to evaluate on
2026-09-25 04:15:38,663 [INFO] fl_ids.eval.simulation: Round 7: mean_val_loss=709911260.5108, comm_bytes=583920
2026-09-25 04:15:50,987 [WARNING] fl_ids.fl.client: Client 5: no benign validation samples to evaluate on
2026-09-25 04:15:50,999 [INFO] fl_ids.eval.simulation: Round 8: mean_val_loss=11760939825.3641, comm_bytes=583920
2026-09-25 04:15:51,200 [INFO] fl_ids.fl.client: Client 0 round 9: 9 of 174 boosting-passed rows flagged; surfacing 9
2026-09-25 04:15:51,523 [INFO] fl_ids.fl.client: Client 1 round 9: 30 of 691 boosting-passed rows flagged; surfacing 30
2026-09-25 04:15:51,884 [INFO] fl_ids.fl.client: Client 2 round 9: 6 of 449 boosting-passed rows flagged; surfacing 6
2026-09-25 04:15:52,713 [INFO] fl_ids.fl.client: Client 3 round 9: 153 of 5528 boosting-passed rows flagged; surfacing 50
2026-09-25 04:15:55,330 [INFO] fl_ids.fl.client: Client 4 round 9: 329 of 11648 boosting-passed rows flagged; surfacing 50
2026-09-25 04:15:59,029 [INFO] fl_ids.fl.client: Client 6 round 9: 99 of 2701 boosting-passed rows flagged; surfacing 50
2026-09-25 04:15:59,850 [INFO] fl_ids.fl.client: Client 7 round 9: 2 of 293 boosting-passed rows flagged; surfacing 2
2026-09-25 04:16:00,982 [INFO] fl_ids.fl.client: Client 8 round 9: 312 of 10296 boosting-passed rows flagged; surfacing 50
2026-09-25 04:16:04,320 [INFO] fl_ids.fl.client: Client 9 round 9: 19 of 907 boosting-passed rows flagged; surfacing 19
2026-09-25 04:16:34,151 [INFO] fl_ids.models.boosting: Continued boosting training: +50 trees on 95413 rows (now 450 trees)
2026-09-25 04:16:34,151 [INFO] fl_ids.models.boosting_update: Round 9: boosting v4 (continue) from 111 alerts ({'Normal': 111}); 155 from excluded clients ignored
2026-09-25 04:16:34,353 [WARNING] fl_ids.fl.client: Client 5: no benign validation samples to evaluate on
2026-09-25 04:16:34,364 [INFO] fl_ids.eval.simulation: Round 9: mean_val_loss=129176827975.1892, comm_bytes=583920
2026-09-25 04:16:47,122 [WARNING] fl_ids.fl.client: Client 5: no benign validation samples to evaluate on
2026-09-25 04:16:47,134 [INFO] fl_ids.eval.simulation: Round 10: mean_val_loss=966098656821.3918, comm_bytes=583920
2026-09-25 04:17:01,291 [WARNING] fl_ids.fl.client: Client 5: no benign validation samples to evaluate on
2026-09-25 04:17:01,304 [INFO] fl_ids.eval.simulation: Round 11: mean_val_loss=5505374891781.7139, comm_bytes=583920
2026-09-25 04:17:01,535 [INFO] fl_ids.fl.client: Client 0 round 12: 9 of 172 boosting-passed rows flagged; surfacing 9
2026-09-25 04:17:01,891 [INFO] fl_ids.fl.client: Client 1 round 12: 29 of 691 boosting-passed rows flagged; surfacing 29
2026-09-25 04:17:02,276 [INFO] fl_ids.fl.client: Client 2 round 12: 6 of 449 boosting-passed rows flagged; surfacing 6
2026-09-25 04:17:03,295 [INFO] fl_ids.fl.client: Client 3 round 12: 169 of 5528 boosting-passed rows flagged; surfacing 50
2026-09-25 04:17:06,370 [INFO] fl_ids.fl.client: Client 4 round 12: 349 of 11647 boosting-passed rows flagged; surfacing 50
2026-09-25 04:17:10,510 [INFO] fl_ids.fl.client: Client 6 round 12: 81 of 2701 boosting-passed rows flagged; surfacing 50
2026-09-25 04:17:11,317 [INFO] fl_ids.fl.client: Client 7 round 12: 2 of 292 boosting-passed rows flagged; surfacing 2
2026-09-25 04:17:13,039 [INFO] fl_ids.fl.client: Client 8 round 12: 318 of 10294 boosting-passed rows flagged; surfacing 50
2026-09-25 04:17:16,858 [INFO] fl_ids.fl.client: Client 9 round 12: 19 of 906 boosting-passed rows flagged; surfacing 19
2026-09-25 04:17:50,560 [INFO] fl_ids.models.boosting: Continued boosting training: +50 trees on 95524 rows (now 500 trees)
2026-09-25 04:17:50,561 [INFO] fl_ids.models.boosting_update: Round 12: boosting v5 (continue) from 111 alerts ({'Normal': 111}); 154 from excluded clients ignored
2026-09-25 04:17:50,784 [WARNING] fl_ids.fl.client: Client 5: no benign validation samples to evaluate on
2026-09-25 04:17:50,795 [INFO] fl_ids.eval.simulation: Round 12: mean_val_loss=25528123555780.0508, comm_bytes=583920
2026-09-25 04:18:07,023 [WARNING] fl_ids.fl.client: Client 5: no benign validation samples to evaluate on
2026-09-25 04:18:07,036 [INFO] fl_ids.eval.simulation: Round 13: mean_val_loss=97746966153997.5781, comm_bytes=583920
2026-09-25 04:18:25,501 [WARNING] fl_ids.fl.client: Client 5: no benign validation samples to evaluate on
2026-09-25 04:18:25,514 [INFO] fl_ids.eval.simulation: Round 14: mean_val_loss=329207423591865.7500, comm_bytes=583920
2026-09-25 04:18:25,731 [INFO] fl_ids.fl.client: Client 0 round 15: 9 of 172 boosting-passed rows flagged; surfacing 9
2026-09-25 04:18:26,062 [INFO] fl_ids.fl.client: Client 1 round 15: 29 of 690 boosting-passed rows flagged; surfacing 29
2026-09-25 04:18:26,461 [INFO] fl_ids.fl.client: Client 2 round 15: 5 of 448 boosting-passed rows flagged; surfacing 5
2026-09-25 04:18:27,405 [INFO] fl_ids.fl.client: Client 3 round 15: 177 of 5529 boosting-passed rows flagged; surfacing 50
2026-09-25 04:18:31,033 [INFO] fl_ids.fl.client: Client 4 round 15: 333 of 11644 boosting-passed rows flagged; surfacing 50
2026-09-25 04:18:35,836 [INFO] fl_ids.fl.client: Client 6 round 15: 85 of 2707 boosting-passed rows flagged; surfacing 50
2026-09-25 04:18:36,610 [INFO] fl_ids.fl.client: Client 7 round 15: 3 of 289 boosting-passed rows flagged; surfacing 3
2026-09-25 04:18:38,082 [INFO] fl_ids.fl.client: Client 8 round 15: 325 of 10293 boosting-passed rows flagged; surfacing 50
2026-09-25 04:18:42,277 [INFO] fl_ids.fl.client: Client 9 round 15: 20 of 905 boosting-passed rows flagged; surfacing 20
2026-09-25 04:19:18,382 [INFO] fl_ids.models.boosting: Continued boosting training: +50 trees on 95636 rows (now 550 trees)
2026-09-25 04:19:18,382 [INFO] fl_ids.models.boosting_update: Round 15: boosting v6 (continue) from 112 alerts ({'Normal': 112}); 154 from excluded clients ignored
2026-09-25 04:19:18,701 [WARNING] fl_ids.fl.client: Client 5: no benign validation samples to evaluate on
2026-09-25 04:19:18,723 [INFO] fl_ids.eval.simulation: Round 15: mean_val_loss=996967228525439.5000, comm_bytes=583920
2026-09-25 04:19:37,861 [WARNING] fl_ids.fl.client: Client 5: no benign validation samples to evaluate on
2026-09-25 04:19:37,884 [INFO] fl_ids.eval.simulation: Round 16: mean_val_loss=2824040658129278.0000, comm_bytes=583920
2026-09-25 04:19:55,933 [WARNING] fl_ids.fl.client: Client 5: no benign validation samples to evaluate on
2026-09-25 04:19:55,945 [INFO] fl_ids.eval.simulation: Round 17: mean_val_loss=7383133676771467.0000, comm_bytes=583920
2026-09-25 04:19:56,261 [INFO] fl_ids.fl.client: Client 0 round 18: 9 of 172 boosting-passed rows flagged; surfacing 9
2026-09-25 04:19:56,702 [INFO] fl_ids.fl.client: Client 1 round 18: 28 of 689 boosting-passed rows flagged; surfacing 28
2026-09-25 04:19:57,184 [INFO] fl_ids.fl.client: Client 2 round 18: 5 of 441 boosting-passed rows flagged; surfacing 5
2026-09-25 04:19:58,368 [INFO] fl_ids.fl.client: Client 3 round 18: 171 of 5529 boosting-passed rows flagged; surfacing 50
2026-09-25 04:20:01,692 [INFO] fl_ids.fl.client: Client 4 round 18: 316 of 11642 boosting-passed rows flagged; surfacing 50
2026-09-25 04:20:05,202 [INFO] fl_ids.fl.client: Client 6 round 18: 87 of 2703 boosting-passed rows flagged; surfacing 50
2026-09-25 04:20:06,064 [INFO] fl_ids.fl.client: Client 7 round 18: 3 of 290 boosting-passed rows flagged; surfacing 3
2026-09-25 04:20:07,951 [INFO] fl_ids.fl.client: Client 8 round 18: 328 of 10292 boosting-passed rows flagged; surfacing 50
2026-09-25 04:20:10,662 [INFO] fl_ids.fl.client: Client 9 round 18: 21 of 903 boosting-passed rows flagged; surfacing 21
2026-09-25 04:20:57,550 [INFO] fl_ids.models.boosting: Continued boosting training: +50 trees on 95748 rows (now 600 trees)
2026-09-25 04:20:57,550 [INFO] fl_ids.models.boosting_update: Round 18: boosting v7 (continue) from 112 alerts ({'Normal': 112}); 154 from excluded clients ignored
2026-09-25 04:20:57,896 [WARNING] fl_ids.fl.client: Client 5: no benign validation samples to evaluate on
2026-09-25 04:20:57,918 [INFO] fl_ids.eval.simulation: Round 18: mean_val_loss=18016275710547316.0000, comm_bytes=583920
2026-09-25 04:21:16,518 [WARNING] fl_ids.fl.client: Client 5: no benign validation samples to evaluate on
2026-09-25 04:21:16,530 [INFO] fl_ids.eval.simulation: Round 19: mean_val_loss=40729526627832520.0000, comm_bytes=583920
2026-09-25 04:21:32,683 [WARNING] fl_ids.fl.client: Client 5: no benign validation samples to evaluate on
2026-09-25 04:21:32,695 [INFO] fl_ids.eval.simulation: Round 20: mean_val_loss=87560984695155568.0000, comm_bytes=583920
2026-09-25 04:21:32,720 [WARNING] fl_ids.eval.common: Clients [5] have no benign validation rows (infinite threshold); 142 test rows can't be flagged by the autoencoder
2026-09-25 04:21:33,509 [INFO] fl_ids.eval.zero_day: zero-day holdout=Ransomware run=malicious_fraction=0.50: detection_rate=0.535
2026-09-25 04:21:35,775 [INFO] fl_ids.eval.common: Excluded classes ['SQL_injection'] from training: removed 2541 calibration rows, 1597 federated-pool rows
2026-09-25 04:21:35,778 [INFO] fl_ids.models.boosting: Training boosting classifier: 92944 samples, 15 classes, 300 rounds
2026-09-25 04:21:50,535 [WARNING] fl_ids.data.pipeline: Client 5 has zero benign validation samples (heavy Dirichlet skew or too few benign samples in its shard)
2026-09-25 04:21:50,564 [INFO] fl_ids.eval.common: Evaluation setup: 92944 calibration, 58403 federated pool (subsampled), 8754 test rows across 10 clients
2026-09-25 04:22:06,404 [WARNING] fl_ids.fl.client: Client 5: no benign validation samples to evaluate on
2026-09-25 04:22:06,418 [INFO] fl_ids.eval.simulation: Round 1: mean_val_loss=0.2834, comm_bytes=583920
2026-09-25 04:22:22,245 [WARNING] fl_ids.fl.client: Client 5: no benign validation samples to evaluate on
2026-09-25 04:22:22,267 [INFO] fl_ids.eval.simulation: Round 2: mean_val_loss=0.1308, comm_bytes=583920
2026-09-25 04:22:22,341 [INFO] fl_ids.fl.client: Client 0 round 3: 4 of 111 boosting-passed rows flagged; surfacing 4
2026-09-25 04:22:22,582 [INFO] fl_ids.fl.client: Client 1 round 3: 14 of 717 boosting-passed rows flagged; surfacing 14
2026-09-25 04:22:22,861 [INFO] fl_ids.fl.client: Client 2 round 3: 11 of 268 boosting-passed rows flagged; surfacing 11
2026-09-25 04:22:23,481 [INFO] fl_ids.fl.client: Client 3 round 3: 188 of 5659 boosting-passed rows flagged; surfacing 50
2026-09-25 04:22:26,558 [INFO] fl_ids.fl.client: Client 4 round 3: 335 of 11496 boosting-passed rows flagged; surfacing 50
2026-09-25 04:22:31,599 [INFO] fl_ids.fl.client: Client 6 round 3: 51 of 2596 boosting-passed rows flagged; surfacing 50
2026-09-25 04:22:32,449 [INFO] fl_ids.fl.client: Client 7 round 3: 7 of 281 boosting-passed rows flagged; surfacing 7
2026-09-25 04:22:33,361 [INFO] fl_ids.fl.client: Client 8 round 3: 327 of 10260 boosting-passed rows flagged; surfacing 50
2026-09-25 04:22:37,858 [INFO] fl_ids.fl.client: Client 9 round 3: 33 of 927 boosting-passed rows flagged; surfacing 33
2026-09-25 04:22:57,694 [INFO] fl_ids.models.boosting: Continued boosting training: +50 trees on 93213 rows (now 350 trees)
2026-09-25 04:22:57,694 [INFO] fl_ids.models.boosting_update: Round 3: boosting v2 (continue) from 269 alerts ({'Normal': 269}); 0 from excluded clients ignored
2026-09-25 04:22:57,859 [WARNING] fl_ids.fl.client: Client 5: no benign validation samples to evaluate on
2026-09-25 04:22:57,870 [INFO] fl_ids.eval.simulation: Round 3: mean_val_loss=0.0519, comm_bytes=583920
2026-09-25 04:23:09,774 [WARNING] fl_ids.fl.client: Client 5: no benign validation samples to evaluate on
2026-09-25 04:23:09,787 [INFO] fl_ids.eval.simulation: Round 4: mean_val_loss=0.0289, comm_bytes=583920
2026-09-25 04:23:21,731 [WARNING] fl_ids.fl.client: Client 5: no benign validation samples to evaluate on
2026-09-25 04:23:21,750 [INFO] fl_ids.eval.simulation: Round 5: mean_val_loss=0.0246, comm_bytes=583920
2026-09-25 04:23:21,886 [INFO] fl_ids.fl.client: Client 0 round 6: 12 of 110 boosting-passed rows flagged; surfacing 12
2026-09-25 04:23:22,268 [INFO] fl_ids.fl.client: Client 1 round 6: 22 of 717 boosting-passed rows flagged; surfacing 22
2026-09-25 04:23:23,001 [INFO] fl_ids.fl.client: Client 2 round 6: 10 of 264 boosting-passed rows flagged; surfacing 10
2026-09-25 04:23:23,999 [INFO] fl_ids.fl.client: Client 3 round 6: 194 of 5656 boosting-passed rows flagged; surfacing 50
2026-09-25 04:23:27,468 [INFO] fl_ids.fl.client: Client 4 round 6: 263 of 11496 boosting-passed rows flagged; surfacing 50
2026-09-25 04:23:31,415 [INFO] fl_ids.fl.client: Client 6 round 6: 96 of 2596 boosting-passed rows flagged; surfacing 50
2026-09-25 04:23:32,628 [INFO] fl_ids.fl.client: Client 7 round 6: 0 of 279 boosting-passed rows flagged; surfacing 0
2026-09-25 04:23:33,891 [INFO] fl_ids.fl.client: Client 8 round 6: 339 of 10257 boosting-passed rows flagged; surfacing 50
2026-09-25 04:23:37,724 [INFO] fl_ids.fl.client: Client 9 round 6: 58 of 925 boosting-passed rows flagged; surfacing 50
2026-09-25 04:24:09,790 [INFO] fl_ids.models.boosting: Continued boosting training: +50 trees on 93507 rows (now 400 trees)
2026-09-25 04:24:09,791 [INFO] fl_ids.models.boosting_update: Round 6: boosting v3 (continue) from 294 alerts ({'Backdoor': 3, 'Normal': 261, 'Port_Scanning': 19, 'Ransomware': 3, 'Uploading': 4, 'Vulnerability_scanner': 2, 'XSS': 2}); 0 from excluded clients ignored
2026-09-25 04:24:10,036 [WARNING] fl_ids.fl.client: Client 5: no benign validation samples to evaluate on
2026-09-25 04:24:10,059 [INFO] fl_ids.eval.simulation: Round 6: mean_val_loss=0.0232, comm_bytes=583920
2026-09-25 04:24:25,129 [WARNING] fl_ids.fl.client: Client 5: no benign validation samples to evaluate on
2026-09-25 04:24:25,146 [INFO] fl_ids.eval.simulation: Round 7: mean_val_loss=0.0220, comm_bytes=583920
2026-09-25 04:24:38,809 [WARNING] fl_ids.fl.client: Client 5: no benign validation samples to evaluate on
2026-09-25 04:24:38,821 [INFO] fl_ids.eval.simulation: Round 8: mean_val_loss=0.0208, comm_bytes=583920
2026-09-25 04:24:38,927 [INFO] fl_ids.fl.client: Client 0 round 9: 12 of 105 boosting-passed rows flagged; surfacing 12
2026-09-25 04:24:39,310 [INFO] fl_ids.fl.client: Client 1 round 9: 24 of 716 boosting-passed rows flagged; surfacing 24
2026-09-25 04:24:39,651 [INFO] fl_ids.fl.client: Client 2 round 9: 8 of 261 boosting-passed rows flagged; surfacing 8
2026-09-25 04:24:40,524 [INFO] fl_ids.fl.client: Client 3 round 9: 149 of 5653 boosting-passed rows flagged; surfacing 50
2026-09-25 04:24:43,199 [INFO] fl_ids.fl.client: Client 4 round 9: 382 of 11499 boosting-passed rows flagged; surfacing 50
2026-09-25 04:24:46,301 [INFO] fl_ids.fl.client: Client 6 round 9: 133 of 2592 boosting-passed rows flagged; surfacing 50
2026-09-25 04:24:47,018 [INFO] fl_ids.fl.client: Client 7 round 9: 0 of 279 boosting-passed rows flagged; surfacing 0
2026-09-25 04:24:48,468 [INFO] fl_ids.fl.client: Client 8 round 9: 302 of 10253 boosting-passed rows flagged; surfacing 50
2026-09-25 04:24:50,953 [INFO] fl_ids.fl.client: Client 9 round 9: 51 of 922 boosting-passed rows flagged; surfacing 50
2026-09-25 04:25:20,670 [INFO] fl_ids.models.boosting: Continued boosting training: +50 trees on 93801 rows (now 450 trees)
2026-09-25 04:25:20,670 [INFO] fl_ids.models.boosting_update: Round 9: boosting v4 (continue) from 294 alerts ({'Backdoor': 5, 'Normal': 272, 'Password': 5, 'Port_Scanning': 6, 'Ransomware': 1, 'Uploading': 3, 'Vulnerability_scanner': 2}); 0 from excluded clients ignored
2026-09-25 04:25:20,998 [WARNING] fl_ids.fl.client: Client 5: no benign validation samples to evaluate on
2026-09-25 04:25:21,019 [INFO] fl_ids.eval.simulation: Round 9: mean_val_loss=0.0198, comm_bytes=583920
2026-09-25 04:25:35,808 [WARNING] fl_ids.fl.client: Client 5: no benign validation samples to evaluate on
2026-09-25 04:25:35,820 [INFO] fl_ids.eval.simulation: Round 10: mean_val_loss=0.0191, comm_bytes=583920
2026-09-25 04:25:48,471 [WARNING] fl_ids.fl.client: Client 5: no benign validation samples to evaluate on
2026-09-25 04:25:48,484 [INFO] fl_ids.eval.simulation: Round 11: mean_val_loss=0.0189, comm_bytes=583920
2026-09-25 04:25:48,601 [INFO] fl_ids.fl.client: Client 0 round 12: 10 of 104 boosting-passed rows flagged; surfacing 10
2026-09-25 04:25:49,002 [INFO] fl_ids.fl.client: Client 1 round 12: 19 of 717 boosting-passed rows flagged; surfacing 19
2026-09-25 04:25:49,365 [INFO] fl_ids.fl.client: Client 2 round 12: 10 of 262 boosting-passed rows flagged; surfacing 10
2026-09-25 04:25:50,341 [INFO] fl_ids.fl.client: Client 3 round 12: 136 of 5654 boosting-passed rows flagged; surfacing 50
2026-09-25 04:25:53,072 [INFO] fl_ids.fl.client: Client 4 round 12: 292 of 11498 boosting-passed rows flagged; surfacing 50
2026-09-25 04:25:56,288 [INFO] fl_ids.fl.client: Client 6 round 12: 96 of 2589 boosting-passed rows flagged; surfacing 50
2026-09-25 04:25:57,028 [INFO] fl_ids.fl.client: Client 7 round 12: 0 of 279 boosting-passed rows flagged; surfacing 0
2026-09-25 04:25:58,476 [INFO] fl_ids.fl.client: Client 8 round 12: 291 of 10254 boosting-passed rows flagged; surfacing 50
2026-09-25 04:26:01,063 [INFO] fl_ids.fl.client: Client 9 round 12: 35 of 918 boosting-passed rows flagged; surfacing 35
2026-09-25 04:26:39,369 [INFO] fl_ids.models.boosting: Continued boosting training: +50 trees on 94075 rows (now 500 trees)
2026-09-25 04:26:39,369 [INFO] fl_ids.models.boosting_update: Round 12: boosting v5 (continue) from 274 alerts ({'Backdoor': 5, 'DDoS_HTTP': 1, 'Normal': 256, 'Password': 3, 'Port_Scanning': 4, 'Ransomware': 2, 'Uploading': 2, 'Vulnerability_scanner': 1}); 0 from excluded clients ignored
2026-09-25 04:26:39,657 [WARNING] fl_ids.fl.client: Client 5: no benign validation samples to evaluate on
2026-09-25 04:26:39,679 [INFO] fl_ids.eval.simulation: Round 12: mean_val_loss=0.0188, comm_bytes=583920
2026-09-25 04:26:53,568 [WARNING] fl_ids.fl.client: Client 5: no benign validation samples to evaluate on
2026-09-25 04:26:53,580 [INFO] fl_ids.eval.simulation: Round 13: mean_val_loss=0.0184, comm_bytes=583920
2026-09-25 04:27:07,783 [WARNING] fl_ids.fl.client: Client 5: no benign validation samples to evaluate on
2026-09-25 04:27:07,796 [INFO] fl_ids.eval.simulation: Round 14: mean_val_loss=0.0181, comm_bytes=583920
2026-09-25 04:27:07,938 [INFO] fl_ids.fl.client: Client 0 round 15: 9 of 104 boosting-passed rows flagged; surfacing 9
2026-09-25 04:27:08,410 [INFO] fl_ids.fl.client: Client 1 round 15: 16 of 712 boosting-passed rows flagged; surfacing 16
2026-09-25 04:27:08,824 [INFO] fl_ids.fl.client: Client 2 round 15: 14 of 257 boosting-passed rows flagged; surfacing 14
2026-09-25 04:27:09,960 [INFO] fl_ids.fl.client: Client 3 round 15: 132 of 5653 boosting-passed rows flagged; surfacing 50
2026-09-25 04:27:13,123 [INFO] fl_ids.fl.client: Client 4 round 15: 350 of 11495 boosting-passed rows flagged; surfacing 50
2026-09-25 04:27:16,517 [INFO] fl_ids.fl.client: Client 6 round 15: 99 of 2589 boosting-passed rows flagged; surfacing 50
2026-09-25 04:27:17,971 [INFO] fl_ids.fl.client: Client 7 round 15: 0 of 280 boosting-passed rows flagged; surfacing 0
2026-09-25 04:27:19,444 [INFO] fl_ids.fl.client: Client 8 round 15: 266 of 10253 boosting-passed rows flagged; surfacing 50
2026-09-25 04:27:23,087 [INFO] fl_ids.fl.client: Client 9 round 15: 47 of 916 boosting-passed rows flagged; surfacing 47
2026-09-25 04:28:04,182 [INFO] fl_ids.models.boosting: Continued boosting training: +50 trees on 94361 rows (now 550 trees)
2026-09-25 04:28:04,182 [INFO] fl_ids.models.boosting_update: Round 15: boosting v6 (continue) from 286 alerts ({'Backdoor': 3, 'Normal': 275, 'Password': 2, 'Port_Scanning': 1, 'Ransomware': 1, 'Uploading': 4}); 0 from excluded clients ignored
2026-09-25 04:28:04,443 [WARNING] fl_ids.fl.client: Client 5: no benign validation samples to evaluate on
2026-09-25 04:28:04,454 [INFO] fl_ids.eval.simulation: Round 15: mean_val_loss=0.0178, comm_bytes=583920
2026-09-25 04:28:19,125 [WARNING] fl_ids.fl.client: Client 5: no benign validation samples to evaluate on
2026-09-25 04:28:19,138 [INFO] fl_ids.eval.simulation: Round 16: mean_val_loss=0.0177, comm_bytes=583920
2026-09-25 04:28:34,415 [WARNING] fl_ids.fl.client: Client 5: no benign validation samples to evaluate on
2026-09-25 04:28:34,427 [INFO] fl_ids.eval.simulation: Round 17: mean_val_loss=0.0172, comm_bytes=583920
2026-09-25 04:28:34,571 [INFO] fl_ids.fl.client: Client 0 round 18: 7 of 104 boosting-passed rows flagged; surfacing 7
2026-09-25 04:28:35,051 [INFO] fl_ids.fl.client: Client 1 round 18: 14 of 712 boosting-passed rows flagged; surfacing 14
2026-09-25 04:28:35,476 [INFO] fl_ids.fl.client: Client 2 round 18: 14 of 256 boosting-passed rows flagged; surfacing 14
2026-09-25 04:28:36,697 [INFO] fl_ids.fl.client: Client 3 round 18: 139 of 5653 boosting-passed rows flagged; surfacing 50
2026-09-25 04:28:41,227 [INFO] fl_ids.fl.client: Client 4 round 18: 381 of 11494 boosting-passed rows flagged; surfacing 50
2026-09-25 04:28:45,630 [INFO] fl_ids.fl.client: Client 6 round 18: 91 of 2588 boosting-passed rows flagged; surfacing 50
2026-09-25 04:28:46,471 [INFO] fl_ids.fl.client: Client 7 round 18: 0 of 278 boosting-passed rows flagged; surfacing 0
2026-09-25 04:28:48,773 [INFO] fl_ids.fl.client: Client 8 round 18: 280 of 10250 boosting-passed rows flagged; surfacing 50
2026-09-25 04:28:52,775 [INFO] fl_ids.fl.client: Client 9 round 18: 37 of 916 boosting-passed rows flagged; surfacing 37
2026-09-25 04:29:41,069 [INFO] fl_ids.models.boosting: Continued boosting training: +50 trees on 94633 rows (now 600 trees)
2026-09-25 04:29:41,070 [INFO] fl_ids.models.boosting_update: Round 18: boosting v7 (continue) from 272 alerts ({'Backdoor': 1, 'Normal': 267, 'Password': 1, 'Port_Scanning': 1, 'Ransomware': 1, 'Uploading': 1}); 0 from excluded clients ignored
2026-09-25 04:29:41,341 [WARNING] fl_ids.fl.client: Client 5: no benign validation samples to evaluate on
2026-09-25 04:29:41,352 [INFO] fl_ids.eval.simulation: Round 18: mean_val_loss=0.0166, comm_bytes=583920
2026-09-25 04:29:57,089 [WARNING] fl_ids.fl.client: Client 5: no benign validation samples to evaluate on
2026-09-25 04:29:57,101 [INFO] fl_ids.eval.simulation: Round 19: mean_val_loss=0.0162, comm_bytes=583920
2026-09-25 04:30:17,205 [WARNING] fl_ids.fl.client: Client 5: no benign validation samples to evaluate on
2026-09-25 04:30:17,218 [INFO] fl_ids.eval.simulation: Round 20: mean_val_loss=0.0159, comm_bytes=583920
2026-09-25 04:30:17,246 [WARNING] fl_ids.eval.common: Clients [5] have no benign validation rows (infinite threshold); 126 test rows can't be flagged by the autoencoder
2026-09-25 04:30:18,231 [INFO] fl_ids.eval.zero_day: zero-day holdout=SQL_injection run=malicious_fraction=0.00: detection_rate=0.614
2026-09-25 04:30:34,207 [WARNING] fl_ids.fl.client: Client 5: no benign validation samples to evaluate on
2026-09-25 04:30:34,220 [INFO] fl_ids.eval.simulation: Round 1: mean_val_loss=0.1583, comm_bytes=583920
2026-09-25 04:30:50,063 [WARNING] fl_ids.fl.client: Client 5: no benign validation samples to evaluate on
2026-09-25 04:30:50,080 [INFO] fl_ids.eval.simulation: Round 2: mean_val_loss=0.0312, comm_bytes=583920
2026-09-25 04:30:50,146 [INFO] fl_ids.fl.client: Client 0 round 3: 11 of 111 boosting-passed rows flagged; surfacing 11
2026-09-25 04:30:50,382 [INFO] fl_ids.fl.client: Client 1 round 3: 22 of 717 boosting-passed rows flagged; surfacing 22
2026-09-25 04:30:50,706 [INFO] fl_ids.fl.client: Client 2 round 3: 2 of 268 boosting-passed rows flagged; surfacing 2
2026-09-25 04:30:51,392 [INFO] fl_ids.fl.client: Client 3 round 3: 178 of 5659 boosting-passed rows flagged; surfacing 50
2026-09-25 04:30:54,185 [INFO] fl_ids.fl.client: Client 4 round 3: 360 of 11496 boosting-passed rows flagged; surfacing 50
2026-09-25 04:30:57,235 [INFO] fl_ids.fl.client: Client 6 round 3: 82 of 2596 boosting-passed rows flagged; surfacing 50
2026-09-25 04:30:57,976 [INFO] fl_ids.fl.client: Client 7 round 3: 0 of 281 boosting-passed rows flagged; surfacing 0
2026-09-25 04:30:58,991 [INFO] fl_ids.fl.client: Client 8 round 3: 317 of 10260 boosting-passed rows flagged; surfacing 50
2026-09-25 04:31:01,588 [INFO] fl_ids.fl.client: Client 9 round 3: 39 of 927 boosting-passed rows flagged; surfacing 39
2026-09-25 04:31:20,558 [INFO] fl_ids.models.boosting: Continued boosting training: +50 trees on 93218 rows (now 350 trees)
2026-09-25 04:31:20,559 [INFO] fl_ids.models.boosting_update: Round 3: boosting v2 (continue) from 274 alerts ({'Backdoor': 5, 'DDoS_HTTP': 1, 'Normal': 233, 'Password': 2, 'Port_Scanning': 21, 'Ransomware': 3, 'Uploading': 6, 'Vulnerability_scanner': 1, 'XSS': 2}); 0 from excluded clients ignored
2026-09-25 04:31:20,726 [WARNING] fl_ids.fl.client: Client 5: no benign validation samples to evaluate on
2026-09-25 04:31:20,738 [INFO] fl_ids.eval.simulation: Round 3: mean_val_loss=0.0233, comm_bytes=583920
2026-09-25 04:31:32,377 [WARNING] fl_ids.fl.client: Client 5: no benign validation samples to evaluate on
2026-09-25 04:31:32,389 [INFO] fl_ids.eval.simulation: Round 4: mean_val_loss=0.0535, comm_bytes=583920
2026-09-25 04:31:48,759 [WARNING] fl_ids.fl.client: Client 5: no benign validation samples to evaluate on
2026-09-25 04:31:48,772 [INFO] fl_ids.eval.simulation: Round 5: mean_val_loss=0.0103, comm_bytes=583920
2026-09-25 04:31:48,848 [INFO] fl_ids.fl.client: Client 0 round 6: 12 of 107 boosting-passed rows flagged; surfacing 12
2026-09-25 04:31:49,140 [INFO] fl_ids.fl.client: Client 1 round 6: 29 of 715 boosting-passed rows flagged; surfacing 29
2026-09-25 04:31:49,549 [INFO] fl_ids.fl.client: Client 2 round 6: 11 of 262 boosting-passed rows flagged; surfacing 11
2026-09-25 04:31:50,240 [INFO] fl_ids.fl.client: Client 3 round 6: 177 of 5656 boosting-passed rows flagged; surfacing 50
2026-09-25 04:31:53,646 [INFO] fl_ids.fl.client: Client 4 round 6: 410 of 11496 boosting-passed rows flagged; surfacing 50
2026-09-25 04:31:58,723 [INFO] fl_ids.fl.client: Client 6 round 6: 65 of 2594 boosting-passed rows flagged; surfacing 50
2026-09-25 04:31:59,568 [INFO] fl_ids.fl.client: Client 7 round 6: 0 of 280 boosting-passed rows flagged; surfacing 0
2026-09-25 04:32:00,537 [INFO] fl_ids.fl.client: Client 8 round 6: 290 of 10255 boosting-passed rows flagged; surfacing 50
2026-09-25 04:32:03,962 [INFO] fl_ids.fl.client: Client 9 round 6: 32 of 925 boosting-passed rows flagged; surfacing 32
2026-09-25 04:32:34,280 [INFO] fl_ids.models.boosting: Continued boosting training: +50 trees on 93491 rows (now 400 trees)
2026-09-25 04:32:34,280 [INFO] fl_ids.models.boosting_update: Round 6: boosting v3 (continue) from 273 alerts ({'Backdoor': 5, 'Normal': 233, 'Password': 3, 'Port_Scanning': 18, 'Ransomware': 3, 'Uploading': 8, 'Vulnerability_scanner': 1, 'XSS': 2}); 11 from excluded clients ignored
2026-09-25 04:32:34,536 [WARNING] fl_ids.fl.client: Client 5: no benign validation samples to evaluate on
2026-09-25 04:32:34,622 [INFO] fl_ids.eval.simulation: Round 6: mean_val_loss=0.0202, comm_bytes=583920
2026-09-25 04:32:48,375 [WARNING] fl_ids.fl.client: Client 5: no benign validation samples to evaluate on
2026-09-25 04:32:48,387 [INFO] fl_ids.eval.simulation: Round 7: mean_val_loss=0.0086, comm_bytes=583920
2026-09-25 04:33:00,514 [WARNING] fl_ids.fl.client: Client 5: no benign validation samples to evaluate on
2026-09-25 04:33:00,527 [INFO] fl_ids.eval.simulation: Round 8: mean_val_loss=0.0089, comm_bytes=583920
2026-09-25 04:33:00,632 [INFO] fl_ids.fl.client: Client 0 round 9: 11 of 105 boosting-passed rows flagged; surfacing 11
2026-09-25 04:33:00,999 [INFO] fl_ids.fl.client: Client 1 round 9: 22 of 713 boosting-passed rows flagged; surfacing 22
2026-09-25 04:33:01,360 [INFO] fl_ids.fl.client: Client 2 round 9: 12 of 258 boosting-passed rows flagged; surfacing 12
2026-09-25 04:33:02,230 [INFO] fl_ids.fl.client: Client 3 round 9: 171 of 5654 boosting-passed rows flagged; surfacing 50
2026-09-25 04:33:04,785 [INFO] fl_ids.fl.client: Client 4 round 9: 414 of 11494 boosting-passed rows flagged; surfacing 50
2026-09-25 04:33:07,854 [INFO] fl_ids.fl.client: Client 6 round 9: 74 of 2589 boosting-passed rows flagged; surfacing 50
2026-09-25 04:33:08,562 [INFO] fl_ids.fl.client: Client 7 round 9: 0 of 280 boosting-passed rows flagged; surfacing 0
2026-09-25 04:33:09,891 [INFO] fl_ids.fl.client: Client 8 round 9: 300 of 10258 boosting-passed rows flagged; surfacing 50
2026-09-25 04:33:13,922 [INFO] fl_ids.fl.client: Client 9 round 9: 32 of 919 boosting-passed rows flagged; surfacing 32
2026-09-25 04:33:45,253 [INFO] fl_ids.models.boosting: Continued boosting training: +50 trees on 93757 rows (now 450 trees)
2026-09-25 04:33:45,253 [INFO] fl_ids.models.boosting_update: Round 9: boosting v4 (continue) from 266 alerts ({'Backdoor': 5, 'Normal': 251, 'Port_Scanning': 4, 'Ransomware': 2, 'Uploading': 2, 'Vulnerability_scanner': 1, 'XSS': 1}); 11 from excluded clients ignored
2026-09-25 04:33:45,448 [WARNING] fl_ids.fl.client: Client 5: no benign validation samples to evaluate on
2026-09-25 04:33:45,458 [INFO] fl_ids.eval.simulation: Round 9: mean_val_loss=0.0093, comm_bytes=583920
2026-09-25 04:33:58,196 [WARNING] fl_ids.fl.client: Client 5: no benign validation samples to evaluate on
2026-09-25 04:33:58,208 [INFO] fl_ids.eval.simulation: Round 10: mean_val_loss=0.0153, comm_bytes=583920
2026-09-25 04:34:10,992 [WARNING] fl_ids.fl.client: Client 5: no benign validation samples to evaluate on
2026-09-25 04:34:11,003 [INFO] fl_ids.eval.simulation: Round 11: mean_val_loss=0.0087, comm_bytes=583920
2026-09-25 04:34:11,115 [INFO] fl_ids.fl.client: Client 0 round 12: 10 of 105 boosting-passed rows flagged; surfacing 10
2026-09-25 04:34:11,504 [INFO] fl_ids.fl.client: Client 1 round 12: 14 of 710 boosting-passed rows flagged; surfacing 14
2026-09-25 04:34:11,856 [INFO] fl_ids.fl.client: Client 2 round 12: 10 of 261 boosting-passed rows flagged; surfacing 10
2026-09-25 04:34:12,821 [INFO] fl_ids.fl.client: Client 3 round 12: 142 of 5653 boosting-passed rows flagged; surfacing 50
2026-09-25 04:34:15,895 [INFO] fl_ids.fl.client: Client 4 round 12: 290 of 11493 boosting-passed rows flagged; surfacing 50
2026-09-25 04:34:20,434 [INFO] fl_ids.fl.client: Client 6 round 12: 76 of 2585 boosting-passed rows flagged; surfacing 50
2026-09-25 04:34:21,338 [INFO] fl_ids.fl.client: Client 7 round 12: 0 of 281 boosting-passed rows flagged; surfacing 0
2026-09-25 04:34:22,608 [INFO] fl_ids.fl.client: Client 8 round 12: 307 of 10255 boosting-passed rows flagged; surfacing 50
2026-09-25 04:34:26,831 [INFO] fl_ids.fl.client: Client 9 round 12: 39 of 916 boosting-passed rows flagged; surfacing 39
2026-09-25 04:35:03,463 [INFO] fl_ids.models.boosting: Continued boosting training: +50 trees on 94010 rows (now 500 trees)
2026-09-25 04:35:03,463 [INFO] fl_ids.models.boosting_update: Round 12: boosting v5 (continue) from 253 alerts ({'Backdoor': 1, 'Normal': 247, 'Password': 1, 'Port_Scanning': 1, 'Ransomware': 1, 'Uploading': 1, 'Vulnerability_scanner': 1}); 20 from excluded clients ignored
2026-09-25 04:35:03,696 [WARNING] fl_ids.fl.client: Client 5: no benign validation samples to evaluate on
2026-09-25 04:35:03,707 [INFO] fl_ids.eval.simulation: Round 12: mean_val_loss=0.0068, comm_bytes=583920
2026-09-25 04:35:17,873 [WARNING] fl_ids.fl.client: Client 5: no benign validation samples to evaluate on
2026-09-25 04:35:17,885 [INFO] fl_ids.eval.simulation: Round 13: mean_val_loss=0.0073, comm_bytes=583920
2026-09-25 04:35:34,945 [WARNING] fl_ids.fl.client: Client 5: no benign validation samples to evaluate on
2026-09-25 04:35:34,959 [INFO] fl_ids.eval.simulation: Round 14: mean_val_loss=0.0091, comm_bytes=583920
2026-09-25 04:35:35,107 [INFO] fl_ids.fl.client: Client 0 round 15: 11 of 103 boosting-passed rows flagged; surfacing 11
2026-09-25 04:35:35,505 [INFO] fl_ids.fl.client: Client 1 round 15: 25 of 710 boosting-passed rows flagged; surfacing 25
2026-09-25 04:35:35,884 [INFO] fl_ids.fl.client: Client 2 round 15: 12 of 257 boosting-passed rows flagged; surfacing 12
2026-09-25 04:35:36,828 [INFO] fl_ids.fl.client: Client 3 round 15: 146 of 5651 boosting-passed rows flagged; surfacing 50
2026-09-25 04:35:41,177 [INFO] fl_ids.fl.client: Client 4 round 15: 302 of 11494 boosting-passed rows flagged; surfacing 50
2026-09-25 04:35:45,633 [INFO] fl_ids.fl.client: Client 6 round 15: 87 of 2583 boosting-passed rows flagged; surfacing 50
2026-09-25 04:35:46,494 [INFO] fl_ids.fl.client: Client 7 round 15: 0 of 281 boosting-passed rows flagged; surfacing 0
2026-09-25 04:35:47,943 [INFO] fl_ids.fl.client: Client 8 round 15: 265 of 10251 boosting-passed rows flagged; surfacing 50
2026-09-25 04:35:52,043 [INFO] fl_ids.fl.client: Client 9 round 15: 72 of 917 boosting-passed rows flagged; surfacing 50
2026-09-25 04:36:28,615 [INFO] fl_ids.models.boosting: Continued boosting training: +50 trees on 94271 rows (now 550 trees)
2026-09-25 04:36:28,615 [INFO] fl_ids.models.boosting_update: Round 15: boosting v6 (continue) from 261 alerts ({'Normal': 253, 'Password': 4, 'Port_Scanning': 2, 'Uploading': 1, 'Vulnerability_scanner': 1}); 37 from excluded clients ignored
2026-09-25 04:36:28,867 [WARNING] fl_ids.fl.client: Client 5: no benign validation samples to evaluate on
2026-09-25 04:36:28,877 [INFO] fl_ids.eval.simulation: Round 15: mean_val_loss=0.0118, comm_bytes=583920
2026-09-25 04:36:44,906 [WARNING] fl_ids.fl.client: Client 5: no benign validation samples to evaluate on
2026-09-25 04:36:44,929 [INFO] fl_ids.eval.simulation: Round 16: mean_val_loss=0.0083, comm_bytes=583920
2026-09-25 04:37:04,232 [WARNING] fl_ids.fl.client: Client 5: no benign validation samples to evaluate on
2026-09-25 04:37:04,247 [INFO] fl_ids.eval.simulation: Round 17: mean_val_loss=0.0129, comm_bytes=583920
2026-09-25 04:37:04,383 [INFO] fl_ids.fl.client: Client 0 round 18: 5 of 103 boosting-passed rows flagged; surfacing 5
2026-09-25 04:37:04,796 [INFO] fl_ids.fl.client: Client 1 round 18: 24 of 711 boosting-passed rows flagged; surfacing 24
2026-09-25 04:37:05,210 [INFO] fl_ids.fl.client: Client 2 round 18: 12 of 256 boosting-passed rows flagged; surfacing 12
2026-09-25 04:37:06,354 [INFO] fl_ids.fl.client: Client 3 round 18: 160 of 5652 boosting-passed rows flagged; surfacing 50
2026-09-25 04:37:10,107 [INFO] fl_ids.fl.client: Client 4 round 18: 407 of 11494 boosting-passed rows flagged; surfacing 50
2026-09-25 04:37:14,937 [INFO] fl_ids.fl.client: Client 6 round 18: 86 of 2583 boosting-passed rows flagged; surfacing 50
2026-09-25 04:37:15,813 [INFO] fl_ids.fl.client: Client 7 round 18: 0 of 279 boosting-passed rows flagged; surfacing 0
2026-09-25 04:37:17,629 [INFO] fl_ids.fl.client: Client 8 round 18: 256 of 10250 boosting-passed rows flagged; surfacing 50
2026-09-25 04:37:22,336 [INFO] fl_ids.fl.client: Client 9 round 18: 20 of 915 boosting-passed rows flagged; surfacing 20
2026-09-25 04:38:08,305 [INFO] fl_ids.models.boosting: Continued boosting training: +50 trees on 94527 rows (now 600 trees)
2026-09-25 04:38:08,305 [INFO] fl_ids.models.boosting_update: Round 18: boosting v7 (continue) from 256 alerts ({'Normal': 254, 'Ransomware': 1, 'Uploading': 1}); 5 from excluded clients ignored
2026-09-25 04:38:08,649 [WARNING] fl_ids.fl.client: Client 5: no benign validation samples to evaluate on
2026-09-25 04:38:08,669 [INFO] fl_ids.eval.simulation: Round 18: mean_val_loss=0.0081, comm_bytes=583920
2026-09-25 04:38:28,824 [WARNING] fl_ids.fl.client: Client 5: no benign validation samples to evaluate on
2026-09-25 04:38:28,847 [INFO] fl_ids.eval.simulation: Round 19: mean_val_loss=0.0067, comm_bytes=583920
2026-09-25 04:38:50,411 [WARNING] fl_ids.fl.client: Client 5: no benign validation samples to evaluate on
2026-09-25 04:38:50,434 [INFO] fl_ids.eval.simulation: Round 20: mean_val_loss=0.0078, comm_bytes=583920
2026-09-25 04:38:50,461 [WARNING] fl_ids.eval.common: Clients [5] have no benign validation rows (infinite threshold); 126 test rows can't be flagged by the autoencoder
2026-09-25 04:38:51,184 [INFO] fl_ids.eval.zero_day: zero-day holdout=SQL_injection run=malicious_fraction=0.20: detection_rate=0.608
2026-09-25 04:39:04,473 [WARNING] fl_ids.fl.client: Client 5: no benign validation samples to evaluate on
2026-09-25 04:39:04,485 [INFO] fl_ids.eval.simulation: Round 1: mean_val_loss=0.2468, comm_bytes=583920
2026-09-25 04:39:15,779 [WARNING] fl_ids.fl.client: Client 5: no benign validation samples to evaluate on
2026-09-25 04:39:15,791 [INFO] fl_ids.eval.simulation: Round 2: mean_val_loss=0.0710, comm_bytes=583920
2026-09-25 04:39:15,874 [INFO] fl_ids.fl.client: Client 0 round 3: 2 of 111 boosting-passed rows flagged; surfacing 2
2026-09-25 04:39:16,162 [INFO] fl_ids.fl.client: Client 1 round 3: 10 of 717 boosting-passed rows flagged; surfacing 10
2026-09-25 04:39:16,474 [INFO] fl_ids.fl.client: Client 2 round 3: 9 of 268 boosting-passed rows flagged; surfacing 9
2026-09-25 04:39:17,106 [INFO] fl_ids.fl.client: Client 3 round 3: 155 of 5659 boosting-passed rows flagged; surfacing 50
2026-09-25 04:39:19,414 [INFO] fl_ids.fl.client: Client 4 round 3: 409 of 11496 boosting-passed rows flagged; surfacing 50
2026-09-25 04:39:22,507 [INFO] fl_ids.fl.client: Client 6 round 3: 60 of 2596 boosting-passed rows flagged; surfacing 50
2026-09-25 04:39:23,220 [INFO] fl_ids.fl.client: Client 7 round 3: 0 of 281 boosting-passed rows flagged; surfacing 0
2026-09-25 04:39:24,217 [INFO] fl_ids.fl.client: Client 8 round 3: 298 of 10260 boosting-passed rows flagged; surfacing 50
2026-09-25 04:39:26,796 [INFO] fl_ids.fl.client: Client 9 round 3: 18 of 927 boosting-passed rows flagged; surfacing 18
2026-09-25 04:39:48,085 [INFO] fl_ids.models.boosting: Continued boosting training: +50 trees on 93113 rows (now 350 trees)
2026-09-25 04:39:48,085 [INFO] fl_ids.models.boosting_update: Round 3: boosting v2 (continue) from 169 alerts ({'DDoS_HTTP': 1, 'Normal': 163, 'Port_Scanning': 1, 'Uploading': 3, 'Vulnerability_scanner': 1}); 70 from excluded clients ignored
2026-09-25 04:39:48,297 [WARNING] fl_ids.fl.client: Client 5: no benign validation samples to evaluate on
2026-09-25 04:39:48,320 [INFO] fl_ids.eval.simulation: Round 3: mean_val_loss=0.0242, comm_bytes=583920
2026-09-25 04:40:05,036 [WARNING] fl_ids.fl.client: Client 5: no benign validation samples to evaluate on
2026-09-25 04:40:05,048 [INFO] fl_ids.eval.simulation: Round 4: mean_val_loss=0.0219, comm_bytes=583920
2026-09-25 04:40:20,228 [WARNING] fl_ids.fl.client: Client 5: no benign validation samples to evaluate on
2026-09-25 04:40:20,242 [INFO] fl_ids.eval.simulation: Round 5: mean_val_loss=0.0208, comm_bytes=583920
2026-09-25 04:40:20,314 [INFO] fl_ids.fl.client: Client 0 round 6: 15 of 110 boosting-passed rows flagged; surfacing 15
2026-09-25 04:40:20,576 [INFO] fl_ids.fl.client: Client 1 round 6: 28 of 717 boosting-passed rows flagged; surfacing 28
2026-09-25 04:40:20,939 [INFO] fl_ids.fl.client: Client 2 round 6: 11 of 265 boosting-passed rows flagged; surfacing 11
2026-09-25 04:40:21,621 [INFO] fl_ids.fl.client: Client 3 round 6: 209 of 5655 boosting-passed rows flagged; surfacing 50
2026-09-25 04:40:24,112 [INFO] fl_ids.fl.client: Client 4 round 6: 353 of 11497 boosting-passed rows flagged; surfacing 50
2026-09-25 04:40:27,638 [INFO] fl_ids.fl.client: Client 6 round 6: 117 of 2595 boosting-passed rows flagged; surfacing 50
2026-09-25 04:40:28,461 [INFO] fl_ids.fl.client: Client 7 round 6: 0 of 281 boosting-passed rows flagged; surfacing 0
2026-09-25 04:40:29,448 [INFO] fl_ids.fl.client: Client 8 round 6: 242 of 10258 boosting-passed rows flagged; surfacing 50
2026-09-25 04:40:32,432 [INFO] fl_ids.fl.client: Client 9 round 6: 68 of 926 boosting-passed rows flagged; surfacing 50
2026-09-25 04:40:58,035 [INFO] fl_ids.models.boosting: Continued boosting training: +50 trees on 93352 rows (now 400 trees)
2026-09-25 04:40:58,035 [INFO] fl_ids.models.boosting_update: Round 6: boosting v3 (continue) from 239 alerts ({'Backdoor': 5, 'Normal': 220, 'Password': 2, 'Port_Scanning': 8, 'Ransomware': 1, 'Uploading': 2, 'Vulnerability_scanner': 1}); 65 from excluded clients ignored
2026-09-25 04:40:58,212 [WARNING] fl_ids.fl.client: Client 5: no benign validation samples to evaluate on
2026-09-25 04:40:58,222 [INFO] fl_ids.eval.simulation: Round 6: mean_val_loss=0.0268, comm_bytes=583920
2026-09-25 04:41:10,395 [WARNING] fl_ids.fl.client: Client 5: no benign validation samples to evaluate on
2026-09-25 04:41:10,407 [INFO] fl_ids.eval.simulation: Round 7: mean_val_loss=0.0280, comm_bytes=583920
2026-09-25 04:41:23,050 [WARNING] fl_ids.fl.client: Client 5: no benign validation samples to evaluate on
2026-09-25 04:41:23,062 [INFO] fl_ids.eval.simulation: Round 8: mean_val_loss=0.0237, comm_bytes=583920
2026-09-25 04:41:23,177 [INFO] fl_ids.fl.client: Client 0 round 9: 16 of 109 boosting-passed rows flagged; surfacing 16
2026-09-25 04:41:23,562 [INFO] fl_ids.fl.client: Client 1 round 9: 29 of 717 boosting-passed rows flagged; surfacing 29
2026-09-25 04:41:23,917 [INFO] fl_ids.fl.client: Client 2 round 9: 14 of 263 boosting-passed rows flagged; surfacing 14
2026-09-25 04:41:24,701 [INFO] fl_ids.fl.client: Client 3 round 9: 146 of 5656 boosting-passed rows flagged; surfacing 50
2026-09-25 04:41:27,264 [INFO] fl_ids.fl.client: Client 4 round 9: 366 of 11495 boosting-passed rows flagged; surfacing 50
2026-09-25 04:41:30,573 [INFO] fl_ids.fl.client: Client 6 round 9: 115 of 2593 boosting-passed rows flagged; surfacing 50
2026-09-25 04:41:31,361 [INFO] fl_ids.fl.client: Client 7 round 9: 0 of 279 boosting-passed rows flagged; surfacing 0
2026-09-25 04:41:32,504 [INFO] fl_ids.fl.client: Client 8 round 9: 329 of 10256 boosting-passed rows flagged; surfacing 50
2026-09-25 04:41:35,339 [INFO] fl_ids.fl.client: Client 9 round 9: 91 of 927 boosting-passed rows flagged; surfacing 50
2026-09-25 04:42:01,839 [INFO] fl_ids.models.boosting: Continued boosting training: +50 trees on 93595 rows (now 450 trees)
2026-09-25 04:42:01,840 [INFO] fl_ids.models.boosting_update: Round 9: boosting v4 (continue) from 243 alerts ({'Backdoor': 3, 'DDoS_HTTP': 1, 'Normal': 231, 'Port_Scanning': 6, 'Uploading': 2}); 66 from excluded clients ignored
2026-09-25 04:42:02,037 [WARNING] fl_ids.fl.client: Client 5: no benign validation samples to evaluate on
2026-09-25 04:42:02,048 [INFO] fl_ids.eval.simulation: Round 9: mean_val_loss=0.0264, comm_bytes=583920
2026-09-25 04:42:14,659 [WARNING] fl_ids.fl.client: Client 5: no benign validation samples to evaluate on
2026-09-25 04:42:14,671 [INFO] fl_ids.eval.simulation: Round 10: mean_val_loss=0.0266, comm_bytes=583920
2026-09-25 04:42:27,726 [WARNING] fl_ids.fl.client: Client 5: no benign validation samples to evaluate on
2026-09-25 04:42:27,748 [INFO] fl_ids.eval.simulation: Round 11: mean_val_loss=0.0415, comm_bytes=583920
2026-09-25 04:42:27,850 [INFO] fl_ids.fl.client: Client 0 round 12: 11 of 108 boosting-passed rows flagged; surfacing 11
2026-09-25 04:42:28,151 [INFO] fl_ids.fl.client: Client 1 round 12: 19 of 715 boosting-passed rows flagged; surfacing 19
2026-09-25 04:42:28,477 [INFO] fl_ids.fl.client: Client 2 round 12: 3 of 262 boosting-passed rows flagged; surfacing 3
2026-09-25 04:42:29,305 [INFO] fl_ids.fl.client: Client 3 round 12: 152 of 5654 boosting-passed rows flagged; surfacing 50
2026-09-25 04:42:32,304 [INFO] fl_ids.fl.client: Client 4 round 12: 309 of 11495 boosting-passed rows flagged; surfacing 50
2026-09-25 04:42:35,766 [INFO] fl_ids.fl.client: Client 6 round 12: 108 of 2592 boosting-passed rows flagged; surfacing 50
2026-09-25 04:42:36,591 [INFO] fl_ids.fl.client: Client 7 round 12: 0 of 279 boosting-passed rows flagged; surfacing 0
2026-09-25 04:42:37,840 [INFO] fl_ids.fl.client: Client 8 round 12: 257 of 10258 boosting-passed rows flagged; surfacing 50
2026-09-25 04:42:40,870 [INFO] fl_ids.fl.client: Client 9 round 12: 46 of 920 boosting-passed rows flagged; surfacing 46
2026-09-25 04:43:13,606 [INFO] fl_ids.models.boosting: Continued boosting training: +50 trees on 93778 rows (now 500 trees)
2026-09-25 04:43:13,606 [INFO] fl_ids.models.boosting_update: Round 12: boosting v5 (continue) from 183 alerts ({'Backdoor': 3, 'Normal': 170, 'Password': 3, 'Port_Scanning': 4, 'Uploading': 3}); 96 from excluded clients ignored
2026-09-25 04:43:13,827 [WARNING] fl_ids.fl.client: Client 5: no benign validation samples to evaluate on
2026-09-25 04:43:13,837 [INFO] fl_ids.eval.simulation: Round 12: mean_val_loss=0.0128, comm_bytes=583920
2026-09-25 04:43:27,916 [WARNING] fl_ids.fl.client: Client 5: no benign validation samples to evaluate on
2026-09-25 04:43:27,929 [INFO] fl_ids.eval.simulation: Round 13: mean_val_loss=0.0272, comm_bytes=583920
2026-09-25 04:43:41,909 [WARNING] fl_ids.fl.client: Client 5: no benign validation samples to evaluate on
2026-09-25 04:43:41,921 [INFO] fl_ids.eval.simulation: Round 14: mean_val_loss=0.0392, comm_bytes=583920
2026-09-25 04:43:42,026 [INFO] fl_ids.fl.client: Client 0 round 15: 15 of 108 boosting-passed rows flagged; surfacing 15
2026-09-25 04:43:42,396 [INFO] fl_ids.fl.client: Client 1 round 15: 19 of 713 boosting-passed rows flagged; surfacing 19
2026-09-25 04:43:42,783 [INFO] fl_ids.fl.client: Client 2 round 15: 11 of 262 boosting-passed rows flagged; surfacing 11
2026-09-25 04:43:43,769 [INFO] fl_ids.fl.client: Client 3 round 15: 138 of 5652 boosting-passed rows flagged; surfacing 50
2026-09-25 04:43:46,786 [INFO] fl_ids.fl.client: Client 4 round 15: 324 of 11497 boosting-passed rows flagged; surfacing 50
2026-09-25 04:43:50,355 [INFO] fl_ids.fl.client: Client 6 round 15: 97 of 2591 boosting-passed rows flagged; surfacing 50
2026-09-25 04:43:51,180 [INFO] fl_ids.fl.client: Client 7 round 15: 0 of 279 boosting-passed rows flagged; surfacing 0
2026-09-25 04:43:53,089 [INFO] fl_ids.fl.client: Client 8 round 15: 309 of 10255 boosting-passed rows flagged; surfacing 50
2026-09-25 04:43:56,056 [INFO] fl_ids.fl.client: Client 9 round 15: 80 of 920 boosting-passed rows flagged; surfacing 50
2026-09-25 04:44:29,914 [INFO] fl_ids.models.boosting: Continued boosting training: +50 trees on 93973 rows (now 550 trees)
2026-09-25 04:44:29,914 [INFO] fl_ids.models.boosting_update: Round 15: boosting v6 (continue) from 195 alerts ({'Backdoor': 1, 'Normal': 183, 'Password': 5, 'Port_Scanning': 4, 'Uploading': 2}); 100 from excluded clients ignored
2026-09-25 04:44:30,161 [WARNING] fl_ids.fl.client: Client 5: no benign validation samples to evaluate on
2026-09-25 04:44:30,171 [INFO] fl_ids.eval.simulation: Round 15: mean_val_loss=0.0172, comm_bytes=583920
2026-09-25 04:44:44,444 [WARNING] fl_ids.fl.client: Client 5: no benign validation samples to evaluate on
2026-09-25 04:44:44,459 [INFO] fl_ids.eval.simulation: Round 16: mean_val_loss=0.0323, comm_bytes=583920
2026-09-25 04:44:59,197 [WARNING] fl_ids.fl.client: Client 5: no benign validation samples to evaluate on
2026-09-25 04:44:59,210 [INFO] fl_ids.eval.simulation: Round 17: mean_val_loss=0.0191, comm_bytes=583920
2026-09-25 04:44:59,332 [INFO] fl_ids.fl.client: Client 0 round 18: 8 of 104 boosting-passed rows flagged; surfacing 8
2026-09-25 04:44:59,783 [INFO] fl_ids.fl.client: Client 1 round 18: 17 of 713 boosting-passed rows flagged; surfacing 17
2026-09-25 04:45:00,254 [INFO] fl_ids.fl.client: Client 2 round 18: 11 of 261 boosting-passed rows flagged; surfacing 11
2026-09-25 04:45:01,314 [INFO] fl_ids.fl.client: Client 3 round 18: 142 of 5650 boosting-passed rows flagged; surfacing 50
2026-09-25 04:45:04,783 [INFO] fl_ids.fl.client: Client 4 round 18: 314 of 11497 boosting-passed rows flagged; surfacing 50
2026-09-25 04:45:08,438 [INFO] fl_ids.fl.client: Client 6 round 18: 88 of 2591 boosting-passed rows flagged; surfacing 50
2026-09-25 04:45:09,361 [INFO] fl_ids.fl.client: Client 7 round 18: 0 of 280 boosting-passed rows flagged; surfacing 0
2026-09-25 04:45:11,007 [INFO] fl_ids.fl.client: Client 8 round 18: 288 of 10253 boosting-passed rows flagged; surfacing 50
2026-09-25 04:45:13,947 [INFO] fl_ids.fl.client: Client 9 round 18: 38 of 922 boosting-passed rows flagged; surfacing 38
2026-09-25 04:45:56,530 [INFO] fl_ids.models.boosting: Continued boosting training: +50 trees on 94239 rows (now 600 trees)
2026-09-25 04:45:56,530 [INFO] fl_ids.models.boosting_update: Round 18: boosting v7 (continue) from 266 alerts ({'Backdoor': 3, 'DDoS_HTTP': 1, 'Normal': 250, 'Password': 5, 'Port_Scanning': 5, 'Vulnerability_scanner': 2}); 8 from excluded clients ignored
2026-09-25 04:45:56,809 [WARNING] fl_ids.fl.client: Client 5: no benign validation samples to evaluate on
2026-09-25 04:45:56,828 [INFO] fl_ids.eval.simulation: Round 18: mean_val_loss=0.0324, comm_bytes=583920
2026-09-25 04:46:12,742 [WARNING] fl_ids.fl.client: Client 5: no benign validation samples to evaluate on
2026-09-25 04:46:12,755 [INFO] fl_ids.eval.simulation: Round 19: mean_val_loss=0.0152, comm_bytes=583920
2026-09-25 04:46:28,418 [WARNING] fl_ids.fl.client: Client 5: no benign validation samples to evaluate on
2026-09-25 04:46:28,441 [INFO] fl_ids.eval.simulation: Round 20: mean_val_loss=0.0287, comm_bytes=583920
2026-09-25 04:46:28,477 [WARNING] fl_ids.eval.common: Clients [5] have no benign validation rows (infinite threshold); 126 test rows can't be flagged by the autoencoder
2026-09-25 04:46:29,231 [INFO] fl_ids.eval.zero_day: zero-day holdout=SQL_injection run=malicious_fraction=0.30: detection_rate=0.614
2026-09-25 04:46:41,255 [WARNING] fl_ids.fl.client: Client 5: no benign validation samples to evaluate on
2026-09-25 04:46:41,268 [INFO] fl_ids.eval.simulation: Round 1: mean_val_loss=0.2837, comm_bytes=583920
2026-09-25 04:46:52,743 [WARNING] fl_ids.fl.client: Client 5: no benign validation samples to evaluate on
2026-09-25 04:46:52,755 [INFO] fl_ids.eval.simulation: Round 2: mean_val_loss=0.1378, comm_bytes=583920
2026-09-25 04:46:52,837 [INFO] fl_ids.fl.client: Client 0 round 3: 4 of 111 boosting-passed rows flagged; surfacing 4
2026-09-25 04:46:53,123 [INFO] fl_ids.fl.client: Client 1 round 3: 10 of 717 boosting-passed rows flagged; surfacing 10
2026-09-25 04:46:53,436 [INFO] fl_ids.fl.client: Client 2 round 3: 9 of 268 boosting-passed rows flagged; surfacing 9
2026-09-25 04:46:54,106 [INFO] fl_ids.fl.client: Client 3 round 3: 124 of 5659 boosting-passed rows flagged; surfacing 50
2026-09-25 04:46:56,382 [INFO] fl_ids.fl.client: Client 4 round 3: 412 of 11496 boosting-passed rows flagged; surfacing 50
2026-09-25 04:46:59,413 [INFO] fl_ids.fl.client: Client 6 round 3: 65 of 2596 boosting-passed rows flagged; surfacing 50
2026-09-25 04:47:00,121 [INFO] fl_ids.fl.client: Client 7 round 3: 3 of 281 boosting-passed rows flagged; surfacing 3
2026-09-25 04:47:01,172 [INFO] fl_ids.fl.client: Client 8 round 3: 279 of 10260 boosting-passed rows flagged; surfacing 50
2026-09-25 04:47:03,673 [INFO] fl_ids.fl.client: Client 9 round 3: 44 of 927 boosting-passed rows flagged; surfacing 44
2026-09-25 04:47:22,752 [INFO] fl_ids.models.boosting: Continued boosting training: +50 trees on 93110 rows (now 350 trees)
2026-09-25 04:47:22,752 [INFO] fl_ids.models.boosting_update: Round 3: boosting v2 (continue) from 166 alerts ({'Normal': 165, 'Vulnerability_scanner': 1}); 104 from excluded clients ignored
2026-09-25 04:47:22,919 [WARNING] fl_ids.fl.client: Client 5: no benign validation samples to evaluate on
2026-09-25 04:47:22,930 [INFO] fl_ids.eval.simulation: Round 3: mean_val_loss=0.0695, comm_bytes=583920
2026-09-25 04:47:34,759 [WARNING] fl_ids.fl.client: Client 5: no benign validation samples to evaluate on
2026-09-25 04:47:34,771 [INFO] fl_ids.eval.simulation: Round 4: mean_val_loss=0.0483, comm_bytes=583920
2026-09-25 04:47:46,658 [WARNING] fl_ids.fl.client: Client 5: no benign validation samples to evaluate on
2026-09-25 04:47:46,671 [INFO] fl_ids.eval.simulation: Round 5: mean_val_loss=0.1012, comm_bytes=583920
2026-09-25 04:47:46,743 [INFO] fl_ids.fl.client: Client 0 round 6: 2 of 111 boosting-passed rows flagged; surfacing 2
2026-09-25 04:47:46,993 [INFO] fl_ids.fl.client: Client 1 round 6: 8 of 719 boosting-passed rows flagged; surfacing 8
2026-09-25 04:47:47,336 [INFO] fl_ids.fl.client: Client 2 round 6: 2 of 265 boosting-passed rows flagged; surfacing 2
2026-09-25 04:47:47,986 [INFO] fl_ids.fl.client: Client 3 round 6: 202 of 5656 boosting-passed rows flagged; surfacing 50
2026-09-25 04:47:50,404 [INFO] fl_ids.fl.client: Client 4 round 6: 334 of 11495 boosting-passed rows flagged; surfacing 50
2026-09-25 04:47:53,826 [INFO] fl_ids.fl.client: Client 6 round 6: 78 of 2594 boosting-passed rows flagged; surfacing 50
2026-09-25 04:47:54,642 [INFO] fl_ids.fl.client: Client 7 round 6: 0 of 281 boosting-passed rows flagged; surfacing 0
2026-09-25 04:47:55,631 [INFO] fl_ids.fl.client: Client 8 round 6: 292 of 10259 boosting-passed rows flagged; surfacing 50
2026-09-25 04:47:58,652 [INFO] fl_ids.fl.client: Client 9 round 6: 20 of 927 boosting-passed rows flagged; surfacing 20
